model,model_display_name,method,period,lead_time_hours,variable,unit,rmse,acc,n_initializations
convlstm,convlstm,raw,2018-2019,24,z50,m^2 s^-2,535.5160766431965,0.8881474009640414,730
convlstm,convlstm,raw,2018-2019,24,z100,m^2 s^-2,477.09273512699696,0.8673446583902679,730
convlstm,convlstm,raw,2018-2019,24,z200,m^2 s^-2,561.086189388127,0.8470686291731658,730
convlstm,convlstm,raw,2018-2019,24,z300,m^2 s^-2,586.2986405691379,0.8404455540634332,730
convlstm,convlstm,raw,2018-2019,24,z500,m^2 s^-2,419.20273667905883,0.8497064501177476,730
convlstm,convlstm,raw,2018-2019,24,z700,m^2 s^-2,324.9415683445024,0.8446590438185021,730
convlstm,convlstm,raw,2018-2019,24,z850,m^2 s^-2,301.51240735739844,0.8288944701201344,730
convlstm,convlstm,raw,2018-2019,24,z925,m^2 s^-2,303.9622398110501,0.8216615851647958,730
convlstm,convlstm,raw,2018-2019,24,z1000,m^2 s^-2,314.56913371556055,0.8143207862258012,730
convlstm,convlstm,raw,2018-2019,24,q50,kg kg^-1,1.3550994818032998e-07,0.4235565870460281,730
convlstm,convlstm,raw,2018-2019,24,q100,kg kg^-1,2.810952332203408e-07,0.6704220834676873,730
convlstm,convlstm,raw,2018-2019,24,q200,kg kg^-1,1.0795308463361793e-05,0.6242663140547803,730
convlstm,convlstm,raw,2018-2019,24,q300,kg kg^-1,9.274203557948139e-05,0.6512203702195178,730
convlstm,convlstm,raw,2018-2019,24,q500,kg kg^-1,0.000551794020679223,0.7003717489809067,730
convlstm,convlstm,raw,2018-2019,24,q700,kg kg^-1,0.0010999348270884347,0.6660122875623314,730
convlstm,convlstm,raw,2018-2019,24,q850,kg kg^-1,0.0013588956285728278,0.5952429510175398,730
convlstm,convlstm,raw,2018-2019,24,q925,kg kg^-1,0.0011369979238983606,0.6000101643841899,730
convlstm,convlstm,raw,2018-2019,24,q1000,kg kg^-1,0.0011973988354325442,0.6119267391131645,730
convlstm,convlstm,raw,2018-2019,24,t50,K,2.140049920705202,0.7798406659762778,730
convlstm,convlstm,raw,2018-2019,24,t100,K,2.0475543959250615,0.7748790737866292,730
convlstm,convlstm,raw,2018-2019,24,t200,K,2.293736066167566,0.7569411968564251,730
convlstm,convlstm,raw,2018-2019,24,t300,K,1.8949683016398375,0.6432551784331516,730
convlstm,convlstm,raw,2018-2019,24,t500,K,2.1109842340052127,0.7089096706562251,730
convlstm,convlstm,raw,2018-2019,24,t700,K,2.1885648299880525,0.7006878373721562,730
convlstm,convlstm,raw,2018-2019,24,t850,K,2.35799451057426,0.7005548738415359,730
convlstm,convlstm,raw,2018-2019,24,t925,K,2.2541634394396137,0.679157948567456,730
convlstm,convlstm,raw,2018-2019,24,t1000,K,2.1817832341863905,0.642263766665623,730
convlstm,convlstm,raw,2018-2019,24,u50,m s^-1,3.3723511932259895,0.9008139004107311,730
convlstm,convlstm,raw,2018-2019,24,u100,m s^-1,4.168975863163331,0.8142795029048455,730
convlstm,convlstm,raw,2018-2019,24,u200,m s^-1,6.722543392433613,0.8044809505122315,730
convlstm,convlstm,raw,2018-2019,24,u300,m s^-1,7.143571365458848,0.7834499268895627,730
convlstm,convlstm,raw,2018-2019,24,u500,m s^-1,4.93890184320038,0.781972258629973,730
convlstm,convlstm,raw,2018-2019,24,u700,m s^-1,3.793660466687535,0.7803277028939543,730
convlstm,convlstm,raw,2018-2019,24,u850,m s^-1,3.5595340759874676,0.7419470855431275,730
convlstm,convlstm,raw,2018-2019,24,u925,m s^-1,3.4758132119131426,0.7353616201049347,730
convlstm,convlstm,raw,2018-2019,24,u1000,m s^-1,2.7039082301577086,0.7407502333085378,730
convlstm,convlstm,raw,2018-2019,24,v50,m s^-1,2.6985116723135887,0.8209241956064667,730
convlstm,convlstm,raw,2018-2019,24,v100,m s^-1,3.799895772315909,0.7953616288418628,730
convlstm,convlstm,raw,2018-2019,24,v200,m s^-1,6.522462736531346,0.8014260326316025,730
convlstm,convlstm,raw,2018-2019,24,v300,m s^-1,6.89757793615732,0.7886984277348509,730
convlstm,convlstm,raw,2018-2019,24,v500,m s^-1,4.62531701053343,0.7893236673584629,730
convlstm,convlstm,raw,2018-2019,24,v700,m s^-1,3.571480316003749,0.7701636322228886,730
convlstm,convlstm,raw,2018-2019,24,v850,m s^-1,3.372086323315541,0.728004137109334,730
convlstm,convlstm,raw,2018-2019,24,v925,m s^-1,3.4074421697599466,0.730057417257553,730
convlstm,convlstm,raw,2018-2019,24,v1000,m s^-1,2.710516940308137,0.7409152919904519,730
convlstm,convlstm,raw,2018-2019,24,u10,m s^-1,2.4187051921300857,0.7375367825527277,730
convlstm,convlstm,raw,2018-2019,24,v10,m s^-1,2.407059224602916,0.7348425945490396,730
convlstm,convlstm,raw,2018-2019,24,t2m,K,2.672477154367385,0.5429594628081095,730
convlstm,convlstm,raw,2018-2019,24,mslp,Pa,399.47334698957246,0.8127735303580972,730
convlstm,convlstm,raw,2018-2019,72,z50,m^2 s^-2,772.3400210755401,0.7468703079915919,730
convlstm,convlstm,raw,2018-2019,72,z100,m^2 s^-2,740.7441735949715,0.6379539364184883,730
convlstm,convlstm,raw,2018-2019,72,z200,m^2 s^-2,917.8022470462901,0.5070755306332944,730
convlstm,convlstm,raw,2018-2019,72,z300,m^2 s^-2,956.475222111738,0.4763960823771669,730
convlstm,convlstm,raw,2018-2019,72,z500,m^2 s^-2,701.3625443837043,0.4770814278138147,730
convlstm,convlstm,raw,2018-2019,72,z700,m^2 s^-2,542.2323111145347,0.4578540881683004,730
convlstm,convlstm,raw,2018-2019,72,z850,m^2 s^-2,491.66990169249556,0.422344692417632,730
convlstm,convlstm,raw,2018-2019,72,z925,m^2 s^-2,491.85279135603776,0.40301401239646545,730
convlstm,convlstm,raw,2018-2019,72,z1000,m^2 s^-2,504.4525032117249,0.3869727299856419,730
convlstm,convlstm,raw,2018-2019,72,q50,kg kg^-1,1.3042933028367858e-07,0.38736251241983166,730
convlstm,convlstm,raw,2018-2019,72,q100,kg kg^-1,3.456668464689261e-07,0.4476816446111903,730
convlstm,convlstm,raw,2018-2019,72,q200,kg kg^-1,1.3221346446827234e-05,0.32244958529559115,730
convlstm,convlstm,raw,2018-2019,72,q300,kg kg^-1,0.00011665079232245709,0.32289943172904717,730
convlstm,convlstm,raw,2018-2019,72,q500,kg kg^-1,0.0007229289255806498,0.3729368086156279,730
convlstm,convlstm,raw,2018-2019,72,q700,kg kg^-1,0.0014011398437124279,0.3464120713252662,730
convlstm,convlstm,raw,2018-2019,72,q850,kg kg^-1,0.001656273232863109,0.29607672779997646,730
convlstm,convlstm,raw,2018-2019,72,q925,kg kg^-1,0.001397356057199186,0.30427444840608775,730
convlstm,convlstm,raw,2018-2019,72,q1000,kg kg^-1,0.0014943832251409792,0.2994707087550408,730
convlstm,convlstm,raw,2018-2019,72,t50,K,2.51458573917194,0.6778981266752563,730
convlstm,convlstm,raw,2018-2019,72,t100,K,2.6254272792519417,0.5934141636592586,730
convlstm,convlstm,raw,2018-2019,72,t200,K,3.1443209091589828,0.4608367415563548,730
convlstm,convlstm,raw,2018-2019,72,t300,K,2.336997836972921,0.37039381236050517,730
convlstm,convlstm,raw,2018-2019,72,t500,K,2.8251231839193958,0.36754515988993297,730
convlstm,convlstm,raw,2018-2019,72,t700,K,2.920204758728931,0.3583821998713373,730
convlstm,convlstm,raw,2018-2019,72,t850,K,3.1593014214414024,0.35062093179800286,730
convlstm,convlstm,raw,2018-2019,72,t925,K,2.972854086074703,0.3469487062292919,730
convlstm,convlstm,raw,2018-2019,72,t1000,K,2.749364709335025,0.350875671899524,730
convlstm,convlstm,raw,2018-2019,72,u50,m s^-1,4.841957810572202,0.7825275231723194,730
convlstm,convlstm,raw,2018-2019,72,u100,m s^-1,6.183560008308345,0.5255198713052199,730
convlstm,convlstm,raw,2018-2019,72,u200,m s^-1,10.182120370308201,0.45036290879800944,730
convlstm,convlstm,raw,2018-2019,72,u300,m s^-1,10.4547194765584,0.4230706062242854,730
convlstm,convlstm,raw,2018-2019,72,u500,m s^-1,7.242159498328321,0.416190861257838,730
convlstm,convlstm,raw,2018-2019,72,u700,m s^-1,5.60034134985285,0.40245755305220887,730
convlstm,convlstm,raw,2018-2019,72,u850,m s^-1,5.029558463042173,0.35091553263876246,730
convlstm,convlstm,raw,2018-2019,72,u925,m s^-1,4.905518280841772,0.3287315533939076,730
convlstm,convlstm,raw,2018-2019,72,u1000,m s^-1,3.8549577884095743,0.3266054211159657,730
convlstm,convlstm,raw,2018-2019,72,v50,m s^-1,4.112753202810271,0.4946626694089401,730
convlstm,convlstm,raw,2018-2019,72,v100,m s^-1,5.87776203743857,0.3607932417342563,730
convlstm,convlstm,raw,2018-2019,72,v200,m s^-1,10.433091940880917,0.30395886666138144,730
convlstm,convlstm,raw,2018-2019,72,v300,m s^-1,10.735451843171584,0.2961839840034733,730
convlstm,convlstm,raw,2018-2019,72,v500,m s^-1,7.213007799666727,0.29522017181018484,730
convlstm,convlstm,raw,2018-2019,72,v700,m s^-1,5.436017927421302,0.2620582796428237,730
convlstm,convlstm,raw,2018-2019,72,v850,m s^-1,4.849862413753828,0.21949612720964287,730
convlstm,convlstm,raw,2018-2019,72,v925,m s^-1,4.927576359416431,0.21488711557144585,730
convlstm,convlstm,raw,2018-2019,72,v1000,m s^-1,3.9900591602013313,0.2198406100595898,730
convlstm,convlstm,raw,2018-2019,72,u10,m s^-1,3.4314131150413574,0.3260642671572617,730
convlstm,convlstm,raw,2018-2019,72,v10,m s^-1,3.511592164894741,0.21640486783702367,730
convlstm,convlstm,raw,2018-2019,72,t2m,K,3.007590139653232,0.3178481715351493,730
convlstm,convlstm,raw,2018-2019,72,mslp,Pa,638.610935774075,0.38630813245288187,730
convlstm,convlstm,raw,2018-2019,120,z50,m^2 s^-2,894.0594882893258,0.643719652028351,730
convlstm,convlstm,raw,2018-2019,120,z100,m^2 s^-2,837.8943351695646,0.5039373375603216,730
convlstm,convlstm,raw,2018-2019,120,z200,m^2 s^-2,1013.8869212299248,0.33687803641489256,730
convlstm,convlstm,raw,2018-2019,120,z300,m^2 s^-2,1047.9081361935716,0.2999828814512415,730
convlstm,convlstm,raw,2018-2019,120,z500,m^2 s^-2,769.2919496310378,0.29521924741289324,730
convlstm,convlstm,raw,2018-2019,120,z700,m^2 s^-2,590.4488751675659,0.2798984500999571,730
convlstm,convlstm,raw,2018-2019,120,z850,m^2 s^-2,528.6196511016421,0.2556208865837328,730
convlstm,convlstm,raw,2018-2019,120,z925,m^2 s^-2,525.8114699049096,0.24170489577785878,730
convlstm,convlstm,raw,2018-2019,120,z1000,m^2 s^-2,537.5186225668506,0.2287616649218279,730
convlstm,convlstm,raw,2018-2019,120,q50,kg kg^-1,1.3125463587200972e-07,0.3566169299951521,730
convlstm,convlstm,raw,2018-2019,120,q100,kg kg^-1,3.678870224331744e-07,0.34526766998362823,730
convlstm,convlstm,raw,2018-2019,120,q200,kg kg^-1,1.3663628696577635e-05,0.23393855866727228,730
convlstm,convlstm,raw,2018-2019,120,q300,kg kg^-1,0.00012072092023815176,0.23077595246813531,730
convlstm,convlstm,raw,2018-2019,120,q500,kg kg^-1,0.0007590081972022451,0.2583823760536285,730
convlstm,convlstm,raw,2018-2019,120,q700,kg kg^-1,0.0014658049056760257,0.23640539898201957,730
convlstm,convlstm,raw,2018-2019,120,q850,kg kg^-1,0.0017121865276003873,0.21282067197277044,730
convlstm,convlstm,raw,2018-2019,120,q925,kg kg^-1,0.0014539585643751707,0.21453902774598954,730
convlstm,convlstm,raw,2018-2019,120,q1000,kg kg^-1,0.0015687450771389735,0.193550315948983,730
convlstm,convlstm,raw,2018-2019,120,t50,K,2.7419400145341633,0.6016567162285746,730
convlstm,convlstm,raw,2018-2019,120,t100,K,2.866726793133288,0.4914187340565604,730
convlstm,convlstm,raw,2018-2019,120,t200,K,3.3280457740581824,0.355924143592597,730
convlstm,convlstm,raw,2018-2019,120,t300,K,2.454840229882144,0.26099603743491046,730
convlstm,convlstm,raw,2018-2019,120,t500,K,2.9890848205872436,0.23144161541272879,730
convlstm,convlstm,raw,2018-2019,120,t700,K,3.094379676933969,0.22171075736228474,730
convlstm,convlstm,raw,2018-2019,120,t850,K,3.355883336057273,0.21274973664827607,730
convlstm,convlstm,raw,2018-2019,120,t925,K,3.1547030952603015,0.22349083343261397,730
convlstm,convlstm,raw,2018-2019,120,t1000,K,2.9239454636702913,0.23845919815042418,730
convlstm,convlstm,raw,2018-2019,120,u50,m s^-1,5.424633021681647,0.7179429168357248,730
convlstm,convlstm,raw,2018-2019,120,u100,m s^-1,6.850416148974777,0.3678996361366894,730
convlstm,convlstm,raw,2018-2019,120,u200,m s^-1,11.04822618281586,0.2868033094187567,730
convlstm,convlstm,raw,2018-2019,120,u300,m s^-1,11.224745553957124,0.2619699404423189,730
convlstm,convlstm,raw,2018-2019,120,u500,m s^-1,7.779843863638535,0.24907844235487048,730
convlstm,convlstm,raw,2018-2019,120,u700,m s^-1,5.98649085403467,0.2427841107755908,730
convlstm,convlstm,raw,2018-2019,120,u850,m s^-1,5.295605944169624,0.21275839656775128,730
convlstm,convlstm,raw,2018-2019,120,u925,m s^-1,5.13478580783887,0.19897079716163818,730
convlstm,convlstm,raw,2018-2019,120,u1000,m s^-1,4.035855689875571,0.19697010162540424,730
convlstm,convlstm,raw,2018-2019,120,v50,m s^-1,4.4877735801851735,0.32658020266106524,730
convlstm,convlstm,raw,2018-2019,120,v100,m s^-1,6.210517861999257,0.2024528095404742,730
convlstm,convlstm,raw,2018-2019,120,v200,m s^-1,10.852726062154666,0.1640080342377528,730
convlstm,convlstm,raw,2018-2019,120,v300,m s^-1,11.107378345478278,0.1682265713241368,730
convlstm,convlstm,raw,2018-2019,120,v500,m s^-1,7.466201284731387,0.16685246663687292,730
convlstm,convlstm,raw,2018-2019,120,v700,m s^-1,5.595331895899718,0.1474097885202682,730
convlstm,convlstm,raw,2018-2019,120,v850,m s^-1,4.952942375943138,0.12818036476222555,730
convlstm,convlstm,raw,2018-2019,120,v925,m s^-1,5.027601052681974,0.12948901707127936,730
convlstm,convlstm,raw,2018-2019,120,v1000,m s^-1,4.076546976748154,0.13371570224419596,730
convlstm,convlstm,raw,2018-2019,120,u10,m s^-1,3.5910757052849984,0.19719477676284441,730
convlstm,convlstm,raw,2018-2019,120,v10,m s^-1,3.584712784308303,0.1324516762949745,730
convlstm,convlstm,raw,2018-2019,120,t2m,K,3.144723260853544,0.21407471943457576,730
convlstm,convlstm,raw,2018-2019,120,mslp,Pa,680.4532095110612,0.22861231533503826,730
convlstm,convlstm,raw,2018-2019,168,z50,m^2 s^-2,959.7541971365548,0.5778932005631873,730
convlstm,convlstm,raw,2018-2019,168,z100,m^2 s^-2,881.2185237019311,0.43246815949443923,730
convlstm,convlstm,raw,2018-2019,168,z200,m^2 s^-2,1048.36353488866,0.2580584943981751,730
convlstm,convlstm,raw,2018-2019,168,z300,m^2 s^-2,1078.5042873229445,0.22063995670327352,730
convlstm,convlstm,raw,2018-2019,168,z500,m^2 s^-2,791.511989050028,0.21438437314225253,730
convlstm,convlstm,raw,2018-2019,168,z700,m^2 s^-2,605.5733946622605,0.20385819768107813,730
convlstm,convlstm,raw,2018-2019,168,z850,m^2 s^-2,539.6746973697807,0.18796452819191922,730
convlstm,convlstm,raw,2018-2019,168,z925,m^2 s^-2,535.5950075520925,0.1784765664801496,730
convlstm,convlstm,raw,2018-2019,168,z1000,m^2 s^-2,546.8359344755362,0.16859892316954417,730
convlstm,convlstm,raw,2018-2019,168,q50,kg kg^-1,1.333528227550285e-07,0.32957853733629566,730
convlstm,convlstm,raw,2018-2019,168,q100,kg kg^-1,3.800306373893048e-07,0.2821649502563889,730
convlstm,convlstm,raw,2018-2019,168,q200,kg kg^-1,1.3874311509607744e-05,0.1890163805378541,730
convlstm,convlstm,raw,2018-2019,168,q300,kg kg^-1,0.0001225419920896765,0.18641330416792726,730
convlstm,convlstm,raw,2018-2019,168,q500,kg kg^-1,0.0007746467814715534,0.20274473704969243,730
convlstm,convlstm,raw,2018-2019,168,q700,kg kg^-1,0.0014925121344948557,0.18466410363007665,730
convlstm,convlstm,raw,2018-2019,168,q850,kg kg^-1,0.0017367456455278957,0.17364571937136591,730
convlstm,convlstm,raw,2018-2019,168,q925,kg kg^-1,0.0014805229623007737,0.17181157028627897,730
convlstm,convlstm,raw,2018-2019,168,q1000,kg kg^-1,0.0016019011546952345,0.14801143669823685,730
convlstm,convlstm,raw,2018-2019,168,t50,K,2.895184064180162,0.5437185069739647,730
convlstm,convlstm,raw,2018-2019,168,t100,K,2.9823638550362563,0.4322477015715429,730
convlstm,convlstm,raw,2018-2019,168,t200,K,3.402573121491449,0.3064493754715736,730
convlstm,convlstm,raw,2018-2019,168,t300,K,2.5003524770865027,0.21115722381105897,730
convlstm,convlstm,raw,2018-2019,168,t500,K,3.047903896911739,0.17039776653316843,730
convlstm,convlstm,raw,2018-2019,168,t700,K,3.159349715335049,0.1608363025509068,730
convlstm,convlstm,raw,2018-2019,168,t850,K,3.4277722596072624,0.15445415870520127,730
convlstm,convlstm,raw,2018-2019,168,t925,K,3.2335431587648067,0.16826151109794438,730
convlstm,convlstm,raw,2018-2019,168,t1000,K,3.0209655028128046,0.18411781065581578,730
convlstm,convlstm,raw,2018-2019,168,u50,m s^-1,5.692646895159421,0.6844056999214693,730
convlstm,convlstm,raw,2018-2019,168,u100,m s^-1,7.149534679238888,0.28056353741636036,730
convlstm,convlstm,raw,2018-2019,168,u200,m s^-1,11.36240480979447,0.2090175719082228,730
convlstm,convlstm,raw,2018-2019,168,u300,m s^-1,11.471483790371954,0.1920979743825763,730
convlstm,convlstm,raw,2018-2019,168,u500,m s^-1,7.943698278123293,0.1791661886350001,730
convlstm,convlstm,raw,2018-2019,168,u700,m s^-1,6.110768249181506,0.17418598938349275,730
convlstm,convlstm,raw,2018-2019,168,u850,m s^-1,5.383401072583802,0.15591397221437178,730
convlstm,convlstm,raw,2018-2019,168,u925,m s^-1,5.208165456970032,0.1478457828260059,730
convlstm,convlstm,raw,2018-2019,168,u1000,m s^-1,4.091808881908835,0.14752466774867234,730
convlstm,convlstm,raw,2018-2019,168,v50,m s^-1,4.622393580751227,0.24272469951171483,730
convlstm,convlstm,raw,2018-2019,168,v100,m s^-1,6.303356018440282,0.14149937471598284,730
convlstm,convlstm,raw,2018-2019,168,v200,m s^-1,10.940144331036045,0.12118013103818014,730
convlstm,convlstm,raw,2018-2019,168,v300,m s^-1,11.1904129160862,0.12777977558836323,730
convlstm,convlstm,raw,2018-2019,168,v500,m s^-1,7.528515176674792,0.12428986686776812,730
convlstm,convlstm,raw,2018-2019,168,v700,m s^-1,5.6379731609718515,0.10941431961302334,730
convlstm,convlstm,raw,2018-2019,168,v850,m s^-1,4.983041487437936,0.09831154104445103,730
convlstm,convlstm,raw,2018-2019,168,v925,m s^-1,5.05495345178106,0.10316460735848618,730
convlstm,convlstm,raw,2018-2019,168,v1000,m s^-1,4.098826085599184,0.10819872292594318,730
convlstm,convlstm,raw,2018-2019,168,u10,m s^-1,3.6413378593371974,0.14770313353531336,730
convlstm,convlstm,raw,2018-2019,168,v10,m s^-1,3.6043493205007433,0.10734022248609433,730
convlstm,convlstm,raw,2018-2019,168,t2m,K,3.245411628494694,0.158985023034195,730
convlstm,convlstm,raw,2018-2019,168,mslp,Pa,692.2840661559565,0.16867787696792338,730
convlstm,convlstm,raw,2018-2019,240,z50,m^2 s^-2,1036.4828758481106,0.49727024204398435,730
convlstm,convlstm,raw,2018-2019,240,z100,m^2 s^-2,925.1935226801182,0.35999673636471136,730
convlstm,convlstm,raw,2018-2019,240,z200,m^2 s^-2,1076.9727880174767,0.1952814519926569,730
convlstm,convlstm,raw,2018-2019,240,z300,m^2 s^-2,1101.8367511951335,0.16092142440806775,730
convlstm,convlstm,raw,2018-2019,240,z500,m^2 s^-2,808.2159641936042,0.15313210829022095,730
convlstm,convlstm,raw,2018-2019,240,z700,m^2 s^-2,616.7200764503438,0.14721923151714267,730
convlstm,convlstm,raw,2018-2019,240,z850,m^2 s^-2,547.6087386348768,0.13950453207050315,730
convlstm,convlstm,raw,2018-2019,240,z925,m^2 s^-2,542.5834557596104,0.1342005903877021,730
convlstm,convlstm,raw,2018-2019,240,z1000,m^2 s^-2,553.5257521797867,0.1273580566148724,730
convlstm,convlstm,raw,2018-2019,240,q50,kg kg^-1,1.3744221400664424e-07,0.29293756021813244,730
convlstm,convlstm,raw,2018-2019,240,q100,kg kg^-1,3.924430793670593e-07,0.21720138221646487,730
convlstm,convlstm,raw,2018-2019,240,q200,kg kg^-1,1.4050426412855683e-05,0.15834522090536557,730
convlstm,convlstm,raw,2018-2019,240,q300,kg kg^-1,0.00012411854551980348,0.15388672173232926,730
convlstm,convlstm,raw,2018-2019,240,q500,kg kg^-1,0.0007861117805554987,0.16539832454356676,730
convlstm,convlstm,raw,2018-2019,240,q700,kg kg^-1,0.0015134564626937115,0.14759293156617018,730
convlstm,convlstm,raw,2018-2019,240,q850,kg kg^-1,0.0017589910063332596,0.14432534314323742,730
convlstm,convlstm,raw,2018-2019,240,q925,kg kg^-1,0.0015059811576257057,0.14071202669763022,730
convlstm,convlstm,raw,2018-2019,240,q1000,kg kg^-1,0.0016355213328152595,0.11670807189316007,730
convlstm,convlstm,raw,2018-2019,240,t50,K,3.081853453658928,0.46875306541708106,730
convlstm,convlstm,raw,2018-2019,240,t100,K,3.115682816795471,0.3639870539792162,730
convlstm,convlstm,raw,2018-2019,240,t200,K,3.4793805479663384,0.2575598184264302,730
convlstm,convlstm,raw,2018-2019,240,t300,K,2.5484163536294733,0.16781804782105142,730
convlstm,convlstm,raw,2018-2019,240,t500,K,3.093581547630448,0.12795169062544196,730
convlstm,convlstm,raw,2018-2019,240,t700,K,3.217280183359924,0.1149669990144689,730
convlstm,convlstm,raw,2018-2019,240,t850,K,3.4932348121791765,0.1115082784620752,730
convlstm,convlstm,raw,2018-2019,240,t925,K,3.3091718464772164,0.12842685767684262,730
convlstm,convlstm,raw,2018-2019,240,t1000,K,3.1175440566633603,0.14517555023226533,730
convlstm,convlstm,raw,2018-2019,240,u50,m s^-1,5.95821048568393,0.6501844326836044,730
convlstm,convlstm,raw,2018-2019,240,u100,m s^-1,7.406691854750874,0.20604281390820586,730
convlstm,convlstm,raw,2018-2019,240,u200,m s^-1,11.615961199847618,0.14739898882589772,730
convlstm,convlstm,raw,2018-2019,240,u300,m s^-1,11.642548421867739,0.14259690489519594,730
convlstm,convlstm,raw,2018-2019,240,u500,m s^-1,8.050118392428162,0.1320701023786418,730
convlstm,convlstm,raw,2018-2019,240,u700,m s^-1,6.198997207564329,0.12670047079273233,730
convlstm,convlstm,raw,2018-2019,240,u850,m s^-1,5.451136946780523,0.11724614448616934,730
convlstm,convlstm,raw,2018-2019,240,u925,m s^-1,5.264299973684133,0.11452941599729649,730
convlstm,convlstm,raw,2018-2019,240,u1000,m s^-1,4.132259680211475,0.11702431459220121,730
convlstm,convlstm,raw,2018-2019,240,v50,m s^-1,4.723284206115781,0.17708065071234466,730
convlstm,convlstm,raw,2018-2019,240,v100,m s^-1,6.352721507087136,0.108860842462254,730
convlstm,convlstm,raw,2018-2019,240,v200,m s^-1,10.976562873238915,0.10175616282215606,730
convlstm,convlstm,raw,2018-2019,240,v300,m s^-1,11.21946360024912,0.1115692796657682,730
convlstm,convlstm,raw,2018-2019,240,v500,m s^-1,7.550712491545514,0.10802128563213705,730
convlstm,convlstm,raw,2018-2019,240,v700,m s^-1,5.6538403887523225,0.09524582908973935,730
convlstm,convlstm,raw,2018-2019,240,v850,m s^-1,4.9959503048968426,0.08681232473021647,730
convlstm,convlstm,raw,2018-2019,240,v925,m s^-1,5.068312089327783,0.09237166292692209,730
convlstm,convlstm,raw,2018-2019,240,v1000,m s^-1,4.111578475712245,0.09662710281600151,730
convlstm,convlstm,raw,2018-2019,240,u10,m s^-1,3.6780688981046388,0.1169204596751522,730
convlstm,convlstm,raw,2018-2019,240,v10,m s^-1,3.6162993916611113,0.09561447725335755,730
convlstm,convlstm,raw,2018-2019,240,t2m,K,3.3745041008249195,0.11949399056555624,730
convlstm,convlstm,raw,2018-2019,240,mslp,Pa,700.7879757412318,0.12735014367783218,730
convlstm,convlstm,sphere_ttc,2018-2019,24,z50,m^2 s^-2,457.237067767738,0.9191424027988806,730
convlstm,convlstm,sphere_ttc,2018-2019,24,z100,m^2 s^-2,424.5846400126536,0.896249026732598,730
convlstm,convlstm,sphere_ttc,2018-2019,24,z200,m^2 s^-2,513.1700150861911,0.87400820736648,730
convlstm,convlstm,sphere_ttc,2018-2019,24,z300,m^2 s^-2,535.9516123686109,0.8686012913924778,730
convlstm,convlstm,sphere_ttc,2018-2019,24,z500,m^2 s^-2,382.6843533207767,0.8763452592805268,730
convlstm,convlstm,sphere_ttc,2018-2019,24,z700,m^2 s^-2,303.38333528251087,0.8660774484003039,730
convlstm,convlstm,sphere_ttc,2018-2019,24,z850,m^2 s^-2,288.83040440651644,0.8442565119169305,730
convlstm,convlstm,sphere_ttc,2018-2019,24,z925,m^2 s^-2,294.01586648744194,0.8342262922043099,730
convlstm,convlstm,sphere_ttc,2018-2019,24,z1000,m^2 s^-2,305.50244657451384,0.8259455064292334,730
convlstm,convlstm,sphere_ttc,2018-2019,24,q50,kg kg^-1,1.3534530592292614e-07,0.42455802866629583,730
convlstm,convlstm,sphere_ttc,2018-2019,24,q100,kg kg^-1,2.809817756367344e-07,0.6707346199543229,730
convlstm,convlstm,sphere_ttc,2018-2019,24,q200,kg kg^-1,1.0725067704041114e-05,0.6305647985129305,730
convlstm,convlstm,sphere_ttc,2018-2019,24,q300,kg kg^-1,9.248985745667253e-05,0.6536416973389672,730
convlstm,convlstm,sphere_ttc,2018-2019,24,q500,kg kg^-1,0.0005507032036547601,0.7018100258392889,730
convlstm,convlstm,sphere_ttc,2018-2019,24,q700,kg kg^-1,0.0010877547826551816,0.6750581254988478,730
convlstm,convlstm,sphere_ttc,2018-2019,24,q850,kg kg^-1,0.0013318191100742777,0.6129108783566432,730
convlstm,convlstm,sphere_ttc,2018-2019,24,q925,kg kg^-1,0.0010787842455792012,0.6372185813563037,730
convlstm,convlstm,sphere_ttc,2018-2019,24,q1000,kg kg^-1,0.0010971880998668557,0.6613670113209082,730
convlstm,convlstm,sphere_ttc,2018-2019,24,t50,K,1.7406647163423843,0.8606678424953643,730
convlstm,convlstm,sphere_ttc,2018-2019,24,t100,K,1.7972656516948056,0.830153588781773,730
convlstm,convlstm,sphere_ttc,2018-2019,24,t200,K,2.2123929758154657,0.7762702842408851,730
convlstm,convlstm,sphere_ttc,2018-2019,24,t300,K,1.81531236237918,0.675669186202015,730
convlstm,convlstm,sphere_ttc,2018-2019,24,t500,K,1.9740610211674332,0.7510499889669835,730
convlstm,convlstm,sphere_ttc,2018-2019,24,t700,K,1.9962063702094386,0.7562578161015437,730
convlstm,convlstm,sphere_ttc,2018-2019,24,t850,K,2.202546122189952,0.7425745601389838,730
convlstm,convlstm,sphere_ttc,2018-2019,24,t925,K,2.1295242788984106,0.7162961252184229,730
convlstm,convlstm,sphere_ttc,2018-2019,24,t1000,K,2.001380040603559,0.6869334307737633,730
convlstm,convlstm,sphere_ttc,2018-2019,24,u50,m s^-1,3.0986130018935665,0.9170468273747042,730
convlstm,convlstm,sphere_ttc,2018-2019,24,u100,m s^-1,3.9836618288193133,0.8320578344367751,730
convlstm,convlstm,sphere_ttc,2018-2019,24,u200,m s^-1,6.600685694733106,0.8123201509804902,730
convlstm,convlstm,sphere_ttc,2018-2019,24,u300,m s^-1,7.085705641705789,0.7873936741623264,730
convlstm,convlstm,sphere_ttc,2018-2019,24,u500,m s^-1,4.875011912774503,0.7883314495942718,730
convlstm,convlstm,sphere_ttc,2018-2019,24,u700,m s^-1,3.7473287258234014,0.7863975595258244,730
convlstm,convlstm,sphere_ttc,2018-2019,24,u850,m s^-1,3.522195451743963,0.7482230311673584,730
convlstm,convlstm,sphere_ttc,2018-2019,24,u925,m s^-1,3.454040909047722,0.7392398867618866,730
convlstm,convlstm,sphere_ttc,2018-2019,24,u1000,m s^-1,2.6863574939955397,0.744682939529715,730
convlstm,convlstm,sphere_ttc,2018-2019,24,v50,m s^-1,2.5827293468155097,0.8375222658755016,730
convlstm,convlstm,sphere_ttc,2018-2019,24,v100,m s^-1,3.562072695275808,0.822992401257658,730
convlstm,convlstm,sphere_ttc,2018-2019,24,v200,m s^-1,6.155933013918816,0.8254614908425374,730
convlstm,convlstm,sphere_ttc,2018-2019,24,v300,m s^-1,6.547264947102596,0.8120271840569451,730
convlstm,convlstm,sphere_ttc,2018-2019,24,v500,m s^-1,4.400482116849889,0.8116567932372811,730
convlstm,convlstm,sphere_ttc,2018-2019,24,v700,m s^-1,3.4377045120456793,0.7893231313275698,730
convlstm,convlstm,sphere_ttc,2018-2019,24,v850,m s^-1,3.2645527833826513,0.7478225665074261,730
convlstm,convlstm,sphere_ttc,2018-2019,24,v925,m s^-1,3.304785351076821,0.7489054011755941,730
convlstm,convlstm,sphere_ttc,2018-2019,24,v1000,m s^-1,2.6358888373072658,0.757313709104689,730
convlstm,convlstm,sphere_ttc,2018-2019,24,u10,m s^-1,2.402425156698979,0.741623810232577,730
convlstm,convlstm,sphere_ttc,2018-2019,24,v10,m s^-1,2.3408326624410885,0.7513851498865401,730
convlstm,convlstm,sphere_ttc,2018-2019,24,t2m,K,2.280839772705544,0.5999315437767055,730
convlstm,convlstm,sphere_ttc,2018-2019,24,mslp,Pa,388.8565632697296,0.8236820737515211,730
convlstm,convlstm,sphere_ttc,2018-2019,72,z50,m^2 s^-2,758.9398291823597,0.7561167025257147,730
convlstm,convlstm,sphere_ttc,2018-2019,72,z100,m^2 s^-2,729.8069961920924,0.6507234470706187,730
convlstm,convlstm,sphere_ttc,2018-2019,72,z200,m^2 s^-2,907.2403638882865,0.5217660246470319,730
convlstm,convlstm,sphere_ttc,2018-2019,72,z300,m^2 s^-2,945.4509150617477,0.49326483406730737,730
convlstm,convlstm,sphere_ttc,2018-2019,72,z500,m^2 s^-2,693.3622265641729,0.49408279157507473,730
convlstm,convlstm,sphere_ttc,2018-2019,72,z700,m^2 s^-2,537.9502647750769,0.4702873877972137,730
convlstm,convlstm,sphere_ttc,2018-2019,72,z850,m^2 s^-2,489.55709513874365,0.42967660016239334,730
convlstm,convlstm,sphere_ttc,2018-2019,72,z925,m^2 s^-2,490.23966961952846,0.40871726824685894,730
convlstm,convlstm,sphere_ttc,2018-2019,72,z1000,m^2 s^-2,502.92953162868315,0.3922723127680098,730
convlstm,convlstm,sphere_ttc,2018-2019,72,q50,kg kg^-1,1.303121144081307e-07,0.3882454457632225,730
convlstm,convlstm,sphere_ttc,2018-2019,72,q100,kg kg^-1,3.4558376556606825e-07,0.44800839936984455,730
convlstm,convlstm,sphere_ttc,2018-2019,72,q200,kg kg^-1,1.3155345208931927e-05,0.33280742107474515,730
convlstm,convlstm,sphere_ttc,2018-2019,72,q300,kg kg^-1,0.00011646344547628402,0.32566104872694573,730
convlstm,convlstm,sphere_ttc,2018-2019,72,q500,kg kg^-1,0.000722358088274139,0.3742138633144448,730
convlstm,convlstm,sphere_ttc,2018-2019,72,q700,kg kg^-1,0.001397659451131341,0.35014150738466504,730
convlstm,convlstm,sphere_ttc,2018-2019,72,q850,kg kg^-1,0.0016351144100008007,0.31036887654940165,730
convlstm,convlstm,sphere_ttc,2018-2019,72,q925,kg kg^-1,0.0013573574844953605,0.3309064379160582,730
convlstm,convlstm,sphere_ttc,2018-2019,72,q1000,kg kg^-1,0.0014298920054923424,0.3258159617785468,730
convlstm,convlstm,sphere_ttc,2018-2019,72,t50,K,2.2440289654050902,0.7546507440188519,730
convlstm,convlstm,sphere_ttc,2018-2019,72,t100,K,2.5326573310292853,0.6244930175491724,730
convlstm,convlstm,sphere_ttc,2018-2019,72,t200,K,3.1179262163492973,0.47214745690530285,730
convlstm,convlstm,sphere_ttc,2018-2019,72,t300,K,2.3075351469564547,0.38589440246569373,730
convlstm,convlstm,sphere_ttc,2018-2019,72,t500,K,2.789461677797894,0.3866716665182005,730
convlstm,convlstm,sphere_ttc,2018-2019,72,t700,K,2.848113396067738,0.3920151490227577,730
convlstm,convlstm,sphere_ttc,2018-2019,72,t850,K,3.096853884613941,0.37687774907492855,730
convlstm,convlstm,sphere_ttc,2018-2019,72,t925,K,2.9232470331887925,0.36477913241038146,730
convlstm,convlstm,sphere_ttc,2018-2019,72,t1000,K,2.633335874870577,0.3792380946918364,730
convlstm,convlstm,sphere_ttc,2018-2019,72,u50,m s^-1,4.713957658293348,0.7955331082518786,730
convlstm,convlstm,sphere_ttc,2018-2019,72,u100,m s^-1,6.144365848341903,0.5326688233883528,730
convlstm,convlstm,sphere_ttc,2018-2019,72,u200,m s^-1,10.165395404528141,0.4528142217582025,730
convlstm,convlstm,sphere_ttc,2018-2019,72,u300,m s^-1,10.44654043357962,0.42442520323547483,730
convlstm,convlstm,sphere_ttc,2018-2019,72,u500,m s^-1,7.230262098304274,0.4189350129809229,730
convlstm,convlstm,sphere_ttc,2018-2019,72,u700,m s^-1,5.594622904181141,0.40402166334614636,730
convlstm,convlstm,sphere_ttc,2018-2019,72,u850,m s^-1,5.022413252991868,0.353022582588691,730
convlstm,convlstm,sphere_ttc,2018-2019,72,u925,m s^-1,4.9010124097529335,0.3300469702783458,730
convlstm,convlstm,sphere_ttc,2018-2019,72,u1000,m s^-1,3.852532609725246,0.3274934561751945,730
convlstm,convlstm,sphere_ttc,2018-2019,72,v50,m s^-1,4.070405928309022,0.5100259264458198,730
convlstm,convlstm,sphere_ttc,2018-2019,72,v100,m s^-1,5.812653470734953,0.3834706669743358,730
convlstm,convlstm,sphere_ttc,2018-2019,72,v200,m s^-1,10.340986002888352,0.3254229275124129,730
convlstm,convlstm,sphere_ttc,2018-2019,72,v300,m s^-1,10.649495995344918,0.3177573116106595,730
convlstm,convlstm,sphere_ttc,2018-2019,72,v500,m s^-1,7.15195426219187,0.317669510579122,730
convlstm,convlstm,sphere_ttc,2018-2019,72,v700,m s^-1,5.389767784741286,0.2831726504927293,730
convlstm,convlstm,sphere_ttc,2018-2019,72,v850,m s^-1,4.814518418216857,0.2362289149447731,730
convlstm,convlstm,sphere_ttc,2018-2019,72,v925,m s^-1,4.905991515348582,0.22456639635158127,730
convlstm,convlstm,sphere_ttc,2018-2019,72,v1000,m s^-1,3.9770023594951684,0.22617845437629763,730
convlstm,convlstm,sphere_ttc,2018-2019,72,u10,m s^-1,3.428485983696328,0.3272764102727756,730
convlstm,convlstm,sphere_ttc,2018-2019,72,v10,m s^-1,3.498221587768939,0.22361399727968995,730
convlstm,convlstm,sphere_ttc,2018-2019,72,t2m,K,2.74685897338554,0.3532890758795404,730
convlstm,convlstm,sphere_ttc,2018-2019,72,mslp,Pa,636.6919748908501,0.39162981816230186,730
convlstm,convlstm,sphere_ttc,2018-2019,120,z50,m^2 s^-2,885.0259409290185,0.6511248058968867,730
convlstm,convlstm,sphere_ttc,2018-2019,120,z100,m^2 s^-2,828.9013949301348,0.517391871205576,730
convlstm,convlstm,sphere_ttc,2018-2019,120,z200,m^2 s^-2,1010.5833260568421,0.34268577835393177,730
convlstm,convlstm,sphere_ttc,2018-2019,120,z300,m^2 s^-2,1045.2145565689843,0.30538731651367745,730
convlstm,convlstm,sphere_ttc,2018-2019,120,z500,m^2 s^-2,767.9650728548793,0.29944185132850504,730
convlstm,convlstm,sphere_ttc,2018-2019,120,z700,m^2 s^-2,589.619022755256,0.28352342233369876,730
convlstm,convlstm,sphere_ttc,2018-2019,120,z850,m^2 s^-2,528.1005469738136,0.2580433436727242,730
convlstm,convlstm,sphere_ttc,2018-2019,120,z925,m^2 s^-2,525.3543025974999,0.2436331282955601,730
convlstm,convlstm,sphere_ttc,2018-2019,120,z1000,m^2 s^-2,536.9582933696929,0.2309060579832495,730
convlstm,convlstm,sphere_ttc,2018-2019,120,q50,kg kg^-1,1.3113863918538034e-07,0.357548971203342,730
convlstm,convlstm,sphere_ttc,2018-2019,120,q100,kg kg^-1,3.678005204582352e-07,0.3456659133516889,730
convlstm,convlstm,sphere_ttc,2018-2019,120,q200,kg kg^-1,1.359851445385291e-05,0.2464450515483137,730
convlstm,convlstm,sphere_ttc,2018-2019,120,q300,kg kg^-1,0.00012056971575086039,0.23303271804287293,730
convlstm,convlstm,sphere_ttc,2018-2019,120,q500,kg kg^-1,0.0007584362834809998,0.25961428343886434,730
convlstm,convlstm,sphere_ttc,2018-2019,120,q700,kg kg^-1,0.0014598584124940867,0.2425785456762238,730
convlstm,convlstm,sphere_ttc,2018-2019,120,q850,kg kg^-1,0.0016905934120235544,0.2277436052682851,730
convlstm,convlstm,sphere_ttc,2018-2019,120,q925,kg kg^-1,0.001415385034660082,0.24231059565094842,730
convlstm,convlstm,sphere_ttc,2018-2019,120,q1000,kg kg^-1,0.0015047111248598058,0.21991771633955934,730
convlstm,convlstm,sphere_ttc,2018-2019,120,t50,K,2.561730786328311,0.6657171746361981,730
convlstm,convlstm,sphere_ttc,2018-2019,120,t100,K,2.8100308979788386,0.5124824920872119,730
convlstm,convlstm,sphere_ttc,2018-2019,120,t200,K,3.3126048124980185,0.3637749538964998,730
convlstm,convlstm,sphere_ttc,2018-2019,120,t300,K,2.4333226043408924,0.272624135188915,730
convlstm,convlstm,sphere_ttc,2018-2019,120,t500,K,2.9739416391591886,0.23904646452051975,730
convlstm,convlstm,sphere_ttc,2018-2019,120,t700,K,3.0603971734020736,0.2359805422744765,730
convlstm,convlstm,sphere_ttc,2018-2019,120,t850,K,3.3126394523989577,0.22812616099396574,730
convlstm,convlstm,sphere_ttc,2018-2019,120,t925,K,3.1092673082885547,0.2372778549999488,730
convlstm,convlstm,sphere_ttc,2018-2019,120,t1000,K,2.814226499540632,0.26235443020497673,730
convlstm,convlstm,sphere_ttc,2018-2019,120,u50,m s^-1,5.310277990259247,0.7323684949181659,730
convlstm,convlstm,sphere_ttc,2018-2019,120,u100,m s^-1,6.822967862948317,0.3736715645745157,730
convlstm,convlstm,sphere_ttc,2018-2019,120,u200,m s^-1,11.037466656113976,0.28841777473724567,730
convlstm,convlstm,sphere_ttc,2018-2019,120,u300,m s^-1,11.219848066236517,0.26300832770077837,730
convlstm,convlstm,sphere_ttc,2018-2019,120,u500,m s^-1,7.772057330704129,0.25124042485148,730
convlstm,convlstm,sphere_ttc,2018-2019,120,u700,m s^-1,5.982112901529445,0.24410889749930983,730
convlstm,convlstm,sphere_ttc,2018-2019,120,u850,m s^-1,5.28853055608087,0.2148237784279866,730
convlstm,convlstm,sphere_ttc,2018-2019,120,u925,m s^-1,5.130048418165691,0.20029141631148345,730
convlstm,convlstm,sphere_ttc,2018-2019,120,u1000,m s^-1,4.033313238052905,0.19773612988155626,730
convlstm,convlstm,sphere_ttc,2018-2019,120,v50,m s^-1,4.467292082927051,0.33707630706055725,730
convlstm,convlstm,sphere_ttc,2018-2019,120,v100,m s^-1,6.192022936378582,0.2110152351678297,730
convlstm,convlstm,sphere_ttc,2018-2019,120,v200,m s^-1,10.845166349127634,0.16605857582048106,730
convlstm,convlstm,sphere_ttc,2018-2019,120,v300,m s^-1,11.106837091673086,0.16836708903988257,730
convlstm,convlstm,sphere_ttc,2018-2019,120,v500,m s^-1,7.466028353276975,0.16694733093859504,730
convlstm,convlstm,sphere_ttc,2018-2019,120,v700,m s^-1,5.5920741290973,0.1484171796440041,730
convlstm,convlstm,sphere_ttc,2018-2019,120,v850,m s^-1,4.947051174971617,0.12955311543378772,730
convlstm,convlstm,sphere_ttc,2018-2019,120,v925,m s^-1,5.0241385048539176,0.13026133207635238,730
convlstm,convlstm,sphere_ttc,2018-2019,120,v1000,m s^-1,4.073586859071176,0.13439531195043355,730
convlstm,convlstm,sphere_ttc,2018-2019,120,u10,m s^-1,3.588538158855507,0.1981182869317123,730
convlstm,convlstm,sphere_ttc,2018-2019,120,v10,m s^-1,3.58156058907085,0.13329123144882954,730
convlstm,convlstm,sphere_ttc,2018-2019,120,t2m,K,2.9186008229161473,0.24986569549605225,730
convlstm,convlstm,sphere_ttc,2018-2019,120,mslp,Pa,679.7095653244062,0.23090062141236292,730
convlstm,convlstm,sphere_ttc,2018-2019,168,z50,m^2 s^-2,948.9316261573198,0.5877819348278237,730
convlstm,convlstm,sphere_ttc,2018-2019,168,z100,m^2 s^-2,871.9549117402096,0.44826488178704815,730
convlstm,convlstm,sphere_ttc,2018-2019,168,z200,m^2 s^-2,1045.3220904457978,0.2642230355085863,730
convlstm,convlstm,sphere_ttc,2018-2019,168,z300,m^2 s^-2,1076.7003515783958,0.22526384969451477,730
convlstm,convlstm,sphere_ttc,2018-2019,168,z500,m^2 s^-2,790.8385724585999,0.2175791426835009,730
convlstm,convlstm,sphere_ttc,2018-2019,168,z700,m^2 s^-2,605.2902306972817,0.20592833848388045,730
convlstm,convlstm,sphere_ttc,2018-2019,168,z850,m^2 s^-2,539.4449931172919,0.18940826798713253,730
convlstm,convlstm,sphere_ttc,2018-2019,168,z925,m^2 s^-2,535.2702680983717,0.17994994424223962,730
convlstm,convlstm,sphere_ttc,2018-2019,168,z1000,m^2 s^-2,546.3228798244604,0.1705380710976345,730
convlstm,convlstm,sphere_ttc,2018-2019,168,q50,kg kg^-1,1.3323568082190722e-07,0.33051581913285594,730
convlstm,convlstm,sphere_ttc,2018-2019,168,q100,kg kg^-1,3.799487700168733e-07,0.28258292072081925,730
convlstm,convlstm,sphere_ttc,2018-2019,168,q200,kg kg^-1,1.381061012674936e-05,0.20245110321394505,730
convlstm,convlstm,sphere_ttc,2018-2019,168,q300,kg kg^-1,0.00012232834741853188,0.18969085411146006,730
convlstm,convlstm,sphere_ttc,2018-2019,168,q500,kg kg^-1,0.0007734305843647953,0.20533457391286328,730
convlstm,convlstm,sphere_ttc,2018-2019,168,q700,kg kg^-1,0.001484238116404839,0.1935252913298746,730
convlstm,convlstm,sphere_ttc,2018-2019,168,q850,kg kg^-1,0.0017166834975659024,0.18810315066926248,730
convlstm,convlstm,sphere_ttc,2018-2019,168,q925,kg kg^-1,0.0014433723846433667,0.20064452860989407,730
convlstm,convlstm,sphere_ttc,2018-2019,168,q1000,kg kg^-1,0.0015355748953034866,0.17810733528012926,730
convlstm,convlstm,sphere_ttc,2018-2019,168,t50,K,2.755720756533737,0.6031905077932301,730
convlstm,convlstm,sphere_ttc,2018-2019,168,t100,K,2.945657670941009,0.4466298492952582,730
convlstm,convlstm,sphere_ttc,2018-2019,168,t200,K,3.3890293080562572,0.31348762526598156,730
convlstm,convlstm,sphere_ttc,2018-2019,168,t300,K,2.479898384327508,0.2235871635736545,730
convlstm,convlstm,sphere_ttc,2018-2019,168,t500,K,3.033652640659607,0.17752127286930697,730
convlstm,convlstm,sphere_ttc,2018-2019,168,t700,K,3.1272386672752903,0.17469294682934472,730
convlstm,convlstm,sphere_ttc,2018-2019,168,t850,K,3.3828731446588485,0.17139184601252114,730
convlstm,convlstm,sphere_ttc,2018-2019,168,t925,K,3.185383919067998,0.18325345328246948,730
convlstm,convlstm,sphere_ttc,2018-2019,168,t1000,K,2.905854321474794,0.20806552206490478,730
convlstm,convlstm,sphere_ttc,2018-2019,168,u50,m s^-1,5.589804778931785,0.6990460199318572,730
convlstm,convlstm,sphere_ttc,2018-2019,168,u100,m s^-1,7.128785222293751,0.28543567364808226,730
convlstm,convlstm,sphere_ttc,2018-2019,168,u200,m s^-1,11.350251927168799,0.2110249824463597,730
convlstm,convlstm,sphere_ttc,2018-2019,168,u300,m s^-1,11.468935243654656,0.19290538556004336,730
convlstm,convlstm,sphere_ttc,2018-2019,168,u500,m s^-1,7.93890242989484,0.18072207264883533,730
convlstm,convlstm,sphere_ttc,2018-2019,168,u700,m s^-1,6.10878159754105,0.17456410593066293,730
convlstm,convlstm,sphere_ttc,2018-2019,168,u850,m s^-1,5.377027169307493,0.1574994107034038,730
convlstm,convlstm,sphere_ttc,2018-2019,168,u925,m s^-1,5.204128937366387,0.14872572834227726,730
convlstm,convlstm,sphere_ttc,2018-2019,168,u1000,m s^-1,4.090445699638219,0.14745933435236117,730
convlstm,convlstm,sphere_ttc,2018-2019,168,v50,m s^-1,4.615055165814102,0.2473391628991447,730
convlstm,convlstm,sphere_ttc,2018-2019,168,v100,m s^-1,6.289994562040648,0.14818623506773193,730
convlstm,convlstm,sphere_ttc,2018-2019,168,v200,m s^-1,10.934590722920476,0.12241362749322056,730
convlstm,convlstm,sphere_ttc,2018-2019,168,v300,m s^-1,11.190676831233604,0.1275764584150895,730
convlstm,convlstm,sphere_ttc,2018-2019,168,v500,m s^-1,7.529393949715011,0.12386282743633426,730
convlstm,convlstm,sphere_ttc,2018-2019,168,v700,m s^-1,5.636056094958031,0.10970996848946202,730
convlstm,convlstm,sphere_ttc,2018-2019,168,v850,m s^-1,4.97974578920244,0.09815588679043603,730
convlstm,convlstm,sphere_ttc,2018-2019,168,v925,m s^-1,5.053169029288916,0.10289694234538772,730
convlstm,convlstm,sphere_ttc,2018-2019,168,v1000,m s^-1,4.097105078948364,0.10805774590681298,730
convlstm,convlstm,sphere_ttc,2018-2019,168,u10,m s^-1,3.640104214343435,0.14769692441085108,730
convlstm,convlstm,sphere_ttc,2018-2019,168,v10,m s^-1,3.6027408102748093,0.10702323902915273,730
convlstm,convlstm,sphere_ttc,2018-2019,168,t2m,K,3.021631426310562,0.1969461646013593,730
convlstm,convlstm,sphere_ttc,2018-2019,168,mslp,Pa,691.6647053288195,0.17047610364045743,730
convlstm,convlstm,sphere_ttc,2018-2019,240,z50,m^2 s^-2,1025.4173291229197,0.5094740408111247,730
convlstm,convlstm,sphere_ttc,2018-2019,240,z100,m^2 s^-2,913.4148274488567,0.3822295236788712,730
convlstm,convlstm,sphere_ttc,2018-2019,240,z200,m^2 s^-2,1073.095139702319,0.20344502237285436,730
convlstm,convlstm,sphere_ttc,2018-2019,240,z300,m^2 s^-2,1099.7632419164354,0.16682121858747373,730
convlstm,convlstm,sphere_ttc,2018-2019,240,z500,m^2 s^-2,807.5081648247042,0.1576854962641262,730
convlstm,convlstm,sphere_ttc,2018-2019,240,z700,m^2 s^-2,616.6583031488879,0.14943575252957447,730
convlstm,convlstm,sphere_ttc,2018-2019,240,z850,m^2 s^-2,547.7996703461363,0.13973246943785694,730
convlstm,convlstm,sphere_ttc,2018-2019,240,z925,m^2 s^-2,542.7266863324145,0.13377894004590626,730
convlstm,convlstm,sphere_ttc,2018-2019,240,z1000,m^2 s^-2,553.4559009630195,0.127067850820714,730
convlstm,convlstm,sphere_ttc,2018-2019,240,q50,kg kg^-1,1.3732528460410302e-07,0.2938758922984057,730
convlstm,convlstm,sphere_ttc,2018-2019,240,q100,kg kg^-1,3.923873119657051e-07,0.21755436284849441,730
convlstm,convlstm,sphere_ttc,2018-2019,240,q200,kg kg^-1,1.3988609329083535e-05,0.17171520937471257,730
convlstm,convlstm,sphere_ttc,2018-2019,240,q300,kg kg^-1,0.00012384608532694052,0.15791378550979615,730
convlstm,convlstm,sphere_ttc,2018-2019,240,q500,kg kg^-1,0.0007840357168268731,0.16959505101170755,730
convlstm,convlstm,sphere_ttc,2018-2019,240,q700,kg kg^-1,0.0015022718165118014,0.1598463842822371,730
convlstm,convlstm,sphere_ttc,2018-2019,240,q850,kg kg^-1,0.0017386711443549121,0.15896282020699481,730
convlstm,convlstm,sphere_ttc,2018-2019,240,q925,kg kg^-1,0.0014684454817453184,0.17064772019170396,730
convlstm,convlstm,sphere_ttc,2018-2019,240,q1000,kg kg^-1,0.0015635630842242504,0.15033364257831563,730
convlstm,convlstm,sphere_ttc,2018-2019,240,t50,K,3.0007707131110304,0.5251070453412482,730
convlstm,convlstm,sphere_ttc,2018-2019,240,t100,K,3.09129370279632,0.3745664391411517,730
convlstm,convlstm,sphere_ttc,2018-2019,240,t200,K,3.467244252317483,0.2631660871050108,730
convlstm,convlstm,sphere_ttc,2018-2019,240,t300,K,2.524677311624044,0.18378984812843388,730
convlstm,convlstm,sphere_ttc,2018-2019,240,t500,K,3.0775151439012403,0.13562031004486358,730
convlstm,convlstm,sphere_ttc,2018-2019,240,t700,K,3.1822426269954627,0.12986121187005903,730
convlstm,convlstm,sphere_ttc,2018-2019,240,t850,K,3.447128175796618,0.1286236051904763,730
convlstm,convlstm,sphere_ttc,2018-2019,240,t925,K,3.2574772674924284,0.14332174338485346,730
convlstm,convlstm,sphere_ttc,2018-2019,240,t1000,K,2.9952598843074996,0.16818008613262705,730
convlstm,convlstm,sphere_ttc,2018-2019,240,u50,m s^-1,5.860691317477903,0.6658284265174597,730
convlstm,convlstm,sphere_ttc,2018-2019,240,u100,m s^-1,7.383908666477016,0.21217203007068694,730
convlstm,convlstm,sphere_ttc,2018-2019,240,u200,m s^-1,11.607246399502184,0.14905844442584823,730
convlstm,convlstm,sphere_ttc,2018-2019,240,u300,m s^-1,11.643606634379877,0.14275050044589255,730
convlstm,convlstm,sphere_ttc,2018-2019,240,u500,m s^-1,8.051259136956135,0.13192942038378544,730
convlstm,convlstm,sphere_ttc,2018-2019,240,u700,m s^-1,6.197893801966401,0.12638318059515027,730
convlstm,convlstm,sphere_ttc,2018-2019,240,u850,m s^-1,5.443998835613421,0.11860107455103559,730
convlstm,convlstm,sphere_ttc,2018-2019,240,u925,m s^-1,5.25909141567312,0.11538620931913543,730
convlstm,convlstm,sphere_ttc,2018-2019,240,u1000,m s^-1,4.1316601505819195,0.1161330063378801,730
convlstm,convlstm,sphere_ttc,2018-2019,240,v50,m s^-1,4.73035395787092,0.17355529477858778,730
convlstm,convlstm,sphere_ttc,2018-2019,240,v100,m s^-1,6.349237182112868,0.11039212872435193,730
convlstm,convlstm,sphere_ttc,2018-2019,240,v200,m s^-1,10.971507743973122,0.10258744336726018,730
convlstm,convlstm,sphere_ttc,2018-2019,240,v300,m s^-1,11.219076002229126,0.11164163310850603,730
convlstm,convlstm,sphere_ttc,2018-2019,240,v500,m s^-1,7.551571621196026,0.10772447225075264,730
convlstm,convlstm,sphere_ttc,2018-2019,240,v700,m s^-1,5.652384383871554,0.09523116126339744,730
convlstm,convlstm,sphere_ttc,2018-2019,240,v850,m s^-1,4.993040248991381,0.08619764459562915,730
convlstm,convlstm,sphere_ttc,2018-2019,240,v925,m s^-1,5.066265646658276,0.09227272078674573,730
convlstm,convlstm,sphere_ttc,2018-2019,240,v1000,m s^-1,4.10969499277681,0.09652356604957045,730
convlstm,convlstm,sphere_ttc,2018-2019,240,u10,m s^-1,3.6771586637902702,0.1162709397488659,730
convlstm,convlstm,sphere_ttc,2018-2019,240,v10,m s^-1,3.614500478904001,0.09533370105439982,730
convlstm,convlstm,sphere_ttc,2018-2019,240,t2m,K,3.1316234370842277,0.15699131864330046,730
convlstm,convlstm,sphere_ttc,2018-2019,240,mslp,Pa,700.5909310390119,0.12742952016575393,730
transformer,transformer,raw,2018-2019,24,z50,m^2 s^-2,379.8369057194018,0.9440463236665964,730
transformer,transformer,raw,2018-2019,24,z100,m^2 s^-2,371.02245588043775,0.9210337147645298,730
transformer,transformer,raw,2018-2019,24,z200,m^2 s^-2,484.48570732201694,0.8883754997637253,730
transformer,transformer,raw,2018-2019,24,z300,m^2 s^-2,522.0151257616704,0.875872511605278,730
transformer,transformer,raw,2018-2019,24,z500,m^2 s^-2,382.20334495711063,0.876695904700939,730
transformer,transformer,raw,2018-2019,24,z700,m^2 s^-2,300.9597998555069,0.8684425753459475,730
transformer,transformer,raw,2018-2019,24,z850,m^2 s^-2,281.77118119117785,0.8526066933964763,730
transformer,transformer,raw,2018-2019,24,z925,m^2 s^-2,286.5517646926274,0.8435953116373549,730
transformer,transformer,raw,2018-2019,24,z1000,m^2 s^-2,297.70769906902694,0.8360378630141829,730
transformer,transformer,raw,2018-2019,24,q50,kg kg^-1,7.87827908482613e-08,0.7914419428497401,730
transformer,transformer,raw,2018-2019,24,q100,kg kg^-1,2.6482203265362925e-07,0.7140749332904919,730
transformer,transformer,raw,2018-2019,24,q200,kg kg^-1,1.0950255814661887e-05,0.6107893138690418,730
transformer,transformer,raw,2018-2019,24,q300,kg kg^-1,9.822027137436011e-05,0.5968440694820831,730
transformer,transformer,raw,2018-2019,24,q500,kg kg^-1,0.0006285441366094797,0.5871007282372891,730
transformer,transformer,raw,2018-2019,24,q700,kg kg^-1,0.0012271861710880228,0.563576598882072,730
transformer,transformer,raw,2018-2019,24,q850,kg kg^-1,0.0014823679813804071,0.5031621301198653,730
transformer,transformer,raw,2018-2019,24,q925,kg kg^-1,0.001254725696417537,0.5112574620691316,730
transformer,transformer,raw,2018-2019,24,q1000,kg kg^-1,0.0013638318410837333,0.5264848480395281,730
transformer,transformer,raw,2018-2019,24,t50,K,1.2964878697225752,0.9252949301857482,730
transformer,transformer,raw,2018-2019,24,t100,K,1.5674689957928156,0.8727796268784423,730
transformer,transformer,raw,2018-2019,24,t200,K,2.0206869913953307,0.8175127474393291,730
transformer,transformer,raw,2018-2019,24,t300,K,1.6224898496874296,0.7494311884427095,730
transformer,transformer,raw,2018-2019,24,t500,K,1.8125466360111755,0.7954020539843454,730
transformer,transformer,raw,2018-2019,24,t700,K,1.8998283886984613,0.7833666548042185,730
transformer,transformer,raw,2018-2019,24,t850,K,2.1202425173166746,0.7664106217244413,730
transformer,transformer,raw,2018-2019,24,t925,K,2.165228929208983,0.7128131671957952,730
transformer,transformer,raw,2018-2019,24,t1000,K,2.1904786439779067,0.6357953013140912,730
transformer,transformer,raw,2018-2019,24,u50,m s^-1,2.952334501477964,0.9249353735689342,730
transformer,transformer,raw,2018-2019,24,u100,m s^-1,3.854301670218779,0.8437774207889859,730
transformer,transformer,raw,2018-2019,24,u200,m s^-1,7.198943625211484,0.7724239673721366,730
transformer,transformer,raw,2018-2019,24,u300,m s^-1,7.6745906166941085,0.7446485305241979,730
transformer,transformer,raw,2018-2019,24,u500,m s^-1,5.184694926996391,0.7565058655006146,730
transformer,transformer,raw,2018-2019,24,u700,m s^-1,4.153739960689841,0.7301440933557772,730
transformer,transformer,raw,2018-2019,24,u850,m s^-1,3.8615534820717086,0.6900714791662429,730
transformer,transformer,raw,2018-2019,24,u925,m s^-1,3.844473290996159,0.6682793877619408,730
transformer,transformer,raw,2018-2019,24,u1000,m s^-1,3.033953311500859,0.6649086612682122,730
transformer,transformer,raw,2018-2019,24,v50,m s^-1,2.2171616547423323,0.8831079179407495,730
transformer,transformer,raw,2018-2019,24,v100,m s^-1,3.315135137889642,0.848710598508535,730
transformer,transformer,raw,2018-2019,24,v200,m s^-1,6.174804755625526,0.8242749980852693,730
transformer,transformer,raw,2018-2019,24,v300,m s^-1,6.61176850858215,0.8078824202287692,730
transformer,transformer,raw,2018-2019,24,v500,m s^-1,4.383223772228688,0.8133047506033396,730
transformer,transformer,raw,2018-2019,24,v700,m s^-1,3.480581487595071,0.7831689074446602,730
transformer,transformer,raw,2018-2019,24,v850,m s^-1,3.3128698732598907,0.7392158082968784,730
transformer,transformer,raw,2018-2019,24,v925,m s^-1,3.419289371140792,0.7292254958233079,730
transformer,transformer,raw,2018-2019,24,v1000,m s^-1,2.829214510076154,0.7159814051280677,730
transformer,transformer,raw,2018-2019,24,u10,m s^-1,2.713696027329872,0.6610001704719554,730
transformer,transformer,raw,2018-2019,24,v10,m s^-1,2.511372272954906,0.7091682803614882,730
transformer,transformer,raw,2018-2019,24,t2m,K,2.8615538897277215,0.4810137655499374,730
transformer,transformer,raw,2018-2019,24,mslp,Pa,381.5852410818225,0.8316751058235914,730
transformer,transformer,raw,2018-2019,72,z50,m^2 s^-2,683.5313008754911,0.8047234429956153,730
transformer,transformer,raw,2018-2019,72,z100,m^2 s^-2,675.6713308598274,0.705410955635085,730
transformer,transformer,raw,2018-2019,72,z200,m^2 s^-2,873.8570045644595,0.5620097397333383,730
transformer,transformer,raw,2018-2019,72,z300,m^2 s^-2,919.527279162118,0.5277426087284618,730
transformer,transformer,raw,2018-2019,72,z500,m^2 s^-2,676.2914900674643,0.5259623197422639,730
transformer,transformer,raw,2018-2019,72,z700,m^2 s^-2,524.0568814179169,0.5065468920841015,730
transformer,transformer,raw,2018-2019,72,z850,m^2 s^-2,475.42547738445074,0.4752166036540499,730
transformer,transformer,raw,2018-2019,72,z925,m^2 s^-2,475.9684939291517,0.45623602979726136,730
transformer,transformer,raw,2018-2019,72,z1000,m^2 s^-2,488.4352386362081,0.4414375972878066,730
transformer,transformer,raw,2018-2019,72,q50,kg kg^-1,9.466839883626012e-08,0.6835177264716292,730
transformer,transformer,raw,2018-2019,72,q100,kg kg^-1,3.2406886088954596e-07,0.5208680447410057,730
transformer,transformer,raw,2018-2019,72,q200,kg kg^-1,1.297418706930118e-05,0.3565789971898968,730
transformer,transformer,raw,2018-2019,72,q300,kg kg^-1,0.00011601018512840171,0.3310211721977403,730
transformer,transformer,raw,2018-2019,72,q500,kg kg^-1,0.0007332551994718568,0.34537201544877877,730
transformer,transformer,raw,2018-2019,72,q700,kg kg^-1,0.0014197246050920121,0.32294261393387125,730
transformer,transformer,raw,2018-2019,72,q850,kg kg^-1,0.0016818623848811355,0.2702814320782135,730
transformer,transformer,raw,2018-2019,72,q925,kg kg^-1,0.0014417603563511953,0.26896247249116323,730
transformer,transformer,raw,2018-2019,72,q1000,kg kg^-1,0.0015937979480022068,0.2611461181756305,730
transformer,transformer,raw,2018-2019,72,t50,K,2.0561316169123485,0.7987150506010486,730
transformer,transformer,raw,2018-2019,72,t100,K,2.3920001789098544,0.6690822625564248,730
transformer,transformer,raw,2018-2019,72,t200,K,2.9945269682283304,0.5231395065306059,730
transformer,transformer,raw,2018-2019,72,t300,K,2.2048395951772397,0.4454592100866461,730
transformer,transformer,raw,2018-2019,72,t500,K,2.690731659329309,0.44185826953147994,730
transformer,transformer,raw,2018-2019,72,t700,K,2.779345653929456,0.42944439315045435,730
transformer,transformer,raw,2018-2019,72,t850,K,3.0272809917234182,0.4178826543575196,730
transformer,transformer,raw,2018-2019,72,t925,K,2.894065208561822,0.38535493272019244,730
transformer,transformer,raw,2018-2019,72,t1000,K,2.7214260822018304,0.35613734321955753,730
transformer,transformer,raw,2018-2019,72,u50,m s^-1,4.532425721611368,0.8122639266571258,730
transformer,transformer,raw,2018-2019,72,u100,m s^-1,5.8993766020890375,0.5729681493928845,730
transformer,transformer,raw,2018-2019,72,u200,m s^-1,10.094610591372925,0.45974801645718705,730
transformer,transformer,raw,2018-2019,72,u300,m s^-1,10.385202120577716,0.4323369115599429,730
transformer,transformer,raw,2018-2019,72,u500,m s^-1,7.147709366455292,0.43644100915412626,730
transformer,transformer,raw,2018-2019,72,u700,m s^-1,5.571226763483501,0.40909053251418853,730
transformer,transformer,raw,2018-2019,72,u850,m s^-1,5.021152368520692,0.3562378751739925,730
transformer,transformer,raw,2018-2019,72,u925,m s^-1,4.930897575689516,0.3252445568260581,730
transformer,transformer,raw,2018-2019,72,u1000,m s^-1,3.8938181772589644,0.3173957718480081,730
transformer,transformer,raw,2018-2019,72,v50,m s^-1,3.8509392430451883,0.5794717123506365,730
transformer,transformer,raw,2018-2019,72,v100,m s^-1,5.643273202688804,0.43698793040479517,730
transformer,transformer,raw,2018-2019,72,v200,m s^-1,10.210956339631776,0.35398217273333077,730
transformer,transformer,raw,2018-2019,72,v300,m s^-1,10.546561543552762,0.34262740950584175,730
transformer,transformer,raw,2018-2019,72,v500,m s^-1,7.0609263177766675,0.35029588930374195,730
transformer,transformer,raw,2018-2019,72,v700,m s^-1,5.319479788009372,0.3190038851215627,730
transformer,transformer,raw,2018-2019,72,v850,m s^-1,4.757147931933052,0.27412984679738867,730
transformer,transformer,raw,2018-2019,72,v925,m s^-1,4.858481932439335,0.2601596464329384,730
transformer,transformer,raw,2018-2019,72,v1000,m s^-1,3.9668291313744475,0.24666739349178762,730
transformer,transformer,raw,2018-2019,72,u10,m s^-1,3.4718984497613437,0.31459234813964615,730
transformer,transformer,raw,2018-2019,72,v10,m s^-1,3.4966340220800767,0.2399272041125499,730
transformer,transformer,raw,2018-2019,72,t2m,K,3.1921453301371225,0.28315867997215804,730
transformer,transformer,raw,2018-2019,72,mslp,Pa,620.5402150180303,0.43660555488056074,730
transformer,transformer,raw,2018-2019,120,z50,m^2 s^-2,820.5822780066578,0.7027369788833585,730
transformer,transformer,raw,2018-2019,120,z100,m^2 s^-2,781.262144974093,0.5764059409666137,730
transformer,transformer,raw,2018-2019,120,z200,m^2 s^-2,978.0845269975672,0.38859662804224787,730
transformer,transformer,raw,2018-2019,120,z300,m^2 s^-2,1019.5333272180068,0.3463488592511548,730
transformer,transformer,raw,2018-2019,120,z500,m^2 s^-2,750.3468228914464,0.34059914387349643,730
transformer,transformer,raw,2018-2019,120,z700,m^2 s^-2,577.2331099359561,0.32371754046323886,730
transformer,transformer,raw,2018-2019,120,z850,m^2 s^-2,517.5759349481967,0.29989469541967023,730
transformer,transformer,raw,2018-2019,120,z925,m^2 s^-2,515.2363402375358,0.2843583646268985,730
transformer,transformer,raw,2018-2019,120,z1000,m^2 s^-2,527.0501338990243,0.27047344942791735,730
transformer,transformer,raw,2018-2019,120,q50,kg kg^-1,9.964416411639506e-08,0.6415458797455268,730
transformer,transformer,raw,2018-2019,120,q100,kg kg^-1,3.447905491888006e-07,0.428451939323278,730
transformer,transformer,raw,2018-2019,120,q200,kg kg^-1,1.3440373359996416e-05,0.2690373915049258,730
transformer,transformer,raw,2018-2019,120,q300,kg kg^-1,0.00011992782411049368,0.24096054316528567,730
transformer,transformer,raw,2018-2019,120,q500,kg kg^-1,0.0007642968396054002,0.24182768946603175,730
transformer,transformer,raw,2018-2019,120,q700,kg kg^-1,0.0014780513789450162,0.22086349234927902,730
transformer,transformer,raw,2018-2019,120,q850,kg kg^-1,0.0017356042878537159,0.19244516750791468,730
transformer,transformer,raw,2018-2019,120,q925,kg kg^-1,0.0014952859513237262,0.1858797604427701,730
transformer,transformer,raw,2018-2019,120,q1000,kg kg^-1,0.0016686342677126613,0.15492662958365314,730
transformer,transformer,raw,2018-2019,120,t50,K,2.4056302149065494,0.710116043115742,730
transformer,transformer,raw,2018-2019,120,t100,K,2.6892761138821903,0.5542731313349183,730
transformer,transformer,raw,2018-2019,120,t200,K,3.2271348302098954,0.40172089418718515,730
transformer,transformer,raw,2018-2019,120,t300,K,2.3573921526706023,0.3140362782201786,730
transformer,transformer,raw,2018-2019,120,t500,K,2.8926090654297005,0.28521242374140154,730
transformer,transformer,raw,2018-2019,120,t700,K,3.001526745105861,0.2650336164007453,730
transformer,transformer,raw,2018-2019,120,t850,K,3.2662077326376315,0.25328958674381047,730
transformer,transformer,raw,2018-2019,120,t925,K,3.100387006674895,0.24153249909503421,730
transformer,transformer,raw,2018-2019,120,t1000,K,2.8866904519593946,0.24278579669702494,730
transformer,transformer,raw,2018-2019,120,u50,m s^-1,5.149532670669814,0.7492853040853044,730
transformer,transformer,raw,2018-2019,120,u100,m s^-1,6.593464385500625,0.4143831328778278,730
transformer,transformer,raw,2018-2019,120,u200,m s^-1,10.918662221127256,0.30046407243241346,730
transformer,transformer,raw,2018-2019,120,u300,m s^-1,11.13152779205268,0.2731659146811811,730
transformer,transformer,raw,2018-2019,120,u500,m s^-1,7.696497685747221,0.2659814301943503,730
transformer,transformer,raw,2018-2019,120,u700,m s^-1,5.953959422437686,0.24965978918715367,730
transformer,transformer,raw,2018-2019,120,u850,m s^-1,5.291614925386807,0.21649571405642207,730
transformer,transformer,raw,2018-2019,120,u925,m s^-1,5.167433590480863,0.1932533033528844,730
transformer,transformer,raw,2018-2019,120,u1000,m s^-1,4.080159532039336,0.185524742979737,730
transformer,transformer,raw,2018-2019,120,v50,m s^-1,4.327588303092084,0.4031352453971564,730
transformer,transformer,raw,2018-2019,120,v100,m s^-1,6.084871538144865,0.25394624704985513,730
transformer,transformer,raw,2018-2019,120,v200,m s^-1,10.747673396359222,0.19004887390606023,730
transformer,transformer,raw,2018-2019,120,v300,m s^-1,11.031974203394842,0.19160160990613267,730
transformer,transformer,raw,2018-2019,120,v500,m s^-1,7.404873755669235,0.19539210728425258,730
transformer,transformer,raw,2018-2019,120,v700,m s^-1,5.549722220521462,0.17269318484516566,730
transformer,transformer,raw,2018-2019,120,v850,m s^-1,4.918525258833012,0.14897159856566475,730
transformer,transformer,raw,2018-2019,120,v925,m s^-1,5.012062114510301,0.14218292863533152,730
transformer,transformer,raw,2018-2019,120,v1000,m s^-1,4.0883388600237875,0.13459916419181203,730
transformer,transformer,raw,2018-2019,120,u10,m s^-1,3.636793679956417,0.18399133923904024,730
transformer,transformer,raw,2018-2019,120,v10,m s^-1,3.599709595945375,0.13159628577698385,730
transformer,transformer,raw,2018-2019,120,t2m,K,3.3285760412819965,0.196164490034193,730
transformer,transformer,raw,2018-2019,120,mslp,Pa,669.3524396003742,0.2657811958130988,730
transformer,transformer,raw,2018-2019,168,z50,m^2 s^-2,892.5581122201895,0.6357920597479564,730
transformer,transformer,raw,2018-2019,168,z100,m^2 s^-2,828.4725960344958,0.5045312036459189,730
transformer,transformer,raw,2018-2019,168,z200,m^2 s^-2,1016.9350659824144,0.3040812276162726,730
transformer,transformer,raw,2018-2019,168,z300,m^2 s^-2,1053.9735167320869,0.2617770836142855,730
transformer,transformer,raw,2018-2019,168,z500,m^2 s^-2,775.6814326329508,0.2532017162281613,730
transformer,transformer,raw,2018-2019,168,z700,m^2 s^-2,595.0364809453467,0.2400906809556297,730
transformer,transformer,raw,2018-2019,168,z850,m^2 s^-2,531.2689170685131,0.22320899401358335,730
transformer,transformer,raw,2018-2019,168,z925,m^2 s^-2,527.5499947093244,0.21251301190687338,730
transformer,transformer,raw,2018-2019,168,z1000,m^2 s^-2,538.8924241827951,0.20099359650927165,730
transformer,transformer,raw,2018-2019,168,q50,kg kg^-1,1.0318860897617514e-07,0.6089664192371422,730
transformer,transformer,raw,2018-2019,168,q100,kg kg^-1,3.5640819548805347e-07,0.37025869008028767,730
transformer,transformer,raw,2018-2019,168,q200,kg kg^-1,1.3644834809153105e-05,0.2281389715370233,730
transformer,transformer,raw,2018-2019,168,q300,kg kg^-1,0.00012157580234293363,0.19911512178196725,730
transformer,transformer,raw,2018-2019,168,q500,kg kg^-1,0.0007772721175623339,0.19396080950734151,730
transformer,transformer,raw,2018-2019,168,q700,kg kg^-1,0.0015016036410952663,0.17682355505151576,730
transformer,transformer,raw,2018-2019,168,q850,kg kg^-1,0.0017603245760656042,0.15720918400542108,730
transformer,transformer,raw,2018-2019,168,q925,kg kg^-1,0.0015182787568763978,0.1525285040977314,730
transformer,transformer,raw,2018-2019,168,q1000,kg kg^-1,0.0016948574966181484,0.1200032452386567,730
transformer,transformer,raw,2018-2019,168,t50,K,2.5914776828290456,0.6527367654332387,730
transformer,transformer,raw,2018-2019,168,t100,K,2.8304803241993026,0.48864477970296905,730
transformer,transformer,raw,2018-2019,168,t200,K,3.312256388655147,0.3477884588133483,730
transformer,transformer,raw,2018-2019,168,t300,K,2.4109966701564267,0.2614487030637086,730
transformer,transformer,raw,2018-2019,168,t500,K,2.9630956130524453,0.21618170413269863,730
transformer,transformer,raw,2018-2019,168,t700,K,3.0775283352963436,0.19490250797322306,730
transformer,transformer,raw,2018-2019,168,t850,K,3.35192703431374,0.18399420063468175,730
transformer,transformer,raw,2018-2019,168,t925,K,3.1795624571292223,0.18212198800475818,730
transformer,transformer,raw,2018-2019,168,t1000,K,2.968359181835932,0.1850967021489277,730
transformer,transformer,raw,2018-2019,168,u50,m s^-1,5.431637987006349,0.7161423786377796,730
transformer,transformer,raw,2018-2019,168,u100,m s^-1,6.877284959339493,0.33174581398573805,730
transformer,transformer,raw,2018-2019,168,u200,m s^-1,11.213705304937891,0.22779391083369788,730
transformer,transformer,raw,2018-2019,168,u300,m s^-1,11.371654765464445,0.20472871898326916,730
transformer,transformer,raw,2018-2019,168,u500,m s^-1,7.8654487008582255,0.1939281767292045,730
transformer,transformer,raw,2018-2019,168,u700,m s^-1,6.0779923841633545,0.18277142279689945,730
transformer,transformer,raw,2018-2019,168,u850,m s^-1,5.3766757310707325,0.1631306796710075,730
transformer,transformer,raw,2018-2019,168,u925,m s^-1,5.236027859835076,0.14632917742629847,730
transformer,transformer,raw,2018-2019,168,u1000,m s^-1,4.135031079380874,0.13970031170583663,730
transformer,transformer,raw,2018-2019,168,v50,m s^-1,4.494523119102795,0.3137832337813127,730
transformer,transformer,raw,2018-2019,168,v100,m s^-1,6.20507121830534,0.1810911297015203,730
transformer,transformer,raw,2018-2019,168,v200,m s^-1,10.860375489206998,0.13877670497429798,730
transformer,transformer,raw,2018-2019,168,v300,m s^-1,11.136702288211774,0.14297613848898547,730
transformer,transformer,raw,2018-2019,168,v500,m s^-1,7.485956173984524,0.14222784006902867,730
transformer,transformer,raw,2018-2019,168,v700,m s^-1,5.608646139036012,0.12310238566429806,730
transformer,transformer,raw,2018-2019,168,v850,m s^-1,4.962967763114146,0.108763914320442,730
transformer,transformer,raw,2018-2019,168,v925,m s^-1,5.051441512709259,0.10818885589339985,730
transformer,transformer,raw,2018-2019,168,v1000,m s^-1,4.118524077990791,0.10494730647416725,730
transformer,transformer,raw,2018-2019,168,u10,m s^-1,3.6848470394321797,0.13900313267023726,730
transformer,transformer,raw,2018-2019,168,v10,m s^-1,3.626295491612526,0.10286055935366649,730
transformer,transformer,raw,2018-2019,168,t2m,K,3.397556971915054,0.15604256854514212,730
transformer,transformer,raw,2018-2019,168,mslp,Pa,683.9837024539421,0.19688966870447672,730
transformer,transformer,raw,2018-2019,240,z50,m^2 s^-2,965.3893836983781,0.5591563179167379,730
transformer,transformer,raw,2018-2019,240,z100,m^2 s^-2,869.5039487600079,0.4348807997593818,730
transformer,transformer,raw,2018-2019,240,z200,m^2 s^-2,1044.1790510987207,0.23859860880911027,730
transformer,transformer,raw,2018-2019,240,z300,m^2 s^-2,1079.1679307964953,0.19314812245055868,730
transformer,transformer,raw,2018-2019,240,z500,m^2 s^-2,792.5108577375134,0.1887278502647432,730
transformer,transformer,raw,2018-2019,240,z700,m^2 s^-2,606.7899930412216,0.17874707110362956,730
transformer,transformer,raw,2018-2019,240,z850,m^2 s^-2,540.2258306638422,0.16840908931463527,730
transformer,transformer,raw,2018-2019,240,z925,m^2 s^-2,535.7363991787059,0.1612663930180698,730
transformer,transformer,raw,2018-2019,240,z1000,m^2 s^-2,546.635436863327,0.1533889218572383,730
transformer,transformer,raw,2018-2019,240,q50,kg kg^-1,1.0786512202529534e-07,0.5661081887698837,730
transformer,transformer,raw,2018-2019,240,q100,kg kg^-1,3.681235051127231e-07,0.3049191659371135,730
transformer,transformer,raw,2018-2019,240,q200,kg kg^-1,1.381358690886695e-05,0.1944062986493133,730
transformer,transformer,raw,2018-2019,240,q300,kg kg^-1,0.00012297374383373258,0.16501125025392652,730
transformer,transformer,raw,2018-2019,240,q500,kg kg^-1,0.0007868816360560766,0.15947707879520767,730
transformer,transformer,raw,2018-2019,240,q700,kg kg^-1,0.0015172258584894365,0.14793101956177512,730
transformer,transformer,raw,2018-2019,240,q850,kg kg^-1,0.0017773974408004784,0.13428814904408182,730
transformer,transformer,raw,2018-2019,240,q925,kg kg^-1,0.0015372525004495195,0.1263381898286494,730
transformer,transformer,raw,2018-2019,240,q1000,kg kg^-1,0.0017154179529287297,0.0963649347250929,730
transformer,transformer,raw,2018-2019,240,t50,K,2.7927953103446077,0.5826409963007269,730
transformer,transformer,raw,2018-2019,240,t100,K,2.9732822890022197,0.4162356843446202,730
transformer,transformer,raw,2018-2019,240,t200,K,3.3943693132877963,0.29254210494232114,730
transformer,transformer,raw,2018-2019,240,t300,K,2.460638586355865,0.20974737881069624,730
transformer,transformer,raw,2018-2019,240,t500,K,3.0159429779592744,0.16398837701019114,730
transformer,transformer,raw,2018-2019,240,t700,K,3.1385871993434504,0.14273025800782288,730
transformer,transformer,raw,2018-2019,240,t850,K,3.4155961197285434,0.13520432182984138,730
transformer,transformer,raw,2018-2019,240,t925,K,3.2405217515764524,0.13955251925410844,730
transformer,transformer,raw,2018-2019,240,t1000,K,3.032522897029373,0.14875207966219345,730
transformer,transformer,raw,2018-2019,240,u50,m s^-1,5.673019671645101,0.6857567326778168,730
transformer,transformer,raw,2018-2019,240,u100,m s^-1,7.126584972798454,0.2542765159346781,730
transformer,transformer,raw,2018-2019,240,u200,m s^-1,11.453015025547495,0.16609258714972688,730
transformer,transformer,raw,2018-2019,240,u300,m s^-1,11.53980016373281,0.15362869525190676,730
transformer,transformer,raw,2018-2019,240,u500,m s^-1,7.975593523906148,0.14334942599561043,730
transformer,transformer,raw,2018-2019,240,u700,m s^-1,6.166484011732338,0.13466667224936998,730
transformer,transformer,raw,2018-2019,240,u850,m s^-1,5.442399995915195,0.12416649190892609,730
transformer,transformer,raw,2018-2019,240,u925,m s^-1,5.290565250902201,0.1131472324849664,730
transformer,transformer,raw,2018-2019,240,u1000,m s^-1,4.174356007592568,0.10975153671009899,730
transformer,transformer,raw,2018-2019,240,v50,m s^-1,4.629573310654843,0.22927051217023597,730
transformer,transformer,raw,2018-2019,240,v100,m s^-1,6.274991121365467,0.1337116017193816,730
transformer,transformer,raw,2018-2019,240,v200,m s^-1,10.909744826690652,0.11349983339730811,730
transformer,transformer,raw,2018-2019,240,v300,m s^-1,11.183715173086437,0.11839519031320593,730
transformer,transformer,raw,2018-2019,240,v500,m s^-1,7.524225580182503,0.1150196322303195,730
transformer,transformer,raw,2018-2019,240,v700,m s^-1,5.636532935941101,0.09948103956848318,730
transformer,transformer,raw,2018-2019,240,v850,m s^-1,4.982044736267895,0.09210602386067576,730
transformer,transformer,raw,2018-2019,240,v925,m s^-1,5.071492773814469,0.09240450453351913,730
transformer,transformer,raw,2018-2019,240,v1000,m s^-1,4.1368644555562675,0.08959504034143456,730
transformer,transformer,raw,2018-2019,240,u10,m s^-1,3.7212762671809387,0.10833386992581265,730
transformer,transformer,raw,2018-2019,240,v10,m s^-1,3.6415933382816035,0.0885863720144806,730
transformer,transformer,raw,2018-2019,240,t2m,K,3.472267926681457,0.11996942709508286,730
transformer,transformer,raw,2018-2019,240,mslp,Pa,693.5414280139113,0.150737729481176,730
transformer,transformer,sphere_ttc,2018-2019,24,z50,m^2 s^-2,352.9779703606608,0.9519128645164497,730
transformer,transformer,sphere_ttc,2018-2019,24,z100,m^2 s^-2,350.2572474619401,0.929990089926825,730
transformer,transformer,sphere_ttc,2018-2019,24,z200,m^2 s^-2,455.44845598777016,0.9021151773584721,730
transformer,transformer,sphere_ttc,2018-2019,24,z300,m^2 s^-2,495.6057598098292,0.888910635854573,730
transformer,transformer,sphere_ttc,2018-2019,24,z500,m^2 s^-2,361.61211597622776,0.8904507835093819,730
transformer,transformer,sphere_ttc,2018-2019,24,z700,m^2 s^-2,286.2899547678622,0.881826268787743,730
transformer,transformer,sphere_ttc,2018-2019,24,z850,m^2 s^-2,270.8251970568346,0.8647284308414279,730
transformer,transformer,sphere_ttc,2018-2019,24,z925,m^2 s^-2,276.21854763071684,0.8556014341676436,730
transformer,transformer,sphere_ttc,2018-2019,24,z1000,m^2 s^-2,286.8478614483792,0.8488007616347159,730
transformer,transformer,sphere_ttc,2018-2019,24,q50,kg kg^-1,7.87818360156412e-08,0.7914474569566824,730
transformer,transformer,sphere_ttc,2018-2019,24,q100,kg kg^-1,2.64816026356885e-07,0.7140906689784579,730
transformer,transformer,sphere_ttc,2018-2019,24,q200,kg kg^-1,1.0830605837788705e-05,0.6213959008960082,730
transformer,transformer,sphere_ttc,2018-2019,24,q300,kg kg^-1,9.62907283856715e-05,0.6163936354333341,730
transformer,transformer,sphere_ttc,2018-2019,24,q500,kg kg^-1,0.0006078644453911011,0.6190854740904335,730
transformer,transformer,sphere_ttc,2018-2019,24,q700,kg kg^-1,0.001176993752257527,0.604350923943093,730
transformer,transformer,sphere_ttc,2018-2019,24,q850,kg kg^-1,0.001408844314508181,0.553397146609062,730
transformer,transformer,sphere_ttc,2018-2019,24,q925,kg kg^-1,0.0011546443964597626,0.5769383771899764,730
transformer,transformer,sphere_ttc,2018-2019,24,q1000,kg kg^-1,0.0011879026979980173,0.6107364128991749,730
transformer,transformer,sphere_ttc,2018-2019,24,t50,K,1.244608274138243,0.9313748698843413,730
transformer,transformer,sphere_ttc,2018-2019,24,t100,K,1.5064235046659396,0.8831431424807654,730
transformer,transformer,sphere_ttc,2018-2019,24,t200,K,1.9990137255871467,0.8218262357451612,730
transformer,transformer,sphere_ttc,2018-2019,24,t300,K,1.60172169601207,0.756796741073523,730
transformer,transformer,sphere_ttc,2018-2019,24,t500,K,1.7614566282273445,0.8080325925980247,730
transformer,transformer,sphere_ttc,2018-2019,24,t700,K,1.7843141010981343,0.8107854508739262,730
transformer,transformer,sphere_ttc,2018-2019,24,t850,K,1.9948102948838362,0.7948327545681593,730
transformer,transformer,sphere_ttc,2018-2019,24,t925,K,2.0092544629386597,0.7528113828736076,730
transformer,transformer,sphere_ttc,2018-2019,24,t1000,K,1.9576601863741334,0.6987729149212663,730
transformer,transformer,sphere_ttc,2018-2019,24,u50,m s^-1,2.770315757220033,0.9342245387167126,730
transformer,transformer,sphere_ttc,2018-2019,24,u100,m s^-1,3.6678358936647792,0.8597314205646264,730
transformer,transformer,sphere_ttc,2018-2019,24,u200,m s^-1,6.7771890912069015,0.8011452541883548,730
transformer,transformer,sphere_ttc,2018-2019,24,u300,m s^-1,7.410697663152983,0.7643617831507408,730
transformer,transformer,sphere_ttc,2018-2019,24,u500,m s^-1,5.031468293449483,0.7726417473937883,730
transformer,transformer,sphere_ttc,2018-2019,24,u700,m s^-1,3.995718222013295,0.7528776417587116,730
transformer,transformer,sphere_ttc,2018-2019,24,u850,m s^-1,3.7184906714648824,0.7151280217711419,730
transformer,transformer,sphere_ttc,2018-2019,24,u925,m s^-1,3.6973914465583073,0.6955153387258967,730
transformer,transformer,sphere_ttc,2018-2019,24,u1000,m s^-1,2.9094252471269106,0.6941826454572193,730
transformer,transformer,sphere_ttc,2018-2019,24,v50,m s^-1,2.151778530646877,0.8903274068186966,730
transformer,transformer,sphere_ttc,2018-2019,24,v100,m s^-1,3.160674858794207,0.8636018241018102,730
transformer,transformer,sphere_ttc,2018-2019,24,v200,m s^-1,5.816740288804864,0.8459083765614317,730
transformer,transformer,sphere_ttc,2018-2019,24,v300,m s^-1,6.279512780874616,0.8286760112320861,730
transformer,transformer,sphere_ttc,2018-2019,24,v500,m s^-1,4.1808759355045755,0.8318736988924319,730
transformer,transformer,sphere_ttc,2018-2019,24,v700,m s^-1,3.353115463988401,0.8007115341272385,730
transformer,transformer,sphere_ttc,2018-2019,24,v850,m s^-1,3.211692084097453,0.7572297444360814,730
transformer,transformer,sphere_ttc,2018-2019,24,v925,m s^-1,3.310944104773284,0.7484910746410482,730
transformer,transformer,sphere_ttc,2018-2019,24,v1000,m s^-1,2.718895949727472,0.7403439903750646,730
transformer,transformer,sphere_ttc,2018-2019,24,u10,m s^-1,2.5955727218874993,0.6920838571553958,730
transformer,transformer,sphere_ttc,2018-2019,24,v10,m s^-1,2.409655123268179,0.7349512042794112,730
transformer,transformer,sphere_ttc,2018-2019,24,t2m,K,2.3580898326712365,0.5776680336420177,730
transformer,transformer,sphere_ttc,2018-2019,24,mslp,Pa,364.1657271638195,0.8478739843963714,730
transformer,transformer,sphere_ttc,2018-2019,72,z50,m^2 s^-2,681.6419381218462,0.8060129399450228,730
transformer,transformer,sphere_ttc,2018-2019,72,z100,m^2 s^-2,674.7209552273779,0.7064498106916796,730
transformer,transformer,sphere_ttc,2018-2019,72,z200,m^2 s^-2,870.1685903805834,0.5670816306070869,730
transformer,transformer,sphere_ttc,2018-2019,72,z300,m^2 s^-2,914.0627950649331,0.5357439994380516,730
transformer,transformer,sphere_ttc,2018-2019,72,z500,m^2 s^-2,671.663886711448,0.5352309135508401,730
transformer,transformer,sphere_ttc,2018-2019,72,z700,m^2 s^-2,520.944201161179,0.5150197948677026,730
transformer,transformer,sphere_ttc,2018-2019,72,z850,m^2 s^-2,473.81026022305275,0.4804158108028641,730
transformer,transformer,sphere_ttc,2018-2019,72,z925,m^2 s^-2,474.3253193794867,0.4618190731062226,730
transformer,transformer,sphere_ttc,2018-2019,72,z1000,m^2 s^-2,486.8029702552308,0.44691490828153974,730
transformer,transformer,sphere_ttc,2018-2019,72,q50,kg kg^-1,9.466761005129424e-08,0.6835236794520284,730
transformer,transformer,sphere_ttc,2018-2019,72,q100,kg kg^-1,3.2406559675835085e-07,0.520881141140327,730
transformer,transformer,sphere_ttc,2018-2019,72,q200,kg kg^-1,1.2950341304652829e-05,0.3600560404092139,730
transformer,transformer,sphere_ttc,2018-2019,72,q300,kg kg^-1,0.00011566284686918827,0.33677101177046564,730
transformer,transformer,sphere_ttc,2018-2019,72,q500,kg kg^-1,0.000726351771972127,0.36087294912892454,730
transformer,transformer,sphere_ttc,2018-2019,72,q700,kg kg^-1,0.0013965589191632932,0.3480530313014155,730
transformer,transformer,sphere_ttc,2018-2019,72,q850,kg kg^-1,0.0016365822047333023,0.3034173012116818,730
transformer,transformer,sphere_ttc,2018-2019,72,q925,kg kg^-1,0.0013736142637170434,0.3145911389323503,730
transformer,transformer,sphere_ttc,2018-2019,72,q1000,kg kg^-1,0.0014710058964136547,0.31194547418496144,730
transformer,transformer,sphere_ttc,2018-2019,72,t50,K,2.0313337987290034,0.8041709110991435,730
transformer,transformer,sphere_ttc,2018-2019,72,t100,K,2.382749350597851,0.6722017765736171,730
transformer,transformer,sphere_ttc,2018-2019,72,t200,K,2.9897446560379204,0.5253042400683606,730
transformer,transformer,sphere_ttc,2018-2019,72,t300,K,2.202830135263369,0.4470167125223939,730
transformer,transformer,sphere_ttc,2018-2019,72,t500,K,2.6843240782755893,0.4456854943046487,730
transformer,transformer,sphere_ttc,2018-2019,72,t700,K,2.740532737412702,0.44937904411322455,730
transformer,transformer,sphere_ttc,2018-2019,72,t850,K,2.9838450041307407,0.43690144805171643,730
transformer,transformer,sphere_ttc,2018-2019,72,t925,K,2.8340991225507115,0.4087800208137173,730
transformer,transformer,sphere_ttc,2018-2019,72,t1000,K,2.5833471229860576,0.39697004947636355,730
transformer,transformer,sphere_ttc,2018-2019,72,u50,m s^-1,4.4788961000238325,0.8171834939475555,730
transformer,transformer,sphere_ttc,2018-2019,72,u100,m s^-1,5.883535131231424,0.5760133405731132,730
transformer,transformer,sphere_ttc,2018-2019,72,u200,m s^-1,10.034712437658898,0.4686582767597072,730
transformer,transformer,sphere_ttc,2018-2019,72,u300,m s^-1,10.356962711758186,0.4370301134392647,730
transformer,transformer,sphere_ttc,2018-2019,72,u500,m s^-1,7.131861882022349,0.4402129236144281,730
transformer,transformer,sphere_ttc,2018-2019,72,u700,m s^-1,5.549582721587926,0.4153883225831082,730
transformer,transformer,sphere_ttc,2018-2019,72,u850,m s^-1,4.990116296272185,0.36572773520796764,730
transformer,transformer,sphere_ttc,2018-2019,72,u925,m s^-1,4.891626365020637,0.3369944685480427,730
transformer,transformer,sphere_ttc,2018-2019,72,u1000,m s^-1,3.8539727445925775,0.33204501580389995,730
transformer,transformer,sphere_ttc,2018-2019,72,v50,m s^-1,3.8208906641182154,0.5883169825566247,730
transformer,transformer,sphere_ttc,2018-2019,72,v100,m s^-1,5.582165750750136,0.4560189007590246,730
transformer,transformer,sphere_ttc,2018-2019,72,v200,m s^-1,10.093987117722659,0.3799474781197784,730
transformer,transformer,sphere_ttc,2018-2019,72,v300,m s^-1,10.424906261159622,0.37025738422710913,730
transformer,transformer,sphere_ttc,2018-2019,72,v500,m s^-1,6.994470789120839,0.37224016099667817,730
transformer,transformer,sphere_ttc,2018-2019,72,v700,m s^-1,5.28007879561033,0.336447209147895,730
transformer,transformer,sphere_ttc,2018-2019,72,v850,m s^-1,4.730754184980027,0.28708191487318785,730
transformer,transformer,sphere_ttc,2018-2019,72,v925,m s^-1,4.834809914254807,0.27093482329643603,730
transformer,transformer,sphere_ttc,2018-2019,72,v1000,m s^-1,3.941238662063484,0.2591292511496393,730
transformer,transformer,sphere_ttc,2018-2019,72,u10,m s^-1,3.4295798761156684,0.33186187551714275,730
transformer,transformer,sphere_ttc,2018-2019,72,v10,m s^-1,3.470380430361422,0.2540119480977794,730
transformer,transformer,sphere_ttc,2018-2019,72,t2m,K,2.799803835012335,0.34673638200971313,730
transformer,transformer,sphere_ttc,2018-2019,72,mslp,Pa,617.3878929139936,0.44467197072244197,730
transformer,transformer,sphere_ttc,2018-2019,120,z50,m^2 s^-2,820.7375872568102,0.7028332022738775,730
transformer,transformer,sphere_ttc,2018-2019,120,z100,m^2 s^-2,781.0449097652487,0.5768411970185506,730
transformer,transformer,sphere_ttc,2018-2019,120,z200,m^2 s^-2,978.0641665839105,0.38886597348646185,730
transformer,transformer,sphere_ttc,2018-2019,120,z300,m^2 s^-2,1019.285358366744,0.34702685770829705,730
transformer,transformer,sphere_ttc,2018-2019,120,z500,m^2 s^-2,750.0735149472633,0.34167623872755143,730
transformer,transformer,sphere_ttc,2018-2019,120,z700,m^2 s^-2,577.1372204535735,0.3244806863156539,730
transformer,transformer,sphere_ttc,2018-2019,120,z850,m^2 s^-2,517.5361920290517,0.300451483102748,730
transformer,transformer,sphere_ttc,2018-2019,120,z925,m^2 s^-2,515.2179626080663,0.28481723411303106,730
transformer,transformer,sphere_ttc,2018-2019,120,z1000,m^2 s^-2,527.0709578473893,0.2706688411228778,730
transformer,transformer,sphere_ttc,2018-2019,120,q50,kg kg^-1,9.964348379712882e-08,0.6415519022262872,730
transformer,transformer,sphere_ttc,2018-2019,120,q100,kg kg^-1,3.4478736793479957e-07,0.42846769490951786,730
transformer,transformer,sphere_ttc,2018-2019,120,q200,kg kg^-1,1.3417800160659437e-05,0.27292609974913395,730
transformer,transformer,sphere_ttc,2018-2019,120,q300,kg kg^-1,0.00011964590402027868,0.24604924604350575,730
transformer,transformer,sphere_ttc,2018-2019,120,q500,kg kg^-1,0.0007588793612225159,0.25416906175080306,730
transformer,transformer,sphere_ttc,2018-2019,120,q700,kg kg^-1,0.0014569916885721014,0.2429513358184718,730
transformer,transformer,sphere_ttc,2018-2019,120,q850,kg kg^-1,0.0016917338017125455,0.22305499916079688,730
transformer,transformer,sphere_ttc,2018-2019,120,q925,kg kg^-1,0.0014326009721662347,0.22569271211496647,730
transformer,transformer,sphere_ttc,2018-2019,120,q1000,kg kg^-1,0.0015545680073319541,0.19545468386265244,730
transformer,transformer,sphere_ttc,2018-2019,120,t50,K,2.396507796805638,0.713253483731296,730
transformer,transformer,sphere_ttc,2018-2019,120,t100,K,2.6855581413213243,0.5559527532601919,730
transformer,transformer,sphere_ttc,2018-2019,120,t200,K,3.225162355031277,0.4031321260253898,730
transformer,transformer,sphere_ttc,2018-2019,120,t300,K,2.3557466008789794,0.3156890870487993,730
transformer,transformer,sphere_ttc,2018-2019,120,t500,K,2.8916662214931232,0.28588770765405597,730
transformer,transformer,sphere_ttc,2018-2019,120,t700,K,2.9880855401471034,0.2723311569407042,730
transformer,transformer,sphere_ttc,2018-2019,120,t850,K,3.247741133899151,0.26086858972094257,730
transformer,transformer,sphere_ttc,2018-2019,120,t925,K,3.0569418849636536,0.2573180747394994,730
transformer,transformer,sphere_ttc,2018-2019,120,t1000,K,2.7743052165876034,0.27316017538146703,730
transformer,transformer,sphere_ttc,2018-2019,120,u50,m s^-1,5.110772479957296,0.7537648658279404,730
transformer,transformer,sphere_ttc,2018-2019,120,u100,m s^-1,6.582996952667862,0.41703681987600644,730
transformer,transformer,sphere_ttc,2018-2019,120,u200,m s^-1,10.89959012514952,0.30396649831837125,730
transformer,transformer,sphere_ttc,2018-2019,120,u300,m s^-1,11.126138082580374,0.2744014077231179,730
transformer,transformer,sphere_ttc,2018-2019,120,u500,m s^-1,7.693721367087057,0.26701168258059615,730
transformer,transformer,sphere_ttc,2018-2019,120,u700,m s^-1,5.947909397392638,0.25186149393792356,730
transformer,transformer,sphere_ttc,2018-2019,120,u850,m s^-1,5.278383710161256,0.220345052862118,730
transformer,transformer,sphere_ttc,2018-2019,120,u925,m s^-1,5.149196345264089,0.19772527044334207,730
transformer,transformer,sphere_ttc,2018-2019,120,u1000,m s^-1,4.061097807325557,0.19044296691401827,730
transformer,transformer,sphere_ttc,2018-2019,120,v50,m s^-1,4.3244657170158725,0.4048674393013172,730
transformer,transformer,sphere_ttc,2018-2019,120,v100,m s^-1,6.0830518380496,0.25496981205798547,730
transformer,transformer,sphere_ttc,2018-2019,120,v200,m s^-1,10.746014939736709,0.19057163708152233,730
transformer,transformer,sphere_ttc,2018-2019,120,v300,m s^-1,11.032623496603618,0.19140053709640475,730
transformer,transformer,sphere_ttc,2018-2019,120,v500,m s^-1,7.405272029882577,0.19527493734421844,730
transformer,transformer,sphere_ttc,2018-2019,120,v700,m s^-1,5.549307556154482,0.1728493780610267,730
transformer,transformer,sphere_ttc,2018-2019,120,v850,m s^-1,4.917283081362201,0.14922255458027697,730
transformer,transformer,sphere_ttc,2018-2019,120,v925,m s^-1,5.010357667899017,0.14236305553053707,730
transformer,transformer,sphere_ttc,2018-2019,120,v1000,m s^-1,4.081263567652611,0.13667226438078353,730
transformer,transformer,sphere_ttc,2018-2019,120,u10,m s^-1,3.6158268721489555,0.1898465999510463,730
transformer,transformer,sphere_ttc,2018-2019,120,v10,m s^-1,3.5920254612015716,0.1339768903420673,730
transformer,transformer,sphere_ttc,2018-2019,120,t2m,K,2.976514947038407,0.24778532389538085,730
transformer,transformer,sphere_ttc,2018-2019,120,mslp,Pa,669.286614241929,0.2662358435991395,730
transformer,transformer,sphere_ttc,2018-2019,168,z50,m^2 s^-2,892.1910533779969,0.6363096006363114,730
transformer,transformer,sphere_ttc,2018-2019,168,z100,m^2 s^-2,828.8055832462794,0.5048137834223559,730
transformer,transformer,sphere_ttc,2018-2019,168,z200,m^2 s^-2,1017.1380586273523,0.30438881458751765,730
transformer,transformer,sphere_ttc,2018-2019,168,z300,m^2 s^-2,1054.1406643516443,0.2619144887897431,730
transformer,transformer,sphere_ttc,2018-2019,168,z500,m^2 s^-2,776.0165584948681,0.2528239934195101,730
transformer,transformer,sphere_ttc,2018-2019,168,z700,m^2 s^-2,595.4482855695121,0.2392260350519413,730
transformer,transformer,sphere_ttc,2018-2019,168,z850,m^2 s^-2,531.6750289494424,0.22194533571152195,730
transformer,transformer,sphere_ttc,2018-2019,168,z925,m^2 s^-2,527.9408755391729,0.21121976537077264,730
transformer,transformer,sphere_ttc,2018-2019,168,z1000,m^2 s^-2,539.1708793472902,0.20012556980796653,730
transformer,transformer,sphere_ttc,2018-2019,168,q50,kg kg^-1,1.031879150106772e-07,0.6089733616447583,730
transformer,transformer,sphere_ttc,2018-2019,168,q100,kg kg^-1,3.564055388317264e-07,0.3702738731394436,730
transformer,transformer,sphere_ttc,2018-2019,168,q200,kg kg^-1,1.362012880808709e-05,0.23289524552545854,730
transformer,transformer,sphere_ttc,2018-2019,168,q300,kg kg^-1,0.00012129881689698725,0.20424905099807414,730
transformer,transformer,sphere_ttc,2018-2019,168,q500,kg kg^-1,0.0007721832260646118,0.20524278067569385,730
transformer,transformer,sphere_ttc,2018-2019,168,q700,kg kg^-1,0.001480807848139502,0.1977098039925991,730
transformer,transformer,sphere_ttc,2018-2019,168,q850,kg kg^-1,0.0017164526483469526,0.1874104626258642,730
transformer,transformer,sphere_ttc,2018-2019,168,q925,kg kg^-1,0.0014584095291509946,0.1909266554840566,730
transformer,transformer,sphere_ttc,2018-2019,168,q1000,kg kg^-1,0.0015848087967575014,0.15838260323241654,730
transformer,transformer,sphere_ttc,2018-2019,168,t50,K,2.6011883730238696,0.6516199520610153,730
transformer,transformer,sphere_ttc,2018-2019,168,t100,K,2.8285187647132135,0.4897032453917116,730
transformer,transformer,sphere_ttc,2018-2019,168,t200,K,3.3112046112417057,0.34894345655969156,730
transformer,transformer,sphere_ttc,2018-2019,168,t300,K,2.4095837724275913,0.2627911049973676,730
transformer,transformer,sphere_ttc,2018-2019,168,t500,K,2.9613048428042603,0.2176464401850718,730
transformer,transformer,sphere_ttc,2018-2019,168,t700,K,3.0682813590899918,0.20033670444163373,730
transformer,transformer,sphere_ttc,2018-2019,168,t850,K,3.333624759589375,0.19175874537199614,730
transformer,transformer,sphere_ttc,2018-2019,168,t925,K,3.139898429024481,0.19568299322354674,730
transformer,transformer,sphere_ttc,2018-2019,168,t1000,K,2.86461481762247,0.2137369010153575,730
transformer,transformer,sphere_ttc,2018-2019,168,u50,m s^-1,5.398747599006234,0.7204916255321998,730
transformer,transformer,sphere_ttc,2018-2019,168,u100,m s^-1,6.872021841883401,0.33329491299683617,730
transformer,transformer,sphere_ttc,2018-2019,168,u200,m s^-1,11.19864502145819,0.23075495167506443,730
transformer,transformer,sphere_ttc,2018-2019,168,u300,m s^-1,11.368824052304118,0.205459495250607,730
transformer,transformer,sphere_ttc,2018-2019,168,u500,m s^-1,7.862979272341256,0.19500480070233725,730
transformer,transformer,sphere_ttc,2018-2019,168,u700,m s^-1,6.07387610747039,0.1841375843931581,730
transformer,transformer,sphere_ttc,2018-2019,168,u850,m s^-1,5.365785265376516,0.16581680630924897,730
transformer,transformer,sphere_ttc,2018-2019,168,u925,m s^-1,5.220584810251527,0.1494276959976283,730
transformer,transformer,sphere_ttc,2018-2019,168,u1000,m s^-1,4.119816153467039,0.1422972022872209,730
transformer,transformer,sphere_ttc,2018-2019,168,v50,m s^-1,4.49674090780584,0.31340312916290486,730
transformer,transformer,sphere_ttc,2018-2019,168,v100,m s^-1,6.20638957405089,0.18069252046160622,730
transformer,transformer,sphere_ttc,2018-2019,168,v200,m s^-1,10.860131324061241,0.13875576027301248,730
transformer,transformer,sphere_ttc,2018-2019,168,v300,m s^-1,11.138014519465358,0.14251930599719584,730
transformer,transformer,sphere_ttc,2018-2019,168,v500,m s^-1,7.48789104121272,0.14138022203495446,730
transformer,transformer,sphere_ttc,2018-2019,168,v700,m s^-1,5.609274771678443,0.12264687816999184,730
transformer,transformer,sphere_ttc,2018-2019,168,v850,m s^-1,4.963088719355402,0.10814880539261228,730
transformer,transformer,sphere_ttc,2018-2019,168,v925,m s^-1,5.051097125588907,0.1075190109953536,730
transformer,transformer,sphere_ttc,2018-2019,168,v1000,m s^-1,4.113623503010728,0.10558618292151603,730
transformer,transformer,sphere_ttc,2018-2019,168,u10,m s^-1,3.6671816410392593,0.1426570555110381,730
transformer,transformer,sphere_ttc,2018-2019,168,v10,m s^-1,3.620435663733231,0.1038073774070706,730
transformer,transformer,sphere_ttc,2018-2019,168,t2m,K,3.0700794207425273,0.20006050102269876,730
transformer,transformer,sphere_ttc,2018-2019,168,mslp,Pa,684.3080112958127,0.1960660199812261,730
transformer,transformer,sphere_ttc,2018-2019,240,z50,m^2 s^-2,966.4725841690196,0.5585982965212699,730
transformer,transformer,sphere_ttc,2018-2019,240,z100,m^2 s^-2,870.0133913165967,0.4352337372096617,730
transformer,transformer,sphere_ttc,2018-2019,240,z200,m^2 s^-2,1044.5850614884992,0.23920578719057484,730
transformer,transformer,sphere_ttc,2018-2019,240,z300,m^2 s^-2,1079.8972312057076,0.1932309423807598,730
transformer,transformer,sphere_ttc,2018-2019,240,z500,m^2 s^-2,793.727427572477,0.18649145979011636,730
transformer,transformer,sphere_ttc,2018-2019,240,z700,m^2 s^-2,607.5805495988628,0.17703596645387673,730
transformer,transformer,sphere_ttc,2018-2019,240,z850,m^2 s^-2,540.8582996296288,0.16597934103606013,730
transformer,transformer,sphere_ttc,2018-2019,240,z925,m^2 s^-2,536.3590314286078,0.15854103753276036,730
transformer,transformer,sphere_ttc,2018-2019,240,z1000,m^2 s^-2,547.2100273775144,0.1507850161631141,730
transformer,transformer,sphere_ttc,2018-2019,240,q50,kg kg^-1,1.0786448918284434e-07,0.5661167052303112,730
transformer,transformer,sphere_ttc,2018-2019,240,q100,kg kg^-1,3.6811978603112805e-07,0.3049442906940049,730
transformer,transformer,sphere_ttc,2018-2019,240,q200,kg kg^-1,1.3794317436530296e-05,0.1993343982909307,730
transformer,transformer,sphere_ttc,2018-2019,240,q300,kg kg^-1,0.00012273602133284692,0.16960297470397936,730
transformer,transformer,sphere_ttc,2018-2019,240,q500,kg kg^-1,0.0007822598466702742,0.169402116601624,730
transformer,transformer,sphere_ttc,2018-2019,240,q700,kg kg^-1,0.0014975963516701695,0.1670095762486143,730
transformer,transformer,sphere_ttc,2018-2019,240,q850,kg kg^-1,0.0017375552448864794,0.16076603871159306,730
transformer,transformer,sphere_ttc,2018-2019,240,q925,kg kg^-1,0.0014810117593049119,0.16349433967217292,730
transformer,transformer,sphere_ttc,2018-2019,240,q1000,kg kg^-1,0.0016096567357682446,0.13382329826059275,730
transformer,transformer,sphere_ttc,2018-2019,240,t50,K,2.84210265057222,0.5726302393105661,730
transformer,transformer,sphere_ttc,2018-2019,240,t100,K,2.9764964900965993,0.41633603153259824,730
transformer,transformer,sphere_ttc,2018-2019,240,t200,K,3.3951027629289348,0.2926270328157535,730
transformer,transformer,sphere_ttc,2018-2019,240,t300,K,2.4574657698742026,0.21303464263178604,730
transformer,transformer,sphere_ttc,2018-2019,240,t500,K,3.0136968098001935,0.1661365425360083,730
transformer,transformer,sphere_ttc,2018-2019,240,t700,K,3.1310954987482567,0.14763212458434713,730
transformer,transformer,sphere_ttc,2018-2019,240,t850,K,3.3992288549916063,0.14220082089723043,730
transformer,transformer,sphere_ttc,2018-2019,240,t925,K,3.2058477382302617,0.1517128872564858,730
transformer,transformer,sphere_ttc,2018-2019,240,t1000,K,2.9431175227928,0.17213823479698834,730
transformer,transformer,sphere_ttc,2018-2019,240,u50,m s^-1,5.6503619241931835,0.6894890229290843,730
transformer,transformer,sphere_ttc,2018-2019,240,u100,m s^-1,7.119617000057291,0.2561461491662215,730
transformer,transformer,sphere_ttc,2018-2019,240,u200,m s^-1,11.442283110304684,0.16855525376015842,730
transformer,transformer,sphere_ttc,2018-2019,240,u300,m s^-1,11.538500949086187,0.1541902885872559,730
transformer,transformer,sphere_ttc,2018-2019,240,u500,m s^-1,7.9747380761306355,0.1440866592816965,730
transformer,transformer,sphere_ttc,2018-2019,240,u700,m s^-1,6.163559175140289,0.13518196697445084,730
transformer,transformer,sphere_ttc,2018-2019,240,u850,m s^-1,5.4351890231172515,0.12478480134685713,730
transformer,transformer,sphere_ttc,2018-2019,240,u925,m s^-1,5.278592052060667,0.11399088435298954,730
transformer,transformer,sphere_ttc,2018-2019,240,u1000,m s^-1,4.16311113561008,0.1095331118403685,730
transformer,transformer,sphere_ttc,2018-2019,240,v50,m s^-1,4.6333911505032574,0.22791051856626424,730
transformer,transformer,sphere_ttc,2018-2019,240,v100,m s^-1,6.277886519503345,0.1323804751453594,730
transformer,transformer,sphere_ttc,2018-2019,240,v200,m s^-1,10.90892379452221,0.11365393749467652,730
transformer,transformer,sphere_ttc,2018-2019,240,v300,m s^-1,11.183850019316473,0.11847510294967215,730
transformer,transformer,sphere_ttc,2018-2019,240,v500,m s^-1,7.5252851983975075,0.11472532974704479,730
transformer,transformer,sphere_ttc,2018-2019,240,v700,m s^-1,5.637062890886463,0.09915556051081412,730
transformer,transformer,sphere_ttc,2018-2019,240,v850,m s^-1,4.981535564506457,0.09171269928568138,730
transformer,transformer,sphere_ttc,2018-2019,240,v925,m s^-1,5.070172404364256,0.0921754249146955,730
transformer,transformer,sphere_ttc,2018-2019,240,v1000,m s^-1,4.131478648174641,0.09027474082059168,730
transformer,transformer,sphere_ttc,2018-2019,240,u10,m s^-1,3.7070429701552183,0.10906983123994714,730
transformer,transformer,sphere_ttc,2018-2019,240,v10,m s^-1,3.6356167107131583,0.08939295489688008,730
transformer,transformer,sphere_ttc,2018-2019,240,t2m,K,3.1712653587104054,0.15841390744925699,730
transformer,transformer,sphere_ttc,2018-2019,240,mslp,Pa,694.3190061020864,0.1477372364886628,730
fno,fno,raw,2018-2019,24,z50,m^2 s^-2,612.6447430841106,0.8467231159828117,730
fno,fno,raw,2018-2019,24,z100,m^2 s^-2,546.5170886916717,0.819542043921001,730
fno,fno,raw,2018-2019,24,z200,m^2 s^-2,548.0729618891434,0.8545544574424284,730
fno,fno,raw,2018-2019,24,z300,m^2 s^-2,528.2198611409525,0.8726452253501966,730
fno,fno,raw,2018-2019,24,z500,m^2 s^-2,357.9465364789994,0.8928835284047555,730
fno,fno,raw,2018-2019,24,z700,m^2 s^-2,265.9301987995377,0.8990370328068974,730
fno,fno,raw,2018-2019,24,z850,m^2 s^-2,251.37988698648033,0.8847163773421441,730
fno,fno,raw,2018-2019,24,z925,m^2 s^-2,257.51966608262467,0.8757421562738443,730
fno,fno,raw,2018-2019,24,z1000,m^2 s^-2,272.62096342591167,0.8643941771474227,730
fno,fno,raw,2018-2019,24,q50,kg kg^-1,1.860786860402477e-07,0.014675187411405647,730
fno,fno,raw,2018-2019,24,q100,kg kg^-1,3.362339244737575e-07,0.4585555301945983,730
fno,fno,raw,2018-2019,24,q200,kg kg^-1,1.1474182263966241e-05,0.5569590800455209,730
fno,fno,raw,2018-2019,24,q300,kg kg^-1,9.554328864787004e-05,0.623382496813652,730
fno,fno,raw,2018-2019,24,q500,kg kg^-1,0.0005821117583300311,0.6580601097853356,730
fno,fno,raw,2018-2019,24,q700,kg kg^-1,0.0011810360691500424,0.5985056218200392,730
fno,fno,raw,2018-2019,24,q850,kg kg^-1,0.001431629906933316,0.5270206882261302,730
fno,fno,raw,2018-2019,24,q925,kg kg^-1,0.0011888845974118848,0.5297043395754342,730
fno,fno,raw,2018-2019,24,q1000,kg kg^-1,0.0012984776290058107,0.5107506967590557,730
fno,fno,raw,2018-2019,24,t50,K,2.2558599742758987,0.7535373686593765,730
fno,fno,raw,2018-2019,24,t100,K,2.1345401351991367,0.749859895157672,730
fno,fno,raw,2018-2019,24,t200,K,2.4815834392893015,0.707099015379413,730
fno,fno,raw,2018-2019,24,t300,K,1.9912666362678333,0.5835342560963054,730
fno,fno,raw,2018-2019,24,t500,K,2.167311242306363,0.6897731410466977,730
fno,fno,raw,2018-2019,24,t700,K,2.2471469253164917,0.6798004625051609,730
fno,fno,raw,2018-2019,24,t850,K,2.493114148552645,0.6517785836425897,730
fno,fno,raw,2018-2019,24,t925,K,2.4698717703090294,0.590359694517083,730
fno,fno,raw,2018-2019,24,t1000,K,2.4356211341237946,0.5013203616996541,730
fno,fno,raw,2018-2019,24,u50,m s^-1,3.75942019779435,0.8750730054749977,730
fno,fno,raw,2018-2019,24,u100,m s^-1,4.375868029994755,0.7928198142856815,730
fno,fno,raw,2018-2019,24,u200,m s^-1,5.995528952960526,0.848171151599606,730
fno,fno,raw,2018-2019,24,u300,m s^-1,6.191958507735112,0.8424113068302397,730
fno,fno,raw,2018-2019,24,u500,m s^-1,4.317939123588335,0.8385243135830579,730
fno,fno,raw,2018-2019,24,u700,m s^-1,3.4214698097766596,0.825807070582824,730
fno,fno,raw,2018-2019,24,u850,m s^-1,3.159256668782774,0.8039785134520121,730
fno,fno,raw,2018-2019,24,u925,m s^-1,3.091349791885688,0.7982610952046069,730
fno,fno,raw,2018-2019,24,u1000,m s^-1,2.4415269790354857,0.7951769585507775,730
fno,fno,raw,2018-2019,24,v50,m s^-1,2.344138587614493,0.8682891956218409,730
fno,fno,raw,2018-2019,24,v100,m s^-1,3.337554861084317,0.846475113005699,730
fno,fno,raw,2018-2019,24,v200,m s^-1,5.24041874686025,0.8769993115967705,730
fno,fno,raw,2018-2019,24,v300,m s^-1,5.5554820735606425,0.8688164717641889,730
fno,fno,raw,2018-2019,24,v500,m s^-1,3.8221719767718723,0.8617523222073622,730
fno,fno,raw,2018-2019,24,v700,m s^-1,3.024302324478641,0.8414436199993386,730
fno,fno,raw,2018-2019,24,v850,m s^-1,2.8475558223040367,0.8151817750443087,730
fno,fno,raw,2018-2019,24,v925,m s^-1,2.855898475026576,0.8198549316748968,730
fno,fno,raw,2018-2019,24,v1000,m s^-1,2.3290380099092607,0.8166099433692534,730
fno,fno,raw,2018-2019,24,u10,m s^-1,2.1841058077821676,0.7925820916439148,730
fno,fno,raw,2018-2019,24,v10,m s^-1,2.06101287785089,0.8135681628619323,730
fno,fno,raw,2018-2019,24,t2m,K,3.0412757237057435,0.3874820930994698,730
fno,fno,raw,2018-2019,24,mslp,Pa,346.98538256661084,0.8626660133622183,730
fno,fno,raw,2018-2019,72,z50,m^2 s^-2,636.2201478248608,0.8331648476108218,730
fno,fno,raw,2018-2019,72,z100,m^2 s^-2,607.8889786638618,0.7700037782407971,730
fno,fno,raw,2018-2019,72,z200,m^2 s^-2,754.5090466926795,0.6992641646687033,730
fno,fno,raw,2018-2019,72,z300,m^2 s^-2,791.2223829823015,0.6821559219841659,730
fno,fno,raw,2018-2019,72,z500,m^2 s^-2,579.9478409692229,0.6835368978095694,730
fno,fno,raw,2018-2019,72,z700,m^2 s^-2,455.9431580554406,0.6600042158785442,730
fno,fno,raw,2018-2019,72,z850,m^2 s^-2,420.13125925120113,0.626456632825735,730
fno,fno,raw,2018-2019,72,z925,m^2 s^-2,423.5275382461279,0.607752699285865,730
fno,fno,raw,2018-2019,72,z1000,m^2 s^-2,437.2051761018778,0.5912898292134564,730
fno,fno,raw,2018-2019,72,q50,kg kg^-1,1.835189315566103e-07,0.0067907151558807225,730
fno,fno,raw,2018-2019,72,q100,kg kg^-1,3.4255772049399285e-07,0.42725892494959666,730
fno,fno,raw,2018-2019,72,q200,kg kg^-1,1.2718715139428542e-05,0.39149849612926246,730
fno,fno,raw,2018-2019,72,q300,kg kg^-1,0.00011217008085710728,0.3971389650592632,730
fno,fno,raw,2018-2019,72,q500,kg kg^-1,0.0006971022451408631,0.4324912179647467,730
fno,fno,raw,2018-2019,72,q700,kg kg^-1,0.0013591646985247285,0.38938334143558695,730
fno,fno,raw,2018-2019,72,q850,kg kg^-1,0.0016061814811646755,0.32576571887714856,730
fno,fno,raw,2018-2019,72,q925,kg kg^-1,0.001335647255649868,0.33802755147015595,730
fno,fno,raw,2018-2019,72,q1000,kg kg^-1,0.0014540405432333214,0.3256821339160306,730
fno,fno,raw,2018-2019,72,t50,K,2.34892307180834,0.7279961326738866,730
fno,fno,raw,2018-2019,72,t100,K,2.361230343696648,0.6795889086202628,730
fno,fno,raw,2018-2019,72,t200,K,2.872204709114691,0.5744781496602903,730
fno,fno,raw,2018-2019,72,t300,K,2.1555935108527504,0.47968887462227894,730
fno,fno,raw,2018-2019,72,t500,K,2.5230838634779267,0.5374415048593902,730
fno,fno,raw,2018-2019,72,t700,K,2.633849313074823,0.5134932390130443,730
fno,fno,raw,2018-2019,72,t850,K,2.8702429055558674,0.4909576614686134,730
fno,fno,raw,2018-2019,72,t925,K,2.7944780476899806,0.4227637482625973,730
fno,fno,raw,2018-2019,72,t1000,K,2.673080176810494,0.356560792563284,730
fno,fno,raw,2018-2019,72,u50,m s^-1,4.094172646958693,0.8499354365989202,730
fno,fno,raw,2018-2019,72,u100,m s^-1,5.3357882954246545,0.6693973077995385,730
fno,fno,raw,2018-2019,72,u200,m s^-1,8.776903295157396,0.6318314467051537,730
fno,fno,raw,2018-2019,72,u300,m s^-1,9.19350807114118,0.6005595939528277,730
fno,fno,raw,2018-2019,72,u500,m s^-1,6.35375833625542,0.6000287406804272,730
fno,fno,raw,2018-2019,72,u700,m s^-1,4.9825525111957285,0.5735525694186471,730
fno,fno,raw,2018-2019,72,u850,m s^-1,4.569725255046469,0.5140257447347549,730
fno,fno,raw,2018-2019,72,u925,m s^-1,4.509393871730222,0.48249024279549807,730
fno,fno,raw,2018-2019,72,u1000,m s^-1,3.556263097840928,0.4739278028921807,730
fno,fno,raw,2018-2019,72,v50,m s^-1,3.3027458488062518,0.7152682322345179,730
fno,fno,raw,2018-2019,72,v100,m s^-1,4.689916845150994,0.6640546638350131,730
fno,fno,raw,2018-2019,72,v200,m s^-1,8.583532213146986,0.617632100336179,730
fno,fno,raw,2018-2019,72,v300,m s^-1,9.014530467326532,0.5963729525400977,730
fno,fno,raw,2018-2019,72,v500,m s^-1,6.0595246125702396,0.5957868384355005,730
fno,fno,raw,2018-2019,72,v700,m s^-1,4.661614755059431,0.5568782108949076,730
fno,fno,raw,2018-2019,72,v850,m s^-1,4.289206688849696,0.4944646395712523,730
fno,fno,raw,2018-2019,72,v925,m s^-1,4.381623619581301,0.48317185174109867,730
fno,fno,raw,2018-2019,72,v1000,m s^-1,3.542708289528942,0.4840113600156004,730
fno,fno,raw,2018-2019,72,u10,m s^-1,3.1680588725599033,0.471651352954754,730
fno,fno,raw,2018-2019,72,v10,m s^-1,3.1230157106107015,0.4786117683069796,730
fno,fno,raw,2018-2019,72,t2m,K,3.211013948659322,0.2715172885544707,730
fno,fno,raw,2018-2019,72,mslp,Pa,554.425783916635,0.5888838165680075,730
fno,fno,raw,2018-2019,120,z50,m^2 s^-2,744.0992905631678,0.7629063564526819,730
fno,fno,raw,2018-2019,120,z100,m^2 s^-2,722.2687483193506,0.6537513733907284,730
fno,fno,raw,2018-2019,120,z200,m^2 s^-2,891.530106178475,0.5355167242388461,730
fno,fno,raw,2018-2019,120,z300,m^2 s^-2,936.9779368318067,0.500781068767397,730
fno,fno,raw,2018-2019,120,z500,m^2 s^-2,688.2670634431951,0.5012095315793282,730
fno,fno,raw,2018-2019,120,z700,m^2 s^-2,532.5329601028376,0.48272621570070556,730
fno,fno,raw,2018-2019,120,z850,m^2 s^-2,480.4437428757847,0.4566851218368166,730
fno,fno,raw,2018-2019,120,z925,m^2 s^-2,479.1980446644936,0.443079172441922,730
fno,fno,raw,2018-2019,120,z1000,m^2 s^-2,491.4285911820398,0.4275982567889517,730
fno,fno,raw,2018-2019,120,q50,kg kg^-1,1.854731487001835e-07,-0.00628461945864049,730
fno,fno,raw,2018-2019,120,q100,kg kg^-1,3.4899454240746627e-07,0.3940852400441073,730
fno,fno,raw,2018-2019,120,q200,kg kg^-1,1.3071656541732917e-05,0.3280001937656314,730
fno,fno,raw,2018-2019,120,q300,kg kg^-1,0.00011594152967256656,0.319047203855423,730
fno,fno,raw,2018-2019,120,q500,kg kg^-1,0.0007281293824556471,0.3397514215298767,730
fno,fno,raw,2018-2019,120,q700,kg kg^-1,0.001410881241544563,0.2996404424438432,730
fno,fno,raw,2018-2019,120,q850,kg kg^-1,0.0016619781386620857,0.2408753342410404,730
fno,fno,raw,2018-2019,120,q925,kg kg^-1,0.0013916427966045686,0.24840911339373767,730
fno,fno,raw,2018-2019,120,q1000,kg kg^-1,0.001531381111972169,0.22323030258460388,730
fno,fno,raw,2018-2019,120,t50,K,2.561881552301069,0.6614146486986565,730
fno,fno,raw,2018-2019,120,t100,K,2.5819024653660794,0.5995462769878511,730
fno,fno,raw,2018-2019,120,t200,K,3.098618471000872,0.47056325203937177,730
fno,fno,raw,2018-2019,120,t300,K,2.290682466817641,0.3721934166064396,730
fno,fno,raw,2018-2019,120,t500,K,2.7594470112463436,0.39198265271943933,730
fno,fno,raw,2018-2019,120,t700,K,2.889937211161179,0.3624019658822685,730
fno,fno,raw,2018-2019,120,t850,K,3.119426835187186,0.3456009050200596,730
fno,fno,raw,2018-2019,120,t925,K,2.9946818607110894,0.2925952133977633,730
fno,fno,raw,2018-2019,120,t1000,K,2.8285903477371135,0.25653118743566444,730
fno,fno,raw,2018-2019,120,u50,m s^-1,4.584904007115882,0.8071964455639334,730
fno,fno,raw,2018-2019,120,u100,m s^-1,6.031037846790438,0.5451052810623676,730
fno,fno,raw,2018-2019,120,u200,m s^-1,10.000192591236585,0.4723852799946908,730
fno,fno,raw,2018-2019,120,u300,m s^-1,10.362816681460526,0.4364709337764765,730
fno,fno,raw,2018-2019,120,u500,m s^-1,7.202058643616872,0.42580123291264116,730
fno,fno,raw,2018-2019,120,u700,m s^-1,5.573431945324764,0.4046666648402889,730
fno,fno,raw,2018-2019,120,u850,m s^-1,4.997047572411857,0.35443766477828276,730
fno,fno,raw,2018-2019,120,u925,m s^-1,4.882977801407873,0.3273665574573698,730
fno,fno,raw,2018-2019,120,u1000,m s^-1,3.8375645758080887,0.3230386554753162,730
fno,fno,raw,2018-2019,120,v50,m s^-1,3.9262577926282174,0.5597757968272696,730
fno,fno,raw,2018-2019,120,v100,m s^-1,5.634605256043616,0.4505629769831354,730
fno,fno,raw,2018-2019,120,v200,m s^-1,10.187743829940914,0.37126704018840306,730
fno,fno,raw,2018-2019,120,v300,m s^-1,10.53480057700813,0.35903031327479773,730
fno,fno,raw,2018-2019,120,v500,m s^-1,7.065746617824654,0.36683352636428046,730
fno,fno,raw,2018-2019,120,v700,m s^-1,5.30611689172093,0.3461107586230517,730
fno,fno,raw,2018-2019,120,v850,m s^-1,4.732976263790168,0.3062128077868896,730
fno,fno,raw,2018-2019,120,v925,m s^-1,4.818048027113692,0.29324059103816813,730
fno,fno,raw,2018-2019,120,v1000,m s^-1,3.907658100332746,0.2880464593655173,730
fno,fno,raw,2018-2019,120,u10,m s^-1,3.4111005642882746,0.32530790025318607,730
fno,fno,raw,2018-2019,120,v10,m s^-1,3.434884907636105,0.28647763262565334,730
fno,fno,raw,2018-2019,120,t2m,K,3.394818279844022,0.20122014861477405,730
fno,fno,raw,2018-2019,120,mslp,Pa,622.5422955421341,0.42562074764541036,730
fno,fno,raw,2018-2019,168,z50,m^2 s^-2,840.6234709208479,0.6857663175430244,730
fno,fno,raw,2018-2019,168,z100,m^2 s^-2,794.0314731758657,0.5605786830316949,730
fno,fno,raw,2018-2019,168,z200,m^2 s^-2,964.1610416379251,0.4161480935448333,730
fno,fno,raw,2018-2019,168,z300,m^2 s^-2,1007.341975948014,0.37787621964821044,730
fno,fno,raw,2018-2019,168,z500,m^2 s^-2,739.1382589758491,0.38059111392416417,730
fno,fno,raw,2018-2019,168,z700,m^2 s^-2,569.9159130291076,0.36318131512501417,730
fno,fno,raw,2018-2019,168,z850,m^2 s^-2,510.7639729731618,0.34159687247722426,730
fno,fno,raw,2018-2019,168,z925,m^2 s^-2,506.02161443189385,0.33404801104079507,730
fno,fno,raw,2018-2019,168,z1000,m^2 s^-2,517.556725722653,0.3202697010317021,730
fno,fno,raw,2018-2019,168,q50,kg kg^-1,1.8269946981204818e-07,-0.009862136656832292,730
fno,fno,raw,2018-2019,168,q100,kg kg^-1,3.563383362051935e-07,0.3533620510843792,730
fno,fno,raw,2018-2019,168,q200,kg kg^-1,1.3336548131984652e-05,0.27552723688571673,730
fno,fno,raw,2018-2019,168,q300,kg kg^-1,0.00011816331883420512,0.26734893803185394,730
fno,fno,raw,2018-2019,168,q500,kg kg^-1,0.000746022238863028,0.27943880171562313,730
fno,fno,raw,2018-2019,168,q700,kg kg^-1,0.0014372316933850553,0.25048766068242323,730
fno,fno,raw,2018-2019,168,q850,kg kg^-1,0.001690822555396639,0.1992071671193666,730
fno,fno,raw,2018-2019,168,q925,kg kg^-1,0.0014236961116526757,0.19590637357477766,730
fno,fno,raw,2018-2019,168,q1000,kg kg^-1,0.001573994205124289,0.17015151328093614,730
fno,fno,raw,2018-2019,168,t50,K,2.6838142730524464,0.6187289928425633,730
fno,fno,raw,2018-2019,168,t100,K,2.7584869112015884,0.5277547688518965,730
fno,fno,raw,2018-2019,168,t200,K,3.2303619041048393,0.3971679787342965,730
fno,fno,raw,2018-2019,168,t300,K,2.368759008291122,0.300380072944966,730
fno,fno,raw,2018-2019,168,t500,K,2.878922347621518,0.2954518528318336,730
fno,fno,raw,2018-2019,168,t700,K,3.031221144352601,0.2617009143506679,730
fno,fno,raw,2018-2019,168,t850,K,3.2613828749313547,0.2501418407113134,730
fno,fno,raw,2018-2019,168,t925,K,3.117577249239308,0.20828276412908936,730
fno,fno,raw,2018-2019,168,t1000,K,2.9125902730114523,0.1945255325873192,730
fno,fno,raw,2018-2019,168,u50,m s^-1,4.976318532558821,0.7679691320753397,730
fno,fno,raw,2018-2019,168,u100,m s^-1,6.458541674566549,0.44575806174305144,730
fno,fno,raw,2018-2019,168,u200,m s^-1,10.617811518161943,0.36154800415494875,730
fno,fno,raw,2018-2019,168,u300,m s^-1,10.912501246197818,0.32705526563882115,730
fno,fno,raw,2018-2019,168,u500,m s^-1,7.573377396336203,0.3157611584054996,730
fno,fno,raw,2018-2019,168,u700,m s^-1,5.821274619600427,0.30563226541615574,730
fno,fno,raw,2018-2019,168,u850,m s^-1,5.172212196942222,0.2669920339566073,730
fno,fno,raw,2018-2019,168,u925,m s^-1,5.034209360961468,0.2454304224151483,730
fno,fno,raw,2018-2019,168,u1000,m s^-1,3.9525629569253993,0.2429826674459651,730
fno,fno,raw,2018-2019,168,v50,m s^-1,4.309308625689025,0.426190715567533,730
fno,fno,raw,2018-2019,168,v100,m s^-1,6.062768670270104,0.30543980428016776,730
fno,fno,raw,2018-2019,168,v200,m s^-1,10.713630196820665,0.24061950639775923,730
fno,fno,raw,2018-2019,168,v300,m s^-1,11.027683936366905,0.2339196325102009,730
fno,fno,raw,2018-2019,168,v500,m s^-1,7.417761141884432,0.2368174974101806,730
fno,fno,raw,2018-2019,168,v700,m s^-1,5.537755534727497,0.22586626325728576,730
fno,fno,raw,2018-2019,168,v850,m s^-1,4.8855369569032225,0.20528929948286231,730
fno,fno,raw,2018-2019,168,v925,m s^-1,4.955471825648198,0.19903330253298732,730
fno,fno,raw,2018-2019,168,v1000,m s^-1,4.014796348184387,0.19548534967512282,730
fno,fno,raw,2018-2019,168,u10,m s^-1,3.5207843861116683,0.24242693996222411,730
fno,fno,raw,2018-2019,168,v10,m s^-1,3.530492163405498,0.19485237490125626,730
fno,fno,raw,2018-2019,168,t2m,K,3.4698899086310218,0.14915191864462973,730
fno,fno,raw,2018-2019,168,mslp,Pa,655.8097686316555,0.31807400539173214,730
fno,fno,raw,2018-2019,240,z50,m^2 s^-2,970.7350147365739,0.5652218239847502,730
fno,fno,raw,2018-2019,240,z100,m^2 s^-2,880.9345665432944,0.42788282394086413,730
fno,fno,raw,2018-2019,240,z200,m^2 s^-2,1030.7490305382196,0.2838157844366781,730
fno,fno,raw,2018-2019,240,z300,m^2 s^-2,1062.9910933965584,0.25266679054449137,730
fno,fno,raw,2018-2019,240,z500,m^2 s^-2,782.1035363198229,0.25411384228384093,730
fno,fno,raw,2018-2019,240,z700,m^2 s^-2,599.1501255131282,0.24577822641002886,730
fno,fno,raw,2018-2019,240,z850,m^2 s^-2,533.0086742359712,0.23376160431890186,730
fno,fno,raw,2018-2019,240,z925,m^2 s^-2,529.1099524896788,0.22277496764275168,730
fno,fno,raw,2018-2019,240,z1000,m^2 s^-2,539.091660765766,0.2150380117272032,730
fno,fno,raw,2018-2019,240,q50,kg kg^-1,1.8636762766643064e-07,-0.030816050093833973,730
fno,fno,raw,2018-2019,240,q100,kg kg^-1,3.684356813418222e-07,0.28092559633357855,730
fno,fno,raw,2018-2019,240,q200,kg kg^-1,1.3642928794804319e-05,0.21303559984745127,730
fno,fno,raw,2018-2019,240,q300,kg kg^-1,0.00012038901512058599,0.21165898587247858,730
fno,fno,raw,2018-2019,240,q500,kg kg^-1,0.0007624707151485656,0.21905082683230903,730
fno,fno,raw,2018-2019,240,q700,kg kg^-1,0.0014652140150274637,0.19636116727880226,730
fno,fno,raw,2018-2019,240,q850,kg kg^-1,0.001715898886228629,0.16290488834834457,730
fno,fno,raw,2018-2019,240,q925,kg kg^-1,0.0014479492879062267,0.163693885822419,730
fno,fno,raw,2018-2019,240,q1000,kg kg^-1,0.0016080541967583982,0.12906696095400627,730
fno,fno,raw,2018-2019,240,t50,K,2.8970713675176483,0.5369254053067176,730
fno,fno,raw,2018-2019,240,t100,K,2.952740459451321,0.4388955844966632,730
fno,fno,raw,2018-2019,240,t200,K,3.361924663718637,0.31553217657965665,730
fno,fno,raw,2018-2019,240,t300,K,2.4541666338195354,0.21902015516051787,730
fno,fno,raw,2018-2019,240,t500,K,2.9953445094299145,0.19098400796618129,730
fno,fno,raw,2018-2019,240,t700,K,3.1611789372922994,0.16326309180516774,730
fno,fno,raw,2018-2019,240,t850,K,3.3982864643760156,0.15952089797109367,730
fno,fno,raw,2018-2019,240,t925,K,3.227167379560801,0.13641077078107428,730
fno,fno,raw,2018-2019,240,t1000,K,3.0082085825296754,0.1470560036034243,730
fno,fno,raw,2018-2019,240,u50,m s^-1,5.4115665263814545,0.7191530475349354,730
fno,fno,raw,2018-2019,240,u100,m s^-1,6.898243850160475,0.32707998721955966,730
fno,fno,raw,2018-2019,240,u200,m s^-1,11.130501872461007,0.24986305696488528,730
fno,fno,raw,2018-2019,240,u300,m s^-1,11.326739362660513,0.22553258401350174,730
fno,fno,raw,2018-2019,240,u500,m s^-1,7.849471223344863,0.21666517814912534,730
fno,fno,raw,2018-2019,240,u700,m s^-1,6.022232136602013,0.21389832084494398,730
fno,fno,raw,2018-2019,240,u850,m s^-1,5.322924334247303,0.18817776119135546,730
fno,fno,raw,2018-2019,240,u925,m s^-1,5.156041056895575,0.1749625698432151,730
fno,fno,raw,2018-2019,240,u1000,m s^-1,4.045398702952228,0.17364636751948304,730
fno,fno,raw,2018-2019,240,v50,m s^-1,4.578529643862255,0.2860239605830972,730
fno,fno,raw,2018-2019,240,v100,m s^-1,6.275292277450334,0.18128821371469625,730
fno,fno,raw,2018-2019,240,v200,m s^-1,10.923798994247376,0.14447534463219783,730
fno,fno,raw,2018-2019,240,v300,m s^-1,11.197085350021224,0.14658755324124564,730
fno,fno,raw,2018-2019,240,v500,m s^-1,7.531721368992371,0.14644925528245492,730
fno,fno,raw,2018-2019,240,v700,m s^-1,5.623782366876588,0.13728236496602506,730
fno,fno,raw,2018-2019,240,v850,m s^-1,4.958680641414833,0.12589482593044368,730
fno,fno,raw,2018-2019,240,v925,m s^-1,5.021973239933375,0.12758813752171794,730
fno,fno,raw,2018-2019,240,v1000,m s^-1,4.067264972401192,0.128897119594305,730
fno,fno,raw,2018-2019,240,u10,m s^-1,3.6016112701203515,0.17369169477195345,730
fno,fno,raw,2018-2019,240,v10,m s^-1,3.575826527280559,0.1286928139834941,730
fno,fno,raw,2018-2019,240,t2m,K,3.5988850064058697,0.09914556255232487,730
fno,fno,raw,2018-2019,240,mslp,Pa,684.0716706285291,0.2110328884153609,730
fno,fno,sphere_ttc,2018-2019,24,z50,m^2 s^-2,552.2793231132611,0.8772197730811333,730
fno,fno,sphere_ttc,2018-2019,24,z100,m^2 s^-2,486.5130007330507,0.8597151270357959,730
fno,fno,sphere_ttc,2018-2019,24,z200,m^2 s^-2,510.5698096043792,0.8751211004010081,730
fno,fno,sphere_ttc,2018-2019,24,z300,m^2 s^-2,505.32105512238456,0.8841548607251805,730
fno,fno,sphere_ttc,2018-2019,24,z500,m^2 s^-2,337.2086372029649,0.9054723794722056,730
fno,fno,sphere_ttc,2018-2019,24,z700,m^2 s^-2,254.17735897582352,0.9081125114550554,730
fno,fno,sphere_ttc,2018-2019,24,z850,m^2 s^-2,245.98322008494029,0.8898506579617429,730
fno,fno,sphere_ttc,2018-2019,24,z925,m^2 s^-2,255.27556384286197,0.878025623964507,730
fno,fno,sphere_ttc,2018-2019,24,z1000,m^2 s^-2,270.6683174821409,0.8664689380919023,730
fno,fno,sphere_ttc,2018-2019,24,q50,kg kg^-1,1.8465559497380571e-07,0.01998463553220985,730
fno,fno,sphere_ttc,2018-2019,24,q100,kg kg^-1,3.3611096423601346e-07,0.45915559707932857,730
fno,fno,sphere_ttc,2018-2019,24,q200,kg kg^-1,1.146764513814503e-05,0.5576662796790306,730
fno,fno,sphere_ttc,2018-2019,24,q300,kg kg^-1,9.554282009226069e-05,0.6233873033559596,730
fno,fno,sphere_ttc,2018-2019,24,q500,kg kg^-1,0.0005821117583300311,0.6580601097853356,730
fno,fno,sphere_ttc,2018-2019,24,q700,kg kg^-1,0.0011791096664523033,0.6002411446806093,730
fno,fno,sphere_ttc,2018-2019,24,q850,kg kg^-1,0.001412510895192209,0.5428279237157903,730
fno,fno,sphere_ttc,2018-2019,24,q925,kg kg^-1,0.0011497437381102309,0.5637674897334812,730
fno,fno,sphere_ttc,2018-2019,24,q1000,kg kg^-1,0.0011755269410473146,0.5901300365014689,730
fno,fno,sphere_ttc,2018-2019,24,t50,K,1.9236341256632852,0.829015535229195,730
fno,fno,sphere_ttc,2018-2019,24,t100,K,2.0279815912507337,0.7760254410327065,730
fno,fno,sphere_ttc,2018-2019,24,t200,K,2.4073973451859922,0.727453124317574,730
fno,fno,sphere_ttc,2018-2019,24,t300,K,1.9334079970018088,0.6143343737866891,730
fno,fno,sphere_ttc,2018-2019,24,t500,K,2.0792580748672282,0.7184314682581441,730
fno,fno,sphere_ttc,2018-2019,24,t700,K,2.072646101595003,0.7326391689647773,730
fno,fno,sphere_ttc,2018-2019,24,t850,K,2.3361087016458923,0.7015142428098312,730
fno,fno,sphere_ttc,2018-2019,24,t925,K,2.323060867417617,0.6444147043812891,730
fno,fno,sphere_ttc,2018-2019,24,t1000,K,2.224601089832996,0.5766431993048661,730
fno,fno,sphere_ttc,2018-2019,24,u50,m s^-1,3.6267054310776388,0.8843544415415766,730
fno,fno,sphere_ttc,2018-2019,24,u100,m s^-1,4.3305569364325205,0.7975430227611661,730
fno,fno,sphere_ttc,2018-2019,24,u200,m s^-1,5.959415896671941,0.8501484951115538,730
fno,fno,sphere_ttc,2018-2019,24,u300,m s^-1,6.183263230505948,0.8428962120343207,730
fno,fno,sphere_ttc,2018-2019,24,u500,m s^-1,4.311134563589603,0.8390757455194859,730
fno,fno,sphere_ttc,2018-2019,24,u700,m s^-1,3.419880321582668,0.8259839929583903,730
fno,fno,sphere_ttc,2018-2019,24,u850,m s^-1,3.1441997730452966,0.8059812631400269,730
fno,fno,sphere_ttc,2018-2019,24,u925,m s^-1,3.086917106096355,0.7988779995452076,730
fno,fno,sphere_ttc,2018-2019,24,u1000,m s^-1,2.4411980235474555,0.7952381244458616,730
fno,fno,sphere_ttc,2018-2019,24,v50,m s^-1,2.312257926286801,0.8721087406282497,730
fno,fno,sphere_ttc,2018-2019,24,v100,m s^-1,3.2964872257373714,0.85055536388008,730
fno,fno,sphere_ttc,2018-2019,24,v200,m s^-1,5.239897467084665,0.8770252255450985,730
fno,fno,sphere_ttc,2018-2019,24,v300,m s^-1,5.553272325999855,0.8689277070314662,730
fno,fno,sphere_ttc,2018-2019,24,v500,m s^-1,3.8192717887668604,0.8619771058487848,730
fno,fno,sphere_ttc,2018-2019,24,v700,m s^-1,3.022895195449407,0.8416042043481412,730
fno,fno,sphere_ttc,2018-2019,24,v850,m s^-1,2.8397684830438075,0.8162731788903775,730
fno,fno,sphere_ttc,2018-2019,24,v925,m s^-1,2.853942808329625,0.8201245671179527,730
fno,fno,sphere_ttc,2018-2019,24,v1000,m s^-1,2.3289902747376194,0.816617849825855,730
fno,fno,sphere_ttc,2018-2019,24,u10,m s^-1,2.181754862491825,0.7930636704961607,730
fno,fno,sphere_ttc,2018-2019,24,v10,m s^-1,2.06101287785089,0.8135681628619323,730
fno,fno,sphere_ttc,2018-2019,24,t2m,K,2.484410298993026,0.48342513377510754,730
fno,fno,sphere_ttc,2018-2019,24,mslp,Pa,344.00618207662336,0.8651807555126819,730
fno,fno,sphere_ttc,2018-2019,72,z50,m^2 s^-2,621.2252382334049,0.8417036784610054,730
fno,fno,sphere_ttc,2018-2019,72,z100,m^2 s^-2,595.7043604147307,0.7804433377812374,730
fno,fno,sphere_ttc,2018-2019,72,z200,m^2 s^-2,751.2403747132571,0.702351929024917,730
fno,fno,sphere_ttc,2018-2019,72,z300,m^2 s^-2,790.0650338456192,0.683263738700952,730
fno,fno,sphere_ttc,2018-2019,72,z500,m^2 s^-2,578.8685392783642,0.6849724884028117,730
fno,fno,sphere_ttc,2018-2019,72,z700,m^2 s^-2,454.95140214932513,0.6618653811989671,730
fno,fno,sphere_ttc,2018-2019,72,z850,m^2 s^-2,419.82662927873105,0.6271688622361463,730
fno,fno,sphere_ttc,2018-2019,72,z925,m^2 s^-2,423.37787653319447,0.6081277040278373,730
fno,fno,sphere_ttc,2018-2019,72,z1000,m^2 s^-2,437.08863380482666,0.5915934427752504,730
fno,fno,sphere_ttc,2018-2019,72,q50,kg kg^-1,1.8217872506188154e-07,0.011732376226929572,730
fno,fno,sphere_ttc,2018-2019,72,q100,kg kg^-1,3.424710189560979e-07,0.4277046045147415,730
fno,fno,sphere_ttc,2018-2019,72,q200,kg kg^-1,1.2716750793758981e-05,0.39183143927866154,730
fno,fno,sphere_ttc,2018-2019,72,q300,kg kg^-1,0.00011217008085710728,0.3971389650592632,730
fno,fno,sphere_ttc,2018-2019,72,q500,kg kg^-1,0.0006971022451408631,0.4324912179647467,730
fno,fno,sphere_ttc,2018-2019,72,q700,kg kg^-1,0.0013589903613216484,0.38963643968053296,730
fno,fno,sphere_ttc,2018-2019,72,q850,kg kg^-1,0.0015998453645140603,0.33271557671993385,730
fno,fno,sphere_ttc,2018-2019,72,q925,kg kg^-1,0.001318897578308688,0.3561096256492833,730
fno,fno,sphere_ttc,2018-2019,72,q1000,kg kg^-1,0.0013748629835058865,0.3801837884071009,730
fno,fno,sphere_ttc,2018-2019,72,t50,K,2.1063575058408848,0.7883134987936663,730
fno,fno,sphere_ttc,2018-2019,72,t100,K,2.3255588234418667,0.6908784287227425,730
fno,fno,sphere_ttc,2018-2019,72,t200,K,2.860809670655249,0.5790281402747837,730
fno,fno,sphere_ttc,2018-2019,72,t300,K,2.1435485933080134,0.4879052659814733,730
fno,fno,sphere_ttc,2018-2019,72,t500,K,2.5102036549055144,0.5437110024002219,730
fno,fno,sphere_ttc,2018-2019,72,t700,K,2.569515544909282,0.5417217279588814,730
fno,fno,sphere_ttc,2018-2019,72,t850,K,2.8251460807231017,0.5119767847482063,730
fno,fno,sphere_ttc,2018-2019,72,t925,K,2.7243339995395703,0.4570687068008738,730
fno,fno,sphere_ttc,2018-2019,72,t1000,K,2.516954584983437,0.4168150540924475,730
fno,fno,sphere_ttc,2018-2019,72,u50,m s^-1,4.056724722950091,0.8528660986072362,730
fno,fno,sphere_ttc,2018-2019,72,u100,m s^-1,5.329767980409246,0.6703042163310813,730
fno,fno,sphere_ttc,2018-2019,72,u200,m s^-1,8.776903295157396,0.6318314467051537,730
fno,fno,sphere_ttc,2018-2019,72,u300,m s^-1,9.193298108828944,0.6005827529541701,730
fno,fno,sphere_ttc,2018-2019,72,u500,m s^-1,6.35243746435035,0.6002210721275173,730
fno,fno,sphere_ttc,2018-2019,72,u700,m s^-1,4.981945090015005,0.573666082244883,730
fno,fno,sphere_ttc,2018-2019,72,u850,m s^-1,4.5693067523498545,0.5141091572101779,730
fno,fno,sphere_ttc,2018-2019,72,u925,m s^-1,4.508113823716672,0.48280360559258734,730
fno,fno,sphere_ttc,2018-2019,72,u1000,m s^-1,3.5555594019695747,0.4741713596767714,730
fno,fno,sphere_ttc,2018-2019,72,v50,m s^-1,3.2986551224745035,0.7160941676398453,730
fno,fno,sphere_ttc,2018-2019,72,v100,m s^-1,4.688737168458852,0.6642753107371558,730
fno,fno,sphere_ttc,2018-2019,72,v200,m s^-1,8.583532213146986,0.617632100336179,730
fno,fno,sphere_ttc,2018-2019,72,v300,m s^-1,9.014530467326532,0.5963729525400977,730
fno,fno,sphere_ttc,2018-2019,72,v500,m s^-1,6.059452909562863,0.5957953236764703,730
fno,fno,sphere_ttc,2018-2019,72,v700,m s^-1,4.6615810249787115,0.5568853037261694,730
fno,fno,sphere_ttc,2018-2019,72,v850,m s^-1,4.288679145779685,0.49459214495973836,730
fno,fno,sphere_ttc,2018-2019,72,v925,m s^-1,4.381569771853575,0.48318632809670853,730
fno,fno,sphere_ttc,2018-2019,72,v1000,m s^-1,3.542685455939903,0.48401985955839566,730
fno,fno,sphere_ttc,2018-2019,72,u10,m s^-1,3.1673515595303927,0.47192978551791115,730
fno,fno,sphere_ttc,2018-2019,72,v10,m s^-1,3.1230018467963374,0.47861735026179364,730
fno,fno,sphere_ttc,2018-2019,72,t2m,K,2.716429863763309,0.35653340855837606,730
fno,fno,sphere_ttc,2018-2019,72,mslp,Pa,554.276724022996,0.5891940438344248,730
fno,fno,sphere_ttc,2018-2019,120,z50,m^2 s^-2,738.9327224163952,0.7667536092733181,730
fno,fno,sphere_ttc,2018-2019,120,z100,m^2 s^-2,714.6247777296877,0.6628119626041723,730
fno,fno,sphere_ttc,2018-2019,120,z200,m^2 s^-2,890.756170369518,0.5367027729707605,730
fno,fno,sphere_ttc,2018-2019,120,z300,m^2 s^-2,935.9300230508396,0.5024327135494898,730
fno,fno,sphere_ttc,2018-2019,120,z500,m^2 s^-2,687.4787661571462,0.502908850675413,730
fno,fno,sphere_ttc,2018-2019,120,z700,m^2 s^-2,532.164083625234,0.48384128431041484,730
fno,fno,sphere_ttc,2018-2019,120,z850,m^2 s^-2,480.4729990596167,0.45665635973745433,730
fno,fno,sphere_ttc,2018-2019,120,z925,m^2 s^-2,479.2874177909741,0.4428504110500302,730
fno,fno,sphere_ttc,2018-2019,120,z1000,m^2 s^-2,491.52300036590213,0.4273451311906726,730
fno,fno,sphere_ttc,2018-2019,120,q50,kg kg^-1,1.8407247924325203e-07,-0.0014337398524180488,730
fno,fno,sphere_ttc,2018-2019,120,q100,kg kg^-1,3.4894887016057695e-07,0.3943328257973568,730
fno,fno,sphere_ttc,2018-2019,120,q200,kg kg^-1,1.307039360369593e-05,0.3282505282088242,730
fno,fno,sphere_ttc,2018-2019,120,q300,kg kg^-1,0.00011594118952693608,0.319054216256749,730
fno,fno,sphere_ttc,2018-2019,120,q500,kg kg^-1,0.0007281166533451105,0.3397900094776566,730
fno,fno,sphere_ttc,2018-2019,120,q700,kg kg^-1,0.001410757703785997,0.29984344031214405,730
fno,fno,sphere_ttc,2018-2019,120,q850,kg kg^-1,0.0016547870573507223,0.2486819028860677,730
fno,fno,sphere_ttc,2018-2019,120,q925,kg kg^-1,0.0013757850666112723,0.2650487845538475,730
fno,fno,sphere_ttc,2018-2019,120,q1000,kg kg^-1,0.0014620994145885914,0.2619016135951049,730
fno,fno,sphere_ttc,2018-2019,120,t50,K,2.3664115584988608,0.7211403885846946,730
fno,fno,sphere_ttc,2018-2019,120,t100,K,2.572261814307405,0.6033650371463979,730
fno,fno,sphere_ttc,2018-2019,120,t200,K,3.094078751480425,0.47294472921870545,730
fno,fno,sphere_ttc,2018-2019,120,t300,K,2.2869741428198624,0.3751797217625956,730
fno,fno,sphere_ttc,2018-2019,120,t500,K,2.7534139654403273,0.39583533359836476,730
fno,fno,sphere_ttc,2018-2019,120,t700,K,2.8538845769887526,0.3794070899570964,730
fno,fno,sphere_ttc,2018-2019,120,t850,K,3.093841783411206,0.35901047271063424,730
fno,fno,sphere_ttc,2018-2019,120,t925,K,2.9455812332665747,0.3174655421685535,730
fno,fno,sphere_ttc,2018-2019,120,t1000,K,2.689220974092711,0.30621273973725815,730
fno,fno,sphere_ttc,2018-2019,120,u50,m s^-1,4.571861044371005,0.8084254159806279,730
fno,fno,sphere_ttc,2018-2019,120,u100,m s^-1,6.02938618141712,0.545455333815265,730
fno,fno,sphere_ttc,2018-2019,120,u200,m s^-1,10.000192591236585,0.4723852799946908,730
fno,fno,sphere_ttc,2018-2019,120,u300,m s^-1,10.362437010361408,0.4365172785767978,730
fno,fno,sphere_ttc,2018-2019,120,u500,m s^-1,7.200929629537846,0.4260097457597413,730
fno,fno,sphere_ttc,2018-2019,120,u700,m s^-1,5.572926387769433,0.4047483066225403,730
fno,fno,sphere_ttc,2018-2019,120,u850,m s^-1,4.996527957696051,0.35453867208276024,730
fno,fno,sphere_ttc,2018-2019,120,u925,m s^-1,4.88191612009777,0.32763679176626287,730
fno,fno,sphere_ttc,2018-2019,120,u1000,m s^-1,3.8371201202107685,0.3231795776572984,730
fno,fno,sphere_ttc,2018-2019,120,v50,m s^-1,3.9245495543472155,0.5599891484144555,730
fno,fno,sphere_ttc,2018-2019,120,v100,m s^-1,5.634825102932169,0.4503615491130919,730
fno,fno,sphere_ttc,2018-2019,120,v200,m s^-1,10.186289926550458,0.37138609773518594,730
fno,fno,sphere_ttc,2018-2019,120,v300,m s^-1,10.533679205606537,0.35914795046581244,730
fno,fno,sphere_ttc,2018-2019,120,v500,m s^-1,7.064632138047,0.3669376904710411,730
fno,fno,sphere_ttc,2018-2019,120,v700,m s^-1,5.304750017107167,0.3462925910405774,730
fno,fno,sphere_ttc,2018-2019,120,v850,m s^-1,4.732345126996692,0.30602376191653746,730
fno,fno,sphere_ttc,2018-2019,120,v925,m s^-1,4.8176477260889605,0.29321425028317194,730
fno,fno,sphere_ttc,2018-2019,120,v1000,m s^-1,3.907241429761688,0.2881461617872551,730
fno,fno,sphere_ttc,2018-2019,120,u10,m s^-1,3.410468321713382,0.32560382319866665,730
fno,fno,sphere_ttc,2018-2019,120,v10,m s^-1,3.4344667714309343,0.28657054535215876,730
fno,fno,sphere_ttc,2018-2019,120,t2m,K,2.865871554018891,0.27671082813023223,730
fno,fno,sphere_ttc,2018-2019,120,mslp,Pa,622.6925125417148,0.4252937797136497,730
fno,fno,sphere_ttc,2018-2019,168,z50,m^2 s^-2,836.1577174213328,0.6893629625472109,730
fno,fno,sphere_ttc,2018-2019,168,z100,m^2 s^-2,789.0263569709589,0.5678431874277937,730
fno,fno,sphere_ttc,2018-2019,168,z200,m^2 s^-2,963.3864743562693,0.41761817760348524,730
fno,fno,sphere_ttc,2018-2019,168,z300,m^2 s^-2,1006.0188835665391,0.38031316165479134,730
fno,fno,sphere_ttc,2018-2019,168,z500,m^2 s^-2,738.5533749643507,0.3819999465522007,730
fno,fno,sphere_ttc,2018-2019,168,z700,m^2 s^-2,569.6634484492961,0.36366565660499195,730
fno,fno,sphere_ttc,2018-2019,168,z850,m^2 s^-2,510.769858332156,0.3411609018872333,730
fno,fno,sphere_ttc,2018-2019,168,z925,m^2 s^-2,506.0033337213872,0.3339030511896715,730
fno,fno,sphere_ttc,2018-2019,168,z1000,m^2 s^-2,517.5725787277145,0.3199563510213329,730
fno,fno,sphere_ttc,2018-2019,168,q50,kg kg^-1,1.8155311380804484e-07,-0.005695472645341276,730
fno,fno,sphere_ttc,2018-2019,168,q100,kg kg^-1,3.562946206791944e-07,0.353618313258439,730
fno,fno,sphere_ttc,2018-2019,168,q200,kg kg^-1,1.3333936929116899e-05,0.2761397446070138,730
fno,fno,sphere_ttc,2018-2019,168,q300,kg kg^-1,0.00011816247301534557,0.26736441790071536,730
fno,fno,sphere_ttc,2018-2019,168,q500,kg kg^-1,0.000745954836446472,0.27961347352366955,730
fno,fno,sphere_ttc,2018-2019,168,q700,kg kg^-1,0.0014370272675922138,0.2508003095064231,730
fno,fno,sphere_ttc,2018-2019,168,q850,kg kg^-1,0.0016823662723121765,0.20795426122948346,730
fno,fno,sphere_ttc,2018-2019,168,q925,kg kg^-1,0.0014055187854270133,0.21573307243159287,730
fno,fno,sphere_ttc,2018-2019,168,q1000,kg kg^-1,0.0015040330095242905,0.2055772030809484,730
fno,fno,sphere_ttc,2018-2019,168,t50,K,2.5579305571904256,0.6629293043654153,730
fno,fno,sphere_ttc,2018-2019,168,t100,K,2.753559394650912,0.5299616725444575,730
fno,fno,sphere_ttc,2018-2019,168,t200,K,3.2277463349943862,0.3989090288221064,730
fno,fno,sphere_ttc,2018-2019,168,t300,K,2.364194729184373,0.304093944018279,730
fno,fno,sphere_ttc,2018-2019,168,t500,K,2.8752756931743098,0.2980771513185364,730
fno,fno,sphere_ttc,2018-2019,168,t700,K,2.999113709354464,0.2755328106942454,730
fno,fno,sphere_ttc,2018-2019,168,t850,K,3.240769974140063,0.25924589639544865,730
fno,fno,sphere_ttc,2018-2019,168,t925,K,3.0688261387228075,0.230154138315731,730
fno,fno,sphere_ttc,2018-2019,168,t1000,K,2.7912850765005057,0.23855490390882692,730
fno,fno,sphere_ttc,2018-2019,168,u50,m s^-1,4.971725955908507,0.7684948566329048,730
fno,fno,sphere_ttc,2018-2019,168,u100,m s^-1,6.459628711452476,0.4455760104074516,730
fno,fno,sphere_ttc,2018-2019,168,u200,m s^-1,10.617374406808398,0.3616254149275806,730
fno,fno,sphere_ttc,2018-2019,168,u300,m s^-1,10.912234309808127,0.3271056141909845,730
fno,fno,sphere_ttc,2018-2019,168,u500,m s^-1,7.571742223431962,0.316110148714859,730
fno,fno,sphere_ttc,2018-2019,168,u700,m s^-1,5.820839349445576,0.30569232904688176,730
fno,fno,sphere_ttc,2018-2019,168,u850,m s^-1,5.171660956243074,0.2670784706378971,730
fno,fno,sphere_ttc,2018-2019,168,u925,m s^-1,5.033170509219521,0.24549392154094887,730
fno,fno,sphere_ttc,2018-2019,168,u1000,m s^-1,3.9521407358871508,0.24301700747887087,730
fno,fno,sphere_ttc,2018-2019,168,v50,m s^-1,4.304274787083255,0.4268484613661749,730
fno,fno,sphere_ttc,2018-2019,168,v100,m s^-1,6.057579103256507,0.30547932283406193,730
fno,fno,sphere_ttc,2018-2019,168,v200,m s^-1,10.711225925665403,0.24056726531848763,730
fno,fno,sphere_ttc,2018-2019,168,v300,m s^-1,11.023403732727909,0.23420722226368604,730
fno,fno,sphere_ttc,2018-2019,168,v500,m s^-1,7.414242757372445,0.23690915374762045,730
fno,fno,sphere_ttc,2018-2019,168,v700,m s^-1,5.535542141400447,0.22564536364987012,730
fno,fno,sphere_ttc,2018-2019,168,v850,m s^-1,4.8849861239129515,0.20453896694300727,730
fno,fno,sphere_ttc,2018-2019,168,v925,m s^-1,4.955418760918967,0.19859122775531704,730
fno,fno,sphere_ttc,2018-2019,168,v1000,m s^-1,4.014888908280867,0.1951010192654904,730
fno,fno,sphere_ttc,2018-2019,168,u10,m s^-1,3.5203644126211056,0.24245918650650428,730
fno,fno,sphere_ttc,2018-2019,168,v10,m s^-1,3.530570597963345,0.19438552265461256,730
fno,fno,sphere_ttc,2018-2019,168,t2m,K,2.972899775714899,0.22283103500321197,730
fno,fno,sphere_ttc,2018-2019,168,mslp,Pa,655.9292201814479,0.3174597803010718,730
fno,fno,sphere_ttc,2018-2019,240,z50,m^2 s^-2,959.5998466603756,0.574451829444923,730
fno,fno,sphere_ttc,2018-2019,240,z100,m^2 s^-2,868.6715145388578,0.4485640735312543,730
fno,fno,sphere_ttc,2018-2019,240,z200,m^2 s^-2,1029.447487279842,0.28641354254094475,730
fno,fno,sphere_ttc,2018-2019,240,z300,m^2 s^-2,1061.7640991416254,0.25518078975837266,730
fno,fno,sphere_ttc,2018-2019,240,z500,m^2 s^-2,781.8470489567181,0.2540652162284612,730
fno,fno,sphere_ttc,2018-2019,240,z700,m^2 s^-2,599.1344810389926,0.2444822211164965,730
fno,fno,sphere_ttc,2018-2019,240,z850,m^2 s^-2,533.1101413360815,0.2318214977713034,730
fno,fno,sphere_ttc,2018-2019,240,z925,m^2 s^-2,529.1559742632213,0.22107222111867214,730
fno,fno,sphere_ttc,2018-2019,240,z1000,m^2 s^-2,539.1530173060386,0.21345660163125557,730
fno,fno,sphere_ttc,2018-2019,240,q50,kg kg^-1,1.8518107483447333e-07,-0.02693632823956881,730
fno,fno,sphere_ttc,2018-2019,240,q100,kg kg^-1,3.6839385380450817e-07,0.2812155087938941,730
fno,fno,sphere_ttc,2018-2019,240,q200,kg kg^-1,1.3629429724837414e-05,0.21674376861261654,730
fno,fno,sphere_ttc,2018-2019,240,q300,kg kg^-1,0.00012038557318724552,0.21173322139971945,730
fno,fno,sphere_ttc,2018-2019,240,q500,kg kg^-1,0.0007624356387797616,0.21912939539572338,730
fno,fno,sphere_ttc,2018-2019,240,q700,kg kg^-1,0.0014644835370645128,0.19772247778255322,730
fno,fno,sphere_ttc,2018-2019,240,q850,kg kg^-1,0.0017065979577548297,0.1724078821218141,730
fno,fno,sphere_ttc,2018-2019,240,q925,kg kg^-1,0.0014304205554217984,0.18285297565533026,730
fno,fno,sphere_ttc,2018-2019,240,q1000,kg kg^-1,0.001540871938038708,0.1614180286009613,730
fno,fno,sphere_ttc,2018-2019,240,t50,K,2.83156690357339,0.5699167390940754,730
fno,fno,sphere_ttc,2018-2019,240,t100,K,2.951357468208186,0.4397640534074386,730
fno,fno,sphere_ttc,2018-2019,240,t200,K,3.3601770125768815,0.3169982694787694,730
fno,fno,sphere_ttc,2018-2019,240,t300,K,2.4456794619357844,0.22684297907386045,730
fno,fno,sphere_ttc,2018-2019,240,t500,K,2.986880368691026,0.19692929517518232,730
fno,fno,sphere_ttc,2018-2019,240,t700,K,3.1166740187084887,0.1801042216155498,730
fno,fno,sphere_ttc,2018-2019,240,t850,K,3.3604628472733404,0.17487242575556233,730
fno,fno,sphere_ttc,2018-2019,240,t925,K,3.1633932514533525,0.16481759104191968,730
fno,fno,sphere_ttc,2018-2019,240,t1000,K,2.890886202510336,0.18702853290898172,730
fno,fno,sphere_ttc,2018-2019,240,u50,m s^-1,5.412908982295482,0.7191968811196046,730
fno,fno,sphere_ttc,2018-2019,240,u100,m s^-1,6.902919757100029,0.3261175304605435,730
fno,fno,sphere_ttc,2018-2019,240,u200,m s^-1,11.129551601066426,0.25023283062350066,730
fno,fno,sphere_ttc,2018-2019,240,u300,m s^-1,11.328312826885231,0.2252658534048537,730
fno,fno,sphere_ttc,2018-2019,240,u500,m s^-1,7.848716773146251,0.21650797160837157,730
fno,fno,sphere_ttc,2018-2019,240,u700,m s^-1,6.022781665437801,0.21326563359892084,730
fno,fno,sphere_ttc,2018-2019,240,u850,m s^-1,5.3223486845700885,0.18760510503546743,730
fno,fno,sphere_ttc,2018-2019,240,u925,m s^-1,5.15557748350996,0.17432732093696146,730
fno,fno,sphere_ttc,2018-2019,240,u1000,m s^-1,4.046143615425225,0.17248890475223264,730
fno,fno,sphere_ttc,2018-2019,240,v50,m s^-1,4.571506694440633,0.28838157682680243,730
fno,fno,sphere_ttc,2018-2019,240,v100,m s^-1,6.271857121057522,0.18151912200639464,730
fno,fno,sphere_ttc,2018-2019,240,v200,m s^-1,10.919054564489032,0.14518329472399177,730
fno,fno,sphere_ttc,2018-2019,240,v300,m s^-1,11.194444845175596,0.14707653219542333,730
fno,fno,sphere_ttc,2018-2019,240,v500,m s^-1,7.530609355134453,0.14655866655881158,730
fno,fno,sphere_ttc,2018-2019,240,v700,m s^-1,5.622899145021252,0.136909803669854,730
fno,fno,sphere_ttc,2018-2019,240,v850,m s^-1,4.957878858124347,0.12495863166411682,730
fno,fno,sphere_ttc,2018-2019,240,v925,m s^-1,5.02183350543313,0.12721831322716823,730
fno,fno,sphere_ttc,2018-2019,240,v1000,m s^-1,4.06742530332199,0.12855189675795917,730
fno,fno,sphere_ttc,2018-2019,240,u10,m s^-1,3.601833672293215,0.17275550457812847,730
fno,fno,sphere_ttc,2018-2019,240,v10,m s^-1,3.575654207643529,0.12840387335295372,730
fno,fno,sphere_ttc,2018-2019,240,t2m,K,3.0898569519702725,0.17247220863866408,730
fno,fno,sphere_ttc,2018-2019,240,mslp,Pa,684.244471289119,0.20891720487893378,730
vit,vit,raw,2018-2019,24,z50,m^2 s^-2,446.2815244299467,0.921907287902415,730
vit,vit,raw,2018-2019,24,z100,m^2 s^-2,400.3353144798642,0.9073924187760684,730
vit,vit,raw,2018-2019,24,z200,m^2 s^-2,475.5934254770776,0.8926601474534144,730
vit,vit,raw,2018-2019,24,z300,m^2 s^-2,492.5093872532119,0.890314139826104,730
vit,vit,raw,2018-2019,24,z500,m^2 s^-2,349.9084325394905,0.8977882038454587,730
vit,vit,raw,2018-2019,24,z700,m^2 s^-2,270.65079482559446,0.8950512909345573,730
vit,vit,raw,2018-2019,24,z850,m^2 s^-2,255.74210152098178,0.880252316250535,730
vit,vit,raw,2018-2019,24,z925,m^2 s^-2,261.74536578526073,0.8712488974781171,730
vit,vit,raw,2018-2019,24,z1000,m^2 s^-2,274.0714929172316,0.8627325235384717,730
vit,vit,raw,2018-2019,24,q50,kg kg^-1,9.623730600124272e-08,0.6755665920926763,730
vit,vit,raw,2018-2019,24,q100,kg kg^-1,2.940763758009827e-07,0.629923234093889,730
vit,vit,raw,2018-2019,24,q200,kg kg^-1,1.1228573097893059e-05,0.58265194323254,730
vit,vit,raw,2018-2019,24,q300,kg kg^-1,9.830689305458523e-05,0.5939087147929452,730
vit,vit,raw,2018-2019,24,q500,kg kg^-1,0.0006197153156303135,0.597801631790606,730
vit,vit,raw,2018-2019,24,q700,kg kg^-1,0.001218376745794514,0.5630374284417113,730
vit,vit,raw,2018-2019,24,q850,kg kg^-1,0.001461807476260182,0.49631843807106185,730
vit,vit,raw,2018-2019,24,q925,kg kg^-1,0.0011923764383474059,0.5238755801531124,730
vit,vit,raw,2018-2019,24,q1000,kg kg^-1,0.0012256672410800703,0.5523843191102078,730
vit,vit,raw,2018-2019,24,t50,K,1.6127670029255639,0.881833345005042,730
vit,vit,raw,2018-2019,24,t100,K,1.82388590499489,0.8233778371333652,730
vit,vit,raw,2018-2019,24,t200,K,2.158804688830461,0.788312502734739,730
vit,vit,raw,2018-2019,24,t300,K,1.780893100553438,0.6869596399987985,730
vit,vit,raw,2018-2019,24,t500,K,1.8745959565106756,0.7789377708499741,730
vit,vit,raw,2018-2019,24,t700,K,1.955007882482728,0.7669963274897845,730
vit,vit,raw,2018-2019,24,t850,K,2.237501720306069,0.7317071678396369,730
vit,vit,raw,2018-2019,24,t925,K,2.240938272879862,0.6787752494178173,730
vit,vit,raw,2018-2019,24,t1000,K,2.2331031955362515,0.5980736592219097,730
vit,vit,raw,2018-2019,24,u50,m s^-1,3.148772989385694,0.914124897142031,730
vit,vit,raw,2018-2019,24,u100,m s^-1,3.891331582724851,0.8402897349759637,730
vit,vit,raw,2018-2019,24,u200,m s^-1,6.323987929642402,0.8293281349372285,730
vit,vit,raw,2018-2019,24,u300,m s^-1,6.691771229001792,0.812920766955143,730
vit,vit,raw,2018-2019,24,u500,m s^-1,4.587962773606223,0.8153211044808849,730
vit,vit,raw,2018-2019,24,u700,m s^-1,3.6487674138424566,0.7988605933587932,730
vit,vit,raw,2018-2019,24,u850,m s^-1,3.3845598556471623,0.7702957494784339,730
vit,vit,raw,2018-2019,24,u925,m s^-1,3.367569799350326,0.7543009673351038,730
vit,vit,raw,2018-2019,24,u1000,m s^-1,2.6791448258381787,0.7464454920444877,730
vit,vit,raw,2018-2019,24,v50,m s^-1,2.2806342532515873,0.8758326891467368,730
vit,vit,raw,2018-2019,24,v100,m s^-1,3.2582096727807257,0.854317862120225,730
vit,vit,raw,2018-2019,24,v200,m s^-1,5.769811386646802,0.8485818309921785,730
vit,vit,raw,2018-2019,24,v300,m s^-1,6.164056192702122,0.8355184988752837,730
vit,vit,raw,2018-2019,24,v500,m s^-1,4.133974788942859,0.8359799810926009,730
vit,vit,raw,2018-2019,24,v700,m s^-1,3.2627599924626147,0.812432767737832,730
vit,vit,raw,2018-2019,24,v850,m s^-1,3.0946833040843993,0.7766903627690435,730
vit,vit,raw,2018-2019,24,v925,m s^-1,3.1694091385289016,0.7719597716125799,730
vit,vit,raw,2018-2019,24,v1000,m s^-1,2.6012312272885483,0.7645197212549106,730
vit,vit,raw,2018-2019,24,u10,m s^-1,2.3884441005084223,0.7449391020973165,730
vit,vit,raw,2018-2019,24,v10,m s^-1,2.302976680906279,0.760171014694795,730
vit,vit,raw,2018-2019,24,t2m,K,2.509428432316578,0.4951328585415577,730
vit,vit,raw,2018-2019,24,mslp,Pa,348.84745996074224,0.8609910548806052,730
vit,vit,raw,2018-2019,72,z50,m^2 s^-2,626.1057550808623,0.8389819399152743,730
vit,vit,raw,2018-2019,72,z100,m^2 s^-2,614.4374086357317,0.7642126685338682,730
vit,vit,raw,2018-2019,72,z200,m^2 s^-2,796.7669223512496,0.6556395032526283,730
vit,vit,raw,2018-2019,72,z300,m^2 s^-2,841.3240496424961,0.6284427489679634,730
vit,vit,raw,2018-2019,72,z500,m^2 s^-2,617.1810026968566,0.6297457799266435,730
vit,vit,raw,2018-2019,72,z700,m^2 s^-2,479.7499642855855,0.6126167333254022,730
vit,vit,raw,2018-2019,72,z850,m^2 s^-2,439.5875362580136,0.5790595894472842,730
vit,vit,raw,2018-2019,72,z925,m^2 s^-2,441.56839361935624,0.5614345421061349,730
vit,vit,raw,2018-2019,72,z1000,m^2 s^-2,453.99579349544445,0.547481580524615,730
vit,vit,raw,2018-2019,72,q50,kg kg^-1,1.0309930764859772e-07,0.6167106821470456,730
vit,vit,raw,2018-2019,72,q100,kg kg^-1,3.2319123498609516e-07,0.5214531669196202,730
vit,vit,raw,2018-2019,72,q200,kg kg^-1,1.270100360392421e-05,0.39543914875003294,730
vit,vit,raw,2018-2019,72,q300,kg kg^-1,0.0001129183080768054,0.3837007303665052,730
vit,vit,raw,2018-2019,72,q500,kg kg^-1,0.0007056982345482123,0.4095198054362464,730
vit,vit,raw,2018-2019,72,q700,kg kg^-1,0.001366026957548773,0.3804827669929387,730
vit,vit,raw,2018-2019,72,q850,kg kg^-1,0.0016077217426445833,0.32009223184915986,730
vit,vit,raw,2018-2019,72,q925,kg kg^-1,0.0013386789439816713,0.3321758477805647,730
vit,vit,raw,2018-2019,72,q1000,kg kg^-1,0.0014008471732543117,0.35592291519223856,730
vit,vit,raw,2018-2019,72,t50,K,2.017516778753541,0.8073278614268781,730
vit,vit,raw,2018-2019,72,t100,K,2.3250837478691877,0.6905205151783577,730
vit,vit,raw,2018-2019,72,t200,K,2.8725888060211777,0.5744161276565892,730
vit,vit,raw,2018-2019,72,t300,K,2.13382760715119,0.494338210278014,730
vit,vit,raw,2018-2019,72,t500,K,2.5436133925376483,0.5259025806554849,730
vit,vit,raw,2018-2019,72,t700,K,2.6064255405391643,0.5210083792833946,730
vit,vit,raw,2018-2019,72,t850,K,2.8568793379461974,0.49944963852115254,730
vit,vit,raw,2018-2019,72,t925,K,2.7551615275805688,0.45114325986969805,730
vit,vit,raw,2018-2019,72,t1000,K,2.611592243203185,0.3969784547171733,730
vit,vit,raw,2018-2019,72,u50,m s^-1,4.227451825576518,0.8389091167038086,730
vit,vit,raw,2018-2019,72,u100,m s^-1,5.52819535689436,0.63815669489639,730
vit,vit,raw,2018-2019,72,u200,m s^-1,9.286921675829815,0.5719246079645046,730
vit,vit,raw,2018-2019,72,u300,m s^-1,9.687197956765678,0.5381462474950776,730
vit,vit,raw,2018-2019,72,u500,m s^-1,6.695994714602089,0.535120654837636,730
vit,vit,raw,2018-2019,72,u700,m s^-1,5.211336278682284,0.5126866435834875,730
vit,vit,raw,2018-2019,72,u850,m s^-1,4.708955074094365,0.4634598391084963,730
vit,vit,raw,2018-2019,72,u925,m s^-1,4.623942570309543,0.43621960124604625,730
vit,vit,raw,2018-2019,72,u1000,m s^-1,3.650574649966783,0.4272012965067076,730
vit,vit,raw,2018-2019,72,v50,m s^-1,3.5451970421019867,0.6612516869133019,730
vit,vit,raw,2018-2019,72,v100,m s^-1,5.220817998163022,0.5540437474811197,730
vit,vit,raw,2018-2019,72,v200,m s^-1,9.575594951549002,0.4793582671670465,730
vit,vit,raw,2018-2019,72,v300,m s^-1,9.927279827293448,0.4664766416574463,730
vit,vit,raw,2018-2019,72,v500,m s^-1,6.635109769284089,0.4741382519805815,730
vit,vit,raw,2018-2019,72,v700,m s^-1,5.011949646935248,0.4464772860559901,730
vit,vit,raw,2018-2019,72,v850,m s^-1,4.521700300557745,0.3951180295640695,730
vit,vit,raw,2018-2019,72,v925,m s^-1,4.607163755695016,0.38698620860246746,730
vit,vit,raw,2018-2019,72,v1000,m s^-1,3.732582823069626,0.38671704080765845,730
vit,vit,raw,2018-2019,72,u10,m s^-1,3.2486970247169413,0.42600462198555117,730
vit,vit,raw,2018-2019,72,v10,m s^-1,3.289941779951475,0.37976730324876184,730
vit,vit,raw,2018-2019,72,t2m,K,2.7795262639231115,0.33782373945163524,730
vit,vit,raw,2018-2019,72,mslp,Pa,575.7922902349483,0.5447285257890546,730
vit,vit,raw,2018-2019,120,z50,m^2 s^-2,766.5775453445927,0.7460919728529809,730
vit,vit,raw,2018-2019,120,z100,m^2 s^-2,741.8795632627888,0.6283637591701965,730
vit,vit,raw,2018-2019,120,z200,m^2 s^-2,937.3782095091987,0.4624691427953455,730
vit,vit,raw,2018-2019,120,z300,m^2 s^-2,980.5079446144507,0.42490115513816445,730
vit,vit,raw,2018-2019,120,z500,m^2 s^-2,720.5460495667386,0.4241668875147394,730
vit,vit,raw,2018-2019,120,z700,m^2 s^-2,554.4758974258472,0.4103575804161675,730
vit,vit,raw,2018-2019,120,z850,m^2 s^-2,498.7497809377416,0.38443503912192184,730
vit,vit,raw,2018-2019,120,z925,m^2 s^-2,497.087843961936,0.3689010087182392,730
vit,vit,raw,2018-2019,120,z1000,m^2 s^-2,508.4332429560524,0.3556848256264342,730
vit,vit,raw,2018-2019,120,q50,kg kg^-1,1.0693692549075041e-07,0.5796474552398689,730
vit,vit,raw,2018-2019,120,q100,kg kg^-1,3.406866168422223e-07,0.4440273990903542,730
vit,vit,raw,2018-2019,120,q200,kg kg^-1,1.3177380541677215e-05,0.3095265155686985,730
vit,vit,raw,2018-2019,120,q300,kg kg^-1,0.0001171735951508018,0.29197055267271554,730
vit,vit,raw,2018-2019,120,q500,kg kg^-1,0.0007376923344895622,0.3083195332367635,730
vit,vit,raw,2018-2019,120,q700,kg kg^-1,0.0014250455078849023,0.27684495812637644,730
vit,vit,raw,2018-2019,120,q850,kg kg^-1,0.0016648580663323213,0.22967557013923062,730
vit,vit,raw,2018-2019,120,q925,kg kg^-1,0.0014000722787030307,0.2261247961248264,730
vit,vit,raw,2018-2019,120,q1000,kg kg^-1,0.001494477546567644,0.21550431682386076,730
vit,vit,raw,2018-2019,120,t50,K,2.310766766517147,0.7365492279300487,730
vit,vit,raw,2018-2019,120,t100,K,2.616692445208255,0.5825690686145623,730
vit,vit,raw,2018-2019,120,t200,K,3.152196100540045,0.44176197347240437,730
vit,vit,raw,2018-2019,120,t300,K,2.3094914896304783,0.35124944810552244,730
vit,vit,raw,2018-2019,120,t500,K,2.81576305609639,0.3442472528409125,730
vit,vit,raw,2018-2019,120,t700,K,2.8963179542367152,0.3336821744328968,730
vit,vit,raw,2018-2019,120,t850,K,3.1586361426981773,0.3135784620413938,730
vit,vit,raw,2018-2019,120,t925,K,3.0045025536628045,0.2854192683360668,730
vit,vit,raw,2018-2019,120,t1000,K,2.8035809160284773,0.2652761527485228,730
vit,vit,raw,2018-2019,120,u50,m s^-1,4.863115414347447,0.7797719443272862,730
vit,vit,raw,2018-2019,120,u100,m s^-1,6.313988956794442,0.47920456309813475,730
vit,vit,raw,2018-2019,120,u200,m s^-1,10.434475840898077,0.3919566332289655,730
vit,vit,raw,2018-2019,120,u300,m s^-1,10.7450740216241,0.35787469115603404,730
vit,vit,raw,2018-2019,120,u500,m s^-1,7.441076774963382,0.3484403941548047,730
vit,vit,raw,2018-2019,120,u700,m s^-1,5.728561569671091,0.3365537568037131,730
vit,vit,raw,2018-2019,120,u850,m s^-1,5.0808703483071636,0.3028655922367595,730
vit,vit,raw,2018-2019,120,u925,m s^-1,4.95429065779672,0.27924828355581255,730
vit,vit,raw,2018-2019,120,u1000,m s^-1,3.9097833206335384,0.2687943838150023,730
vit,vit,raw,2018-2019,120,v50,m s^-1,4.140641991212422,0.48293274804852415,730
vit,vit,raw,2018-2019,120,v100,m s^-1,5.916085307853664,0.3359311066074511,730
vit,vit,raw,2018-2019,120,v200,m s^-1,10.560050970970329,0.2565398056705421,730
vit,vit,raw,2018-2019,120,v300,m s^-1,10.86614782565875,0.25292146196772647,730
vit,vit,raw,2018-2019,120,v500,m s^-1,7.2866949239192005,0.2585002099440266,730
vit,vit,raw,2018-2019,120,v700,m s^-1,5.446203739954074,0.24194641248427953,730
vit,vit,raw,2018-2019,120,v850,m s^-1,4.8233815589483475,0.21442614095065235,730
vit,vit,raw,2018-2019,120,v925,m s^-1,4.903718405957373,0.20852504015240036,730
vit,vit,raw,2018-2019,120,v1000,m s^-1,3.9838935971490703,0.20193410680080995,730
vit,vit,raw,2018-2019,120,u10,m s^-1,3.4771701175017853,0.2691983195498356,730
vit,vit,raw,2018-2019,120,v10,m s^-1,3.502769388898612,0.1998477866374681,730
vit,vit,raw,2018-2019,120,t2m,K,2.940260818283585,0.2304032356324474,730
vit,vit,raw,2018-2019,120,mslp,Pa,644.0797397628226,0.3535873508075308,730
vit,vit,raw,2018-2019,168,z50,m^2 s^-2,855.731872834553,0.6709549906876413,730
vit,vit,raw,2018-2019,168,z100,m^2 s^-2,805.2701158638788,0.5395374496433755,730
vit,vit,raw,2018-2019,168,z200,m^2 s^-2,991.9967853435057,0.35502692278313924,730
vit,vit,raw,2018-2019,168,z300,m^2 s^-2,1032.4148338370155,0.31208662627775874,730
vit,vit,raw,2018-2019,168,z500,m^2 s^-2,759.795535903196,0.30704570948084875,730
vit,vit,raw,2018-2019,168,z700,m^2 s^-2,582.758794607715,0.2960277376840627,730
vit,vit,raw,2018-2019,168,z850,m^2 s^-2,520.807715536646,0.2774819321537326,730
vit,vit,raw,2018-2019,168,z925,m^2 s^-2,517.3030969498152,0.26616551834227675,730
vit,vit,raw,2018-2019,168,z1000,m^2 s^-2,527.9880715333509,0.25539567705179683,730
vit,vit,raw,2018-2019,168,q50,kg kg^-1,1.1001860621972478e-07,0.5486965285368877,730
vit,vit,raw,2018-2019,168,q100,kg kg^-1,3.5232977968792715e-07,0.38668772892926834,730
vit,vit,raw,2018-2019,168,q200,kg kg^-1,1.3406067739925767e-05,0.2632759833040071,730
vit,vit,raw,2018-2019,168,q300,kg kg^-1,0.000119019772274316,0.2454540214527819,730
vit,vit,raw,2018-2019,168,q500,kg kg^-1,0.0007517578229035927,0.2562911334704141,730
vit,vit,raw,2018-2019,168,q700,kg kg^-1,0.0014493117607026625,0.22802439825468296,730
vit,vit,raw,2018-2019,168,q850,kg kg^-1,0.0016887220301032776,0.19040495208130537,730
vit,vit,raw,2018-2019,168,q925,kg kg^-1,0.0014241211983917535,0.18349319173711545,730
vit,vit,raw,2018-2019,168,q1000,kg kg^-1,0.001528167517100457,0.16230833691860677,730
vit,vit,raw,2018-2019,168,t50,K,2.4996164032832144,0.6813882587448868,730
vit,vit,raw,2018-2019,168,t100,K,2.76685610684152,0.5148638224913784,730
vit,vit,raw,2018-2019,168,t200,K,3.2726796348738074,0.3695274369274375,730
vit,vit,raw,2018-2019,168,t300,K,2.3756714309069484,0.2836879858759468,730
vit,vit,raw,2018-2019,168,t500,K,2.913764039635714,0.2525056309407922,730
vit,vit,raw,2018-2019,168,t700,K,3.0045839031028008,0.23893054124496707,730
vit,vit,raw,2018-2019,168,t850,K,3.273612696960147,0.22061458334959502,730
vit,vit,raw,2018-2019,168,t925,K,3.1084005823021634,0.2047647796408001,730
vit,vit,raw,2018-2019,168,t1000,K,2.8978844418558563,0.19873057532325153,730
vit,vit,raw,2018-2019,168,u50,m s^-1,5.201971291444106,0.7428859769211925,730
vit,vit,raw,2018-2019,168,u100,m s^-1,6.662755864731967,0.3847169715523623,730
vit,vit,raw,2018-2019,168,u200,m s^-1,10.870372036746879,0.29429327919020565,730
vit,vit,raw,2018-2019,168,u300,m s^-1,11.12169935111987,0.2637510899723242,730
vit,vit,raw,2018-2019,168,u500,m s^-1,7.6996576931109635,0.25287164474658325,730
vit,vit,raw,2018-2019,168,u700,m s^-1,5.911784813993562,0.2483363801123625,730
vit,vit,raw,2018-2019,168,u850,m s^-1,5.2100760527753325,0.22750206429072908,730
vit,vit,raw,2018-2019,168,u925,m s^-1,5.065948787157145,0.20843234267106825,730
vit,vit,raw,2018-2019,168,u1000,m s^-1,3.9978341058754534,0.1976839565897465,730
vit,vit,raw,2018-2019,168,v50,m s^-1,4.402926046052902,0.36802832020315374,730
vit,vit,raw,2018-2019,168,v100,m s^-1,6.12320857395737,0.23135762017768868,730
vit,vit,raw,2018-2019,168,v200,m s^-1,10.766724337786798,0.17542923065984634,730
vit,vit,raw,2018-2019,168,v300,m s^-1,11.06210113767611,0.1756028713347793,730
vit,vit,raw,2018-2019,168,v500,m s^-1,7.4304282584119,0.1771306459887063,730
vit,vit,raw,2018-2019,168,v700,m s^-1,5.548035233404401,0.16337242627989282,730
vit,vit,raw,2018-2019,168,v850,m s^-1,4.896734583566119,0.14764837422063237,730
vit,vit,raw,2018-2019,168,v925,m s^-1,4.971589068428354,0.14741261596902316,730
vit,vit,raw,2018-2019,168,v1000,m s^-1,4.0380351417279705,0.14348476919390107,730
vit,vit,raw,2018-2019,168,u10,m s^-1,3.5560096894084348,0.1979254780340787,730
vit,vit,raw,2018-2019,168,v10,m s^-1,3.550154112632367,0.14230665132641906,730
vit,vit,raw,2018-2019,168,t2m,K,3.0284762754669465,0.1739376402313194,730
vit,vit,raw,2018-2019,168,mslp,Pa,668.594900430634,0.2540783435812406,730
vit,vit,raw,2018-2019,240,z50,m^2 s^-2,943.589695969998,0.5832875409014585,730
vit,vit,raw,2018-2019,240,z100,m^2 s^-2,857.20221977708,0.4539991425981015,730
vit,vit,raw,2018-2019,240,z200,m^2 s^-2,1027.4585995975635,0.2708175052994026,730
vit,vit,raw,2018-2019,240,z300,m^2 s^-2,1063.3763415011563,0.22822922417423114,730
vit,vit,raw,2018-2019,240,z500,m^2 s^-2,782.8235057671089,0.2199184208362999,730
vit,vit,raw,2018-2019,240,z700,m^2 s^-2,599.2687445455606,0.21138678852685264,730
vit,vit,raw,2018-2019,240,z850,m^2 s^-2,533.8238273626447,0.1986145927777918,730
vit,vit,raw,2018-2019,240,z925,m^2 s^-2,529.4021072291823,0.1904061322687495,730
vit,vit,raw,2018-2019,240,z1000,m^2 s^-2,539.8824123027808,0.1818741747185583,730
vit,vit,raw,2018-2019,240,q50,kg kg^-1,1.1369781825570055e-07,0.5113149689533524,730
vit,vit,raw,2018-2019,240,q100,kg kg^-1,3.650854432270422e-07,0.31841036989366805,730
vit,vit,raw,2018-2019,240,q200,kg kg^-1,1.36098478173163e-05,0.22177422048634118,730
vit,vit,raw,2018-2019,240,q300,kg kg^-1,0.00012071230350983537,0.2017829502936074,730
vit,vit,raw,2018-2019,240,q500,kg kg^-1,0.0007634384303237747,0.21118453879880617,730
vit,vit,raw,2018-2019,240,q700,kg kg^-1,0.0014680348354388637,0.18963850032009044,730
vit,vit,raw,2018-2019,240,q850,kg kg^-1,0.0017071553976286083,0.1608346135482647,730
vit,vit,raw,2018-2019,240,q925,kg kg^-1,0.0014438816445778394,0.15275966032702434,730
vit,vit,raw,2018-2019,240,q1000,kg kg^-1,0.001551657789169548,0.13123922145746786,730
vit,vit,raw,2018-2019,240,t50,K,2.70970872901041,0.610861742378543,730
vit,vit,raw,2018-2019,240,t100,K,2.9145155548221453,0.4407230736226994,730
vit,vit,raw,2018-2019,240,t200,K,3.3587959420963878,0.3116461895914395,730
vit,vit,raw,2018-2019,240,t300,K,2.427132674427443,0.22811484982615848,730
vit,vit,raw,2018-2019,240,t500,K,2.974003304243982,0.18707219818570986,730
vit,vit,raw,2018-2019,240,t700,K,3.0762438413359994,0.17068719216140893,730
vit,vit,raw,2018-2019,240,t850,K,3.3524279307845086,0.15556775943969833,730
vit,vit,raw,2018-2019,240,t925,K,3.1858319536279427,0.14886804410781035,730
vit,vit,raw,2018-2019,240,t1000,K,2.9798009309144295,0.14899902416176267,730
vit,vit,raw,2018-2019,240,u50,m s^-1,5.514906265094592,0.7053797845444281,730
vit,vit,raw,2018-2019,240,u100,m s^-1,6.937986909458312,0.2982029628992893,730
vit,vit,raw,2018-2019,240,u200,m s^-1,11.157989167555412,0.21744279838565728,730
vit,vit,raw,2018-2019,240,u300,m s^-1,11.33873963026708,0.19646289252512342,730
vit,vit,raw,2018-2019,240,u500,m s^-1,7.845225363414199,0.1857413840930572,730
vit,vit,raw,2018-2019,240,u700,m s^-1,6.025791203514988,0.18333034759825717,730
vit,vit,raw,2018-2019,240,u850,m s^-1,5.29598997968384,0.1718885311946374,730
vit,vit,raw,2018-2019,240,u925,m s^-1,5.138314595062702,0.15861407064435734,730
vit,vit,raw,2018-2019,240,u1000,m s^-1,4.051726353166756,0.1506925998551516,730
vit,vit,raw,2018-2019,240,v50,m s^-1,4.578592217487379,0.2655232629457827,730
vit,vit,raw,2018-2019,240,v100,m s^-1,6.226524230720884,0.16254022834897686,730
vit,vit,raw,2018-2019,240,v200,m s^-1,10.850175018276405,0.1328641831918612,730
vit,vit,raw,2018-2019,240,v300,m s^-1,11.138056063846049,0.1362538994577861,730
vit,vit,raw,2018-2019,240,v500,m s^-1,7.4904755371086305,0.1334838972721651,730
vit,vit,raw,2018-2019,240,v700,m s^-1,5.592910346022763,0.12130133476199591,730
vit,vit,raw,2018-2019,240,v850,m s^-1,4.93246509562933,0.11152026957678475,730
vit,vit,raw,2018-2019,240,v925,m s^-1,5.00685194150292,0.11394394378119495,730
vit,vit,raw,2018-2019,240,v1000,m s^-1,4.0664885968708875,0.11275062815147258,730
vit,vit,raw,2018-2019,240,u10,m s^-1,3.604628660398382,0.15054451129162505,730
vit,vit,raw,2018-2019,240,v10,m s^-1,3.5756338084068595,0.11159650909329709,730
vit,vit,raw,2018-2019,240,t2m,K,3.1116422789844753,0.12956444491875216,730
vit,vit,raw,2018-2019,240,mslp,Pa,683.5751337210716,0.18098408705721347,730
vit,vit,sphere_ttc,2018-2019,24,z50,m^2 s^-2,410.2843420107931,0.9344075807944098,730
vit,vit,sphere_ttc,2018-2019,24,z100,m^2 s^-2,375.02047943508256,0.9193058462605601,730
vit,vit,sphere_ttc,2018-2019,24,z200,m^2 s^-2,456.873844258606,0.9014748310385535,730
vit,vit,sphere_ttc,2018-2019,24,z300,m^2 s^-2,478.4374208257587,0.8968955768817827,730
vit,vit,sphere_ttc,2018-2019,24,z500,m^2 s^-2,341.8331583921751,0.9027416357154369,730
vit,vit,sphere_ttc,2018-2019,24,z700,m^2 s^-2,266.2654557905435,0.8986568092079048,730
vit,vit,sphere_ttc,2018-2019,24,z850,m^2 s^-2,253.38100709193446,0.8826379175619112,730
vit,vit,sphere_ttc,2018-2019,24,z925,m^2 s^-2,259.8809988468642,0.8732435851149919,730
vit,vit,sphere_ttc,2018-2019,24,z1000,m^2 s^-2,272.27293414674625,0.8647071899401559,730
vit,vit,sphere_ttc,2018-2019,24,q50,kg kg^-1,9.622931325344763e-08,0.6756227447741371,730
vit,vit,sphere_ttc,2018-2019,24,q100,kg kg^-1,2.9407428074621633e-07,0.6299304371549675,730
vit,vit,sphere_ttc,2018-2019,24,q200,kg kg^-1,1.1222422452426435e-05,0.5832733622328415,730
vit,vit,sphere_ttc,2018-2019,24,q300,kg kg^-1,9.828786502121106e-05,0.5941197536061208,730
vit,vit,sphere_ttc,2018-2019,24,q500,kg kg^-1,0.0006196747523858415,0.5978721526307826,730
vit,vit,sphere_ttc,2018-2019,24,q700,kg kg^-1,0.0012150402811669343,0.5663305890718199,730
vit,vit,sphere_ttc,2018-2019,24,q850,kg kg^-1,0.0014483190561022999,0.5088571036649747,730
vit,vit,sphere_ttc,2018-2019,24,q925,kg kg^-1,0.0011531611530672988,0.5603350275541937,730
vit,vit,sphere_ttc,2018-2019,24,q1000,kg kg^-1,0.0011477969764719278,0.608895974064634,730
vit,vit,sphere_ttc,2018-2019,24,t50,K,1.491146765075178,0.8998593566607034,730
vit,vit,sphere_ttc,2018-2019,24,t100,K,1.7640853172472597,0.8357988961516629,730
vit,vit,sphere_ttc,2018-2019,24,t200,K,2.1332008741328887,0.7939377358204697,730
vit,vit,sphere_ttc,2018-2019,24,t300,K,1.7651394205356934,0.6936707678697039,730
vit,vit,sphere_ttc,2018-2019,24,t500,K,1.8606932368839029,0.7826558592219648,730
vit,vit,sphere_ttc,2018-2019,24,t700,K,1.9015264565165588,0.7812240576892332,730
vit,vit,sphere_ttc,2018-2019,24,t850,K,2.174842011767177,0.7488503931109446,730
vit,vit,sphere_ttc,2018-2019,24,t925,K,2.159861305128735,0.7047621032816122,730
vit,vit,sphere_ttc,2018-2019,24,t1000,K,2.0543192941015227,0.6569730315762795,730
vit,vit,sphere_ttc,2018-2019,24,u50,m s^-1,2.9971066385462053,0.9225426920106327,730
vit,vit,sphere_ttc,2018-2019,24,u100,m s^-1,3.829118564529571,0.8458240027666546,730
vit,vit,sphere_ttc,2018-2019,24,u200,m s^-1,6.3058558612223345,0.8304064436954428,730
vit,vit,sphere_ttc,2018-2019,24,u300,m s^-1,6.689766306271884,0.8130457783223032,730
vit,vit,sphere_ttc,2018-2019,24,u500,m s^-1,4.584574967718218,0.8156250952010979,730
vit,vit,sphere_ttc,2018-2019,24,u700,m s^-1,3.645098832487944,0.7993184032677717,730
vit,vit,sphere_ttc,2018-2019,24,u850,m s^-1,3.382024607717063,0.770695432658148,730
vit,vit,sphere_ttc,2018-2019,24,u925,m s^-1,3.365583152567604,0.7546418018608769,730
vit,vit,sphere_ttc,2018-2019,24,u1000,m s^-1,2.6751844735905586,0.7473311646580771,730
vit,vit,sphere_ttc,2018-2019,24,v50,m s^-1,2.2200748403748194,0.8828131776037605,730
vit,vit,sphere_ttc,2018-2019,24,v100,m s^-1,3.1924077356435414,0.8605983558662698,730
vit,vit,sphere_ttc,2018-2019,24,v200,m s^-1,5.71276053455457,0.8518125426274044,730
vit,vit,sphere_ttc,2018-2019,24,v300,m s^-1,6.1552917048684614,0.8360315240577025,730
vit,vit,sphere_ttc,2018-2019,24,v500,m s^-1,4.130937252587334,0.8362442348690998,730
vit,vit,sphere_ttc,2018-2019,24,v700,m s^-1,3.2568068731486783,0.8131984781545748,730
vit,vit,sphere_ttc,2018-2019,24,v850,m s^-1,3.086562133247782,0.7780456160665054,730
vit,vit,sphere_ttc,2018-2019,24,v925,m s^-1,3.1657738961690365,0.772569124353024,730
vit,vit,sphere_ttc,2018-2019,24,v1000,m s^-1,2.5953788169786782,0.7657499582146625,730
vit,vit,sphere_ttc,2018-2019,24,u10,m s^-1,2.384611974266102,0.7459088066347551,730
vit,vit,sphere_ttc,2018-2019,24,v10,m s^-1,2.297400908587463,0.761525641925642,730
vit,vit,sphere_ttc,2018-2019,24,t2m,K,2.2347880595122827,0.5727899136496292,730
vit,vit,sphere_ttc,2018-2019,24,mslp,Pa,346.23637001200854,0.8632799543054195,730
vit,vit,sphere_ttc,2018-2019,72,z50,m^2 s^-2,621.1812843309082,0.8419408711861255,730
vit,vit,sphere_ttc,2018-2019,72,z100,m^2 s^-2,610.5226119975197,0.7676846063002177,730
vit,vit,sphere_ttc,2018-2019,72,z200,m^2 s^-2,795.4707207648677,0.6570777572444604,730
vit,vit,sphere_ttc,2018-2019,72,z300,m^2 s^-2,840.1294865900219,0.6298215193776564,730
vit,vit,sphere_ttc,2018-2019,72,z500,m^2 s^-2,616.3601750862583,0.6310273783663428,730
vit,vit,sphere_ttc,2018-2019,72,z700,m^2 s^-2,479.43444470778303,0.6132935010101752,730
vit,vit,sphere_ttc,2018-2019,72,z850,m^2 s^-2,439.39596243521225,0.5795644783769067,730
vit,vit,sphere_ttc,2018-2019,72,z925,m^2 s^-2,441.3913788287742,0.5619365782211923,730
vit,vit,sphere_ttc,2018-2019,72,z1000,m^2 s^-2,453.8765133994794,0.5478439101408579,730
vit,vit,sphere_ttc,2018-2019,72,q50,kg kg^-1,1.0309289879710158e-07,0.6167618746270379,730
vit,vit,sphere_ttc,2018-2019,72,q100,kg kg^-1,3.231905376979405e-07,0.5214561599050518,730
vit,vit,sphere_ttc,2018-2019,72,q200,kg kg^-1,1.2700882091365122e-05,0.3954583952918061,730
vit,vit,sphere_ttc,2018-2019,72,q300,kg kg^-1,0.0001129183080768054,0.3837007303665052,730
vit,vit,sphere_ttc,2018-2019,72,q500,kg kg^-1,0.0007056982345482123,0.4095198054362464,730
vit,vit,sphere_ttc,2018-2019,72,q700,kg kg^-1,0.0013659860456222243,0.38054481091462183,730
vit,vit,sphere_ttc,2018-2019,72,q850,kg kg^-1,0.0016039954635949443,0.32441929630076377,730
vit,vit,sphere_ttc,2018-2019,72,q925,kg kg^-1,0.0013225610088231695,0.34993436669982697,730
vit,vit,sphere_ttc,2018-2019,72,q1000,kg kg^-1,0.0013563971541801906,0.39064553727574575,730
vit,vit,sphere_ttc,2018-2019,72,t50,K,1.9810296941111145,0.8148353038654358,730
vit,vit,sphere_ttc,2018-2019,72,t100,K,2.3106706730652142,0.6951621196007782,730
vit,vit,sphere_ttc,2018-2019,72,t200,K,2.871116437743251,0.575021379442208,730
vit,vit,sphere_ttc,2018-2019,72,t300,K,2.13169969390226,0.4958877689590514,730
vit,vit,sphere_ttc,2018-2019,72,t500,K,2.542111592278387,0.5267059924248726,730
vit,vit,sphere_ttc,2018-2019,72,t700,K,2.597679017918298,0.5254474509123697,730
vit,vit,sphere_ttc,2018-2019,72,t850,K,2.8374031691718695,0.5085991291798753,730
vit,vit,sphere_ttc,2018-2019,72,t925,K,2.7237835705027296,0.46585605738270675,730
vit,vit,sphere_ttc,2018-2019,72,t1000,K,2.4952602978540313,0.439829059524617,730
vit,vit,sphere_ttc,2018-2019,72,u50,m s^-1,4.192814712613799,0.8417938478459722,730
vit,vit,sphere_ttc,2018-2019,72,u100,m s^-1,5.52500232825824,0.6387011816214516,730
vit,vit,sphere_ttc,2018-2019,72,u200,m s^-1,9.284752764312621,0.5722004086686374,730
vit,vit,sphere_ttc,2018-2019,72,u300,m s^-1,9.686474788694865,0.5382453068707928,730
vit,vit,sphere_ttc,2018-2019,72,u500,m s^-1,6.6951181505334425,0.5352951839140043,730
vit,vit,sphere_ttc,2018-2019,72,u700,m s^-1,5.211293572835077,0.5126977685377951,730
vit,vit,sphere_ttc,2018-2019,72,u850,m s^-1,4.70894149750609,0.46346327033599116,730
vit,vit,sphere_ttc,2018-2019,72,u925,m s^-1,4.623733531417377,0.4362879461952903,730
vit,vit,sphere_ttc,2018-2019,72,u1000,m s^-1,3.6501845810100892,0.4273682326702616,730
vit,vit,sphere_ttc,2018-2019,72,v50,m s^-1,3.5384506141899257,0.6628761471443169,730
vit,vit,sphere_ttc,2018-2019,72,v100,m s^-1,5.183170847218131,0.562906214241819,730
vit,vit,sphere_ttc,2018-2019,72,v200,m s^-1,9.509472917703107,0.4901963582887322,730
vit,vit,sphere_ttc,2018-2019,72,v300,m s^-1,9.867486759507113,0.47636418240517714,730
vit,vit,sphere_ttc,2018-2019,72,v500,m s^-1,6.604105995497047,0.4816262343402256,730
vit,vit,sphere_ttc,2018-2019,72,v700,m s^-1,4.9994312346965515,0.4507666250654587,730
vit,vit,sphere_ttc,2018-2019,72,v850,m s^-1,4.516941250878566,0.3971873460891339,730
vit,vit,sphere_ttc,2018-2019,72,v925,m s^-1,4.604977736851401,0.3879403003777131,730
vit,vit,sphere_ttc,2018-2019,72,v1000,m s^-1,3.7306827854810494,0.38769115058785675,730
vit,vit,sphere_ttc,2018-2019,72,u10,m s^-1,3.2484390596301083,0.4261319473757966,730
vit,vit,sphere_ttc,2018-2019,72,v10,m s^-1,3.2883853329828803,0.38068277545292956,730
vit,vit,sphere_ttc,2018-2019,72,t2m,K,2.5685314857670405,0.3962135863464306,730
vit,vit,sphere_ttc,2018-2019,72,mslp,Pa,575.4719833469693,0.54547131513908,730
vit,vit,sphere_ttc,2018-2019,120,z50,m^2 s^-2,764.8928201705511,0.7476531633806044,730
vit,vit,sphere_ttc,2018-2019,120,z100,m^2 s^-2,740.3333260701348,0.6305358267300797,730
vit,vit,sphere_ttc,2018-2019,120,z200,m^2 s^-2,937.1269318209663,0.46302464475909255,730
vit,vit,sphere_ttc,2018-2019,120,z300,m^2 s^-2,980.0651450426126,0.4258078193793043,730
vit,vit,sphere_ttc,2018-2019,120,z500,m^2 s^-2,720.3031862010398,0.4248650412029811,730
vit,vit,sphere_ttc,2018-2019,120,z700,m^2 s^-2,554.3959773293259,0.4106751300961209,730
vit,vit,sphere_ttc,2018-2019,120,z850,m^2 s^-2,498.6804328650078,0.3847215516707024,730
vit,vit,sphere_ttc,2018-2019,120,z925,m^2 s^-2,497.03974155745334,0.36912824292997565,730
vit,vit,sphere_ttc,2018-2019,120,z1000,m^2 s^-2,508.4139584285624,0.35581374603653204,730
vit,vit,sphere_ttc,2018-2019,120,q50,kg kg^-1,1.069311207049845e-07,0.5796982302939752,730
vit,vit,sphere_ttc,2018-2019,120,q100,kg kg^-1,3.406862343269542e-07,0.4440298402322809,730
vit,vit,sphere_ttc,2018-2019,120,q200,kg kg^-1,1.3177338338337039e-05,0.3095374920998533,730
vit,vit,sphere_ttc,2018-2019,120,q300,kg kg^-1,0.0001171735951508018,0.29197055267271554,730
vit,vit,sphere_ttc,2018-2019,120,q500,kg kg^-1,0.0007376889392269888,0.3083303551361071,730
vit,vit,sphere_ttc,2018-2019,120,q700,kg kg^-1,0.0014250060319714248,0.27691041398330235,730
vit,vit,sphere_ttc,2018-2019,120,q850,kg kg^-1,0.001661208417674129,0.23407074355017624,730
vit,vit,sphere_ttc,2018-2019,120,q925,kg kg^-1,0.0013873302517404917,0.24065948097745474,730
vit,vit,sphere_ttc,2018-2019,120,q1000,kg kg^-1,0.0014627423806573214,0.2377488825413333,730
vit,vit,sphere_ttc,2018-2019,120,t50,K,2.3026852366611394,0.7385787011617151,730
vit,vit,sphere_ttc,2018-2019,120,t100,K,2.612029860404403,0.5845254605202218,730
vit,vit,sphere_ttc,2018-2019,120,t200,K,3.1510959188848915,0.4424395558227827,730
vit,vit,sphere_ttc,2018-2019,120,t300,K,2.3095536692458607,0.35150829525026567,730
vit,vit,sphere_ttc,2018-2019,120,t500,K,2.8148689748926277,0.3449519327999567,730
vit,vit,sphere_ttc,2018-2019,120,t700,K,2.892887218951968,0.336106529108549,730
vit,vit,sphere_ttc,2018-2019,120,t850,K,3.152921454790403,0.31710957800911277,730
vit,vit,sphere_ttc,2018-2019,120,t925,K,2.986818963557998,0.29390404391246044,730
vit,vit,sphere_ttc,2018-2019,120,t1000,K,2.7193314930074948,0.2935639091792983,730
vit,vit,sphere_ttc,2018-2019,120,u50,m s^-1,4.84888546857874,0.7812836751723674,730
vit,vit,sphere_ttc,2018-2019,120,u100,m s^-1,6.313250510032492,0.47944211837945777,730
vit,vit,sphere_ttc,2018-2019,120,u200,m s^-1,10.434107504096326,0.3920320238879038,730
vit,vit,sphere_ttc,2018-2019,120,u300,m s^-1,10.744996382745178,0.3578906172253952,730
vit,vit,sphere_ttc,2018-2019,120,u500,m s^-1,7.441379767985139,0.3483583472167972,730
vit,vit,sphere_ttc,2018-2019,120,u700,m s^-1,5.728737621288013,0.336479557992578,730
vit,vit,sphere_ttc,2018-2019,120,u850,m s^-1,5.080904110618058,0.30283265990419916,730
vit,vit,sphere_ttc,2018-2019,120,u925,m s^-1,4.95413703653077,0.27929443153039313,730
vit,vit,sphere_ttc,2018-2019,120,u1000,m s^-1,3.9094682495161233,0.2689194950680866,730
vit,vit,sphere_ttc,2018-2019,120,v50,m s^-1,4.136346502487064,0.4843661039412506,730
vit,vit,sphere_ttc,2018-2019,120,v100,m s^-1,5.914740759274571,0.3364627119573182,730
vit,vit,sphere_ttc,2018-2019,120,v200,m s^-1,10.558062825352021,0.2571301649450745,730
vit,vit,sphere_ttc,2018-2019,120,v300,m s^-1,10.866318643164135,0.252874530145077,730
vit,vit,sphere_ttc,2018-2019,120,v500,m s^-1,7.286576692736087,0.2585729498573553,730
vit,vit,sphere_ttc,2018-2019,120,v700,m s^-1,5.445839647127898,0.24213066397609395,730
vit,vit,sphere_ttc,2018-2019,120,v850,m s^-1,4.823033041380358,0.2145847826851224,730
vit,vit,sphere_ttc,2018-2019,120,v925,m s^-1,4.903372029411493,0.20870051650707994,730
vit,vit,sphere_ttc,2018-2019,120,v1000,m s^-1,3.9833581473330013,0.2022771697161233,730
vit,vit,sphere_ttc,2018-2019,120,u10,m s^-1,3.476916107142664,0.2693265768719112,730
vit,vit,sphere_ttc,2018-2019,120,v10,m s^-1,3.5022625875335605,0.2002149184347914,730
vit,vit,sphere_ttc,2018-2019,120,t2m,K,2.7590865854813598,0.27839043102045435,730
vit,vit,sphere_ttc,2018-2019,120,mslp,Pa,644.0413898307069,0.3537916520357092,730
vit,vit,sphere_ttc,2018-2019,168,z50,m^2 s^-2,854.9166474956724,0.6716799263349958,730
vit,vit,sphere_ttc,2018-2019,168,z100,m^2 s^-2,804.5682123912247,0.5409708664079115,730
vit,vit,sphere_ttc,2018-2019,168,z200,m^2 s^-2,991.8194495928951,0.3556998984333098,730
vit,vit,sphere_ttc,2018-2019,168,z300,m^2 s^-2,1032.2249325958962,0.3127968955353554,730
vit,vit,sphere_ttc,2018-2019,168,z500,m^2 s^-2,759.9427177403409,0.30691408355081734,730
vit,vit,sphere_ttc,2018-2019,168,z700,m^2 s^-2,582.8930202282593,0.2957631302731769,730
vit,vit,sphere_ttc,2018-2019,168,z850,m^2 s^-2,520.8828920006284,0.2773359631711867,730
vit,vit,sphere_ttc,2018-2019,168,z925,m^2 s^-2,517.3465347402121,0.2661783187302281,730
vit,vit,sphere_ttc,2018-2019,168,z1000,m^2 s^-2,527.9990250378543,0.2555794759331276,730
vit,vit,sphere_ttc,2018-2019,168,q50,kg kg^-1,1.1001317433496657e-07,0.5487480728877583,730
vit,vit,sphere_ttc,2018-2019,168,q100,kg kg^-1,3.5232972533570064e-07,0.3866896555176568,730
vit,vit,sphere_ttc,2018-2019,168,q200,kg kg^-1,1.3405391598957228e-05,0.263444023151023,730
vit,vit,sphere_ttc,2018-2019,168,q300,kg kg^-1,0.000119019772274316,0.2454540214527819,730
vit,vit,sphere_ttc,2018-2019,168,q500,kg kg^-1,0.0007517483232387567,0.25632353845879563,730
vit,vit,sphere_ttc,2018-2019,168,q700,kg kg^-1,0.001449143687256861,0.2283281000645167,730
vit,vit,sphere_ttc,2018-2019,168,q850,kg kg^-1,0.0016846781813094507,0.19549903761731324,730
vit,vit,sphere_ttc,2018-2019,168,q925,kg kg^-1,0.001412688589684162,0.19712920436673115,730
vit,vit,sphere_ttc,2018-2019,168,q1000,kg kg^-1,0.001498307745081017,0.1834914508837706,730
vit,vit,sphere_ttc,2018-2019,168,t50,K,2.509080568180526,0.679191700162364,730
vit,vit,sphere_ttc,2018-2019,168,t100,K,2.7639638590429976,0.5164011057657845,730
vit,vit,sphere_ttc,2018-2019,168,t200,K,3.2720739911096755,0.37015310339951674,730
vit,vit,sphere_ttc,2018-2019,168,t300,K,2.3759625665282633,0.28401865123829434,730
vit,vit,sphere_ttc,2018-2019,168,t500,K,2.9130667061167177,0.253181370683692,730
vit,vit,sphere_ttc,2018-2019,168,t700,K,3.0024325287223017,0.24070212263577406,730
vit,vit,sphere_ttc,2018-2019,168,t850,K,3.269174697580504,0.22343523911848914,730
vit,vit,sphere_ttc,2018-2019,168,t925,K,3.091800176502704,0.21246615428022855,730
vit,vit,sphere_ttc,2018-2019,168,t1000,K,2.82073073212484,0.2240113861754542,730
vit,vit,sphere_ttc,2018-2019,168,u50,m s^-1,5.194090811352108,0.7438879126539423,730
vit,vit,sphere_ttc,2018-2019,168,u100,m s^-1,6.664004543549684,0.38447929972513173,730
vit,vit,sphere_ttc,2018-2019,168,u200,m s^-1,10.870309488075707,0.29433129938239694,730
vit,vit,sphere_ttc,2018-2019,168,u300,m s^-1,11.121698371937015,0.26375131009299113,730
vit,vit,sphere_ttc,2018-2019,168,u500,m s^-1,7.699481888248322,0.2529342507271057,730
vit,vit,sphere_ttc,2018-2019,168,u700,m s^-1,5.911770346227381,0.24832182174946885,730
vit,vit,sphere_ttc,2018-2019,168,u850,m s^-1,5.209888733485703,0.2275788428468088,730
vit,vit,sphere_ttc,2018-2019,168,u925,m s^-1,5.065543088139242,0.20863681003347817,730
vit,vit,sphere_ttc,2018-2019,168,u1000,m s^-1,3.99746675013981,0.197862487765246,730
vit,vit,sphere_ttc,2018-2019,168,v50,m s^-1,4.399815829996252,0.36958739522193446,730
vit,vit,sphere_ttc,2018-2019,168,v100,m s^-1,6.123598174129711,0.2311894442470884,730
vit,vit,sphere_ttc,2018-2019,168,v200,m s^-1,10.766902432976755,0.1753535311573423,730
vit,vit,sphere_ttc,2018-2019,168,v300,m s^-1,11.062618246775807,0.17541652556417614,730
vit,vit,sphere_ttc,2018-2019,168,v500,m s^-1,7.431672917255132,0.1765505561175799,730
vit,vit,sphere_ttc,2018-2019,168,v700,m s^-1,5.548600463166908,0.1630226926394714,730
vit,vit,sphere_ttc,2018-2019,168,v850,m s^-1,4.897366024399025,0.1471860147733821,730
vit,vit,sphere_ttc,2018-2019,168,v925,m s^-1,4.972061199748955,0.147087879396211,730
vit,vit,sphere_ttc,2018-2019,168,v1000,m s^-1,4.038366920557781,0.14317941612390395,730
vit,vit,sphere_ttc,2018-2019,168,u10,m s^-1,3.5556761410533775,0.1981141365434633,730
vit,vit,sphere_ttc,2018-2019,168,v10,m s^-1,3.550400988810464,0.14206316809473982,730
vit,vit,sphere_ttc,2018-2019,168,t2m,K,2.8664687607607777,0.21601960247494625,730
vit,vit,sphere_ttc,2018-2019,168,mslp,Pa,668.6490786095069,0.2541466341284845,730
vit,vit,sphere_ttc,2018-2019,240,z50,m^2 s^-2,945.4455406267966,0.5819988057019098,730
vit,vit,sphere_ttc,2018-2019,240,z100,m^2 s^-2,857.6568596546473,0.4538995699117662,730
vit,vit,sphere_ttc,2018-2019,240,z200,m^2 s^-2,1028.3689608336904,0.2696154083375265,730
vit,vit,sphere_ttc,2018-2019,240,z300,m^2 s^-2,1064.4893036421236,0.22641315210746343,730
vit,vit,sphere_ttc,2018-2019,240,z500,m^2 s^-2,783.7501429671496,0.21767157146723412,730
vit,vit,sphere_ttc,2018-2019,240,z700,m^2 s^-2,599.861835404906,0.2093683736500375,730
vit,vit,sphere_ttc,2018-2019,240,z850,m^2 s^-2,534.2877716197493,0.19650937873640564,730
vit,vit,sphere_ttc,2018-2019,240,z925,m^2 s^-2,529.8434766408566,0.18820427777486828,730
vit,vit,sphere_ttc,2018-2019,240,z1000,m^2 s^-2,540.2622737555281,0.1800128617579449,730
vit,vit,sphere_ttc,2018-2019,240,q50,kg kg^-1,1.1369269435798674e-07,0.5113694890829916,730
vit,vit,sphere_ttc,2018-2019,240,q100,kg kg^-1,3.6508559445907275e-07,0.31841405692108765,730
vit,vit,sphere_ttc,2018-2019,240,q200,kg kg^-1,1.3607753792083152e-05,0.22254171214257576,730
vit,vit,sphere_ttc,2018-2019,240,q300,kg kg^-1,0.00012071230350983537,0.2017829502936074,730
vit,vit,sphere_ttc,2018-2019,240,q500,kg kg^-1,0.0007634027961554323,0.21130016807125093,730
vit,vit,sphere_ttc,2018-2019,240,q700,kg kg^-1,0.0014676993099094404,0.1902671716480886,730
vit,vit,sphere_ttc,2018-2019,240,q850,kg kg^-1,0.0017026335705250118,0.16654666393082762,730
vit,vit,sphere_ttc,2018-2019,240,q925,kg kg^-1,0.0014333885689220363,0.16600147101751667,730
vit,vit,sphere_ttc,2018-2019,240,q1000,kg kg^-1,0.001522942256876525,0.15226990434636956,730
vit,vit,sphere_ttc,2018-2019,240,t50,K,2.7400294554432296,0.60390406128751,730
vit,vit,sphere_ttc,2018-2019,240,t100,K,2.915424315832663,0.44136211401154624,730
vit,vit,sphere_ttc,2018-2019,240,t200,K,3.3593346294445543,0.3116518329545494,730
vit,vit,sphere_ttc,2018-2019,240,t300,K,2.425791767040258,0.23050652804804972,730
vit,vit,sphere_ttc,2018-2019,240,t500,K,2.97453567317094,0.18688049766474957,730
vit,vit,sphere_ttc,2018-2019,240,t700,K,3.076368835553827,0.17122538179697894,730
vit,vit,sphere_ttc,2018-2019,240,t850,K,3.349186515740142,0.1578755168316847,730
vit,vit,sphere_ttc,2018-2019,240,t925,K,3.16925933020888,0.157335650793545,730
vit,vit,sphere_ttc,2018-2019,240,t1000,K,2.9079763527838627,0.17304382106629052,730
vit,vit,sphere_ttc,2018-2019,240,u50,m s^-1,5.507844415370408,0.7065644634172734,730
vit,vit,sphere_ttc,2018-2019,240,u100,m s^-1,6.94239771354096,0.29715463984984747,730
vit,vit,sphere_ttc,2018-2019,240,u200,m s^-1,11.159088840831721,0.21735602419412772,730
vit,vit,sphere_ttc,2018-2019,240,u300,m s^-1,11.33898430796238,0.1964129735164395,730
vit,vit,sphere_ttc,2018-2019,240,u500,m s^-1,7.846236543155157,0.18539817135664868,730
vit,vit,sphere_ttc,2018-2019,240,u700,m s^-1,6.026475041256915,0.18295290619042265,730
vit,vit,sphere_ttc,2018-2019,240,u850,m s^-1,5.296163953253898,0.17174980138151588,730
vit,vit,sphere_ttc,2018-2019,240,u925,m s^-1,5.138190687873616,0.1586302584019408,730
vit,vit,sphere_ttc,2018-2019,240,u1000,m s^-1,4.052211851204928,0.15018916115396694,730
vit,vit,sphere_ttc,2018-2019,240,v50,m s^-1,4.5784688480258575,0.26598126388597715,730
vit,vit,sphere_ttc,2018-2019,240,v100,m s^-1,6.228909407016437,0.1613385813006439,730
vit,vit,sphere_ttc,2018-2019,240,v200,m s^-1,10.849647996730083,0.13306869135273589,730
vit,vit,sphere_ttc,2018-2019,240,v300,m s^-1,11.138508271038356,0.1361371257340235,730
vit,vit,sphere_ttc,2018-2019,240,v500,m s^-1,7.491344431748423,0.13318110148675463,730
vit,vit,sphere_ttc,2018-2019,240,v700,m s^-1,5.593403676306996,0.12101912142400327,730
vit,vit,sphere_ttc,2018-2019,240,v850,m s^-1,4.933017093844794,0.11109816771014518,730
vit,vit,sphere_ttc,2018-2019,240,v925,m s^-1,5.006925679123774,0.11389769693563902,730
vit,vit,sphere_ttc,2018-2019,240,v1000,m s^-1,4.066501457239602,0.11268773059882495,730
vit,vit,sphere_ttc,2018-2019,240,u10,m s^-1,3.6051011077387125,0.15003212798464716,730
vit,vit,sphere_ttc,2018-2019,240,v10,m s^-1,3.5756115301649833,0.11157317465863571,730
vit,vit,sphere_ttc,2018-2019,240,t2m,K,2.967779030960292,0.16702439112130416,730
vit,vit,sphere_ttc,2018-2019,240,mslp,Pa,684.2022435361722,0.17862899656271444,730
cirt,cirt,raw,2018-2019,24,z50,m^2 s^-2,618.4868357615011,0.8432878046480601,730
cirt,cirt,raw,2018-2019,24,z100,m^2 s^-2,578.4144554070956,0.7947307529799915,730
cirt,cirt,raw,2018-2019,24,z200,m^2 s^-2,694.829033987932,0.7528537339768641,730
cirt,cirt,raw,2018-2019,24,z300,m^2 s^-2,706.6337891323151,0.7572114744186228,730
cirt,cirt,raw,2018-2019,24,z500,m^2 s^-2,496.90447422703824,0.7803922827351412,730
cirt,cirt,raw,2018-2019,24,z700,m^2 s^-2,374.5774080781586,0.7869557855338931,730
cirt,cirt,raw,2018-2019,24,z850,m^2 s^-2,344.7946851752295,0.7687357988138924,730
cirt,cirt,raw,2018-2019,24,z925,m^2 s^-2,350.37242183000643,0.7539808304449546,730
cirt,cirt,raw,2018-2019,24,z1000,m^2 s^-2,364.6901680977865,0.7399126719710964,730
cirt,cirt,raw,2018-2019,24,q50,kg kg^-1,1.024898631629112e-07,0.6080469308195525,730
cirt,cirt,raw,2018-2019,24,q100,kg kg^-1,3.367345553339444e-07,0.4557971198712515,730
cirt,cirt,raw,2018-2019,24,q200,kg kg^-1,1.2372725068441432e-05,0.44597471985425685,730
cirt,cirt,raw,2018-2019,24,q300,kg kg^-1,0.00010896699103054508,0.4533225420783812,730
cirt,cirt,raw,2018-2019,24,q500,kg kg^-1,0.0006868564851134764,0.45933824818879815,730
cirt,cirt,raw,2018-2019,24,q700,kg kg^-1,0.0013390071344907876,0.41835900181181257,730
cirt,cirt,raw,2018-2019,24,q850,kg kg^-1,0.0015728446333696524,0.3596816373681628,730
cirt,cirt,raw,2018-2019,24,q925,kg kg^-1,0.0012967532421825556,0.3823745238482373,730
cirt,cirt,raw,2018-2019,24,q1000,kg kg^-1,0.0013526791968705132,0.39796188563406404,730
cirt,cirt,raw,2018-2019,24,t50,K,2.0505214594794148,0.8013195802669448,730
cirt,cirt,raw,2018-2019,24,t100,K,2.308101395620649,0.6954478326697394,730
cirt,cirt,raw,2018-2019,24,t200,K,2.7011778865562888,0.6381817813754586,730
cirt,cirt,raw,2018-2019,24,t300,K,2.078997150045378,0.5301531919312764,730
cirt,cirt,raw,2018-2019,24,t500,K,2.3626296024367357,0.6126698439183006,730
cirt,cirt,raw,2018-2019,24,t700,K,2.3934197992889272,0.6180517985717422,730
cirt,cirt,raw,2018-2019,24,t850,K,2.651362339297218,0.5894621884786326,730
cirt,cirt,raw,2018-2019,24,t925,K,2.58526802416239,0.5320834934927879,730
cirt,cirt,raw,2018-2019,24,t1000,K,2.466239407629072,0.4528346057068999,730
cirt,cirt,raw,2018-2019,24,u50,m s^-1,4.023932045537906,0.8553261765355553,730
cirt,cirt,raw,2018-2019,24,u100,m s^-1,5.030084696750903,0.7133771784909106,730
cirt,cirt,raw,2018-2019,24,u200,m s^-1,8.128085623319782,0.696028466300707,730
cirt,cirt,raw,2018-2019,24,u300,m s^-1,8.376866968524427,0.6845409936282543,730
cirt,cirt,raw,2018-2019,24,u500,m s^-1,5.623984828482959,0.7044290897602071,730
cirt,cirt,raw,2018-2019,24,u700,m s^-1,4.362271014350082,0.6948507022074645,730
cirt,cirt,raw,2018-2019,24,u850,m s^-1,3.9998591136942845,0.6574373866346587,730
cirt,cirt,raw,2018-2019,24,u925,m s^-1,3.9894176026361743,0.6289285489540308,730
cirt,cirt,raw,2018-2019,24,u1000,m s^-1,3.1725306909150723,0.6161557607840322,730
cirt,cirt,raw,2018-2019,24,v50,m s^-1,2.9543260339932633,0.7804991048702821,730
cirt,cirt,raw,2018-2019,24,v100,m s^-1,4.250515866075547,0.7350332052697867,730
cirt,cirt,raw,2018-2019,24,v200,m s^-1,7.827989031923235,0.6963030363331767,730
cirt,cirt,raw,2018-2019,24,v300,m s^-1,7.9549769839615365,0.7051035315171212,730
cirt,cirt,raw,2018-2019,24,v500,m s^-1,5.187269049976352,0.7251695040598816,730
cirt,cirt,raw,2018-2019,24,v700,m s^-1,4.002041270714898,0.6990407945531208,730
cirt,cirt,raw,2018-2019,24,v850,m s^-1,3.746482556558261,0.6470724217432962,730
cirt,cirt,raw,2018-2019,24,v925,m s^-1,3.864819526776555,0.6319816340304327,730
cirt,cirt,raw,2018-2019,24,v1000,m s^-1,3.161607844661045,0.6216200182970075,730
cirt,cirt,raw,2018-2019,24,u10,m s^-1,2.823746444408534,0.6152572943343266,730
cirt,cirt,raw,2018-2019,24,v10,m s^-1,2.7954074717387436,0.6150709984610975,730
cirt,cirt,raw,2018-2019,24,t2m,K,2.727228450410784,0.3556639539501185,730
cirt,cirt,raw,2018-2019,24,mslp,Pa,463.1258767530939,0.7377242682896813,730
cirt,cirt,raw,2018-2019,72,z50,m^2 s^-2,672.4144850337618,0.8123690026489816,730
cirt,cirt,raw,2018-2019,72,z100,m^2 s^-2,661.1597945826733,0.7219975356260215,730
cirt,cirt,raw,2018-2019,72,z200,m^2 s^-2,840.9811481382758,0.6085362251276154,730
cirt,cirt,raw,2018-2019,72,z300,m^2 s^-2,878.1127519255019,0.5881894724615075,730
cirt,cirt,raw,2018-2019,72,z500,m^2 s^-2,640.6479483527563,0.5960696035551862,730
cirt,cirt,raw,2018-2019,72,z700,m^2 s^-2,494.674241519207,0.5848699514781517,730
cirt,cirt,raw,2018-2019,72,z850,m^2 s^-2,450.21441379206215,0.5559248749917887,730
cirt,cirt,raw,2018-2019,72,z925,m^2 s^-2,451.39711603833115,0.5390383293589428,730
cirt,cirt,raw,2018-2019,72,z1000,m^2 s^-2,463.4423908839548,0.5257558535310644,730
cirt,cirt,raw,2018-2019,72,q50,kg kg^-1,1.0453672968420439e-07,0.5878692169282059,730
cirt,cirt,raw,2018-2019,72,q100,kg kg^-1,3.40958656879891e-07,0.4351292083788462,730
cirt,cirt,raw,2018-2019,72,q200,kg kg^-1,1.2881442414785465e-05,0.36256653288327817,730
cirt,cirt,raw,2018-2019,72,q300,kg kg^-1,0.00011401663327756305,0.35979594450212027,730
cirt,cirt,raw,2018-2019,72,q500,kg kg^-1,0.0007176664912800494,0.37195602476581363,730
cirt,cirt,raw,2018-2019,72,q700,kg kg^-1,0.0013923767238716018,0.3310810865913989,730
cirt,cirt,raw,2018-2019,72,q850,kg kg^-1,0.001627257825512897,0.27467132357714164,730
cirt,cirt,raw,2018-2019,72,q925,kg kg^-1,0.0013572922160033367,0.2819314818262883,730
cirt,cirt,raw,2018-2019,72,q1000,kg kg^-1,0.001428241744669566,0.29093718750439634,730
cirt,cirt,raw,2018-2019,72,t50,K,2.106349660054558,0.787830605279269,730
cirt,cirt,raw,2018-2019,72,t100,K,2.4408367918649696,0.6508778469012854,730
cirt,cirt,raw,2018-2019,72,t200,K,2.970756515288801,0.533192263499162,730
cirt,cirt,raw,2018-2019,72,t300,K,2.2019044771287914,0.4446566276574949,730
cirt,cirt,raw,2018-2019,72,t500,K,2.6236295221817434,0.483003378411077,730
cirt,cirt,raw,2018-2019,72,t700,K,2.665902135721707,0.4889785750352401,730
cirt,cirt,raw,2018-2019,72,t850,K,2.9197745847034016,0.46510538132652274,730
cirt,cirt,raw,2018-2019,72,t925,K,2.7996047253718115,0.41462998618730457,730
cirt,cirt,raw,2018-2019,72,t1000,K,2.618132986164083,0.35336339217758944,730
cirt,cirt,raw,2018-2019,72,u50,m s^-1,4.346136627534713,0.8289212457917855,730
cirt,cirt,raw,2018-2019,72,u100,m s^-1,5.725290219886853,0.604517616101668,730
cirt,cirt,raw,2018-2019,72,u200,m s^-1,9.589676105532545,0.5322501177849949,730
cirt,cirt,raw,2018-2019,72,u300,m s^-1,9.978289362164627,0.4975697830852381,730
cirt,cirt,raw,2018-2019,72,u500,m s^-1,6.8850010464461295,0.49742384055111694,730
cirt,cirt,raw,2018-2019,72,u700,m s^-1,5.330768969386212,0.48086797626465183,730
cirt,cirt,raw,2018-2019,72,u850,m s^-1,4.792450689699345,0.43641664570078387,730
cirt,cirt,raw,2018-2019,72,u925,m s^-1,4.712490358415915,0.40461635247960115,730
cirt,cirt,raw,2018-2019,72,u1000,m s^-1,3.715874491784779,0.39680020947234607,730
cirt,cirt,raw,2018-2019,72,v50,m s^-1,3.5683214534739216,0.6575817907556525,730
cirt,cirt,raw,2018-2019,72,v100,m s^-1,5.287131418908732,0.5401107545112794,730
cirt,cirt,raw,2018-2019,72,v200,m s^-1,9.710616772072944,0.45827230756956316,730
cirt,cirt,raw,2018-2019,72,v300,m s^-1,10.023031853781667,0.4532588936180924,730
cirt,cirt,raw,2018-2019,72,v500,m s^-1,6.686451752534788,0.4657734270129179,730
cirt,cirt,raw,2018-2019,72,v700,m s^-1,5.0423449887690746,0.44128054562036484,730
cirt,cirt,raw,2018-2019,72,v850,m s^-1,4.540160750414475,0.3932316700587375,730
cirt,cirt,raw,2018-2019,72,v925,m s^-1,4.637490188627129,0.3792516420209692,730
cirt,cirt,raw,2018-2019,72,v1000,m s^-1,3.7639292134448,0.3740459929188349,730
cirt,cirt,raw,2018-2019,72,u10,m s^-1,3.3043070029891317,0.3976205143556917,730
cirt,cirt,raw,2018-2019,72,v10,m s^-1,3.31399857083915,0.3693020036026712,730
cirt,cirt,raw,2018-2019,72,t2m,K,2.84078483298017,0.2806807773727607,730
cirt,cirt,raw,2018-2019,72,mslp,Pa,587.2186225048031,0.5241678764452017,730
cirt,cirt,raw,2018-2019,120,z50,m^2 s^-2,765.9775768271907,0.749252583036735,730
cirt,cirt,raw,2018-2019,120,z100,m^2 s^-2,749.1174363287876,0.6252559900874055,730
cirt,cirt,raw,2018-2019,120,z200,m^2 s^-2,945.1719608029078,0.464884278698843,730
cirt,cirt,raw,2018-2019,120,z300,m^2 s^-2,985.4693478827428,0.43405190838533303,730
cirt,cirt,raw,2018-2019,120,z500,m^2 s^-2,722.5054905109671,0.4395507589021145,730
cirt,cirt,raw,2018-2019,120,z700,m^2 s^-2,553.7911083762627,0.43429083975731625,730
cirt,cirt,raw,2018-2019,120,z850,m^2 s^-2,496.50057758729804,0.4146939132089569,730
cirt,cirt,raw,2018-2019,120,z925,m^2 s^-2,494.21585620192735,0.4018259710856427,730
cirt,cirt,raw,2018-2019,120,z1000,m^2 s^-2,504.9348531532938,0.390922833031364,730
cirt,cirt,raw,2018-2019,120,q50,kg kg^-1,1.0643148984094636e-07,0.5681714544765809,730
cirt,cirt,raw,2018-2019,120,q100,kg kg^-1,3.455006507008877e-07,0.4116579137731333,730
cirt,cirt,raw,2018-2019,120,q200,kg kg^-1,1.3135579494613813e-05,0.3132472922017292,730
cirt,cirt,raw,2018-2019,120,q300,kg kg^-1,0.00011644515924273337,0.30516643247643177,730
cirt,cirt,raw,2018-2019,120,q500,kg kg^-1,0.000734772105445647,0.31378059099613986,730
cirt,cirt,raw,2018-2019,120,q700,kg kg^-1,0.0014205353513082415,0.27473387527320753,730
cirt,cirt,raw,2018-2019,120,q850,kg kg^-1,0.00165452261723156,0.22387849949424177,730
cirt,cirt,raw,2018-2019,120,q925,kg kg^-1,0.0013894071172766058,0.21727417558045592,730
cirt,cirt,raw,2018-2019,120,q1000,kg kg^-1,0.0014766212405630374,0.20604094445899662,730
cirt,cirt,raw,2018-2019,120,t50,K,2.2645410249467632,0.7486272037165981,730
cirt,cirt,raw,2018-2019,120,t100,K,2.60476764575996,0.5880863429428528,730
cirt,cirt,raw,2018-2019,120,t200,K,3.141132731795895,0.4503094050844046,730
cirt,cirt,raw,2018-2019,120,t300,K,2.3013959657390717,0.36015689231144854,730
cirt,cirt,raw,2018-2019,120,t500,K,2.8114609364010357,0.3570016946617937,730
cirt,cirt,raw,2018-2019,120,t700,K,2.8763797727604388,0.35496813769478763,730
cirt,cirt,raw,2018-2019,120,t850,K,3.1269346217459355,0.3377637236343837,730
cirt,cirt,raw,2018-2019,120,t925,K,2.9613400153466922,0.3017754439741864,730
cirt,cirt,raw,2018-2019,120,t1000,K,2.7346007309399214,0.26335772435415133,730
cirt,cirt,raw,2018-2019,120,u50,m s^-1,4.698670531008264,0.7966511501658515,730
cirt,cirt,raw,2018-2019,120,u100,m s^-1,6.210281901020361,0.5071666087021975,730
cirt,cirt,raw,2018-2019,120,u200,m s^-1,10.349850054829812,0.41188844545077197,730
cirt,cirt,raw,2018-2019,120,u300,m s^-1,10.693455542059134,0.3750930489904095,730
cirt,cirt,raw,2018-2019,120,u500,m s^-1,7.400367500023749,0.3696094131270019,730
cirt,cirt,raw,2018-2019,120,u700,m s^-1,5.69399341877279,0.36033589120206927,730
cirt,cirt,raw,2018-2019,120,u850,m s^-1,5.06035331295833,0.32588759917283916,730
cirt,cirt,raw,2018-2019,120,u925,m s^-1,4.945109203802525,0.2986556797855512,730
cirt,cirt,raw,2018-2019,120,u1000,m s^-1,3.897681458517113,0.29028090250550875,730
cirt,cirt,raw,2018-2019,120,v50,m s^-1,4.051221019578353,0.5291344943257736,730
cirt,cirt,raw,2018-2019,120,v100,m s^-1,5.840208431935019,0.38339021978590443,730
cirt,cirt,raw,2018-2019,120,v200,m s^-1,10.474841646724908,0.2977503287984753,730
cirt,cirt,raw,2018-2019,120,v300,m s^-1,10.788354145634736,0.2957719606945456,730
cirt,cirt,raw,2018-2019,120,v500,m s^-1,7.225518563708219,0.3087323805629183,730
cirt,cirt,raw,2018-2019,120,v700,m s^-1,5.394029806172896,0.2989568526196684,730
cirt,cirt,raw,2018-2019,120,v850,m s^-1,4.779504165140224,0.271542236827578,730
cirt,cirt,raw,2018-2019,120,v925,m s^-1,4.864922512052655,0.2608192461457613,730
cirt,cirt,raw,2018-2019,120,v1000,m s^-1,3.9479849509450196,0.2539596688901493,730
cirt,cirt,raw,2018-2019,120,u10,m s^-1,3.466993489346451,0.29172891499568326,730
cirt,cirt,raw,2018-2019,120,v10,m s^-1,3.4728037418963162,0.2511169297096498,730
cirt,cirt,raw,2018-2019,120,t2m,K,2.9396922479770815,0.20891501693488848,730
cirt,cirt,raw,2018-2019,120,mslp,Pa,639.0686320920255,0.3905643136811061,730
cirt,cirt,raw,2018-2019,168,z50,m^2 s^-2,844.15359909532,0.6852491018248008,730
cirt,cirt,raw,2018-2019,168,z100,m^2 s^-2,804.8739663128113,0.5483878616016811,730
cirt,cirt,raw,2018-2019,168,z200,m^2 s^-2,994.6222184786736,0.37219497189786843,730
cirt,cirt,raw,2018-2019,168,z300,m^2 s^-2,1033.8557536885555,0.33740084910546786,730
cirt,cirt,raw,2018-2019,168,z500,m^2 s^-2,759.485135595206,0.3405645653918854,730
cirt,cirt,raw,2018-2019,168,z700,m^2 s^-2,580.6095440641589,0.3389270692443055,730
cirt,cirt,raw,2018-2019,168,z850,m^2 s^-2,517.7590562259036,0.324989947923618,730
cirt,cirt,raw,2018-2019,168,z925,m^2 s^-2,513.7196658044604,0.3155493090585866,730
cirt,cirt,raw,2018-2019,168,z1000,m^2 s^-2,523.9292773972849,0.3061973281361592,730
cirt,cirt,raw,2018-2019,168,q50,kg kg^-1,1.0836720410888421e-07,0.5476912922651759,730
cirt,cirt,raw,2018-2019,168,q100,kg kg^-1,3.501048577547671e-07,0.38638199174936144,730
cirt,cirt,raw,2018-2019,168,q200,kg kg^-1,1.3285685710140027e-05,0.2811769051219105,730
cirt,cirt,raw,2018-2019,168,q300,kg kg^-1,0.00011780655300131987,0.2699119657975128,730
cirt,cirt,raw,2018-2019,168,q500,kg kg^-1,0.0007451508816942061,0.273455013035467,730
cirt,cirt,raw,2018-2019,168,q700,kg kg^-1,0.0014359088332390163,0.2398174801119478,730
cirt,cirt,raw,2018-2019,168,q850,kg kg^-1,0.001667933461556093,0.19621863877357726,730
cirt,cirt,raw,2018-2019,168,q925,kg kg^-1,0.0014040300279313926,0.18385309348439538,730
cirt,cirt,raw,2018-2019,168,q1000,kg kg^-1,0.0014969600751777558,0.1642517278779608,730
cirt,cirt,raw,2018-2019,168,t50,K,2.4247591949221485,0.7043367674396788,730
cirt,cirt,raw,2018-2019,168,t100,K,2.7181580000045127,0.5377623070274334,730
cirt,cirt,raw,2018-2019,168,t200,K,3.2356806328394976,0.3956875026319867,730
cirt,cirt,raw,2018-2019,168,t300,K,2.355708220359951,0.3040697631706321,730
cirt,cirt,raw,2018-2019,168,t500,K,2.899934882999261,0.27815335089267346,730
cirt,cirt,raw,2018-2019,168,t700,K,2.975808990435592,0.27136746529195344,730
cirt,cirt,raw,2018-2019,168,t850,K,3.2287850524937904,0.25664800926823644,730
cirt,cirt,raw,2018-2019,168,t925,K,3.045967828396239,0.22931142231248733,730
cirt,cirt,raw,2018-2019,168,t1000,K,2.805005024372736,0.20227930844919892,730
cirt,cirt,raw,2018-2019,168,u50,m s^-1,4.976444947166159,0.7684781116291008,730
cirt,cirt,raw,2018-2019,168,u100,m s^-1,6.508897655737509,0.4336007900684399,730
cirt,cirt,raw,2018-2019,168,u200,m s^-1,10.724436736953963,0.3347457698588727,730
cirt,cirt,raw,2018-2019,168,u300,m s^-1,11.027149741800411,0.30001564609364834,730
cirt,cirt,raw,2018-2019,168,u500,m s^-1,7.633578459154183,0.2935549232062666,730
cirt,cirt,raw,2018-2019,168,u700,m s^-1,5.86193674000434,0.2886886018550688,730
cirt,cirt,raw,2018-2019,168,u850,m s^-1,5.184419487481635,0.2612658503375578,730
cirt,cirt,raw,2018-2019,168,u925,m s^-1,5.0530193833756165,0.2369536822156476,730
cirt,cirt,raw,2018-2019,168,u1000,m s^-1,3.9828400211425525,0.22769633294847738,730
cirt,cirt,raw,2018-2019,168,v50,m s^-1,4.335568091558983,0.42730545081954363,730
cirt,cirt,raw,2018-2019,168,v100,m s^-1,6.049767805247689,0.2970809877932999,730
cirt,cirt,raw,2018-2019,168,v200,m s^-1,10.683034997151069,0.22762555011694913,730
cirt,cirt,raw,2018-2019,168,v300,m s^-1,11.001626265750033,0.22512231574237335,730
cirt,cirt,raw,2018-2019,168,v500,m s^-1,7.38986733225804,0.23265443981548395,730
cirt,cirt,raw,2018-2019,168,v700,m s^-1,5.509551250392239,0.22584308860513602,730
cirt,cirt,raw,2018-2019,168,v850,m s^-1,4.86188703968818,0.2069288602500942,730
cirt,cirt,raw,2018-2019,168,v925,m s^-1,4.941590199511205,0.19951740634420254,730
cirt,cirt,raw,2018-2019,168,v1000,m s^-1,4.006945905766189,0.1943901634587578,730
cirt,cirt,raw,2018-2019,168,u10,m s^-1,3.543314437824022,0.2290456627175636,730
cirt,cirt,raw,2018-2019,168,v10,m s^-1,3.5241590660332704,0.19253211253120753,730
cirt,cirt,raw,2018-2019,168,t2m,K,3.005394251307699,0.15958701880125703,730
cirt,cirt,raw,2018-2019,168,mslp,Pa,662.9526703861212,0.3061233384792774,730
cirt,cirt,raw,2018-2019,240,z50,m^2 s^-2,936.8698883134331,0.5933281475024798,730
cirt,cirt,raw,2018-2019,240,z100,m^2 s^-2,857.7755293140907,0.4575355086346175,730
cirt,cirt,raw,2018-2019,240,z200,m^2 s^-2,1028.6681497174638,0.2802210224070502,730
cirt,cirt,raw,2018-2019,240,z300,m^2 s^-2,1062.6992566585993,0.2478417101628618,730
cirt,cirt,raw,2018-2019,240,z500,m^2 s^-2,780.7634562495391,0.24931152017341546,730
cirt,cirt,raw,2018-2019,240,z700,m^2 s^-2,596.017121282016,0.24978187042980582,730
cirt,cirt,raw,2018-2019,240,z850,m^2 s^-2,529.8415075035459,0.24178479626528096,730
cirt,cirt,raw,2018-2019,240,z925,m^2 s^-2,524.9956919669952,0.2351624760060191,730
cirt,cirt,raw,2018-2019,240,z1000,m^2 s^-2,534.8601350470046,0.2277758887601083,730
cirt,cirt,raw,2018-2019,240,q50,kg kg^-1,1.1134152336813944e-07,0.5153166164217171,730
cirt,cirt,raw,2018-2019,240,q100,kg kg^-1,3.5738499312412833e-07,0.34265418446868146,730
cirt,cirt,raw,2018-2019,240,q200,kg kg^-1,1.3447273159143813e-05,0.24417387099452714,730
cirt,cirt,raw,2018-2019,240,q300,kg kg^-1,0.00011928531416571877,0.2280451398807193,730
cirt,cirt,raw,2018-2019,240,q500,kg kg^-1,0.0007548781472047052,0.23094930825643267,730
cirt,cirt,raw,2018-2019,240,q700,kg kg^-1,0.0014497951428548456,0.20508496641044388,730
cirt,cirt,raw,2018-2019,240,q850,kg kg^-1,0.0016795328239482066,0.17041967199205602,730
cirt,cirt,raw,2018-2019,240,q925,kg kg^-1,0.0014161516809963954,0.1545174959478042,730
cirt,cirt,raw,2018-2019,240,q1000,kg kg^-1,0.0015121721576909115,0.12928115301596954,730
cirt,cirt,raw,2018-2019,240,t50,K,2.645196343975383,0.6343618718674263,730
cirt,cirt,raw,2018-2019,240,t100,K,2.8508502425586215,0.47050490776578086,730
cirt,cirt,raw,2018-2019,240,t200,K,3.3128826496148363,0.3435016708348681,730
cirt,cirt,raw,2018-2019,240,t300,K,2.4038365245947806,0.2454241737509031,730
cirt,cirt,raw,2018-2019,240,t500,K,2.9546870756945887,0.20812679239955997,730
cirt,cirt,raw,2018-2019,240,t700,K,3.0365484307857127,0.19835298090395947,730
cirt,cirt,raw,2018-2019,240,t850,K,3.2945390893663573,0.18463199596785415,730
cirt,cirt,raw,2018-2019,240,t925,K,3.106160394022725,0.1640573299335389,730
cirt,cirt,raw,2018-2019,240,t1000,K,2.861574864411382,0.14499264068458595,730
cirt,cirt,raw,2018-2019,240,u50,m s^-1,5.294115887199401,0.7329698236974727,730
cirt,cirt,raw,2018-2019,240,u100,m s^-1,6.7863545072802145,0.34832857571850784,730
cirt,cirt,raw,2018-2019,240,u200,m s^-1,11.018896160443186,0.25554869757432,730
cirt,cirt,raw,2018-2019,240,u300,m s^-1,11.263264317810375,0.22754230694561078,730
cirt,cirt,raw,2018-2019,240,u500,m s^-1,7.792574075918978,0.2207053555474493,730
cirt,cirt,raw,2018-2019,240,u700,m s^-1,5.983229700903963,0.21725050799576956,730
cirt,cirt,raw,2018-2019,240,u850,m s^-1,5.276610571679247,0.19630083523298003,730
cirt,cirt,raw,2018-2019,240,u925,m s^-1,5.128381225138911,0.17719804375707598,730
cirt,cirt,raw,2018-2019,240,u1000,m s^-1,4.037481829419829,0.16987068170965963,730
cirt,cirt,raw,2018-2019,240,v50,m s^-1,4.542530159825221,0.3094861801742057,730
cirt,cirt,raw,2018-2019,240,v100,m s^-1,6.17115354091277,0.210621005162155,730
cirt,cirt,raw,2018-2019,240,v200,m s^-1,10.780092720049682,0.16875368038825256,730
cirt,cirt,raw,2018-2019,240,v300,m s^-1,11.09229964723235,0.16767544813861063,730
cirt,cirt,raw,2018-2019,240,v500,m s^-1,7.455915652179419,0.1700723450700163,730
cirt,cirt,raw,2018-2019,240,v700,m s^-1,5.557033732927313,0.1626927685402918,730
cirt,cirt,raw,2018-2019,240,v850,m s^-1,4.896309022459612,0.15062079811288634,730
cirt,cirt,raw,2018-2019,240,v925,m s^-1,4.9728743649994875,0.1475949358449251,730
cirt,cirt,raw,2018-2019,240,v1000,m s^-1,4.033062078423877,0.14377089594848289,730
cirt,cirt,raw,2018-2019,240,u10,m s^-1,3.5925024095208404,0.17056522427749857,730
cirt,cirt,raw,2018-2019,240,v10,m s^-1,3.5461944765172375,0.1424755116613443,730
cirt,cirt,raw,2018-2019,240,t2m,K,3.0642212215322386,0.11265338669688589,730
cirt,cirt,raw,2018-2019,240,mslp,Pa,676.8730146443771,0.22776665618444933,730
cirt,cirt,sphere_ttc,2018-2019,24,z50,m^2 s^-2,576.5981320151167,0.8653407559536888,730
cirt,cirt,sphere_ttc,2018-2019,24,z100,m^2 s^-2,549.2466149349957,0.8170274214910437,730
cirt,cirt,sphere_ttc,2018-2019,24,z200,m^2 s^-2,679.5124599125243,0.7651349438932457,730
cirt,cirt,sphere_ttc,2018-2019,24,z300,m^2 s^-2,697.3014961557848,0.7644980417260749,730
cirt,cirt,sphere_ttc,2018-2019,24,z500,m^2 s^-2,491.27071116018675,0.785958994394322,730
cirt,cirt,sphere_ttc,2018-2019,24,z700,m^2 s^-2,371.74424436590556,0.7905506440080871,730
cirt,cirt,sphere_ttc,2018-2019,24,z850,m^2 s^-2,343.44394750389006,0.7707965323027351,730
cirt,cirt,sphere_ttc,2018-2019,24,z925,m^2 s^-2,349.3799434336719,0.7555861829662783,730
cirt,cirt,sphere_ttc,2018-2019,24,z1000,m^2 s^-2,363.92341803627517,0.7411846246615844,730
cirt,cirt,sphere_ttc,2018-2019,24,q50,kg kg^-1,1.0247444478587512e-07,0.6081905840899117,730
cirt,cirt,sphere_ttc,2018-2019,24,q100,kg kg^-1,3.3666945334901345e-07,0.45612187834621365,730
cirt,cirt,sphere_ttc,2018-2019,24,q200,kg kg^-1,1.2362977760731158e-05,0.447446612130416,730
cirt,cirt,sphere_ttc,2018-2019,24,q300,kg kg^-1,0.00010896699103054508,0.4533225420783812,730
cirt,cirt,sphere_ttc,2018-2019,24,q500,kg kg^-1,0.0006868564851134764,0.45933824818879815,730
cirt,cirt,sphere_ttc,2018-2019,24,q700,kg kg^-1,0.0013382915755852354,0.41940304482831114,730
cirt,cirt,sphere_ttc,2018-2019,24,q850,kg kg^-1,0.0015689132168186866,0.36464732611153905,730
cirt,cirt,sphere_ttc,2018-2019,24,q925,kg kg^-1,0.0012800545190910222,0.4031024965075009,730
cirt,cirt,sphere_ttc,2018-2019,24,q1000,kg kg^-1,0.0013250622180706318,0.4255082874348125,730
cirt,cirt,sphere_ttc,2018-2019,24,t50,K,1.9575821404143177,0.8204307863859076,730
cirt,cirt,sphere_ttc,2018-2019,24,t100,K,2.2508053954442375,0.713264798535198,730
cirt,cirt,sphere_ttc,2018-2019,24,t200,K,2.6961235189715764,0.6399202141418074,730
cirt,cirt,sphere_ttc,2018-2019,24,t300,K,2.0675472183808066,0.5372934386638037,730
cirt,cirt,sphere_ttc,2018-2019,24,t500,K,2.353126769060074,0.6166710785931028,730
cirt,cirt,sphere_ttc,2018-2019,24,t700,K,2.3748177077502812,0.6254665819755162,730
cirt,cirt,sphere_ttc,2018-2019,24,t850,K,2.627250426501336,0.5988485656279785,730
cirt,cirt,sphere_ttc,2018-2019,24,t925,K,2.5320640018969782,0.555124992505555,730
cirt,cirt,sphere_ttc,2018-2019,24,t1000,K,2.3213832512356225,0.5189580752164933,730
cirt,cirt,sphere_ttc,2018-2019,24,u50,m s^-1,3.949482243417279,0.8610500553041094,730
cirt,cirt,sphere_ttc,2018-2019,24,u100,m s^-1,5.010235262035906,0.716081476581889,730
cirt,cirt,sphere_ttc,2018-2019,24,u200,m s^-1,8.118692610195675,0.6968884297104905,730
cirt,cirt,sphere_ttc,2018-2019,24,u300,m s^-1,8.369867153092722,0.6851951288231306,730
cirt,cirt,sphere_ttc,2018-2019,24,u500,m s^-1,5.6199707692097025,0.7049388184728738,730
cirt,cirt,sphere_ttc,2018-2019,24,u700,m s^-1,4.362153716915859,0.6948703541091263,730
cirt,cirt,sphere_ttc,2018-2019,24,u850,m s^-1,3.9998591136942845,0.6574373866346587,730
cirt,cirt,sphere_ttc,2018-2019,24,u925,m s^-1,3.9894176026361743,0.6289285489540308,730
cirt,cirt,sphere_ttc,2018-2019,24,u1000,m s^-1,3.1725306909150723,0.6161557607840322,730
cirt,cirt,sphere_ttc,2018-2019,24,v50,m s^-1,2.928289453990641,0.7848754874166084,730
cirt,cirt,sphere_ttc,2018-2019,24,v100,m s^-1,4.242689891412819,0.7361900654542254,730
cirt,cirt,sphere_ttc,2018-2019,24,v200,m s^-1,7.8268463291198325,0.6964120844237484,730
cirt,cirt,sphere_ttc,2018-2019,24,v300,m s^-1,7.95400232463064,0.7051909873802219,730
cirt,cirt,sphere_ttc,2018-2019,24,v500,m s^-1,5.186935371159279,0.7252114583209422,730
cirt,cirt,sphere_ttc,2018-2019,24,v700,m s^-1,4.0020048535489465,0.6990473406543812,730
cirt,cirt,sphere_ttc,2018-2019,24,v850,m s^-1,3.746455463418808,0.6470786512781709,730
cirt,cirt,sphere_ttc,2018-2019,24,v925,m s^-1,3.864819526776555,0.6319816340304327,730
cirt,cirt,sphere_ttc,2018-2019,24,v1000,m s^-1,3.161607844661045,0.6216200182970075,730
cirt,cirt,sphere_ttc,2018-2019,24,u10,m s^-1,2.823746444408534,0.6152572943343266,730
cirt,cirt,sphere_ttc,2018-2019,24,v10,m s^-1,2.795394761138217,0.6150751434539332,730
cirt,cirt,sphere_ttc,2018-2019,24,t2m,K,2.521448170853424,0.4327696584727242,730
cirt,cirt,sphere_ttc,2018-2019,24,mslp,Pa,462.1737246018306,0.7389842152436555,730
cirt,cirt,sphere_ttc,2018-2019,72,z50,m^2 s^-2,661.7363660805511,0.8189929886551242,730
cirt,cirt,sphere_ttc,2018-2019,72,z100,m^2 s^-2,653.9944142726517,0.7291911392230728,730
cirt,cirt,sphere_ttc,2018-2019,72,z200,m^2 s^-2,838.0262449863721,0.6121904767819186,730
cirt,cirt,sphere_ttc,2018-2019,72,z300,m^2 s^-2,876.4500414821379,0.5902537601836974,730
cirt,cirt,sphere_ttc,2018-2019,72,z500,m^2 s^-2,639.7582392828624,0.5975124715497181,730
cirt,cirt,sphere_ttc,2018-2019,72,z700,m^2 s^-2,494.17754523194657,0.5859237756253458,730
cirt,cirt,sphere_ttc,2018-2019,72,z850,m^2 s^-2,450.11661730942814,0.5562141921598065,730
cirt,cirt,sphere_ttc,2018-2019,72,z925,m^2 s^-2,451.3764021418608,0.5391431592320081,730
cirt,cirt,sphere_ttc,2018-2019,72,z1000,m^2 s^-2,463.43405667071704,0.5258128047055413,730
cirt,cirt,sphere_ttc,2018-2019,72,q50,kg kg^-1,1.0452490580532501e-07,0.5879838228678698,730
cirt,cirt,sphere_ttc,2018-2019,72,q100,kg kg^-1,3.4091563422599273e-07,0.4353538507271037,730
cirt,cirt,sphere_ttc,2018-2019,72,q200,kg kg^-1,1.2877402522727725e-05,0.3633189906235331,730
cirt,cirt,sphere_ttc,2018-2019,72,q300,kg kg^-1,0.00011401611000302247,0.3598067806441335,730
cirt,cirt,sphere_ttc,2018-2019,72,q500,kg kg^-1,0.0007176645259945785,0.37196229007968507,730
cirt,cirt,sphere_ttc,2018-2019,72,q700,kg kg^-1,0.001392145829185699,0.3315075640984612,730
cirt,cirt,sphere_ttc,2018-2019,72,q850,kg kg^-1,0.0016252481430640388,0.2777642301197088,730
cirt,cirt,sphere_ttc,2018-2019,72,q925,kg kg^-1,0.001347213166194546,0.2968760588524593,730
cirt,cirt,sphere_ttc,2018-2019,72,q1000,kg kg^-1,0.0014129757216047004,0.3082859267661739,730
cirt,cirt,sphere_ttc,2018-2019,72,t50,K,2.0761755363667938,0.7942601786573218,730
cirt,cirt,sphere_ttc,2018-2019,72,t100,K,2.421919975520568,0.6576721805100824,730
cirt,cirt,sphere_ttc,2018-2019,72,t200,K,2.9703555804412973,0.5333591803444293,730
cirt,cirt,sphere_ttc,2018-2019,72,t300,K,2.1989874908722964,0.4470077150737456,730
cirt,cirt,sphere_ttc,2018-2019,72,t500,K,2.6216950556879612,0.48409130109556275,730
cirt,cirt,sphere_ttc,2018-2019,72,t700,K,2.661811017646878,0.49118143666065694,730
cirt,cirt,sphere_ttc,2018-2019,72,t850,K,2.914036692139705,0.4680590020649803,730
cirt,cirt,sphere_ttc,2018-2019,72,t925,K,2.774606916802428,0.4280689833970548,730
cirt,cirt,sphere_ttc,2018-2019,72,t1000,K,2.5242724510141903,0.40161250783727614,730
cirt,cirt,sphere_ttc,2018-2019,72,u50,m s^-1,4.325703635668938,0.8307100621212549,730
cirt,cirt,sphere_ttc,2018-2019,72,u100,m s^-1,5.724203159917101,0.6047893397254553,730
cirt,cirt,sphere_ttc,2018-2019,72,u200,m s^-1,9.588041154573988,0.5324734898360127,730
cirt,cirt,sphere_ttc,2018-2019,72,u300,m s^-1,9.976441443794041,0.4978410512541611,730
cirt,cirt,sphere_ttc,2018-2019,72,u500,m s^-1,6.883880187828629,0.4976760284305329,730
cirt,cirt,sphere_ttc,2018-2019,72,u700,m s^-1,5.329938417039857,0.4811078178524083,730
cirt,cirt,sphere_ttc,2018-2019,72,u850,m s^-1,4.791799541870482,0.4366407507318883,730
cirt,cirt,sphere_ttc,2018-2019,72,u925,m s^-1,4.711942370181665,0.4048155219547016,730
cirt,cirt,sphere_ttc,2018-2019,72,u1000,m s^-1,3.7153901599257373,0.3970181084290222,730
cirt,cirt,sphere_ttc,2018-2019,72,v50,m s^-1,3.5675678601585337,0.6578320406403332,730
cirt,cirt,sphere_ttc,2018-2019,72,v100,m s^-1,5.285431587150571,0.5405218312465734,730
cirt,cirt,sphere_ttc,2018-2019,72,v200,m s^-1,9.707965763027987,0.45870550390509557,730
cirt,cirt,sphere_ttc,2018-2019,72,v300,m s^-1,10.020764492562812,0.45361099631590013,730
cirt,cirt,sphere_ttc,2018-2019,72,v500,m s^-1,6.6846536517892545,0.46617260428136703,730
cirt,cirt,sphere_ttc,2018-2019,72,v700,m s^-1,5.042063897027511,0.4413492369736896,730
cirt,cirt,sphere_ttc,2018-2019,72,v850,m s^-1,4.540010295888704,0.3932559356728253,730
cirt,cirt,sphere_ttc,2018-2019,72,v925,m s^-1,4.637116099727852,0.37937562563254007,730
cirt,cirt,sphere_ttc,2018-2019,72,v1000,m s^-1,3.7635079995158085,0.3741997618673814,730
cirt,cirt,sphere_ttc,2018-2019,72,u10,m s^-1,3.3036962224384627,0.397942394607378,730
cirt,cirt,sphere_ttc,2018-2019,72,v10,m s^-1,3.313660651929596,0.3694403574933382,730
cirt,cirt,sphere_ttc,2018-2019,72,t2m,K,2.6924987064756865,0.3378667988802284,730
cirt,cirt,sphere_ttc,2018-2019,72,mslp,Pa,587.2706920242287,0.5241057274123571,730
cirt,cirt,sphere_ttc,2018-2019,120,z50,m^2 s^-2,762.8506573697674,0.7519946805050622,730
cirt,cirt,sphere_ttc,2018-2019,120,z100,m^2 s^-2,747.1585646142122,0.6286594932176062,730
cirt,cirt,sphere_ttc,2018-2019,120,z200,m^2 s^-2,945.1126192678389,0.46592243516185666,730
cirt,cirt,sphere_ttc,2018-2019,120,z300,m^2 s^-2,985.7789754512828,0.43412211454732963,730
cirt,cirt,sphere_ttc,2018-2019,120,z500,m^2 s^-2,722.6430913963048,0.4395137058135141,730
cirt,cirt,sphere_ttc,2018-2019,120,z700,m^2 s^-2,554.0790273574366,0.43347302060093534,730
cirt,cirt,sphere_ttc,2018-2019,120,z850,m^2 s^-2,497.045535200247,0.41284329266607456,730
cirt,cirt,sphere_ttc,2018-2019,120,z925,m^2 s^-2,494.79204393160336,0.39977263440993804,730
cirt,cirt,sphere_ttc,2018-2019,120,z1000,m^2 s^-2,505.5103839351543,0.3889121116419622,730
cirt,cirt,sphere_ttc,2018-2019,120,q50,kg kg^-1,1.0641966808522199e-07,0.5682905347014741,730
cirt,cirt,sphere_ttc,2018-2019,120,q100,kg kg^-1,3.4546764926825214e-07,0.4118402027578183,730
cirt,cirt,sphere_ttc,2018-2019,120,q200,kg kg^-1,1.313513380243105e-05,0.31342571153890053,730
cirt,cirt,sphere_ttc,2018-2019,120,q300,kg kg^-1,0.00011644480422667266,0.3051756744019442,730
cirt,cirt,sphere_ttc,2018-2019,120,q500,kg kg^-1,0.000734772105445647,0.31378059099613986,730
cirt,cirt,sphere_ttc,2018-2019,120,q700,kg kg^-1,0.0014204405813793802,0.2750006526135901,730
cirt,cirt,sphere_ttc,2018-2019,120,q850,kg kg^-1,0.0016526862071466449,0.22711651367356944,730
cirt,cirt,sphere_ttc,2018-2019,120,q925,kg kg^-1,0.0013807878072508717,0.2320511186563513,730
cirt,cirt,sphere_ttc,2018-2019,120,q1000,kg kg^-1,0.001465701323823162,0.22088216539324437,730
cirt,cirt,sphere_ttc,2018-2019,120,t50,K,2.2480106647627425,0.7536628050813527,730
cirt,cirt,sphere_ttc,2018-2019,120,t100,K,2.5977832777825154,0.591676229474942,730
cirt,cirt,sphere_ttc,2018-2019,120,t200,K,3.14033983873239,0.4508156813795937,730
cirt,cirt,sphere_ttc,2018-2019,120,t300,K,2.2995651034316578,0.3620910536416604,730
cirt,cirt,sphere_ttc,2018-2019,120,t500,K,2.811178853153847,0.35736433485257124,730
cirt,cirt,sphere_ttc,2018-2019,120,t700,K,2.8750434620010545,0.3563460088926035,730
cirt,cirt,sphere_ttc,2018-2019,120,t850,K,3.1242576325607345,0.3398435620960164,730
cirt,cirt,sphere_ttc,2018-2019,120,t925,K,2.9446011468326754,0.3130979643524421,730
cirt,cirt,sphere_ttc,2018-2019,120,t1000,K,2.6589138849461738,0.3082624862727441,730
cirt,cirt,sphere_ttc,2018-2019,120,u50,m s^-1,4.6926301950840985,0.797330781357888,730
cirt,cirt,sphere_ttc,2018-2019,120,u100,m s^-1,6.2120383773744265,0.5069138410860443,730
cirt,cirt,sphere_ttc,2018-2019,120,u200,m s^-1,10.3501663919655,0.4118486259282603,730
cirt,cirt,sphere_ttc,2018-2019,120,u300,m s^-1,10.692200611006099,0.37537789673140726,730
cirt,cirt,sphere_ttc,2018-2019,120,u500,m s^-1,7.3990504317617045,0.37007844916398325,730
cirt,cirt,sphere_ttc,2018-2019,120,u700,m s^-1,5.693914909367178,0.3604447532202641,730
cirt,cirt,sphere_ttc,2018-2019,120,u850,m s^-1,5.060075477302789,0.32602319205528074,730
cirt,cirt,sphere_ttc,2018-2019,120,u925,m s^-1,4.945124070293563,0.29868477234351426,730
cirt,cirt,sphere_ttc,2018-2019,120,u1000,m s^-1,3.8979584793913715,0.2901250745470241,730
cirt,cirt,sphere_ttc,2018-2019,120,v50,m s^-1,4.056357412085408,0.5276147757255053,730
cirt,cirt,sphere_ttc,2018-2019,120,v100,m s^-1,5.840027952410074,0.3834464706292721,730
cirt,cirt,sphere_ttc,2018-2019,120,v200,m s^-1,10.474896469699596,0.2978324556699661,730
cirt,cirt,sphere_ttc,2018-2019,120,v300,m s^-1,10.787856679239386,0.2959100263817098,730
cirt,cirt,sphere_ttc,2018-2019,120,v500,m s^-1,7.2254293757639045,0.30870710830327264,730
cirt,cirt,sphere_ttc,2018-2019,120,v700,m s^-1,5.394337292596806,0.29872419156188185,730
cirt,cirt,sphere_ttc,2018-2019,120,v850,m s^-1,4.779647656195883,0.27135960116122837,730
cirt,cirt,sphere_ttc,2018-2019,120,v925,m s^-1,4.864901823516091,0.26075768679079525,730
cirt,cirt,sphere_ttc,2018-2019,120,v1000,m s^-1,3.9478722838776292,0.2539337173612587,730
cirt,cirt,sphere_ttc,2018-2019,120,u10,m s^-1,3.467130408465528,0.2916567866847625,730
cirt,cirt,sphere_ttc,2018-2019,120,v10,m s^-1,3.472665837557683,0.25112080756422767,730
cirt,cirt,sphere_ttc,2018-2019,120,t2m,K,2.8142982264115006,0.2623413519157823,730
cirt,cirt,sphere_ttc,2018-2019,120,mslp,Pa,639.8865744215923,0.38837559298776403,730
cirt,cirt,sphere_ttc,2018-2019,168,z50,m^2 s^-2,847.21993931795,0.6846298547103992,730
cirt,cirt,sphere_ttc,2018-2019,168,z100,m^2 s^-2,805.6932714810024,0.5502986689266427,730
cirt,cirt,sphere_ttc,2018-2019,168,z200,m^2 s^-2,996.8533046335875,0.3701414128223246,730
cirt,cirt,sphere_ttc,2018-2019,168,z300,m^2 s^-2,1035.9892345033559,0.334593474039729,730
cirt,cirt,sphere_ttc,2018-2019,168,z500,m^2 s^-2,761.0833215809545,0.33730379017034684,730
cirt,cirt,sphere_ttc,2018-2019,168,z700,m^2 s^-2,581.8066065443605,0.3353009836069262,730
cirt,cirt,sphere_ttc,2018-2019,168,z850,m^2 s^-2,518.8227685799052,0.32101412437782384,730
cirt,cirt,sphere_ttc,2018-2019,168,z925,m^2 s^-2,514.7856459536977,0.3114511443697399,730
cirt,cirt,sphere_ttc,2018-2019,168,z1000,m^2 s^-2,524.9576625541483,0.30235835092807567,730
cirt,cirt,sphere_ttc,2018-2019,168,q50,kg kg^-1,1.0835456621446336e-07,0.5478233914811321,730
cirt,cirt,sphere_ttc,2018-2019,168,q100,kg kg^-1,3.50076794995179e-07,0.38654864097949265,730
cirt,cirt,sphere_ttc,2018-2019,168,q200,kg kg^-1,1.328606579470271e-05,0.28127215539453937,730
cirt,cirt,sphere_ttc,2018-2019,168,q300,kg kg^-1,0.0001178082975090968,0.26987723209240455,730
cirt,cirt,sphere_ttc,2018-2019,168,q500,kg kg^-1,0.000745151506860617,0.27345697602005936,730
cirt,cirt,sphere_ttc,2018-2019,168,q700,kg kg^-1,0.0014358768918691265,0.2400459071585335,730
cirt,cirt,sphere_ttc,2018-2019,168,q850,kg kg^-1,0.0016663722180802953,0.19935049969139135,730
cirt,cirt,sphere_ttc,2018-2019,168,q925,kg kg^-1,0.0013972441014793518,0.19744742118623318,730
cirt,cirt,sphere_ttc,2018-2019,168,q1000,kg kg^-1,0.0014886382222663072,0.17816213592674815,730
cirt,cirt,sphere_ttc,2018-2019,168,t50,K,2.4260709058704153,0.7075982455289146,730
cirt,cirt,sphere_ttc,2018-2019,168,t100,K,2.7188189011727886,0.5393328696751509,730
cirt,cirt,sphere_ttc,2018-2019,168,t200,K,3.234616042624415,0.39722097888106456,730
cirt,cirt,sphere_ttc,2018-2019,168,t300,K,2.3543709946242526,0.3061666704654284,730
cirt,cirt,sphere_ttc,2018-2019,168,t500,K,2.9005006938377993,0.27817480858162075,730
cirt,cirt,sphere_ttc,2018-2019,168,t700,K,2.975420227091777,0.27263982363664657,730
cirt,cirt,sphere_ttc,2018-2019,168,t850,K,3.2256990963588836,0.26010766718698886,730
cirt,cirt,sphere_ttc,2018-2019,168,t925,K,3.032957768273771,0.24116031725678302,730
cirt,cirt,sphere_ttc,2018-2019,168,t1000,K,2.7447809611535265,0.24431649040372416,730
cirt,cirt,sphere_ttc,2018-2019,168,u50,m s^-1,4.986113697956926,0.7678782892251934,730
cirt,cirt,sphere_ttc,2018-2019,168,u100,m s^-1,6.512452028779043,0.43297813726378886,730
cirt,cirt,sphere_ttc,2018-2019,168,u200,m s^-1,10.726150399155518,0.33448467685667194,730
cirt,cirt,sphere_ttc,2018-2019,168,u300,m s^-1,11.030213017744806,0.2995963870510463,730
cirt,cirt,sphere_ttc,2018-2019,168,u500,m s^-1,7.635588619373819,0.2932358505967334,730
cirt,cirt,sphere_ttc,2018-2019,168,u700,m s^-1,5.8663708261041485,0.28728628796555306,730
cirt,cirt,sphere_ttc,2018-2019,168,u850,m s^-1,5.188107840395625,0.2597748242756406,730
cirt,cirt,sphere_ttc,2018-2019,168,u925,m s^-1,5.056390752560661,0.23550735130160666,730
cirt,cirt,sphere_ttc,2018-2019,168,u1000,m s^-1,3.9856061803696083,0.22622089679842655,730
cirt,cirt,sphere_ttc,2018-2019,168,v50,m s^-1,4.345034432842946,0.4241447818528915,730
cirt,cirt,sphere_ttc,2018-2019,168,v100,m s^-1,6.052863029235664,0.29614961798891243,730
cirt,cirt,sphere_ttc,2018-2019,168,v200,m s^-1,10.684653152964326,0.22746322951146833,730
cirt,cirt,sphere_ttc,2018-2019,168,v300,m s^-1,11.001823431404492,0.22508221458476502,730
cirt,cirt,sphere_ttc,2018-2019,168,v500,m s^-1,7.392864918247381,0.2315333991279353,730
cirt,cirt,sphere_ttc,2018-2019,168,v700,m s^-1,5.513138793641996,0.22390989198825068,730
cirt,cirt,sphere_ttc,2018-2019,168,v850,m s^-1,4.863456573977698,0.20582494049885058,730
cirt,cirt,sphere_ttc,2018-2019,168,v925,m s^-1,4.942373321844834,0.19895125353141813,730
cirt,cirt,sphere_ttc,2018-2019,168,v1000,m s^-1,4.007322251886714,0.19407957303686912,730
cirt,cirt,sphere_ttc,2018-2019,168,u10,m s^-1,3.545326514692448,0.22791419442900904,730
cirt,cirt,sphere_ttc,2018-2019,168,v10,m s^-1,3.524720963141119,0.19206837334378038,730
cirt,cirt,sphere_ttc,2018-2019,168,t2m,K,2.8979734477130785,0.21213399013801548,730
cirt,cirt,sphere_ttc,2018-2019,168,mslp,Pa,664.406625766298,0.3018617398083945,730
cirt,cirt,sphere_ttc,2018-2019,240,z50,m^2 s^-2,950.4961465994181,0.5907270228266901,730
cirt,cirt,sphere_ttc,2018-2019,240,z100,m^2 s^-2,864.7357358223489,0.4561035098435913,730
cirt,cirt,sphere_ttc,2018-2019,240,z200,m^2 s^-2,1032.392018135354,0.27833868924269023,730
cirt,cirt,sphere_ttc,2018-2019,240,z300,m^2 s^-2,1066.2179316348631,0.2439581192225844,730
cirt,cirt,sphere_ttc,2018-2019,240,z500,m^2 s^-2,783.1156020875057,0.2452048751919405,730
cirt,cirt,sphere_ttc,2018-2019,240,z700,m^2 s^-2,597.3943537311538,0.24637167273414992,730
cirt,cirt,sphere_ttc,2018-2019,240,z850,m^2 s^-2,530.853816070691,0.23845977350667627,730
cirt,cirt,sphere_ttc,2018-2019,240,z925,m^2 s^-2,525.9725667645318,0.2317530239811365,730
cirt,cirt,sphere_ttc,2018-2019,240,z1000,m^2 s^-2,535.9040948992595,0.22405977443299926,730
cirt,cirt,sphere_ttc,2018-2019,240,q50,kg kg^-1,1.1132641117762872e-07,0.5154837130861545,730
cirt,cirt,sphere_ttc,2018-2019,240,q100,kg kg^-1,3.573624852404531e-07,0.342821268811147,730
cirt,cirt,sphere_ttc,2018-2019,240,q200,kg kg^-1,1.3449315040213719e-05,0.24443110741363802,730
cirt,cirt,sphere_ttc,2018-2019,240,q300,kg kg^-1,0.00011928873887292401,0.22798881787369585,730
cirt,cirt,sphere_ttc,2018-2019,240,q500,kg kg^-1,0.00075489527489248,0.23093414249685754,730
cirt,cirt,sphere_ttc,2018-2019,240,q700,kg kg^-1,0.0014496307365926687,0.20587403549589642,730
cirt,cirt,sphere_ttc,2018-2019,240,q850,kg kg^-1,0.0016782950724346325,0.17352168034667517,730
cirt,cirt,sphere_ttc,2018-2019,240,q925,kg kg^-1,0.0014108788666814445,0.16808140920163803,730
cirt,cirt,sphere_ttc,2018-2019,240,q1000,kg kg^-1,0.0015057310155955589,0.14372175097268214,730
cirt,cirt,sphere_ttc,2018-2019,240,t50,K,2.707505288565304,0.6276870767455273,730
cirt,cirt,sphere_ttc,2018-2019,240,t100,K,2.8691602070434343,0.4690750179812928,730
cirt,cirt,sphere_ttc,2018-2019,240,t200,K,3.3173460593270825,0.34341026004247527,730
cirt,cirt,sphere_ttc,2018-2019,240,t300,K,2.4051403667296527,0.24683767843744187,730
cirt,cirt,sphere_ttc,2018-2019,240,t500,K,2.9582784493303786,0.20678197102915508,730
cirt,cirt,sphere_ttc,2018-2019,240,t700,K,3.03989128103863,0.19920632167051538,730
cirt,cirt,sphere_ttc,2018-2019,240,t850,K,3.294979428472466,0.18822378122741174,730
cirt,cirt,sphere_ttc,2018-2019,240,t925,K,3.099342613161331,0.1780335281952977,730
cirt,cirt,sphere_ttc,2018-2019,240,t1000,K,2.821697950155351,0.1857012764338653,730
cirt,cirt,sphere_ttc,2018-2019,240,u50,m s^-1,5.341588775164909,0.7285861686043703,730
cirt,cirt,sphere_ttc,2018-2019,240,u100,m s^-1,6.7938092735537206,0.34684654954740024,730
cirt,cirt,sphere_ttc,2018-2019,240,u200,m s^-1,11.023683444943401,0.25475352295245485,730
cirt,cirt,sphere_ttc,2018-2019,240,u300,m s^-1,11.271687237475295,0.22583352114959931,730
cirt,cirt,sphere_ttc,2018-2019,240,u500,m s^-1,7.800770947188818,0.2183424610246803,730
cirt,cirt,sphere_ttc,2018-2019,240,u700,m s^-1,5.990427487796581,0.2146231430030484,730
cirt,cirt,sphere_ttc,2018-2019,240,u850,m s^-1,5.2812194734284645,0.194298613479589,730
cirt,cirt,sphere_ttc,2018-2019,240,u925,m s^-1,5.131645940689207,0.17583015488608428,730
cirt,cirt,sphere_ttc,2018-2019,240,u1000,m s^-1,4.040210929071475,0.16853384652284986,730
cirt,cirt,sphere_ttc,2018-2019,240,v50,m s^-1,4.560407234321761,0.3074210628764327,730
cirt,cirt,sphere_ttc,2018-2019,240,v100,m s^-1,6.178812385659752,0.2080421281872492,730
cirt,cirt,sphere_ttc,2018-2019,240,v200,m s^-1,10.785438108923346,0.16749045814728938,730
cirt,cirt,sphere_ttc,2018-2019,240,v300,m s^-1,11.098717394076251,0.16587244094818676,730
cirt,cirt,sphere_ttc,2018-2019,240,v500,m s^-1,7.460959966576883,0.16818331085278945,730
cirt,cirt,sphere_ttc,2018-2019,240,v700,m s^-1,5.560095840702143,0.16121597535188953,730
cirt,cirt,sphere_ttc,2018-2019,240,v850,m s^-1,4.897702945739051,0.14986048734629884,730
cirt,cirt,sphere_ttc,2018-2019,240,v925,m s^-1,4.973425485023003,0.14730145994904914,730
cirt,cirt,sphere_ttc,2018-2019,240,v1000,m s^-1,4.033571875070495,0.14344584811958272,730
cirt,cirt,sphere_ttc,2018-2019,240,u10,m s^-1,3.594547980062781,0.16950653970966165,730
cirt,cirt,sphere_ttc,2018-2019,240,v10,m s^-1,3.5466436514964044,0.14215645418448494,730
cirt,cirt,sphere_ttc,2018-2019,240,t2m,K,2.9836998433054074,0.16414284813546337,730
cirt,cirt,sphere_ttc,2018-2019,240,mslp,Pa,678.5264038608235,0.22302174108634526,730
climode,ClimODE-style adapter,raw,2018-2019,24,z50,m^2 s^-2,392.26961651234404,0.9403698367904559,730
climode,ClimODE-style adapter,raw,2018-2019,24,z100,m^2 s^-2,400.5797379492371,0.9085139016350339,730
climode,ClimODE-style adapter,raw,2018-2019,24,z200,m^2 s^-2,523.4927816953711,0.8735688533179555,730
climode,ClimODE-style adapter,raw,2018-2019,24,z300,m^2 s^-2,572.2451190380242,0.8561380657776643,730
climode,ClimODE-style adapter,raw,2018-2019,24,z500,m^2 s^-2,420.9389741256184,0.8562151176843786,730
climode,ClimODE-style adapter,raw,2018-2019,24,z700,m^2 s^-2,330.5683985298541,0.847137717063195,730
climode,ClimODE-style adapter,raw,2018-2019,24,z850,m^2 s^-2,309.89302094192163,0.8272413351345423,730
climode,ClimODE-style adapter,raw,2018-2019,24,z925,m^2 s^-2,314.3969930469175,0.8169576255270172,730
climode,ClimODE-style adapter,raw,2018-2019,24,z1000,m^2 s^-2,324.7552141738968,0.8090882832911537,730
climode,ClimODE-style adapter,raw,2018-2019,24,q50,kg kg^-1,7.007946207186447e-08,0.8526509414321635,730
climode,ClimODE-style adapter,raw,2018-2019,24,q100,kg kg^-1,2.528327023839902e-07,0.7556727915513327,730
climode,ClimODE-style adapter,raw,2018-2019,24,q200,kg kg^-1,1.1142867584887772e-05,0.6237610981446993,730
climode,ClimODE-style adapter,raw,2018-2019,24,q300,kg kg^-1,9.563928462204116e-05,0.6320392580709078,730
climode,ClimODE-style adapter,raw,2018-2019,24,q500,kg kg^-1,0.0005678646221041877,0.6809167137847312,730
climode,ClimODE-style adapter,raw,2018-2019,24,q700,kg kg^-1,0.0010953127065635548,0.6714404310718762,730
climode,ClimODE-style adapter,raw,2018-2019,24,q850,kg kg^-1,0.001298017339065996,0.6378022449820397,730
climode,ClimODE-style adapter,raw,2018-2019,24,q925,kg kg^-1,0.001044759028192462,0.67451975849857,730
climode,ClimODE-style adapter,raw,2018-2019,24,q1000,kg kg^-1,0.0009731579151114222,0.7358941489118443,730
climode,ClimODE-style adapter,raw,2018-2019,24,t50,K,1.3650206324134764,0.9168247489475492,730
climode,ClimODE-style adapter,raw,2018-2019,24,t100,K,1.6418750966123659,0.859702965957189,730
climode,ClimODE-style adapter,raw,2018-2019,24,t200,K,2.217708436276346,0.7815326834888799,730
climode,ClimODE-style adapter,raw,2018-2019,24,t300,K,1.677166255270729,0.7309941263025022,730
climode,ClimODE-style adapter,raw,2018-2019,24,t500,K,1.9386299393530986,0.7613279403330196,730
climode,ClimODE-style adapter,raw,2018-2019,24,t700,K,1.9151208917679718,0.7769318288811984,730
climode,ClimODE-style adapter,raw,2018-2019,24,t850,K,2.05110025837878,0.779754381647354,730
climode,ClimODE-style adapter,raw,2018-2019,24,t925,K,1.923805841033434,0.7729300110849986,730
climode,ClimODE-style adapter,raw,2018-2019,24,t1000,K,1.6892831285350465,0.777614998246932,730
climode,ClimODE-style adapter,raw,2018-2019,24,u50,m s^-1,2.895664174457662,0.9279172409976904,730
climode,ClimODE-style adapter,raw,2018-2019,24,u100,m s^-1,3.806343110904604,0.8492429992407959,730
climode,ClimODE-style adapter,raw,2018-2019,24,u200,m s^-1,6.729552469570426,0.8113584630289458,730
climode,ClimODE-style adapter,raw,2018-2019,24,u300,m s^-1,7.3565101650963305,0.7801781083297331,730
climode,ClimODE-style adapter,raw,2018-2019,24,u500,m s^-1,4.9399484653354255,0.7921411069472089,730
climode,ClimODE-style adapter,raw,2018-2019,24,u700,m s^-1,3.8384182847868487,0.7817327916626902,730
climode,ClimODE-style adapter,raw,2018-2019,24,u850,m s^-1,3.6106443080613655,0.7369819256137803,730
climode,ClimODE-style adapter,raw,2018-2019,24,u925,m s^-1,3.6172137597032443,0.7128780471630595,730
climode,ClimODE-style adapter,raw,2018-2019,24,u1000,m s^-1,2.86514736009604,0.7053350097265192,730
climode,ClimODE-style adapter,raw,2018-2019,24,v50,m s^-1,2.747982216348153,0.8241473432282017,730
climode,ClimODE-style adapter,raw,2018-2019,24,v100,m s^-1,3.996447011058176,0.7895940076334262,730
climode,ClimODE-style adapter,raw,2018-2019,24,v200,m s^-1,7.454635826053519,0.7614897764434234,730
climode,ClimODE-style adapter,raw,2018-2019,24,v300,m s^-1,7.956073804411569,0.7436924828639412,730
climode,ClimODE-style adapter,raw,2018-2019,24,v500,m s^-1,5.274693549183369,0.7494826617126173,730
climode,ClimODE-style adapter,raw,2018-2019,24,v700,m s^-1,4.04138797818621,0.7180151273239486,730
climode,ClimODE-style adapter,raw,2018-2019,24,v850,m s^-1,3.7650730552290073,0.6580824478936608,730
climode,ClimODE-style adapter,raw,2018-2019,24,v925,m s^-1,3.842472703602017,0.6514446923400271,730
climode,ClimODE-style adapter,raw,2018-2019,24,v1000,m s^-1,3.079937545348108,0.6559319014266627,730
climode,ClimODE-style adapter,raw,2018-2019,24,u10,m s^-1,2.560991858726809,0.7014772133140159,730
climode,ClimODE-style adapter,raw,2018-2019,24,v10,m s^-1,2.7057202246008862,0.6545387587285407,730
climode,ClimODE-style adapter,raw,2018-2019,24,t2m,K,1.5407545322782463,0.7968687267238155,730
climode,ClimODE-style adapter,raw,2018-2019,24,mslp,Pa,410.9810527860668,0.8081173612258611,730
climode,ClimODE-style adapter,raw,2018-2019,72,z50,m^2 s^-2,750.8266301143493,0.7646430364788758,730
climode,ClimODE-style adapter,raw,2018-2019,72,z100,m^2 s^-2,732.8254692823785,0.658648960092236,730
climode,ClimODE-style adapter,raw,2018-2019,72,z200,m^2 s^-2,908.7589462025021,0.5271202197401494,730
climode,ClimODE-style adapter,raw,2018-2019,72,z300,m^2 s^-2,955.3726362306066,0.48648225612226276,730
climode,ClimODE-style adapter,raw,2018-2019,72,z500,m^2 s^-2,703.454323668576,0.485095598615011,730
climode,ClimODE-style adapter,raw,2018-2019,72,z700,m^2 s^-2,542.8281332773729,0.467751974096721,730
climode,ClimODE-style adapter,raw,2018-2019,72,z850,m^2 s^-2,495.30923082409316,0.42883726842895525,730
climode,ClimODE-style adapter,raw,2018-2019,72,z925,m^2 s^-2,498.2257294683614,0.4041253366549394,730
climode,ClimODE-style adapter,raw,2018-2019,72,z1000,m^2 s^-2,514.7913073800971,0.38326758232336194,730
climode,ClimODE-style adapter,raw,2018-2019,72,q50,kg kg^-1,1.0750963139647055e-07,0.6373111434316725,730
climode,ClimODE-style adapter,raw,2018-2019,72,q100,kg kg^-1,3.7558630550863157e-07,0.4414016278216906,730
climode,ClimODE-style adapter,raw,2018-2019,72,q200,kg kg^-1,1.5147417196793689e-05,0.26234118442174037,730
climode,ClimODE-style adapter,raw,2018-2019,72,q300,kg kg^-1,0.00012957284529783723,0.24683653040326542,730
climode,ClimODE-style adapter,raw,2018-2019,72,q500,kg kg^-1,0.0008106273061022747,0.284107273179799,730
climode,ClimODE-style adapter,raw,2018-2019,72,q700,kg kg^-1,0.0015884001064143134,0.26337861947931984,730
climode,ClimODE-style adapter,raw,2018-2019,72,q850,kg kg^-1,0.0018505551290907642,0.2395870716680148,730
climode,ClimODE-style adapter,raw,2018-2019,72,q925,kg kg^-1,0.0014945301129379279,0.30850813955085304,730
climode,ClimODE-style adapter,raw,2018-2019,72,q1000,kg kg^-1,0.0015011870381317963,0.3366000154278695,730
climode,ClimODE-style adapter,raw,2018-2019,72,t50,K,2.340327479404389,0.7412610307220007,730
climode,ClimODE-style adapter,raw,2018-2019,72,t100,K,2.676521806670154,0.5954469932679679,730
climode,ClimODE-style adapter,raw,2018-2019,72,t200,K,3.2629502292065666,0.4292936944824852,730
climode,ClimODE-style adapter,raw,2018-2019,72,t300,K,2.4484902909380057,0.36199460515114457,730
climode,ClimODE-style adapter,raw,2018-2019,72,t500,K,2.9285907740033887,0.353575646273621,730
climode,ClimODE-style adapter,raw,2018-2019,72,t700,K,2.969836935066972,0.37050913399952456,730
climode,ClimODE-style adapter,raw,2018-2019,72,t850,K,3.223187945838678,0.3701751249856767,730
climode,ClimODE-style adapter,raw,2018-2019,72,t925,K,3.0222218578203,0.3717369496459524,730
climode,ClimODE-style adapter,raw,2018-2019,72,t1000,K,2.6608970274415746,0.40708759411925366,730
climode,ClimODE-style adapter,raw,2018-2019,72,u50,m s^-1,4.946502692769309,0.780677937901284,730
climode,ClimODE-style adapter,raw,2018-2019,72,u100,m s^-1,6.298155705968415,0.5270959289862183,730
climode,ClimODE-style adapter,raw,2018-2019,72,u200,m s^-1,10.575958618350155,0.4301247743482995,730
climode,ClimODE-style adapter,raw,2018-2019,72,u300,m s^-1,10.91441840885945,0.3907594679712553,730
climode,ClimODE-style adapter,raw,2018-2019,72,u500,m s^-1,7.515120684555395,0.393647947681957,730
climode,ClimODE-style adapter,raw,2018-2019,72,u700,m s^-1,5.830629040796123,0.37851098350032863,730
climode,ClimODE-style adapter,raw,2018-2019,72,u850,m s^-1,5.247498775313416,0.3286954102554116,730
climode,ClimODE-style adapter,raw,2018-2019,72,u925,m s^-1,5.149409456078233,0.29971403554398246,730
climode,ClimODE-style adapter,raw,2018-2019,72,u1000,m s^-1,4.062435167637428,0.2940586571071826,730
climode,ClimODE-style adapter,raw,2018-2019,72,v50,m s^-1,4.3297052011488075,0.457277495991256,730
climode,ClimODE-style adapter,raw,2018-2019,72,v100,m s^-1,6.18123714922754,0.3278258889155387,730
climode,ClimODE-style adapter,raw,2018-2019,72,v200,m s^-1,10.969630347790124,0.25457842545743303,730
climode,ClimODE-style adapter,raw,2018-2019,72,v300,m s^-1,11.247799505962863,0.24111886666631807,730
climode,ClimODE-style adapter,raw,2018-2019,72,v500,m s^-1,7.57542228954808,0.24348871413488837,730
climode,ClimODE-style adapter,raw,2018-2019,72,v700,m s^-1,5.719978084036206,0.2233996640630485,730
climode,ClimODE-style adapter,raw,2018-2019,72,v850,m s^-1,5.116912995143677,0.1854038082979773,730
climode,ClimODE-style adapter,raw,2018-2019,72,v925,m s^-1,5.205894587839272,0.17888870787643807,730
climode,ClimODE-style adapter,raw,2018-2019,72,v1000,m s^-1,4.221176545362313,0.18217108013687386,730
climode,ClimODE-style adapter,raw,2018-2019,72,u10,m s^-1,3.611782667654894,0.29352401411998624,730
climode,ClimODE-style adapter,raw,2018-2019,72,v10,m s^-1,3.7132719431776287,0.1826165194430515,730
climode,ClimODE-style adapter,raw,2018-2019,72,t2m,K,2.4792158506920368,0.457769562551609,730
climode,ClimODE-style adapter,raw,2018-2019,72,mslp,Pa,653.108084610867,0.3821244038435079,730
climode,ClimODE-style adapter,raw,2018-2019,120,z50,m^2 s^-2,887.405203178102,0.6511018145891225,730
climode,ClimODE-style adapter,raw,2018-2019,120,z100,m^2 s^-2,828.2915255417302,0.5255022078458917,730
climode,ClimODE-style adapter,raw,2018-2019,120,z200,m^2 s^-2,1001.8247956340771,0.3584909619228784,730
climode,ClimODE-style adapter,raw,2018-2019,120,z300,m^2 s^-2,1040.0945517724397,0.31832005625005344,730
climode,ClimODE-style adapter,raw,2018-2019,120,z500,m^2 s^-2,764.6582116265258,0.31335748838171223,730
climode,ClimODE-style adapter,raw,2018-2019,120,z700,m^2 s^-2,585.4961776997587,0.30295868072103116,730
climode,ClimODE-style adapter,raw,2018-2019,120,z850,m^2 s^-2,524.1804168175305,0.28111335775025736,730
climode,ClimODE-style adapter,raw,2018-2019,120,z925,m^2 s^-2,522.2252140676932,0.26314083268743343,730
climode,ClimODE-style adapter,raw,2018-2019,120,z1000,m^2 s^-2,534.9273436373302,0.24898961413451856,730
climode,ClimODE-style adapter,raw,2018-2019,120,q50,kg kg^-1,1.1542361089831926e-07,0.5843632061006707,730
climode,ClimODE-style adapter,raw,2018-2019,120,q100,kg kg^-1,3.8756266330962854e-07,0.34753802359009417,730
climode,ClimODE-style adapter,raw,2018-2019,120,q200,kg kg^-1,1.4542437548553791e-05,0.20878716463388772,730
climode,ClimODE-style adapter,raw,2018-2019,120,q300,kg kg^-1,0.00012413245540448343,0.20189920964528404,730
climode,ClimODE-style adapter,raw,2018-2019,120,q500,kg kg^-1,0.0007778493620904613,0.2309986093927628,730
climode,ClimODE-style adapter,raw,2018-2019,120,q700,kg kg^-1,0.0015176383278477554,0.20960034251843668,730
climode,ClimODE-style adapter,raw,2018-2019,120,q850,kg kg^-1,0.0017780795827042483,0.19114261135050967,730
climode,ClimODE-style adapter,raw,2018-2019,120,q925,kg kg^-1,0.0015381372712388564,0.2174202653110994,730
climode,ClimODE-style adapter,raw,2018-2019,120,q1000,kg kg^-1,0.0015788320459874075,0.22678429326980779,730
climode,ClimODE-style adapter,raw,2018-2019,120,t50,K,2.6693163115942236,0.6472686122443028,730
climode,ClimODE-style adapter,raw,2018-2019,120,t100,K,2.9424178323949803,0.4805594311581762,730
climode,ClimODE-style adapter,raw,2018-2019,120,t200,K,3.3377297381512743,0.35186382787378734,730
climode,ClimODE-style adapter,raw,2018-2019,120,t300,K,2.526796501937338,0.2506951732511316,730
climode,ClimODE-style adapter,raw,2018-2019,120,t500,K,3.0738300866687456,0.2168471768213856,730
climode,ClimODE-style adapter,raw,2018-2019,120,t700,K,3.1328425905232127,0.23505777041778259,730
climode,ClimODE-style adapter,raw,2018-2019,120,t850,K,3.4113257967538884,0.23869540161924022,730
climode,ClimODE-style adapter,raw,2018-2019,120,t925,K,3.2086169284184773,0.24882408482286272,730
climode,ClimODE-style adapter,raw,2018-2019,120,t1000,K,2.8616994853737228,0.2868115306089786,730
climode,ClimODE-style adapter,raw,2018-2019,120,u50,m s^-1,5.565848387413977,0.7102457277909785,730
climode,ClimODE-style adapter,raw,2018-2019,120,u100,m s^-1,6.826434142263654,0.38018140039180925,730
climode,ClimODE-style adapter,raw,2018-2019,120,u200,m s^-1,10.983129564351122,0.30271054967048433,730
climode,ClimODE-style adapter,raw,2018-2019,120,u300,m s^-1,11.161750794694118,0.277420734943701,730
climode,ClimODE-style adapter,raw,2018-2019,120,u500,m s^-1,7.727336653839769,0.26707401861842334,730
climode,ClimODE-style adapter,raw,2018-2019,120,u700,m s^-1,5.96511257240134,0.25361064166852526,730
climode,ClimODE-style adapter,raw,2018-2019,120,u850,m s^-1,5.275390264434646,0.22581038761318925,730
climode,ClimODE-style adapter,raw,2018-2019,120,u925,m s^-1,5.129088883925756,0.20839443234641605,730
climode,ClimODE-style adapter,raw,2018-2019,120,u1000,m s^-1,4.04613773681534,0.20260873868074844,730
climode,ClimODE-style adapter,raw,2018-2019,120,v50,m s^-1,4.473165571336856,0.33340240371858637,730
climode,ClimODE-style adapter,raw,2018-2019,120,v100,m s^-1,6.176832228345587,0.21534937351563563,730
climode,ClimODE-style adapter,raw,2018-2019,120,v200,m s^-1,10.82440523633294,0.17002677535054253,730
climode,ClimODE-style adapter,raw,2018-2019,120,v300,m s^-1,11.092146917501065,0.17179957788713338,730
climode,ClimODE-style adapter,raw,2018-2019,120,v500,m s^-1,7.451780269165603,0.17329858891288621,730
climode,ClimODE-style adapter,raw,2018-2019,120,v700,m s^-1,5.588635894068417,0.15113680787101738,730
climode,ClimODE-style adapter,raw,2018-2019,120,v850,m s^-1,4.953853026200246,0.13139377116243892,730
climode,ClimODE-style adapter,raw,2018-2019,120,v925,m s^-1,5.034953647111688,0.13215857168403058,730
climode,ClimODE-style adapter,raw,2018-2019,120,v1000,m s^-1,4.087877562994701,0.13388888175687833,730
climode,ClimODE-style adapter,raw,2018-2019,120,u10,m s^-1,3.5985464048946114,0.20276792821979744,730
climode,ClimODE-style adapter,raw,2018-2019,120,v10,m s^-1,3.595266708570501,0.134313907904956,730
climode,ClimODE-style adapter,raw,2018-2019,120,t2m,K,2.724853509362318,0.3283399195610175,730
climode,ClimODE-style adapter,raw,2018-2019,120,mslp,Pa,678.3985758364457,0.2474939212967243,730
climode,ClimODE-style adapter,raw,2018-2019,168,z50,m^2 s^-2,970.8186238792962,0.5752565358064853,730
climode,ClimODE-style adapter,raw,2018-2019,168,z100,m^2 s^-2,879.7991399329237,0.4549260480027799,730
climode,ClimODE-style adapter,raw,2018-2019,168,z200,m^2 s^-2,1042.4286318825348,0.27721868165680097,730
climode,ClimODE-style adapter,raw,2018-2019,168,z300,m^2 s^-2,1078.0097380316636,0.22966917262640824,730
climode,ClimODE-style adapter,raw,2018-2019,168,z500,m^2 s^-2,791.0913608580966,0.22885701502521144,730
climode,ClimODE-style adapter,raw,2018-2019,168,z700,m^2 s^-2,604.0800577939277,0.2194403151762743,730
climode,ClimODE-style adapter,raw,2018-2019,168,z850,m^2 s^-2,539.5257589631474,0.20219124658984075,730
climode,ClimODE-style adapter,raw,2018-2019,168,z925,m^2 s^-2,536.5865096131298,0.1895334743057378,730
climode,ClimODE-style adapter,raw,2018-2019,168,z1000,m^2 s^-2,551.8147638514686,0.17340158224321675,730
climode,ClimODE-style adapter,raw,2018-2019,168,q50,kg kg^-1,1.2181886351057075e-07,0.5274118158701706,730
climode,ClimODE-style adapter,raw,2018-2019,168,q100,kg kg^-1,4.1576488421682587e-07,0.26456196629476264,730
climode,ClimODE-style adapter,raw,2018-2019,168,q200,kg kg^-1,1.577970615929186e-05,0.13591108077940522,730
climode,ClimODE-style adapter,raw,2018-2019,168,q300,kg kg^-1,0.0001319536672524365,0.13538096532669686,730
climode,ClimODE-style adapter,raw,2018-2019,168,q500,kg kg^-1,0.0008461069673604824,0.14583325915071546,730
climode,ClimODE-style adapter,raw,2018-2019,168,q700,kg kg^-1,0.0016754935648582259,0.12512768323978257,730
climode,ClimODE-style adapter,raw,2018-2019,168,q850,kg kg^-1,0.0019370791555188699,0.1244954558084848,730
climode,ClimODE-style adapter,raw,2018-2019,168,q925,kg kg^-1,0.001599436869372856,0.16782154547684489,730
climode,ClimODE-style adapter,raw,2018-2019,168,q1000,kg kg^-1,0.0016468561880781704,0.16938777506289202,730
climode,ClimODE-style adapter,raw,2018-2019,168,t50,K,2.8812875702553438,0.5802810348825509,730
climode,ClimODE-style adapter,raw,2018-2019,168,t100,K,3.111960581423,0.40731958419942504,730
climode,ClimODE-style adapter,raw,2018-2019,168,t200,K,3.466420913850837,0.28165758547503356,730
climode,ClimODE-style adapter,raw,2018-2019,168,t300,K,2.5815032854960513,0.20286858205880223,730
climode,ClimODE-style adapter,raw,2018-2019,168,t500,K,3.1609682454233985,0.1520562757792895,730
climode,ClimODE-style adapter,raw,2018-2019,168,t700,K,3.2362775496051164,0.15895460108714077,730
climode,ClimODE-style adapter,raw,2018-2019,168,t850,K,3.5236460068539284,0.1607666310130942,730
climode,ClimODE-style adapter,raw,2018-2019,168,t925,K,3.332129696589329,0.16810380918089324,730
climode,ClimODE-style adapter,raw,2018-2019,168,t1000,K,3.0052873985604385,0.21083333468760976,730
climode,ClimODE-style adapter,raw,2018-2019,168,u50,m s^-1,5.925045912209576,0.6675236627684159,730
climode,ClimODE-style adapter,raw,2018-2019,168,u100,m s^-1,7.233168795348372,0.28207899017721333,730
climode,ClimODE-style adapter,raw,2018-2019,168,u200,m s^-1,11.509468274109961,0.21205490263751,730
climode,ClimODE-style adapter,raw,2018-2019,168,u300,m s^-1,11.624333737539969,0.19193140768927616,730
climode,ClimODE-style adapter,raw,2018-2019,168,u500,m s^-1,8.034090869027654,0.18078740193054937,730
climode,ClimODE-style adapter,raw,2018-2019,168,u700,m s^-1,6.207085561511828,0.1719344474636653,730
climode,ClimODE-style adapter,raw,2018-2019,168,u850,m s^-1,5.478965897836372,0.1545887098385226,730
climode,ClimODE-style adapter,raw,2018-2019,168,u925,m s^-1,5.33020801009764,0.14076199109320958,730
climode,ClimODE-style adapter,raw,2018-2019,168,u1000,m s^-1,4.2198789541231125,0.13505305636558088,730
climode,ClimODE-style adapter,raw,2018-2019,168,v50,m s^-1,4.717492974989009,0.22946747869999395,730
climode,ClimODE-style adapter,raw,2018-2019,168,v100,m s^-1,6.387915534036324,0.13982458973868148,730
climode,ClimODE-style adapter,raw,2018-2019,168,v200,m s^-1,11.061827350965848,0.11510311140348171,730
climode,ClimODE-style adapter,raw,2018-2019,168,v300,m s^-1,11.30578269214901,0.1165535094549987,730
climode,ClimODE-style adapter,raw,2018-2019,168,v500,m s^-1,7.609465049113617,0.11560000632084017,730
climode,ClimODE-style adapter,raw,2018-2019,168,v700,m s^-1,5.722521907045092,0.10004935747991779,730
climode,ClimODE-style adapter,raw,2018-2019,168,v850,m s^-1,5.08311649065323,0.08746477969613739,730
climode,ClimODE-style adapter,raw,2018-2019,168,v925,m s^-1,5.167105434670579,0.09053784772171562,730
climode,ClimODE-style adapter,raw,2018-2019,168,v1000,m s^-1,4.209071454000114,0.09169393634689667,730
climode,ClimODE-style adapter,raw,2018-2019,168,u10,m s^-1,3.7567971350484384,0.13673702660735562,730
climode,ClimODE-style adapter,raw,2018-2019,168,v10,m s^-1,3.704881093282116,0.09234622818142846,730
climode,ClimODE-style adapter,raw,2018-2019,168,t2m,K,2.908061500807677,0.2511253111172312,730
climode,ClimODE-style adapter,raw,2018-2019,168,mslp,Pa,700.792915307759,0.17046212894737076,730
climode,ClimODE-style adapter,raw,2018-2019,240,z50,m^2 s^-2,1063.2184348261223,0.4762949058547463,730
climode,ClimODE-style adapter,raw,2018-2019,240,z100,m^2 s^-2,939.1855758074623,0.36324268842559604,730
climode,ClimODE-style adapter,raw,2018-2019,240,z200,m^2 s^-2,1069.9111135625508,0.20779536238696114,730
climode,ClimODE-style adapter,raw,2018-2019,240,z300,m^2 s^-2,1099.1063282135983,0.17116211297369122,730
climode,ClimODE-style adapter,raw,2018-2019,240,z500,m^2 s^-2,810.7688023451349,0.15516719445317956,730
climode,ClimODE-style adapter,raw,2018-2019,240,z700,m^2 s^-2,614.6327513120702,0.15792176952725615,730
climode,ClimODE-style adapter,raw,2018-2019,240,z850,m^2 s^-2,545.3536449622668,0.15258995600070818,730
climode,ClimODE-style adapter,raw,2018-2019,240,z925,m^2 s^-2,539.7883834309389,0.14612218550363695,730
climode,ClimODE-style adapter,raw,2018-2019,240,z1000,m^2 s^-2,552.7898188641839,0.13441099542113877,730
climode,ClimODE-style adapter,raw,2018-2019,240,q50,kg kg^-1,1.3100606403700165e-07,0.4646847939340496,730
climode,ClimODE-style adapter,raw,2018-2019,240,q100,kg kg^-1,4.1884550191497744e-07,0.20470709459956313,730
climode,ClimODE-style adapter,raw,2018-2019,240,q200,kg kg^-1,1.4882980514210844e-05,0.12922502735812927,730
climode,ClimODE-style adapter,raw,2018-2019,240,q300,kg kg^-1,0.00012577071380654752,0.1423465505711256,730
climode,ClimODE-style adapter,raw,2018-2019,240,q500,kg kg^-1,0.0007986960938271207,0.15259567070537858,730
climode,ClimODE-style adapter,raw,2018-2019,240,q700,kg kg^-1,0.0015708323221431775,0.1282406194858275,730
climode,ClimODE-style adapter,raw,2018-2019,240,q850,kg kg^-1,0.0018507063055413632,0.11866835611128412,730
climode,ClimODE-style adapter,raw,2018-2019,240,q925,kg kg^-1,0.0016150806888950583,0.13837846956135114,730
climode,ClimODE-style adapter,raw,2018-2019,240,q1000,kg kg^-1,0.0016719345180276621,0.13717852400054795,730
climode,ClimODE-style adapter,raw,2018-2019,240,t50,K,3.0879371930351565,0.5009151625623692,730
climode,ClimODE-style adapter,raw,2018-2019,240,t100,K,3.2904619574800202,0.3181244127780235,730
climode,ClimODE-style adapter,raw,2018-2019,240,t200,K,3.4843153555179,0.2524997983941565,730
climode,ClimODE-style adapter,raw,2018-2019,240,t300,K,2.6121146110914912,0.16475209641702823,730
climode,ClimODE-style adapter,raw,2018-2019,240,t500,K,3.200639248078751,0.11371453015916441,730
climode,ClimODE-style adapter,raw,2018-2019,240,t700,K,3.293588162229833,0.11731402363206561,730
climode,ClimODE-style adapter,raw,2018-2019,240,t850,K,3.5926018283600696,0.1156924817671579,730
climode,ClimODE-style adapter,raw,2018-2019,240,t925,K,3.400302992921241,0.12761698339767252,730
climode,ClimODE-style adapter,raw,2018-2019,240,t1000,K,3.111843091897287,0.1702627481904883,730
climode,ClimODE-style adapter,raw,2018-2019,240,u50,m s^-1,6.169867092364563,0.631140989265439,730
climode,ClimODE-style adapter,raw,2018-2019,240,u100,m s^-1,7.388396207784207,0.21164264391568155,730
climode,ClimODE-style adapter,raw,2018-2019,240,u200,m s^-1,11.560955130207956,0.1567682304014003,730
climode,ClimODE-style adapter,raw,2018-2019,240,u300,m s^-1,11.609909931973274,0.14865582008030084,730
climode,ClimODE-style adapter,raw,2018-2019,240,u500,m s^-1,8.01468194850797,0.14073477536066414,730
climode,ClimODE-style adapter,raw,2018-2019,240,u700,m s^-1,6.172591388177209,0.13644908999200667,730
climode,ClimODE-style adapter,raw,2018-2019,240,u850,m s^-1,5.428963150426094,0.12574521387143903,730
climode,ClimODE-style adapter,raw,2018-2019,240,u925,m s^-1,5.261368230884886,0.11894101624287667,730
climode,ClimODE-style adapter,raw,2018-2019,240,u1000,m s^-1,4.162073655765824,0.11405235752242848,730
climode,ClimODE-style adapter,raw,2018-2019,240,v50,m s^-1,4.712116563552324,0.17829488255473355,730
climode,ClimODE-style adapter,raw,2018-2019,240,v100,m s^-1,6.327139234246502,0.1158020113574806,730
climode,ClimODE-style adapter,raw,2018-2019,240,v200,m s^-1,10.947246442910407,0.10846354434552855,730
climode,ClimODE-style adapter,raw,2018-2019,240,v300,m s^-1,11.208099725471675,0.11503658612082733,730
climode,ClimODE-style adapter,raw,2018-2019,240,v500,m s^-1,7.543972748327832,0.11065336993663435,730
climode,ClimODE-style adapter,raw,2018-2019,240,v700,m s^-1,5.654096884669803,0.09451198090905764,730
climode,ClimODE-style adapter,raw,2018-2019,240,v850,m s^-1,5.004458474744358,0.08586894906239803,730
climode,ClimODE-style adapter,raw,2018-2019,240,v925,m s^-1,5.081246874761271,0.09123930518301304,730
climode,ClimODE-style adapter,raw,2018-2019,240,v1000,m s^-1,4.1319719104525605,0.09282546792424184,730
climode,ClimODE-style adapter,raw,2018-2019,240,u10,m s^-1,3.7042526471162858,0.11577767375965027,730
climode,ClimODE-style adapter,raw,2018-2019,240,v10,m s^-1,3.6376154931498146,0.0913062642353667,730
climode,ClimODE-style adapter,raw,2018-2019,240,t2m,K,3.0532463966886176,0.18663854512579087,730
climode,ClimODE-style adapter,raw,2018-2019,240,mslp,Pa,701.670944733512,0.13133635923904477,730
climode,ClimODE-style adapter,sphere_ttc,2018-2019,24,z50,m^2 s^-2,361.32879761969974,0.9494111501080065,730
climode,ClimODE-style adapter,sphere_ttc,2018-2019,24,z100,m^2 s^-2,365.0110931636071,0.923669962897338,730
climode,ClimODE-style adapter,sphere_ttc,2018-2019,24,z200,m^2 s^-2,476.2695338549639,0.8926535666848128,730
climode,ClimODE-style adapter,sphere_ttc,2018-2019,24,z300,m^2 s^-2,518.9296235269301,0.8778639079722578,730
climode,ClimODE-style adapter,sphere_ttc,2018-2019,24,z500,m^2 s^-2,381.3251441356649,0.8778403235247224,730
climode,ClimODE-style adapter,sphere_ttc,2018-2019,24,z700,m^2 s^-2,302.85416793488383,0.86729406826145,730
climode,ClimODE-style adapter,sphere_ttc,2018-2019,24,z850,m^2 s^-2,287.1467829103918,0.8471434893580183,730
climode,ClimODE-style adapter,sphere_ttc,2018-2019,24,z925,m^2 s^-2,292.4596737345443,0.8371009663528639,730
climode,ClimODE-style adapter,sphere_ttc,2018-2019,24,z1000,m^2 s^-2,303.15531459417826,0.8297389376741481,730
climode,ClimODE-style adapter,sphere_ttc,2018-2019,24,q50,kg kg^-1,7.007945894255512e-08,0.8526509629533099,730
climode,ClimODE-style adapter,sphere_ttc,2018-2019,24,q100,kg kg^-1,2.528326113051981e-07,0.7556730559939298,730
climode,ClimODE-style adapter,sphere_ttc,2018-2019,24,q200,kg kg^-1,1.0995143555007392e-05,0.6298852666342833,730
climode,ClimODE-style adapter,sphere_ttc,2018-2019,24,q300,kg kg^-1,9.49914509092106e-05,0.6371134341349332,730
climode,ClimODE-style adapter,sphere_ttc,2018-2019,24,q500,kg kg^-1,0.0005645399574973555,0.6854102205033077,730
climode,ClimODE-style adapter,sphere_ttc,2018-2019,24,q700,kg kg^-1,0.001086564253397966,0.6782913806887508,730
climode,ClimODE-style adapter,sphere_ttc,2018-2019,24,q850,kg kg^-1,0.0012856113624119417,0.6465594187268711,730
climode,ClimODE-style adapter,sphere_ttc,2018-2019,24,q925,kg kg^-1,0.001035333349778213,0.6797364891792012,730
climode,ClimODE-style adapter,sphere_ttc,2018-2019,24,q1000,kg kg^-1,0.0009641418525402727,0.7407241779416476,730
climode,ClimODE-style adapter,sphere_ttc,2018-2019,24,t50,K,1.2760739242824717,0.9277296301980165,730
climode,ClimODE-style adapter,sphere_ttc,2018-2019,24,t100,K,1.5126166133328929,0.8823992057682473,730
climode,ClimODE-style adapter,sphere_ttc,2018-2019,24,t200,K,2.0648394548938325,0.80952526245535,730
climode,ClimODE-style adapter,sphere_ttc,2018-2019,24,t300,K,1.5873878971139002,0.7631676215129244,730
climode,ClimODE-style adapter,sphere_ttc,2018-2019,24,t500,K,1.8284714041317207,0.791121066433813,730
climode,ClimODE-style adapter,sphere_ttc,2018-2019,24,t700,K,1.8260166051736308,0.7999732469247711,730
climode,ClimODE-style adapter,sphere_ttc,2018-2019,24,t850,K,1.9850955236430237,0.7958192277444975,730
climode,ClimODE-style adapter,sphere_ttc,2018-2019,24,t925,K,1.8828711050498081,0.7840419874497142,730
climode,ClimODE-style adapter,sphere_ttc,2018-2019,24,t1000,K,1.658604211559929,0.7860749068593192,730
climode,ClimODE-style adapter,sphere_ttc,2018-2019,24,u50,m s^-1,2.791903869293315,0.9332103828298289,730
climode,ClimODE-style adapter,sphere_ttc,2018-2019,24,u100,m s^-1,3.6615420035299517,0.8603131106149486,730
climode,ClimODE-style adapter,sphere_ttc,2018-2019,24,u200,m s^-1,6.335380788277019,0.8297773390102622,730
climode,ClimODE-style adapter,sphere_ttc,2018-2019,24,u300,m s^-1,6.9387036989748045,0.7990496166276772,730
climode,ClimODE-style adapter,sphere_ttc,2018-2019,24,u500,m s^-1,4.692805228841145,0.8074794315322529,730
climode,ClimODE-style adapter,sphere_ttc,2018-2019,24,u700,m s^-1,3.701460774729994,0.793609799049117,730
climode,ClimODE-style adapter,sphere_ttc,2018-2019,24,u850,m s^-1,3.527354546851602,0.7480720997586485,730
climode,ClimODE-style adapter,sphere_ttc,2018-2019,24,u925,m s^-1,3.525491278463654,0.7269057165211373,730
climode,ClimODE-style adapter,sphere_ttc,2018-2019,24,u1000,m s^-1,2.780626754248316,0.7231652827539885,730
climode,ClimODE-style adapter,sphere_ttc,2018-2019,24,v50,m s^-1,2.536644404603195,0.8450056045062666,730
climode,ClimODE-style adapter,sphere_ttc,2018-2019,24,v100,m s^-1,3.5979143109806726,0.8202042016122821,730
climode,ClimODE-style adapter,sphere_ttc,2018-2019,24,v200,m s^-1,6.6192582346505215,0.7991020891532816,730
climode,ClimODE-style adapter,sphere_ttc,2018-2019,24,v300,m s^-1,7.138290764436033,0.7791766584205096,730
climode,ClimODE-style adapter,sphere_ttc,2018-2019,24,v500,m s^-1,4.73558922522079,0.783438891063274,730
climode,ClimODE-style adapter,sphere_ttc,2018-2019,24,v700,m s^-1,3.6835906175126203,0.7563263976813458,730
climode,ClimODE-style adapter,sphere_ttc,2018-2019,24,v850,m s^-1,3.5007760654420204,0.7038138748238213,730
climode,ClimODE-style adapter,sphere_ttc,2018-2019,24,v925,m s^-1,3.594591008578748,0.6952187845219923,730
climode,ClimODE-style adapter,sphere_ttc,2018-2019,24,v1000,m s^-1,2.8927438465121753,0.698307503885145,730
climode,ClimODE-style adapter,sphere_ttc,2018-2019,24,u10,m s^-1,2.4827611290846217,0.7203008699748135,730
climode,ClimODE-style adapter,sphere_ttc,2018-2019,24,v10,m s^-1,2.5480437593504983,0.6958766477019005,730
climode,ClimODE-style adapter,sphere_ttc,2018-2019,24,t2m,K,1.5225107453886026,0.8015786536636104,730
climode,ClimODE-style adapter,sphere_ttc,2018-2019,24,mslp,Pa,385.06040560860805,0.8282407393581613,730
climode,ClimODE-style adapter,sphere_ttc,2018-2019,72,z50,m^2 s^-2,746.8086622829087,0.7668783922337732,730
climode,ClimODE-style adapter,sphere_ttc,2018-2019,72,z100,m^2 s^-2,727.0388072793912,0.6627820106888557,730
climode,ClimODE-style adapter,sphere_ttc,2018-2019,72,z200,m^2 s^-2,905.9196174349161,0.530196945535859,730
climode,ClimODE-style adapter,sphere_ttc,2018-2019,72,z300,m^2 s^-2,951.8717020468326,0.49103792711551175,730
climode,ClimODE-style adapter,sphere_ttc,2018-2019,72,z500,m^2 s^-2,699.029425897471,0.49252737888365594,730
climode,ClimODE-style adapter,sphere_ttc,2018-2019,72,z700,m^2 s^-2,541.0172496965121,0.47171960474663677,730
climode,ClimODE-style adapter,sphere_ttc,2018-2019,72,z850,m^2 s^-2,493.6787630247465,0.4319915610539789,730
climode,ClimODE-style adapter,sphere_ttc,2018-2019,72,z925,m^2 s^-2,496.3311817245163,0.40739260630695423,730
climode,ClimODE-style adapter,sphere_ttc,2018-2019,72,z1000,m^2 s^-2,512.0096249028437,0.38701260907140983,730
climode,ClimODE-style adapter,sphere_ttc,2018-2019,72,q50,kg kg^-1,1.075096325998565e-07,0.6373112019488437,730
climode,ClimODE-style adapter,sphere_ttc,2018-2019,72,q100,kg kg^-1,3.7558635204665933e-07,0.441402424469854,730
climode,ClimODE-style adapter,sphere_ttc,2018-2019,72,q200,kg kg^-1,1.4576213789197397e-05,0.27017184697284724,730
climode,ClimODE-style adapter,sphere_ttc,2018-2019,72,q300,kg kg^-1,0.0001270468264727091,0.2531207398171215,730
climode,ClimODE-style adapter,sphere_ttc,2018-2019,72,q500,kg kg^-1,0.0007955406318246933,0.2892644595827914,730
climode,ClimODE-style adapter,sphere_ttc,2018-2019,72,q700,kg kg^-1,0.0015475150629068511,0.26838054089982705,730
climode,ClimODE-style adapter,sphere_ttc,2018-2019,72,q850,kg kg^-1,0.0017982651902928894,0.24523640656485754,730
climode,ClimODE-style adapter,sphere_ttc,2018-2019,72,q925,kg kg^-1,0.0014456908690615882,0.30758156742204035,730
climode,ClimODE-style adapter,sphere_ttc,2018-2019,72,q1000,kg kg^-1,0.0014482380381952722,0.33588302043027296,730
climode,ClimODE-style adapter,sphere_ttc,2018-2019,72,t50,K,2.265798454618378,0.7571070403662179,730
climode,ClimODE-style adapter,sphere_ttc,2018-2019,72,t100,K,2.5850531908536736,0.6177022283367164,730
climode,ClimODE-style adapter,sphere_ttc,2018-2019,72,t200,K,3.1774720221997352,0.4573671896798321,730
climode,ClimODE-style adapter,sphere_ttc,2018-2019,72,t300,K,2.3749340548088855,0.3770373796839416,730
climode,ClimODE-style adapter,sphere_ttc,2018-2019,72,t500,K,2.8820004375717043,0.3643095232593011,730
climode,ClimODE-style adapter,sphere_ttc,2018-2019,72,t700,K,2.9205999490608114,0.3808197482682979,730
climode,ClimODE-style adapter,sphere_ttc,2018-2019,72,t850,K,3.16779856731409,0.3778918913279774,730
climode,ClimODE-style adapter,sphere_ttc,2018-2019,72,t925,K,2.9525848345882584,0.38072179826085695,730
climode,ClimODE-style adapter,sphere_ttc,2018-2019,72,t1000,K,2.590872852959996,0.4152629842103429,730
climode,ClimODE-style adapter,sphere_ttc,2018-2019,72,u50,m s^-1,4.834694474175559,0.7895453120367003,730
climode,ClimODE-style adapter,sphere_ttc,2018-2019,72,u100,m s^-1,6.243950374624433,0.5331340334422717,730
climode,ClimODE-style adapter,sphere_ttc,2018-2019,72,u200,m s^-1,10.470929445760044,0.43778875285971264,730
climode,ClimODE-style adapter,sphere_ttc,2018-2019,72,u300,m s^-1,10.801469263286167,0.40026840614681947,730
climode,ClimODE-style adapter,sphere_ttc,2018-2019,72,u500,m s^-1,7.454633091497556,0.40048173984562796,730
climode,ClimODE-style adapter,sphere_ttc,2018-2019,72,u700,m s^-1,5.791060387344255,0.38230644244135636,730
climode,ClimODE-style adapter,sphere_ttc,2018-2019,72,u850,m s^-1,5.206877689707904,0.3316332354666033,730
climode,ClimODE-style adapter,sphere_ttc,2018-2019,72,u925,m s^-1,5.104988627013001,0.3021725049132505,730
climode,ClimODE-style adapter,sphere_ttc,2018-2019,72,u1000,m s^-1,4.026010171156092,0.2957743294402209,730
climode,ClimODE-style adapter,sphere_ttc,2018-2019,72,v50,m s^-1,4.266051271397959,0.46982223891011926,730
climode,ClimODE-style adapter,sphere_ttc,2018-2019,72,v100,m s^-1,6.05607484109892,0.3457614349103594,730
climode,ClimODE-style adapter,sphere_ttc,2018-2019,72,v200,m s^-1,10.716586943859426,0.28616646767360165,730
climode,ClimODE-style adapter,sphere_ttc,2018-2019,72,v300,m s^-1,11.012974508910485,0.27544020965817545,730
climode,ClimODE-style adapter,sphere_ttc,2018-2019,72,v500,m s^-1,7.409231584420028,0.27757353496307435,730
climode,ClimODE-style adapter,sphere_ttc,2018-2019,72,v700,m s^-1,5.58902838499254,0.25234031012974506,730
climode,ClimODE-style adapter,sphere_ttc,2018-2019,72,v850,m s^-1,5.009183511009685,0.20707490562583186,730
climode,ClimODE-style adapter,sphere_ttc,2018-2019,72,v925,m s^-1,5.101696864177662,0.1972241504951976,730
climode,ClimODE-style adapter,sphere_ttc,2018-2019,72,v1000,m s^-1,4.137336520786792,0.19840229326553047,730
climode,ClimODE-style adapter,sphere_ttc,2018-2019,72,u10,m s^-1,3.5773664748130156,0.2958543726022007,730
climode,ClimODE-style adapter,sphere_ttc,2018-2019,72,v10,m s^-1,3.638230607134157,0.19700130454852816,730
climode,ClimODE-style adapter,sphere_ttc,2018-2019,72,t2m,K,2.412135340883167,0.4637352667069183,730
climode,ClimODE-style adapter,sphere_ttc,2018-2019,72,mslp,Pa,649.1599260333596,0.3860726252647997,730
climode,ClimODE-style adapter,sphere_ttc,2018-2019,120,z50,m^2 s^-2,884.5593256890842,0.6529357858489244,730
climode,ClimODE-style adapter,sphere_ttc,2018-2019,120,z100,m^2 s^-2,827.0882142610428,0.526621788631362,730
climode,ClimODE-style adapter,sphere_ttc,2018-2019,120,z200,m^2 s^-2,1000.8751232012667,0.3602323732789984,730
climode,ClimODE-style adapter,sphere_ttc,2018-2019,120,z300,m^2 s^-2,1039.574119037504,0.3194680495045574,730
climode,ClimODE-style adapter,sphere_ttc,2018-2019,120,z500,m^2 s^-2,764.5771046895211,0.31392035431684545,730
climode,ClimODE-style adapter,sphere_ttc,2018-2019,120,z700,m^2 s^-2,585.4542987059602,0.30334453163301295,730
climode,ClimODE-style adapter,sphere_ttc,2018-2019,120,z850,m^2 s^-2,524.1136173005785,0.28138112780109814,730
climode,ClimODE-style adapter,sphere_ttc,2018-2019,120,z925,m^2 s^-2,522.1167512409172,0.26360763008185367,730
climode,ClimODE-style adapter,sphere_ttc,2018-2019,120,z1000,m^2 s^-2,534.8243530878357,0.24909919206365208,730
climode,ClimODE-style adapter,sphere_ttc,2018-2019,120,q50,kg kg^-1,1.1542358863535306e-07,0.5843637390609557,730
climode,ClimODE-style adapter,sphere_ttc,2018-2019,120,q100,kg kg^-1,3.875624424085526e-07,0.3475439092008411,730
climode,ClimODE-style adapter,sphere_ttc,2018-2019,120,q200,kg kg^-1,1.4366368999790116e-05,0.21924623827037695,730
climode,ClimODE-style adapter,sphere_ttc,2018-2019,120,q300,kg kg^-1,0.00012382250629643817,0.20517201480161654,730
climode,ClimODE-style adapter,sphere_ttc,2018-2019,120,q500,kg kg^-1,0.0007762009065103785,0.23336819562630304,730
climode,ClimODE-style adapter,sphere_ttc,2018-2019,120,q700,kg kg^-1,0.001507131206821748,0.21658728602030228,730
climode,ClimODE-style adapter,sphere_ttc,2018-2019,120,q850,kg kg^-1,0.0017464962006414628,0.20654796025790062,730
climode,ClimODE-style adapter,sphere_ttc,2018-2019,120,q925,kg kg^-1,0.0014929982598310102,0.2272331577876409,730
climode,ClimODE-style adapter,sphere_ttc,2018-2019,120,q1000,kg kg^-1,0.0015252618376827142,0.23370978729712222,730
climode,ClimODE-style adapter,sphere_ttc,2018-2019,120,t50,K,2.6266377401476144,0.6588944048465386,730
climode,ClimODE-style adapter,sphere_ttc,2018-2019,120,t100,K,2.887333768769425,0.49634835266224453,730
climode,ClimODE-style adapter,sphere_ttc,2018-2019,120,t200,K,3.3217874363953013,0.3597624412160537,730
climode,ClimODE-style adapter,sphere_ttc,2018-2019,120,t300,K,2.497485578293098,0.2599839045498557,730
climode,ClimODE-style adapter,sphere_ttc,2018-2019,120,t500,K,3.049382782580414,0.2243454183567114,730
climode,ClimODE-style adapter,sphere_ttc,2018-2019,120,t700,K,3.107614786098991,0.240636465149823,730
climode,ClimODE-style adapter,sphere_ttc,2018-2019,120,t850,K,3.3742932737557725,0.24206946755386283,730
climode,ClimODE-style adapter,sphere_ttc,2018-2019,120,t925,K,3.1538254135276804,0.2527322700871507,730
climode,ClimODE-style adapter,sphere_ttc,2018-2019,120,t1000,K,2.7961793628382785,0.29373419267248424,730
climode,ClimODE-style adapter,sphere_ttc,2018-2019,120,u50,m s^-1,5.474404920724348,0.720156604518744,730
climode,ClimODE-style adapter,sphere_ttc,2018-2019,120,u100,m s^-1,6.81121928694291,0.38311788264605573,730
climode,ClimODE-style adapter,sphere_ttc,2018-2019,120,u200,m s^-1,10.976489691032809,0.30368580424630603,730
climode,ClimODE-style adapter,sphere_ttc,2018-2019,120,u300,m s^-1,11.160571409520738,0.2777002472033516,730
climode,ClimODE-style adapter,sphere_ttc,2018-2019,120,u500,m s^-1,7.726107075055315,0.2675016327569072,730
climode,ClimODE-style adapter,sphere_ttc,2018-2019,120,u700,m s^-1,5.964371402382023,0.25371827741977904,730
climode,ClimODE-style adapter,sphere_ttc,2018-2019,120,u850,m s^-1,5.273670083222405,0.22621633085974788,730
climode,ClimODE-style adapter,sphere_ttc,2018-2019,120,u925,m s^-1,5.127415377889318,0.208547923077257,730
climode,ClimODE-style adapter,sphere_ttc,2018-2019,120,u1000,m s^-1,4.044271572451821,0.2026849367502827,730
climode,ClimODE-style adapter,sphere_ttc,2018-2019,120,v50,m s^-1,4.462945315648333,0.3395493384882779,730
climode,ClimODE-style adapter,sphere_ttc,2018-2019,120,v100,m s^-1,6.1663471399481296,0.22063724083264025,730
climode,ClimODE-style adapter,sphere_ttc,2018-2019,120,v200,m s^-1,10.821269254722687,0.1710833533731959,730
climode,ClimODE-style adapter,sphere_ttc,2018-2019,120,v300,m s^-1,11.093004427509847,0.1716678143439549,730
climode,ClimODE-style adapter,sphere_ttc,2018-2019,120,v500,m s^-1,7.452409214706985,0.17322628989190492,730
climode,ClimODE-style adapter,sphere_ttc,2018-2019,120,v700,m s^-1,5.587256460472363,0.15170544219095683,730
climode,ClimODE-style adapter,sphere_ttc,2018-2019,120,v850,m s^-1,4.9503949501445055,0.1322733227934439,730
climode,ClimODE-style adapter,sphere_ttc,2018-2019,120,v925,m s^-1,5.033249551229833,0.13230608869366672,730
climode,ClimODE-style adapter,sphere_ttc,2018-2019,120,v1000,m s^-1,4.085051079666067,0.13450838065156098,730
climode,ClimODE-style adapter,sphere_ttc,2018-2019,120,u10,m s^-1,3.597191561731579,0.20276714496475423,730
climode,ClimODE-style adapter,sphere_ttc,2018-2019,120,v10,m s^-1,3.5931876269983603,0.13453592995782848,730
climode,ClimODE-style adapter,sphere_ttc,2018-2019,120,t2m,K,2.6517763444615747,0.33446211189690844,730
climode,ClimODE-style adapter,sphere_ttc,2018-2019,120,mslp,Pa,678.2164087120223,0.24752741141809215,730
climode,ClimODE-style adapter,sphere_ttc,2018-2019,168,z50,m^2 s^-2,965.5634586941508,0.5790154860480499,730
climode,ClimODE-style adapter,sphere_ttc,2018-2019,168,z100,m^2 s^-2,879.0290686621702,0.45532899115012526,730
climode,ClimODE-style adapter,sphere_ttc,2018-2019,168,z200,m^2 s^-2,1041.8792670488094,0.2781835100667164,730
climode,ClimODE-style adapter,sphere_ttc,2018-2019,168,z300,m^2 s^-2,1077.7664534433275,0.23043181640861082,730
climode,ClimODE-style adapter,sphere_ttc,2018-2019,168,z500,m^2 s^-2,791.6088486787568,0.2278845436040405,730
climode,ClimODE-style adapter,sphere_ttc,2018-2019,168,z700,m^2 s^-2,604.3790809065946,0.21888688453051375,730
climode,ClimODE-style adapter,sphere_ttc,2018-2019,168,z850,m^2 s^-2,539.7009114922655,0.20180448919418006,730
climode,ClimODE-style adapter,sphere_ttc,2018-2019,168,z925,m^2 s^-2,536.6223480177873,0.18964626155430753,730
climode,ClimODE-style adapter,sphere_ttc,2018-2019,168,z1000,m^2 s^-2,551.6816776925914,0.17351545349589442,730
climode,ClimODE-style adapter,sphere_ttc,2018-2019,168,q50,kg kg^-1,1.2181869695353445e-07,0.5274143986498964,730
climode,ClimODE-style adapter,sphere_ttc,2018-2019,168,q100,kg kg^-1,4.15764419536215e-07,0.2645718511197678,730
climode,ClimODE-style adapter,sphere_ttc,2018-2019,168,q200,kg kg^-1,1.559216996572723e-05,0.14593784446827673,730
climode,ClimODE-style adapter,sphere_ttc,2018-2019,168,q300,kg kg^-1,0.0001313470165403367,0.1398732481223255,730
climode,ClimODE-style adapter,sphere_ttc,2018-2019,168,q500,kg kg^-1,0.0008409236699663641,0.15003993065905188,730
climode,ClimODE-style adapter,sphere_ttc,2018-2019,168,q700,kg kg^-1,0.001655550003669977,0.13349477075604976,730
climode,ClimODE-style adapter,sphere_ttc,2018-2019,168,q850,kg kg^-1,0.0019008196762969256,0.13822629052942945,730
climode,ClimODE-style adapter,sphere_ttc,2018-2019,168,q925,kg kg^-1,0.0015507675793733325,0.1807147195529442,730
climode,ClimODE-style adapter,sphere_ttc,2018-2019,168,q1000,kg kg^-1,0.0015878031199376092,0.1816234173682384,730
climode,ClimODE-style adapter,sphere_ttc,2018-2019,168,t50,K,2.853845108034332,0.5896304952388729,730
climode,ClimODE-style adapter,sphere_ttc,2018-2019,168,t100,K,3.0683422025308755,0.41899503476232725,730
climode,ClimODE-style adapter,sphere_ttc,2018-2019,168,t200,K,3.448475156369231,0.29048846027341735,730
climode,ClimODE-style adapter,sphere_ttc,2018-2019,168,t300,K,2.5561024198889797,0.21108734817315433,730
climode,ClimODE-style adapter,sphere_ttc,2018-2019,168,t500,K,3.1343226203130934,0.15951039928609445,730
climode,ClimODE-style adapter,sphere_ttc,2018-2019,168,t700,K,3.2039116063033246,0.1682249461690974,730
climode,ClimODE-style adapter,sphere_ttc,2018-2019,168,t850,K,3.4798041802356843,0.16965693757736688,730
climode,ClimODE-style adapter,sphere_ttc,2018-2019,168,t925,K,3.2676893356400694,0.180587306176697,730
climode,ClimODE-style adapter,sphere_ttc,2018-2019,168,t1000,K,2.9298239490244185,0.22262678578441933,730
climode,ClimODE-style adapter,sphere_ttc,2018-2019,168,u50,m s^-1,5.823348094343988,0.6800968681436713,730
climode,ClimODE-style adapter,sphere_ttc,2018-2019,168,u100,m s^-1,7.214786803849091,0.28547204275076904,730
climode,ClimODE-style adapter,sphere_ttc,2018-2019,168,u200,m s^-1,11.496024803268904,0.21358531229523098,730
climode,ClimODE-style adapter,sphere_ttc,2018-2019,168,u300,m s^-1,11.621270531311948,0.19237659449934877,730
climode,ClimODE-style adapter,sphere_ttc,2018-2019,168,u500,m s^-1,8.03260045740636,0.18108518485894112,730
climode,ClimODE-style adapter,sphere_ttc,2018-2019,168,u700,m s^-1,6.205940730831158,0.17139036571640412,730
climode,ClimODE-style adapter,sphere_ttc,2018-2019,168,u850,m s^-1,5.47545456829694,0.15472965365861693,730
climode,ClimODE-style adapter,sphere_ttc,2018-2019,168,u925,m s^-1,5.326788128525739,0.14078819428562417,730
climode,ClimODE-style adapter,sphere_ttc,2018-2019,168,u1000,m s^-1,4.217411026572976,0.13439564275797022,730
climode,ClimODE-style adapter,sphere_ttc,2018-2019,168,v50,m s^-1,4.711128443588531,0.2339799464260808,730
climode,ClimODE-style adapter,sphere_ttc,2018-2019,168,v100,m s^-1,6.375923725290757,0.14439531859692958,730
climode,ClimODE-style adapter,sphere_ttc,2018-2019,168,v200,m s^-1,11.059066245926452,0.11546469444858834,730
climode,ClimODE-style adapter,sphere_ttc,2018-2019,168,v300,m s^-1,11.307076362531589,0.11616174584482297,730
climode,ClimODE-style adapter,sphere_ttc,2018-2019,168,v500,m s^-1,7.610599208282736,0.11530973552848457,730
climode,ClimODE-style adapter,sphere_ttc,2018-2019,168,v700,m s^-1,5.7212668760978085,0.10007462816552595,730
climode,ClimODE-style adapter,sphere_ttc,2018-2019,168,v850,m s^-1,5.0795435349438485,0.08727867753579859,730
climode,ClimODE-style adapter,sphere_ttc,2018-2019,168,v925,m s^-1,5.16498131807607,0.089911044552515,730
climode,ClimODE-style adapter,sphere_ttc,2018-2019,168,v1000,m s^-1,4.20607006127055,0.09111357033788854,730
climode,ClimODE-style adapter,sphere_ttc,2018-2019,168,u10,m s^-1,3.7547045797424996,0.13616841713646763,730
climode,ClimODE-style adapter,sphere_ttc,2018-2019,168,v10,m s^-1,3.7018393364231374,0.09157224036814095,730
climode,ClimODE-style adapter,sphere_ttc,2018-2019,168,t2m,K,2.821012194369766,0.2576175912394161,730
climode,ClimODE-style adapter,sphere_ttc,2018-2019,168,mslp,Pa,700.4575853040151,0.17070821442209236,730
climode,ClimODE-style adapter,sphere_ttc,2018-2019,240,z50,m^2 s^-2,1057.0484923785314,0.48243812788072843,730
climode,ClimODE-style adapter,sphere_ttc,2018-2019,240,z100,m^2 s^-2,932.8751798140058,0.3704356185868213,730
climode,ClimODE-style adapter,sphere_ttc,2018-2019,240,z200,m^2 s^-2,1068.283747771829,0.21171338156508238,730
climode,ClimODE-style adapter,sphere_ttc,2018-2019,240,z300,m^2 s^-2,1098.1854590174012,0.17358654400330165,730
climode,ClimODE-style adapter,sphere_ttc,2018-2019,240,z500,m^2 s^-2,810.5650697895967,0.15687347173888516,730
climode,ClimODE-style adapter,sphere_ttc,2018-2019,240,z700,m^2 s^-2,615.1193303075262,0.15735998277859456,730
climode,ClimODE-style adapter,sphere_ttc,2018-2019,240,z850,m^2 s^-2,546.0562041814011,0.1504440511556732,730
climode,ClimODE-style adapter,sphere_ttc,2018-2019,240,z925,m^2 s^-2,540.4119326355882,0.1440792120563965,730
climode,ClimODE-style adapter,sphere_ttc,2018-2019,240,z1000,m^2 s^-2,553.1624406297475,0.13311519267615957,730
climode,ClimODE-style adapter,sphere_ttc,2018-2019,240,q50,kg kg^-1,1.3100436057032746e-07,0.46470373719935587,730
climode,ClimODE-style adapter,sphere_ttc,2018-2019,240,q100,kg kg^-1,4.188419490053741e-07,0.20474621949171753,730
climode,ClimODE-style adapter,sphere_ttc,2018-2019,240,q200,kg kg^-1,1.4818672507009044e-05,0.13779208731986822,730
climode,ClimODE-style adapter,sphere_ttc,2018-2019,240,q300,kg kg^-1,0.00012564252517906858,0.14406478840951867,730
climode,ClimODE-style adapter,sphere_ttc,2018-2019,240,q500,kg kg^-1,0.0007974668615510854,0.15456396540209388,730
climode,ClimODE-style adapter,sphere_ttc,2018-2019,240,q700,kg kg^-1,0.0015629580484622886,0.1346265640406247,730
climode,ClimODE-style adapter,sphere_ttc,2018-2019,240,q850,kg kg^-1,0.0018214694197034639,0.13429045808965506,730
climode,ClimODE-style adapter,sphere_ttc,2018-2019,240,q925,kg kg^-1,0.001566800274216006,0.1555567476655498,730
climode,ClimODE-style adapter,sphere_ttc,2018-2019,240,q1000,kg kg^-1,0.001616480839333255,0.15394403407411558,730
climode,ClimODE-style adapter,sphere_ttc,2018-2019,240,t50,K,3.0943632905929537,0.512008198629283,730
climode,ClimODE-style adapter,sphere_ttc,2018-2019,240,t100,K,3.2526071709058577,0.3317608206146951,730
climode,ClimODE-style adapter,sphere_ttc,2018-2019,240,t200,K,3.4771204642327627,0.2568789683442919,730
climode,ClimODE-style adapter,sphere_ttc,2018-2019,240,t300,K,2.587975853473669,0.17615101172852932,730
climode,ClimODE-style adapter,sphere_ttc,2018-2019,240,t500,K,3.174990623364815,0.12212476636646477,730
climode,ClimODE-style adapter,sphere_ttc,2018-2019,240,t700,K,3.265528437650783,0.12397766881240525,730
climode,ClimODE-style adapter,sphere_ttc,2018-2019,240,t850,K,3.5508830059953813,0.1256833444426787,730
climode,ClimODE-style adapter,sphere_ttc,2018-2019,240,t925,K,3.3385127326689203,0.14061466396188552,730
climode,ClimODE-style adapter,sphere_ttc,2018-2019,240,t1000,K,3.0275298497763163,0.18146822322928144,730
climode,ClimODE-style adapter,sphere_ttc,2018-2019,240,u50,m s^-1,6.077047506744788,0.6457422944576103,730
climode,ClimODE-style adapter,sphere_ttc,2018-2019,240,u100,m s^-1,7.3760283483683065,0.21576849433881265,730
climode,ClimODE-style adapter,sphere_ttc,2018-2019,240,u200,m s^-1,11.551275104255362,0.15839490132970085,730
climode,ClimODE-style adapter,sphere_ttc,2018-2019,240,u300,m s^-1,11.608929793906093,0.14891443767404922,730
climode,ClimODE-style adapter,sphere_ttc,2018-2019,240,u500,m s^-1,8.017527468338649,0.13980000200143106,730
climode,ClimODE-style adapter,sphere_ttc,2018-2019,240,u700,m s^-1,6.1730502173595685,0.13568103467680648,730
climode,ClimODE-style adapter,sphere_ttc,2018-2019,240,u850,m s^-1,5.428382059785849,0.12536898241887665,730
climode,ClimODE-style adapter,sphere_ttc,2018-2019,240,u925,m s^-1,5.26027520867773,0.11860076145299221,730
climode,ClimODE-style adapter,sphere_ttc,2018-2019,240,u1000,m s^-1,4.161586043132972,0.11306207196802519,730
climode,ClimODE-style adapter,sphere_ttc,2018-2019,240,v50,m s^-1,4.726914227964896,0.1724418237373329,730
climode,ClimODE-style adapter,sphere_ttc,2018-2019,240,v100,m s^-1,6.326999756436855,0.1158891181619322,730
climode,ClimODE-style adapter,sphere_ttc,2018-2019,240,v200,m s^-1,10.945221353596187,0.10887281255512174,730
climode,ClimODE-style adapter,sphere_ttc,2018-2019,240,v300,m s^-1,11.208885410392979,0.11490859845760948,730
climode,ClimODE-style adapter,sphere_ttc,2018-2019,240,v500,m s^-1,7.5457699558284475,0.11006345527167433,730
climode,ClimODE-style adapter,sphere_ttc,2018-2019,240,v700,m s^-1,5.654181088533193,0.09423391794765971,730
climode,ClimODE-style adapter,sphere_ttc,2018-2019,240,v850,m s^-1,5.002754654765694,0.08523428900595872,730
climode,ClimODE-style adapter,sphere_ttc,2018-2019,240,v925,m s^-1,5.080303391109828,0.09092055216962736,730
climode,ClimODE-style adapter,sphere_ttc,2018-2019,240,v1000,m s^-1,4.1303453961343175,0.09275646915306272,730
climode,ClimODE-style adapter,sphere_ttc,2018-2019,240,u10,m s^-1,3.704086070693091,0.1147921978093005,730
climode,ClimODE-style adapter,sphere_ttc,2018-2019,240,v10,m s^-1,3.636406870624454,0.09084561684626569,730
climode,ClimODE-style adapter,sphere_ttc,2018-2019,240,t2m,K,2.958014733583876,0.20002523173856904,730
climode,ClimODE-style adapter,sphere_ttc,2018-2019,240,mslp,Pa,702.4032682146561,0.12905744688628296,730
fourcastnetv2,fourcastnetv2,raw,2018-2019,24,z50,m^2 s^-2,227.83739038068236,0.9802076869919261,730
fourcastnetv2,fourcastnetv2,raw,2018-2019,24,z100,m^2 s^-2,139.79360242477316,0.989175086568719,730
fourcastnetv2,fourcastnetv2,raw,2018-2019,24,z200,m^2 s^-2,154.5214057481542,0.9892742752395944,730
fourcastnetv2,fourcastnetv2,raw,2018-2019,24,z300,m^2 s^-2,140.23868884071638,0.9916091493581959,730
fourcastnetv2,fourcastnetv2,raw,2018-2019,24,z500,m^2 s^-2,95.00675371406102,0.9929280980628947,730
fourcastnetv2,fourcastnetv2,raw,2018-2019,24,z700,m^2 s^-2,78.86614587840141,0.9918045634005326,730
fourcastnetv2,fourcastnetv2,raw,2018-2019,24,z850,m^2 s^-2,79.11924713631693,0.9897473990141338,730
fourcastnetv2,fourcastnetv2,raw,2018-2019,24,z925,m^2 s^-2,85.54633979785044,0.9878569769636163,730
fourcastnetv2,fourcastnetv2,raw,2018-2019,24,z1000,m^2 s^-2,97.09990434413845,0.9849292176850093,730
fourcastnetv2,fourcastnetv2,raw,2018-2019,24,q50,kg kg^-1,1.8176874179378518e-06,0.22684212657369668,730
fourcastnetv2,fourcastnetv2,raw,2018-2019,24,q100,kg kg^-1,2.196979531027306e-06,0.24668279210239016,730
fourcastnetv2,fourcastnetv2,raw,2018-2019,24,q200,kg kg^-1,2.1981527970480935e-05,0.6060638527356633,730
fourcastnetv2,fourcastnetv2,raw,2018-2019,24,q300,kg kg^-1,0.00012480701765862134,0.6586756831950207,730
fourcastnetv2,fourcastnetv2,raw,2018-2019,24,q500,kg kg^-1,0.0006223857642886825,0.6362485224751837,730
fourcastnetv2,fourcastnetv2,raw,2018-2019,24,q700,kg kg^-1,0.0011092199327019834,0.6824318375184866,730
fourcastnetv2,fourcastnetv2,raw,2018-2019,24,q850,kg kg^-1,0.0011203115305286056,0.7641713508967376,730
fourcastnetv2,fourcastnetv2,raw,2018-2019,24,q925,kg kg^-1,0.0011130773244406192,0.6862632407451899,730
fourcastnetv2,fourcastnetv2,raw,2018-2019,24,q1000,kg kg^-1,0.0013950648391094908,0.6386610755344028,730
fourcastnetv2,fourcastnetv2,raw,2018-2019,24,t50,K,1.3048947442000887,0.9243398566033296,730
fourcastnetv2,fourcastnetv2,raw,2018-2019,24,t100,K,0.911446598392996,0.959417247604522,730
fourcastnetv2,fourcastnetv2,raw,2018-2019,24,t200,K,0.8217971223721913,0.9722837613719001,730
fourcastnetv2,fourcastnetv2,raw,2018-2019,24,t300,K,0.7974448401057587,0.9455659244169675,730
fourcastnetv2,fourcastnetv2,raw,2018-2019,24,t500,K,0.7281206339762917,0.9699970809605705,730
fourcastnetv2,fourcastnetv2,raw,2018-2019,24,t700,K,0.8487475168206178,0.9604494833406745,730
fourcastnetv2,fourcastnetv2,raw,2018-2019,24,t850,K,1.1591644532288816,0.9364758321470468,730
fourcastnetv2,fourcastnetv2,raw,2018-2019,24,t925,K,1.3131834475960518,0.9075622277093208,730
fourcastnetv2,fourcastnetv2,raw,2018-2019,24,t1000,K,1.4133031672109337,0.8637076070047232,730
fourcastnetv2,fourcastnetv2,raw,2018-2019,24,u50,m s^-1,1.9107511540427742,0.9692776389850775,730
fourcastnetv2,fourcastnetv2,raw,2018-2019,24,u100,m s^-1,2.0440149857223,0.9590711975374452,730
fourcastnetv2,fourcastnetv2,raw,2018-2019,24,u200,m s^-1,2.7386511943334733,0.9704186874753898,730
fourcastnetv2,fourcastnetv2,raw,2018-2019,24,u300,m s^-1,2.6103275306861113,0.9740170475605051,730
fourcastnetv2,fourcastnetv2,raw,2018-2019,24,u500,m s^-1,1.9181201913446482,0.9708132857488395,730
fourcastnetv2,fourcastnetv2,raw,2018-2019,24,u700,m s^-1,1.709923237705927,0.9601583498748164,730
fourcastnetv2,fourcastnetv2,raw,2018-2019,24,u850,m s^-1,1.5584575873214717,0.9572943881890531,730
fourcastnetv2,fourcastnetv2,raw,2018-2019,24,u925,m s^-1,1.4532383921017136,0.9606706158181276,730
fourcastnetv2,fourcastnetv2,raw,2018-2019,24,u1000,m s^-1,1.145716103573883,0.9602969600961314,730
fourcastnetv2,fourcastnetv2,raw,2018-2019,24,v50,m s^-1,1.2881827342059495,0.962835368441629,730
fourcastnetv2,fourcastnetv2,raw,2018-2019,24,v100,m s^-1,1.744356615024474,0.9617708624536111,730
fourcastnetv2,fourcastnetv2,raw,2018-2019,24,v200,m s^-1,2.6236823053767666,0.9714911733096802,730
fourcastnetv2,fourcastnetv2,raw,2018-2019,24,v300,m s^-1,2.561554970473794,0.9745141838821537,730
fourcastnetv2,fourcastnetv2,raw,2018-2019,24,v500,m s^-1,1.8533416453625278,0.9704699056386727,730
fourcastnetv2,fourcastnetv2,raw,2018-2019,24,v700,m s^-1,1.573409454265546,0.9611867560976205,730
fourcastnetv2,fourcastnetv2,raw,2018-2019,24,v850,m s^-1,1.4767064284225178,0.9559940198921127,730
fourcastnetv2,fourcastnetv2,raw,2018-2019,24,v925,m s^-1,1.43591907312045,0.9597723396751598,730
fourcastnetv2,fourcastnetv2,raw,2018-2019,24,v1000,m s^-1,1.1545527492968939,0.9598717692124434,730
fourcastnetv2,fourcastnetv2,raw,2018-2019,24,u10,m s^-1,1.0295803771068683,0.959041193522257,730
fourcastnetv2,fourcastnetv2,raw,2018-2019,24,v10,m s^-1,1.0339025560328228,0.9579111688909853,730
fourcastnetv2,fourcastnetv2,raw,2018-2019,24,t2m,K,1.3601306232098653,0.8561754480934083,730
fourcastnetv2,fourcastnetv2,raw,2018-2019,24,mslp,Pa,125.4812462910346,0.9843377737975401,730
fourcastnetv2,fourcastnetv2,raw,2018-2019,72,z50,m^2 s^-2,382.03783264981826,0.9446775575316874,730
fourcastnetv2,fourcastnetv2,raw,2018-2019,72,z100,m^2 s^-2,274.9444084532836,0.9581118058883542,730
fourcastnetv2,fourcastnetv2,raw,2018-2019,72,z200,m^2 s^-2,308.18785834391315,0.9579280075478335,730
fourcastnetv2,fourcastnetv2,raw,2018-2019,72,z300,m^2 s^-2,320.3238871764758,0.9566930480028419,730
fourcastnetv2,fourcastnetv2,raw,2018-2019,72,z500,m^2 s^-2,229.9904277259585,0.9584955545621904,730
fourcastnetv2,fourcastnetv2,raw,2018-2019,72,z700,m^2 s^-2,182.80702613716898,0.9551997369064829,730
fourcastnetv2,fourcastnetv2,raw,2018-2019,72,z850,m^2 s^-2,173.29426123764242,0.9491398673753796,730
fourcastnetv2,fourcastnetv2,raw,2018-2019,72,z925,m^2 s^-2,176.30487215694205,0.9462667630397631,730
fourcastnetv2,fourcastnetv2,raw,2018-2019,72,z1000,m^2 s^-2,183.68726430702856,0.9435203488890641,730
fourcastnetv2,fourcastnetv2,raw,2018-2019,72,q50,kg kg^-1,2.026046794658157e-06,0.2177922251129345,730
fourcastnetv2,fourcastnetv2,raw,2018-2019,72,q100,kg kg^-1,2.348319049330921e-06,0.29139778442623104,730
fourcastnetv2,fourcastnetv2,raw,2018-2019,72,q200,kg kg^-1,2.398557961543012e-05,0.5374874006177928,730
fourcastnetv2,fourcastnetv2,raw,2018-2019,72,q300,kg kg^-1,0.0001248148523896587,0.6296155814253437,730
fourcastnetv2,fourcastnetv2,raw,2018-2019,72,q500,kg kg^-1,0.0005558842163062361,0.7103216906954575,730
fourcastnetv2,fourcastnetv2,raw,2018-2019,72,q700,kg kg^-1,0.001072240021882542,0.7014560832896104,730
fourcastnetv2,fourcastnetv2,raw,2018-2019,72,q850,kg kg^-1,0.001257849897218334,0.6882990737135828,730
fourcastnetv2,fourcastnetv2,raw,2018-2019,72,q925,kg kg^-1,0.001149981983679874,0.6650035009600599,730
fourcastnetv2,fourcastnetv2,raw,2018-2019,72,q1000,kg kg^-1,0.0014565611888061685,0.6367657681792167,730
fourcastnetv2,fourcastnetv2,raw,2018-2019,72,t50,K,1.6640053877590737,0.8768262120351601,730
fourcastnetv2,fourcastnetv2,raw,2018-2019,72,t100,K,1.2863524284491805,0.9187490769002418,730
fourcastnetv2,fourcastnetv2,raw,2018-2019,72,t200,K,1.4408285768128775,0.9141267698551134,730
fourcastnetv2,fourcastnetv2,raw,2018-2019,72,t300,K,1.1980529299755605,0.8760175623413526,730
fourcastnetv2,fourcastnetv2,raw,2018-2019,72,t500,K,1.236357493420047,0.9136712337103198,730
fourcastnetv2,fourcastnetv2,raw,2018-2019,72,t700,K,1.2511418224488293,0.9137734675967609,730
fourcastnetv2,fourcastnetv2,raw,2018-2019,72,t850,K,1.4336805430054227,0.9023477675402548,730
fourcastnetv2,fourcastnetv2,raw,2018-2019,72,t925,K,1.4216503243160845,0.8874626235464491,730
fourcastnetv2,fourcastnetv2,raw,2018-2019,72,t1000,K,1.366744889849304,0.8643237837602813,730
fourcastnetv2,fourcastnetv2,raw,2018-2019,72,u50,m s^-1,2.6219287926277226,0.941418887853163,730
fourcastnetv2,fourcastnetv2,raw,2018-2019,72,u100,m s^-1,3.118911483734717,0.9053769150333479,730
fourcastnetv2,fourcastnetv2,raw,2018-2019,72,u200,m s^-1,4.61576423117665,0.9157387967876833,730
fourcastnetv2,fourcastnetv2,raw,2018-2019,72,u300,m s^-1,4.97863893090882,0.9047592728402032,730
fourcastnetv2,fourcastnetv2,raw,2018-2019,72,u500,m s^-1,3.4971343398854686,0.9007880564013715,730
fourcastnetv2,fourcastnetv2,raw,2018-2019,72,u700,m s^-1,2.837959389403325,0.8873207878336072,730
fourcastnetv2,fourcastnetv2,raw,2018-2019,72,u850,m s^-1,2.5818553717378077,0.8777163561078412,730
fourcastnetv2,fourcastnetv2,raw,2018-2019,72,u925,m s^-1,2.5068842896218273,0.8769586240836381,730
fourcastnetv2,fourcastnetv2,raw,2018-2019,72,u1000,m s^-1,1.9500770107956362,0.8790000155148964,730
fourcastnetv2,fourcastnetv2,raw,2018-2019,72,v50,m s^-1,1.8658151463119952,0.9217660611729901,730
fourcastnetv2,fourcastnetv2,raw,2018-2019,72,v100,m s^-1,2.5640057239206278,0.9162030002493141,730
fourcastnetv2,fourcastnetv2,raw,2018-2019,72,v200,m s^-1,4.524198852064768,0.913274408642763,730
fourcastnetv2,fourcastnetv2,raw,2018-2019,72,v300,m s^-1,4.837212003212676,0.9060138692106222,730
fourcastnetv2,fourcastnetv2,raw,2018-2019,72,v500,m s^-1,3.312255123766417,0.9015963961535101,730
fourcastnetv2,fourcastnetv2,raw,2018-2019,72,v700,m s^-1,2.6144652556512304,0.8878644390780944,730
fourcastnetv2,fourcastnetv2,raw,2018-2019,72,v850,m s^-1,2.4119037312067255,0.8754722083713782,730
fourcastnetv2,fourcastnetv2,raw,2018-2019,72,v925,m s^-1,2.4182573037107855,0.8791153223375464,730
fourcastnetv2,fourcastnetv2,raw,2018-2019,72,v1000,m s^-1,1.931979460572285,0.8820006341144075,730
fourcastnetv2,fourcastnetv2,raw,2018-2019,72,u10,m s^-1,1.759129712950017,0.8753162221010222,730
fourcastnetv2,fourcastnetv2,raw,2018-2019,72,v10,m s^-1,1.7318580871953484,0.8767023918111568,730
fourcastnetv2,fourcastnetv2,raw,2018-2019,72,t2m,K,1.398537599538708,0.8402497500755655,730
fourcastnetv2,fourcastnetv2,raw,2018-2019,72,mslp,Pa,233.21102108112925,0.9431954183767228,730
fourcastnetv2,fourcastnetv2,raw,2018-2019,120,z50,m^2 s^-2,513.3676938034725,0.899944417320587,730
fourcastnetv2,fourcastnetv2,raw,2018-2019,120,z100,m^2 s^-2,431.80017202347597,0.8951658158151479,730
fourcastnetv2,fourcastnetv2,raw,2018-2019,120,z200,m^2 s^-2,533.950637657287,0.8707406226643962,730
fourcastnetv2,fourcastnetv2,raw,2018-2019,120,z300,m^2 s^-2,582.4588531420875,0.8539868148326903,730
fourcastnetv2,fourcastnetv2,raw,2018-2019,120,z500,m^2 s^-2,425.13482605310287,0.8553096381819495,730
fourcastnetv2,fourcastnetv2,raw,2018-2019,120,z700,m^2 s^-2,330.02885996643516,0.850100519890739,730
fourcastnetv2,fourcastnetv2,raw,2018-2019,120,z850,m^2 s^-2,306.7456286024921,0.8357317108057172,730
fourcastnetv2,fourcastnetv2,raw,2018-2019,120,z925,m^2 s^-2,310.18874828446945,0.8283694799625122,730
fourcastnetv2,fourcastnetv2,raw,2018-2019,120,z1000,m^2 s^-2,320.03054579336055,0.8229481847173388,730
fourcastnetv2,fourcastnetv2,raw,2018-2019,120,q50,kg kg^-1,2.0414143229408098e-06,0.21788019914842427,730
fourcastnetv2,fourcastnetv2,raw,2018-2019,120,q100,kg kg^-1,2.3356639986884565e-06,0.29352341429973544,730
fourcastnetv2,fourcastnetv2,raw,2018-2019,120,q200,kg kg^-1,2.446919186342536e-05,0.4713801494209307,730
fourcastnetv2,fourcastnetv2,raw,2018-2019,120,q300,kg kg^-1,0.00013429727858528493,0.5338290353927098,730
fourcastnetv2,fourcastnetv2,raw,2018-2019,120,q500,kg kg^-1,0.0006349256269684027,0.6124800241675571,730
fourcastnetv2,fourcastnetv2,raw,2018-2019,120,q700,kg kg^-1,0.001224122299070013,0.5983111965344209,730
fourcastnetv2,fourcastnetv2,raw,2018-2019,120,q850,kg kg^-1,0.0014595713873148,0.5677563764556471,730
fourcastnetv2,fourcastnetv2,raw,2018-2019,120,q925,kg kg^-1,0.0012934669713109183,0.5692985440456828,730
fourcastnetv2,fourcastnetv2,raw,2018-2019,120,q1000,kg kg^-1,0.0015930189735489588,0.5533212190148727,730
fourcastnetv2,fourcastnetv2,raw,2018-2019,120,t50,K,1.875978014855252,0.8425855984284742,730
fourcastnetv2,fourcastnetv2,raw,2018-2019,120,t100,K,1.72294662948377,0.8529955525304799,730
fourcastnetv2,fourcastnetv2,raw,2018-2019,120,t200,K,2.2354627213983904,0.7908273565299369,730
fourcastnetv2,fourcastnetv2,raw,2018-2019,120,t300,K,1.6382995839283956,0.7620612678140728,730
fourcastnetv2,fourcastnetv2,raw,2018-2019,120,t500,K,1.9138507073813935,0.7892429157140065,730
fourcastnetv2,fourcastnetv2,raw,2018-2019,120,t700,K,1.9181211763637895,0.7945476625377426,730
fourcastnetv2,fourcastnetv2,raw,2018-2019,120,t850,K,2.086267705812308,0.7899698251281907,730
fourcastnetv2,fourcastnetv2,raw,2018-2019,120,t925,K,1.999209439133143,0.7734218882644078,730
fourcastnetv2,fourcastnetv2,raw,2018-2019,120,t1000,K,1.8048028677061938,0.7576541918586996,730
fourcastnetv2,fourcastnetv2,raw,2018-2019,120,u50,m s^-1,3.300916968776861,0.9062487225807316,730
fourcastnetv2,fourcastnetv2,raw,2018-2019,120,u100,m s^-1,4.174048833394764,0.8280373197741941,730
fourcastnetv2,fourcastnetv2,raw,2018-2019,120,u200,m s^-1,6.846359755026166,0.8114161402868049,730
fourcastnetv2,fourcastnetv2,raw,2018-2019,120,u300,m s^-1,7.616512194075663,0.7724179528786624,730
fourcastnetv2,fourcastnetv2,raw,2018-2019,120,u500,m s^-1,5.286256053488625,0.7668818080963082,730
fourcastnetv2,fourcastnetv2,raw,2018-2019,120,u700,m s^-1,4.147889540901038,0.7518315672514243,730
fourcastnetv2,fourcastnetv2,raw,2018-2019,120,u850,m s^-1,3.815889333370913,0.7232029423900053,730
fourcastnetv2,fourcastnetv2,raw,2018-2019,120,u925,m s^-1,3.7814684778505407,0.7096503506759186,730
fourcastnetv2,fourcastnetv2,raw,2018-2019,120,u1000,m s^-1,2.935467531951735,0.7155084956233199,730
fourcastnetv2,fourcastnetv2,raw,2018-2019,120,v50,m s^-1,2.515971711933006,0.8547685960586926,730
fourcastnetv2,fourcastnetv2,raw,2018-2019,120,v100,m s^-1,3.6538744746864427,0.823592385064201,730
fourcastnetv2,fourcastnetv2,raw,2018-2019,120,v200,m s^-1,6.955517377171284,0.7876581785008504,730
fourcastnetv2,fourcastnetv2,raw,2018-2019,120,v300,m s^-1,7.650739123042475,0.7565414757978731,730
fourcastnetv2,fourcastnetv2,raw,2018-2019,120,v500,m s^-1,5.163357514101574,0.7512475712333196,730
fourcastnetv2,fourcastnetv2,raw,2018-2019,120,v700,m s^-1,3.927858462793118,0.7355015945410985,730
fourcastnetv2,fourcastnetv2,raw,2018-2019,120,v850,m s^-1,3.603446945395268,0.7091500823823101,730
fourcastnetv2,fourcastnetv2,raw,2018-2019,120,v925,m s^-1,3.6789061407692683,0.7080938957776998,730
fourcastnetv2,fourcastnetv2,raw,2018-2019,120,v1000,m s^-1,2.9424012766389516,0.7154459229588396,730
fourcastnetv2,fourcastnetv2,raw,2018-2019,120,u10,m s^-1,2.6355537435357537,0.70983414079591,730
fourcastnetv2,fourcastnetv2,raw,2018-2019,120,v10,m s^-1,2.6200096541740145,0.706916182692397,730
fourcastnetv2,fourcastnetv2,raw,2018-2019,120,t2m,K,1.7617282120181423,0.739493483993124,730
fourcastnetv2,fourcastnetv2,raw,2018-2019,120,mslp,Pa,406.4408189893744,0.82180581905202,730
fourcastnetv2,fourcastnetv2,raw,2018-2019,168,z50,m^2 s^-2,664.0682439074712,0.8325646550597409,730
fourcastnetv2,fourcastnetv2,raw,2018-2019,168,z100,m^2 s^-2,613.4622997502759,0.7856930157338828,730
fourcastnetv2,fourcastnetv2,raw,2018-2019,168,z200,m^2 s^-2,779.9591430948549,0.718939214669588,730
fourcastnetv2,fourcastnetv2,raw,2018-2019,168,z300,m^2 s^-2,844.1436860594534,0.6879967177572136,730
fourcastnetv2,fourcastnetv2,raw,2018-2019,168,z500,m^2 s^-2,615.9138240499412,0.6905123931313367,730
fourcastnetv2,fourcastnetv2,raw,2018-2019,168,z700,m^2 s^-2,473.31528854620296,0.6847320916413215,730
fourcastnetv2,fourcastnetv2,raw,2018-2019,168,z850,m^2 s^-2,434.25918139105767,0.6631258959644627,730
fourcastnetv2,fourcastnetv2,raw,2018-2019,168,z925,m^2 s^-2,437.247717660009,0.6511912931891687,730
fourcastnetv2,fourcastnetv2,raw,2018-2019,168,z1000,m^2 s^-2,449.45741706639257,0.6429193884994148,730
fourcastnetv2,fourcastnetv2,raw,2018-2019,168,q50,kg kg^-1,2.058362377255097e-06,0.21873072938733717,730
fourcastnetv2,fourcastnetv2,raw,2018-2019,168,q100,kg kg^-1,2.3446593610060517e-06,0.2826804288011167,730
fourcastnetv2,fourcastnetv2,raw,2018-2019,168,q200,kg kg^-1,2.513195229026982e-05,0.40471458569375696,730
fourcastnetv2,fourcastnetv2,raw,2018-2019,168,q300,kg kg^-1,0.00014474331755161507,0.4374761582077973,730
fourcastnetv2,fourcastnetv2,raw,2018-2019,168,q500,kg kg^-1,0.000722458954397307,0.48875372757498126,730
fourcastnetv2,fourcastnetv2,raw,2018-2019,168,q700,kg kg^-1,0.001391180210568762,0.46827819272948884,730
fourcastnetv2,fourcastnetv2,raw,2018-2019,168,q850,kg kg^-1,0.001648709300179222,0.43847615971060605,730
fourcastnetv2,fourcastnetv2,raw,2018-2019,168,q925,kg kg^-1,0.001459456745401866,0.44656471308745865,730
fourcastnetv2,fourcastnetv2,raw,2018-2019,168,q1000,kg kg^-1,0.0017657768858979205,0.4387440256502253,730
fourcastnetv2,fourcastnetv2,raw,2018-2019,168,t50,K,2.109743337227137,0.7990728796859373,730
fourcastnetv2,fourcastnetv2,raw,2018-2019,168,t100,K,2.1928421887327434,0.760408058520029,730
fourcastnetv2,fourcastnetv2,raw,2018-2019,168,t200,K,2.941102276350387,0.635389087094358,730
fourcastnetv2,fourcastnetv2,raw,2018-2019,168,t300,K,2.0811145796633133,0.609601830471824,730
fourcastnetv2,fourcastnetv2,raw,2018-2019,168,t500,K,2.581706173089598,0.611867253206617,730
fourcastnetv2,fourcastnetv2,raw,2018-2019,168,t700,K,2.600586821823437,0.6183311034257506,730
fourcastnetv2,fourcastnetv2,raw,2018-2019,168,t850,K,2.7967751933373854,0.6175641389945861,730
fourcastnetv2,fourcastnetv2,raw,2018-2019,168,t925,K,2.6384549270487128,0.6007317189664393,730
fourcastnetv2,fourcastnetv2,raw,2018-2019,168,t1000,K,2.3170289607067547,0.5954722860047933,730
fourcastnetv2,fourcastnetv2,raw,2018-2019,168,u50,m s^-1,4.083845040465012,0.8554460913894525,730
fourcastnetv2,fourcastnetv2,raw,2018-2019,168,u100,m s^-1,5.308225527654636,0.7170821617681562,730
fourcastnetv2,fourcastnetv2,raw,2018-2019,168,u200,m s^-1,9.102984302184488,0.6614468937373342,730
fourcastnetv2,fourcastnetv2,raw,2018-2019,168,u300,m s^-1,9.965608488610195,0.604140103329369,730
fourcastnetv2,fourcastnetv2,raw,2018-2019,168,u500,m s^-1,6.8719849027434705,0.597433585341464,730
fourcastnetv2,fourcastnetv2,raw,2018-2019,168,u700,m s^-1,5.317782752852855,0.5825924855013948,730
fourcastnetv2,fourcastnetv2,raw,2018-2019,168,u850,m s^-1,4.866007666296008,0.5393811650084087,730
fourcastnetv2,fourcastnetv2,raw,2018-2019,168,u925,m s^-1,4.829236801872173,0.5158285516046065,730
fourcastnetv2,fourcastnetv2,raw,2018-2019,168,u1000,m s^-1,3.761813605905504,0.5222003473887525,730
fourcastnetv2,fourcastnetv2,raw,2018-2019,168,v50,m s^-1,3.3708375132244828,0.7360951920887505,730
fourcastnetv2,fourcastnetv2,raw,2018-2019,168,v100,m s^-1,4.9634833825127025,0.666067421554727,730
fourcastnetv2,fourcastnetv2,raw,2018-2019,168,v200,m s^-1,9.419401162538989,0.6008047567287167,730
fourcastnetv2,fourcastnetv2,raw,2018-2019,168,v300,m s^-1,10.219112186646026,0.5555525598932335,730
fourcastnetv2,fourcastnetv2,raw,2018-2019,168,v500,m s^-1,6.828622640806532,0.5527759014231736,730
fourcastnetv2,fourcastnetv2,raw,2018-2019,168,v700,m s^-1,5.106328768090732,0.5386538065677262,730
fourcastnetv2,fourcastnetv2,raw,2018-2019,168,v850,m s^-1,4.631167419378855,0.5049998227192375,730
fourcastnetv2,fourcastnetv2,raw,2018-2019,168,v925,m s^-1,4.760407581623503,0.4981835507758052,730
fourcastnetv2,fourcastnetv2,raw,2018-2019,168,v1000,m s^-1,3.829662978165745,0.5064314754212893,730
fourcastnetv2,fourcastnetv2,raw,2018-2019,168,u10,m s^-1,3.359320501716088,0.5177271570380827,730
fourcastnetv2,fourcastnetv2,raw,2018-2019,168,v10,m s^-1,3.3846697678257938,0.49895128670770544,730
fourcastnetv2,fourcastnetv2,raw,2018-2019,168,t2m,K,2.2008771980821766,0.5880995479929693,730
fourcastnetv2,fourcastnetv2,raw,2018-2019,168,mslp,Pa,570.3277424590997,0.6413886849349169,730
fourcastnetv2,fourcastnetv2,raw,2018-2019,240,z50,m^2 s^-2,880.931463197352,0.7082669697273176,730
fourcastnetv2,fourcastnetv2,raw,2018-2019,240,z100,m^2 s^-2,846.1861733077776,0.5894186446190399,730
fourcastnetv2,fourcastnetv2,raw,2018-2019,240,z200,m^2 s^-2,1069.7003329091879,0.46258921761426014,730
fourcastnetv2,fourcastnetv2,raw,2018-2019,240,z300,m^2 s^-2,1138.6175316918439,0.4233960425464692,730
fourcastnetv2,fourcastnetv2,raw,2018-2019,240,z500,m^2 s^-2,830.7798404643181,0.4278366630030755,730
fourcastnetv2,fourcastnetv2,raw,2018-2019,240,z700,m^2 s^-2,634.4522973185407,0.4241663727386384,730
fourcastnetv2,fourcastnetv2,raw,2018-2019,240,z850,m^2 s^-2,574.1487390480917,0.4023296207348528,730
fourcastnetv2,fourcastnetv2,raw,2018-2019,240,z925,m^2 s^-2,574.6839505521798,0.38901156714217355,730
fourcastnetv2,fourcastnetv2,raw,2018-2019,240,z1000,m^2 s^-2,588.3306714059297,0.3797104924353394,730
fourcastnetv2,fourcastnetv2,raw,2018-2019,240,q50,kg kg^-1,2.1043252625498653e-06,0.21905786553407589,730
fourcastnetv2,fourcastnetv2,raw,2018-2019,240,q100,kg kg^-1,2.379426208820398e-06,0.2618978616796122,730
fourcastnetv2,fourcastnetv2,raw,2018-2019,240,q200,kg kg^-1,2.613347300757552e-05,0.316656055065314,730
fourcastnetv2,fourcastnetv2,raw,2018-2019,240,q300,kg kg^-1,0.00015844048591468897,0.3097578377588386,730
fourcastnetv2,fourcastnetv2,raw,2018-2019,240,q500,kg kg^-1,0.0008195226626650478,0.3317367696601786,730
fourcastnetv2,fourcastnetv2,raw,2018-2019,240,q700,kg kg^-1,0.0015746866701144271,0.3036260656705494,730
fourcastnetv2,fourcastnetv2,raw,2018-2019,240,q850,kg kg^-1,0.0018534502839297811,0.2797186933806988,730
fourcastnetv2,fourcastnetv2,raw,2018-2019,240,q925,kg kg^-1,0.0016550721646174632,0.28395450995495547,730
fourcastnetv2,fourcastnetv2,raw,2018-2019,240,q1000,kg kg^-1,0.0019811445614952234,0.2795631016183609,730
fourcastnetv2,fourcastnetv2,raw,2018-2019,240,t50,K,2.5036754075298204,0.7157864984254175,730
fourcastnetv2,fourcastnetv2,raw,2018-2019,240,t100,K,2.787943646559754,0.6108089849181194,730
fourcastnetv2,fourcastnetv2,raw,2018-2019,240,t200,K,3.6739121486464255,0.42747150649258536,730
fourcastnetv2,fourcastnetv2,raw,2018-2019,240,t300,K,2.5873805082296144,0.3904068322468211,730
fourcastnetv2,fourcastnetv2,raw,2018-2019,240,t500,K,3.301098721043278,0.35931726591208346,730
fourcastnetv2,fourcastnetv2,raw,2018-2019,240,t700,K,3.3377850319272997,0.36543716869276877,730
fourcastnetv2,fourcastnetv2,raw,2018-2019,240,t850,K,3.579475363162577,0.3670597404735617,730
fourcastnetv2,fourcastnetv2,raw,2018-2019,240,t925,K,3.347857165059395,0.35314761900408376,730
fourcastnetv2,fourcastnetv2,raw,2018-2019,240,t1000,K,2.9145167963353056,0.3574436740486895,730
fourcastnetv2,fourcastnetv2,raw,2018-2019,240,u50,m s^-1,5.237311389625099,0.7620321201679797,730
fourcastnetv2,fourcastnetv2,raw,2018-2019,240,u100,m s^-1,6.791287073216485,0.5309135536942666,730
fourcastnetv2,fourcastnetv2,raw,2018-2019,240,u200,m s^-1,11.693941877516702,0.4348312029500151,730
fourcastnetv2,fourcastnetv2,raw,2018-2019,240,u300,m s^-1,12.477636983257751,0.3725255781069902,730
fourcastnetv2,fourcastnetv2,raw,2018-2019,240,u500,m s^-1,8.565026666070315,0.36489202762555567,730
fourcastnetv2,fourcastnetv2,raw,2018-2019,240,u700,m s^-1,6.538056140721589,0.35896463714162646,730
fourcastnetv2,fourcastnetv2,raw,2018-2019,240,u850,m s^-1,5.892406370169666,0.31752992606462244,730
fourcastnetv2,fourcastnetv2,raw,2018-2019,240,u925,m s^-1,5.8170106201099365,0.2926810707130336,730
fourcastnetv2,fourcastnetv2,raw,2018-2019,240,u1000,m s^-1,4.550219189332799,0.2963903568678238,730
fourcastnetv2,fourcastnetv2,raw,2018-2019,240,v50,m s^-1,4.462890700157345,0.5337771222680389,730
fourcastnetv2,fourcastnetv2,raw,2018-2019,240,v100,m s^-1,6.496972666776473,0.41416969311786717,730
fourcastnetv2,fourcastnetv2,raw,2018-2019,240,v200,m s^-1,12.063093777874986,0.32852430414439077,730
fourcastnetv2,fourcastnetv2,raw,2018-2019,240,v300,m s^-1,12.807586179554123,0.28739967610380196,730
fourcastnetv2,fourcastnetv2,raw,2018-2019,240,v500,m s^-1,8.495802265619163,0.2910925353374544,730
fourcastnetv2,fourcastnetv2,raw,2018-2019,240,v700,m s^-1,6.268198535623475,0.2862864239179442,730
fourcastnetv2,fourcastnetv2,raw,2018-2019,240,v850,m s^-1,5.596567957427537,0.26062354070352906,730
fourcastnetv2,fourcastnetv2,raw,2018-2019,240,v925,m s^-1,5.759093095050859,0.2520356018200907,730
fourcastnetv2,fourcastnetv2,raw,2018-2019,240,v1000,m s^-1,4.6637740288554355,0.25709545226224345,730
fourcastnetv2,fourcastnetv2,raw,2018-2019,240,u10,m s^-1,4.048341492186868,0.2941270741387421,730
fourcastnetv2,fourcastnetv2,raw,2018-2019,240,v10,m s^-1,4.099996792651502,0.25351389223459747,730
fourcastnetv2,fourcastnetv2,raw,2018-2019,240,t2m,K,2.741935954206065,0.35949541551834424,730
fourcastnetv2,fourcastnetv2,raw,2018-2019,240,mslp,Pa,746.259212386633,0.37783721898610984,730
fourcastnetv2,fourcastnetv2,sphere_ttc,2018-2019,24,z50,m^2 s^-2,148.68596305057864,0.9916167863806773,730
fourcastnetv2,fourcastnetv2,sphere_ttc,2018-2019,24,z100,m^2 s^-2,103.56507132243051,0.9940760013856893,730
fourcastnetv2,fourcastnetv2,sphere_ttc,2018-2019,24,z200,m^2 s^-2,110.17657650314294,0.9945453559096005,730
fourcastnetv2,fourcastnetv2,sphere_ttc,2018-2019,24,z300,m^2 s^-2,112.59798265291622,0.994577998446393,730
fourcastnetv2,fourcastnetv2,sphere_ttc,2018-2019,24,z500,m^2 s^-2,83.26216089632449,0.9945183502555626,730
fourcastnetv2,fourcastnetv2,sphere_ttc,2018-2019,24,z700,m^2 s^-2,70.15657494366353,0.9933586483411624,730
fourcastnetv2,fourcastnetv2,sphere_ttc,2018-2019,24,z850,m^2 s^-2,68.55985594150428,0.9919781909278678,730
fourcastnetv2,fourcastnetv2,sphere_ttc,2018-2019,24,z925,m^2 s^-2,70.95943090262567,0.9912138952500148,730
fourcastnetv2,fourcastnetv2,sphere_ttc,2018-2019,24,z1000,m^2 s^-2,76.10288996400391,0.9902087895558341,730
fourcastnetv2,fourcastnetv2,sphere_ttc,2018-2019,24,q50,kg kg^-1,5.612474358467779e-07,0.23874201651692212,730
fourcastnetv2,fourcastnetv2,sphere_ttc,2018-2019,24,q100,kg kg^-1,9.59363878950946e-07,0.22564390878191498,730
fourcastnetv2,fourcastnetv2,sphere_ttc,2018-2019,24,q200,kg kg^-1,1.079254602239986e-05,0.721206398769,730
fourcastnetv2,fourcastnetv2,sphere_ttc,2018-2019,24,q300,kg kg^-1,8.374568028199619e-05,0.7605701641828013,730
fourcastnetv2,fourcastnetv2,sphere_ttc,2018-2019,24,q500,kg kg^-1,0.0005313885793724168,0.7295800210314246,730
fourcastnetv2,fourcastnetv2,sphere_ttc,2018-2019,24,q700,kg kg^-1,0.0009176246682264866,0.7832119142978405,730
fourcastnetv2,fourcastnetv2,sphere_ttc,2018-2019,24,q850,kg kg^-1,0.0009951966834925194,0.8093836788109009,730
fourcastnetv2,fourcastnetv2,sphere_ttc,2018-2019,24,q925,kg kg^-1,0.0009048128343360462,0.7733647668565142,730
fourcastnetv2,fourcastnetv2,sphere_ttc,2018-2019,24,q1000,kg kg^-1,0.0009257601585461011,0.7915321142276935,730
fourcastnetv2,fourcastnetv2,sphere_ttc,2018-2019,24,t50,K,0.9373250584482544,0.961682831636196,730
fourcastnetv2,fourcastnetv2,sphere_ttc,2018-2019,24,t100,K,0.780935579625123,0.9700499195421959,730
fourcastnetv2,fourcastnetv2,sphere_ttc,2018-2019,24,t200,K,0.7535301584671449,0.9766869395836855,730
fourcastnetv2,fourcastnetv2,sphere_ttc,2018-2019,24,t300,K,0.6846681089165554,0.9601652941861247,730
fourcastnetv2,fourcastnetv2,sphere_ttc,2018-2019,24,t500,K,0.65016868762616,0.9760760126875573,730
fourcastnetv2,fourcastnetv2,sphere_ttc,2018-2019,24,t700,K,0.7287236367794752,0.9709269317530641,730
fourcastnetv2,fourcastnetv2,sphere_ttc,2018-2019,24,t850,K,0.9291880063133879,0.9591058794779767,730
fourcastnetv2,fourcastnetv2,sphere_ttc,2018-2019,24,t925,K,0.9582675681137113,0.9492228116401685,730
fourcastnetv2,fourcastnetv2,sphere_ttc,2018-2019,24,t1000,K,1.0058237783893893,0.9271950862813015,730
fourcastnetv2,fourcastnetv2,sphere_ttc,2018-2019,24,u50,m s^-1,1.6477049322878916,0.977236713856227,730
fourcastnetv2,fourcastnetv2,sphere_ttc,2018-2019,24,u100,m s^-1,1.8628060237558757,0.9658496850569092,730
fourcastnetv2,fourcastnetv2,sphere_ttc,2018-2019,24,u200,m s^-1,2.567804557736129,0.973965381403048,730
fourcastnetv2,fourcastnetv2,sphere_ttc,2018-2019,24,u300,m s^-1,2.516892129925221,0.9757803100530553,730
fourcastnetv2,fourcastnetv2,sphere_ttc,2018-2019,24,u500,m s^-1,1.8825042609333964,0.9716657719956064,730
fourcastnetv2,fourcastnetv2,sphere_ttc,2018-2019,24,u700,m s^-1,1.6397856085086941,0.9630053161858569,730
fourcastnetv2,fourcastnetv2,sphere_ttc,2018-2019,24,u850,m s^-1,1.4992445287632803,0.9598139498273358,730
fourcastnetv2,fourcastnetv2,sphere_ttc,2018-2019,24,u925,m s^-1,1.3997833255747805,0.9627361015308725,730
fourcastnetv2,fourcastnetv2,sphere_ttc,2018-2019,24,u1000,m s^-1,1.1103821331910875,0.9619574695308165,730
fourcastnetv2,fourcastnetv2,sphere_ttc,2018-2019,24,v50,m s^-1,1.2252539444274513,0.9660411949477659,730
fourcastnetv2,fourcastnetv2,sphere_ttc,2018-2019,24,v100,m s^-1,1.6492642166792595,0.9651036937502643,730
fourcastnetv2,fourcastnetv2,sphere_ttc,2018-2019,24,v200,m s^-1,2.4738033362920824,0.9741734618928037,730
fourcastnetv2,fourcastnetv2,sphere_ttc,2018-2019,24,v300,m s^-1,2.4351580184124115,0.9764319995167545,730
fourcastnetv2,fourcastnetv2,sphere_ttc,2018-2019,24,v500,m s^-1,1.785795810527493,0.9719003192007707,730
fourcastnetv2,fourcastnetv2,sphere_ttc,2018-2019,24,v700,m s^-1,1.5120404555815057,0.9632706967775484,730
fourcastnetv2,fourcastnetv2,sphere_ttc,2018-2019,24,v850,m s^-1,1.418062793802124,0.9581535976849659,730
fourcastnetv2,fourcastnetv2,sphere_ttc,2018-2019,24,v925,m s^-1,1.3758154655214339,0.9619233931598643,730
fourcastnetv2,fourcastnetv2,sphere_ttc,2018-2019,24,v1000,m s^-1,1.1151981691711539,0.9617175529902111,730
fourcastnetv2,fourcastnetv2,sphere_ttc,2018-2019,24,u10,m s^-1,0.998098168827853,0.9609392686153748,730
fourcastnetv2,fourcastnetv2,sphere_ttc,2018-2019,24,v10,m s^-1,1.0013948953678948,0.959847160001036,730
fourcastnetv2,fourcastnetv2,sphere_ttc,2018-2019,24,t2m,K,1.085735884514812,0.9044765674478837,730
fourcastnetv2,fourcastnetv2,sphere_ttc,2018-2019,24,mslp,Pa,97.77581070807415,0.9899067690410864,730
fourcastnetv2,fourcastnetv2,sphere_ttc,2018-2019,72,z50,m^2 s^-2,301.5217220637416,0.9652539496005049,730
fourcastnetv2,fourcastnetv2,sphere_ttc,2018-2019,72,z100,m^2 s^-2,221.34806603331018,0.9727159233850047,730
fourcastnetv2,fourcastnetv2,sphere_ttc,2018-2019,72,z200,m^2 s^-2,273.27187027673784,0.9661497677905534,730
fourcastnetv2,fourcastnetv2,sphere_ttc,2018-2019,72,z300,m^2 s^-2,302.6917093631177,0.9605015000852799,730
fourcastnetv2,fourcastnetv2,sphere_ttc,2018-2019,72,z500,m^2 s^-2,224.76258184174844,0.9598905790389098,730
fourcastnetv2,fourcastnetv2,sphere_ttc,2018-2019,72,z700,m^2 s^-2,177.93185436038667,0.9568636575506024,730
fourcastnetv2,fourcastnetv2,sphere_ttc,2018-2019,72,z850,m^2 s^-2,167.60747141219974,0.9513492042797248,730
fourcastnetv2,fourcastnetv2,sphere_ttc,2018-2019,72,z925,m^2 s^-2,170.60081796185835,0.9485019661150345,730
fourcastnetv2,fourcastnetv2,sphere_ttc,2018-2019,72,z1000,m^2 s^-2,177.45011191770539,0.945995201239943,730
fourcastnetv2,fourcastnetv2,sphere_ttc,2018-2019,72,q50,kg kg^-1,5.416206663302416e-07,0.2399216881660404,730
fourcastnetv2,fourcastnetv2,sphere_ttc,2018-2019,72,q100,kg kg^-1,9.448250827842593e-07,0.26198877160247663,730
fourcastnetv2,fourcastnetv2,sphere_ttc,2018-2019,72,q200,kg kg^-1,1.0804898948429313e-05,0.6876853569201905,730
fourcastnetv2,fourcastnetv2,sphere_ttc,2018-2019,72,q300,kg kg^-1,8.961444410107095e-05,0.7117711284792911,730
fourcastnetv2,fourcastnetv2,sphere_ttc,2018-2019,72,q500,kg kg^-1,0.0005345632131063435,0.7294668213138175,730
fourcastnetv2,fourcastnetv2,sphere_ttc,2018-2019,72,q700,kg kg^-1,0.0010198020234568374,0.7281884332439695,730
fourcastnetv2,fourcastnetv2,sphere_ttc,2018-2019,72,q850,kg kg^-1,0.0011910490662201366,0.7154314378989675,730
fourcastnetv2,fourcastnetv2,sphere_ttc,2018-2019,72,q925,kg kg^-1,0.0009966531521212233,0.7225972308439987,730
fourcastnetv2,fourcastnetv2,sphere_ttc,2018-2019,72,q1000,kg kg^-1,0.0010317681935473886,0.7452702569981393,730
fourcastnetv2,fourcastnetv2,sphere_ttc,2018-2019,72,t50,K,1.4185983828262203,0.9101087190464376,730
fourcastnetv2,fourcastnetv2,sphere_ttc,2018-2019,72,t100,K,1.2118535660636363,0.926970974682296,730
fourcastnetv2,fourcastnetv2,sphere_ttc,2018-2019,72,t200,K,1.3989262869360055,0.9182871665497976,730
fourcastnetv2,fourcastnetv2,sphere_ttc,2018-2019,72,t300,K,1.1045380096745867,0.8937131445568317,730
fourcastnetv2,fourcastnetv2,sphere_ttc,2018-2019,72,t500,K,1.1742325609106454,0.9206673150949876,730
fourcastnetv2,fourcastnetv2,sphere_ttc,2018-2019,72,t700,K,1.1897606837118668,0.9212118394800137,730
fourcastnetv2,fourcastnetv2,sphere_ttc,2018-2019,72,t850,K,1.364585618167411,0.9105136555634858,730
fourcastnetv2,fourcastnetv2,sphere_ttc,2018-2019,72,t925,K,1.3446767438569884,0.8979168386379968,730
fourcastnetv2,fourcastnetv2,sphere_ttc,2018-2019,72,t1000,K,1.2748729587444607,0.8803256449572776,730
fourcastnetv2,fourcastnetv2,sphere_ttc,2018-2019,72,u50,m s^-1,2.4441378215377756,0.9492817322532137,730
fourcastnetv2,fourcastnetv2,sphere_ttc,2018-2019,72,u100,m s^-1,2.8340065698296644,0.9198032164991652,730
fourcastnetv2,fourcastnetv2,sphere_ttc,2018-2019,72,u200,m s^-1,4.486105705471276,0.9195328589354834,730
fourcastnetv2,fourcastnetv2,sphere_ttc,2018-2019,72,u300,m s^-1,4.919290386155846,0.9062318105592391,730
fourcastnetv2,fourcastnetv2,sphere_ttc,2018-2019,72,u500,m s^-1,3.4832558162738603,0.9011847765716166,730
fourcastnetv2,fourcastnetv2,sphere_ttc,2018-2019,72,u700,m s^-1,2.818494630166295,0.8882927385930146,730
fourcastnetv2,fourcastnetv2,sphere_ttc,2018-2019,72,u850,m s^-1,2.5707066244382197,0.8782651021608436,730
fourcastnetv2,fourcastnetv2,sphere_ttc,2018-2019,72,u925,m s^-1,2.4960501603878305,0.8774376511680416,730
fourcastnetv2,fourcastnetv2,sphere_ttc,2018-2019,72,u1000,m s^-1,1.9430767247404843,0.8794145554238149,730
fourcastnetv2,fourcastnetv2,sphere_ttc,2018-2019,72,v50,m s^-1,1.8432616903558892,0.9228219873914247,730
fourcastnetv2,fourcastnetv2,sphere_ttc,2018-2019,72,v100,m s^-1,2.4790945317573008,0.9199213588632066,730
fourcastnetv2,fourcastnetv2,sphere_ttc,2018-2019,72,v200,m s^-1,4.42675090429227,0.9157725784235987,730
fourcastnetv2,fourcastnetv2,sphere_ttc,2018-2019,72,v300,m s^-1,4.774930078902453,0.9073626681892337,730
fourcastnetv2,fourcastnetv2,sphere_ttc,2018-2019,72,v500,m s^-1,3.2916206065483666,0.9021782886375942,730
fourcastnetv2,fourcastnetv2,sphere_ttc,2018-2019,72,v700,m s^-1,2.60288896529883,0.888328032450158,730
fourcastnetv2,fourcastnetv2,sphere_ttc,2018-2019,72,v850,m s^-1,2.401864579226727,0.8759134953993184,730
fourcastnetv2,fourcastnetv2,sphere_ttc,2018-2019,72,v925,m s^-1,2.407309196940789,0.8795418904317299,730
fourcastnetv2,fourcastnetv2,sphere_ttc,2018-2019,72,v1000,m s^-1,1.9243638384974706,0.8824148123985176,730
fourcastnetv2,fourcastnetv2,sphere_ttc,2018-2019,72,u10,m s^-1,1.7523357715266286,0.8757601247628974,730
fourcastnetv2,fourcastnetv2,sphere_ttc,2018-2019,72,v10,m s^-1,1.7253943769030193,0.8771096156350289,730
fourcastnetv2,fourcastnetv2,sphere_ttc,2018-2019,72,t2m,K,1.3157865941592697,0.8564284047172633,730
fourcastnetv2,fourcastnetv2,sphere_ttc,2018-2019,72,mslp,Pa,225.32130242101022,0.9456343049430683,730
fourcastnetv2,fourcastnetv2,sphere_ttc,2018-2019,120,z50,m^2 s^-2,450.0589127389743,0.9213318339580104,730
fourcastnetv2,fourcastnetv2,sphere_ttc,2018-2019,120,z100,m^2 s^-2,386.6441156256001,0.9146896954681331,730
fourcastnetv2,fourcastnetv2,sphere_ttc,2018-2019,120,z200,m^2 s^-2,511.7865683832303,0.877861620272833,730
fourcastnetv2,fourcastnetv2,sphere_ttc,2018-2019,120,z300,m^2 s^-2,568.6745973274593,0.8569231411959339,730
fourcastnetv2,fourcastnetv2,sphere_ttc,2018-2019,120,z500,m^2 s^-2,420.33475858972395,0.8562545284182703,730
fourcastnetv2,fourcastnetv2,sphere_ttc,2018-2019,120,z700,m^2 s^-2,327.12816482397915,0.8506393789084368,730
fourcastnetv2,fourcastnetv2,sphere_ttc,2018-2019,120,z850,m^2 s^-2,303.3266401434585,0.836298694557589,730
fourcastnetv2,fourcastnetv2,sphere_ttc,2018-2019,120,z925,m^2 s^-2,306.34476068366257,0.8289514363343463,730
fourcastnetv2,fourcastnetv2,sphere_ttc,2018-2019,120,z1000,m^2 s^-2,315.92314351620547,0.8235354940902379,730
fourcastnetv2,fourcastnetv2,sphere_ttc,2018-2019,120,q50,kg kg^-1,5.574930458050799e-07,0.2292607852251171,730
fourcastnetv2,fourcastnetv2,sphere_ttc,2018-2019,120,q100,kg kg^-1,9.650047046930008e-07,0.2514712610198929,730
fourcastnetv2,fourcastnetv2,sphere_ttc,2018-2019,120,q200,kg kg^-1,1.2083016427081711e-05,0.5888715271915714,730
fourcastnetv2,fourcastnetv2,sphere_ttc,2018-2019,120,q300,kg kg^-1,0.0001035801125632815,0.5932281358535013,730
fourcastnetv2,fourcastnetv2,sphere_ttc,2018-2019,120,q500,kg kg^-1,0.0006227211233952504,0.6200211809178339,730
fourcastnetv2,fourcastnetv2,sphere_ttc,2018-2019,120,q700,kg kg^-1,0.0012006089584133748,0.6074072461743603,730
fourcastnetv2,fourcastnetv2,sphere_ttc,2018-2019,120,q850,kg kg^-1,0.0014087798969531847,0.5838067679696474,730
fourcastnetv2,fourcastnetv2,sphere_ttc,2018-2019,120,q925,kg kg^-1,0.0011589352448113032,0.6124340687532558,730
fourcastnetv2,fourcastnetv2,sphere_ttc,2018-2019,120,q1000,kg kg^-1,0.001205459768178377,0.6374795026890311,730
fourcastnetv2,fourcastnetv2,sphere_ttc,2018-2019,120,t50,K,1.7226111269899422,0.8651865154974915,730
fourcastnetv2,fourcastnetv2,sphere_ttc,2018-2019,120,t100,K,1.6643452143584707,0.8596175634628455,730
fourcastnetv2,fourcastnetv2,sphere_ttc,2018-2019,120,t200,K,2.1689856045218145,0.7959021295292047,730
fourcastnetv2,fourcastnetv2,sphere_ttc,2018-2019,120,t300,K,1.5717685849298961,0.7757805179654692,730
fourcastnetv2,fourcastnetv2,sphere_ttc,2018-2019,120,t500,K,1.8580120317272968,0.7938663353469059,730
fourcastnetv2,fourcastnetv2,sphere_ttc,2018-2019,120,t700,K,1.8562880792121408,0.8008292805285283,730
fourcastnetv2,fourcastnetv2,sphere_ttc,2018-2019,120,t850,K,2.041430031922815,0.7940651772485707,730
fourcastnetv2,fourcastnetv2,sphere_ttc,2018-2019,120,t925,K,1.9534931803619444,0.7782414599503049,730
fourcastnetv2,fourcastnetv2,sphere_ttc,2018-2019,120,t1000,K,1.7484456188554132,0.7673274513164743,730
fourcastnetv2,fourcastnetv2,sphere_ttc,2018-2019,120,u50,m s^-1,3.163689997741975,0.9138704102796356,730
fourcastnetv2,fourcastnetv2,sphere_ttc,2018-2019,120,u100,m s^-1,3.92672611292434,0.8421284684871052,730
fourcastnetv2,fourcastnetv2,sphere_ttc,2018-2019,120,u200,m s^-1,6.71996319043143,0.8143941151987715,730
fourcastnetv2,fourcastnetv2,sphere_ttc,2018-2019,120,u300,m s^-1,7.518954896201057,0.772970122710596,730
fourcastnetv2,fourcastnetv2,sphere_ttc,2018-2019,120,u500,m s^-1,5.242035912113842,0.7668613549427715,730
fourcastnetv2,fourcastnetv2,sphere_ttc,2018-2019,120,u700,m s^-1,4.117512119318305,0.7519751696736464,730
fourcastnetv2,fourcastnetv2,sphere_ttc,2018-2019,120,u850,m s^-1,3.791107132219001,0.7228153256040025,730
fourcastnetv2,fourcastnetv2,sphere_ttc,2018-2019,120,u925,m s^-1,3.749026098028763,0.7088420633173678,730
fourcastnetv2,fourcastnetv2,sphere_ttc,2018-2019,120,u1000,m s^-1,2.913524498138663,0.7147708963633799,730
fourcastnetv2,fourcastnetv2,sphere_ttc,2018-2019,120,v50,m s^-1,2.500137647601853,0.8551804638346759,730
fourcastnetv2,fourcastnetv2,sphere_ttc,2018-2019,120,v100,m s^-1,3.6136553300001446,0.8248734100374193,730
fourcastnetv2,fourcastnetv2,sphere_ttc,2018-2019,120,v200,m s^-1,6.852813772044741,0.7888841051144313,730
fourcastnetv2,fourcastnetv2,sphere_ttc,2018-2019,120,v300,m s^-1,7.533161845532693,0.7564785780855009,730
fourcastnetv2,fourcastnetv2,sphere_ttc,2018-2019,120,v500,m s^-1,5.109124161620893,0.750695681161467,730
fourcastnetv2,fourcastnetv2,sphere_ttc,2018-2019,120,v700,m s^-1,3.899304461552936,0.734798171680834,730
fourcastnetv2,fourcastnetv2,sphere_ttc,2018-2019,120,v850,m s^-1,3.5694703617807324,0.7081403357573048,730
fourcastnetv2,fourcastnetv2,sphere_ttc,2018-2019,120,v925,m s^-1,3.6380486876001825,0.7068561393648232,730
fourcastnetv2,fourcastnetv2,sphere_ttc,2018-2019,120,v1000,m s^-1,2.9139088099213155,0.7144467316546828,730
fourcastnetv2,fourcastnetv2,sphere_ttc,2018-2019,120,u10,m s^-1,2.613455001766628,0.7090145159958287,730
fourcastnetv2,fourcastnetv2,sphere_ttc,2018-2019,120,v10,m s^-1,2.5914914264210522,0.7057490460032307,730
fourcastnetv2,fourcastnetv2,sphere_ttc,2018-2019,120,t2m,K,1.7071288479273665,0.7505137909143886,730
fourcastnetv2,fourcastnetv2,sphere_ttc,2018-2019,120,mslp,Pa,401.0484817543457,0.8223597193382238,730
fourcastnetv2,fourcastnetv2,sphere_ttc,2018-2019,168,z50,m^2 s^-2,608.428671355271,0.8529159041373336,730
fourcastnetv2,fourcastnetv2,sphere_ttc,2018-2019,168,z100,m^2 s^-2,565.7856497149545,0.8101786254242592,730
fourcastnetv2,fourcastnetv2,sphere_ttc,2018-2019,168,z200,m^2 s^-2,742.3728012155274,0.7285135991743134,730
fourcastnetv2,fourcastnetv2,sphere_ttc,2018-2019,168,z300,m^2 s^-2,805.2356971432446,0.6923422529998315,730
fourcastnetv2,fourcastnetv2,sphere_ttc,2018-2019,168,z500,m^2 s^-2,594.0511922262637,0.6915372345021206,730
fourcastnetv2,fourcastnetv2,sphere_ttc,2018-2019,168,z700,m^2 s^-2,458.9136103165092,0.6842426291234768,730
fourcastnetv2,fourcastnetv2,sphere_ttc,2018-2019,168,z850,m^2 s^-2,419.0781045279954,0.6616421878116675,730
fourcastnetv2,fourcastnetv2,sphere_ttc,2018-2019,168,z925,m^2 s^-2,420.72748500863975,0.6491904185574564,730
fourcastnetv2,fourcastnetv2,sphere_ttc,2018-2019,168,z1000,m^2 s^-2,431.7837126847325,0.6408767440345821,730
fourcastnetv2,fourcastnetv2,sphere_ttc,2018-2019,168,q50,kg kg^-1,5.835215392762858e-07,0.21187374647097876,730
fourcastnetv2,fourcastnetv2,sphere_ttc,2018-2019,168,q100,kg kg^-1,9.95490062099187e-07,0.22708279732832637,730
fourcastnetv2,fourcastnetv2,sphere_ttc,2018-2019,168,q200,kg kg^-1,1.3426844508588735e-05,0.4772369607902167,730
fourcastnetv2,fourcastnetv2,sphere_ttc,2018-2019,168,q300,kg kg^-1,0.00011578979511977598,0.468776948867146,730
fourcastnetv2,fourcastnetv2,sphere_ttc,2018-2019,168,q500,kg kg^-1,0.0007041896831421943,0.4918903889717098,730
fourcastnetv2,fourcastnetv2,sphere_ttc,2018-2019,168,q700,kg kg^-1,0.0013587607758441128,0.472599817543174,730
fourcastnetv2,fourcastnetv2,sphere_ttc,2018-2019,168,q850,kg kg^-1,0.0015873725918563735,0.4472498750125783,730
fourcastnetv2,fourcastnetv2,sphere_ttc,2018-2019,168,q925,kg kg^-1,0.0013237971231651949,0.4736749041154307,730
fourcastnetv2,fourcastnetv2,sphere_ttc,2018-2019,168,q1000,kg kg^-1,0.001394424479849808,0.48978854908996206,730
fourcastnetv2,fourcastnetv2,sphere_ttc,2018-2019,168,t50,K,2.0123075064216476,0.8129425951689637,730
fourcastnetv2,fourcastnetv2,sphere_ttc,2018-2019,168,t100,K,2.1182794915346914,0.7662014322329856,730
fourcastnetv2,fourcastnetv2,sphere_ttc,2018-2019,168,t200,K,2.7815747485245663,0.6415497702371284,730
fourcastnetv2,fourcastnetv2,sphere_ttc,2018-2019,168,t300,K,1.9831729371519404,0.6225810162342814,730
fourcastnetv2,fourcastnetv2,sphere_ttc,2018-2019,168,t500,K,2.4462368270766395,0.6151371197625866,730
fourcastnetv2,fourcastnetv2,sphere_ttc,2018-2019,168,t700,K,2.461968127367992,0.6240909047648129,730
fourcastnetv2,fourcastnetv2,sphere_ttc,2018-2019,168,t850,K,2.677534962158434,0.6205224220472256,730
fourcastnetv2,fourcastnetv2,sphere_ttc,2018-2019,168,t925,K,2.528244585621735,0.6052949961671186,730
fourcastnetv2,fourcastnetv2,sphere_ttc,2018-2019,168,t1000,K,2.221066229455485,0.6068064414630926,730
fourcastnetv2,fourcastnetv2,sphere_ttc,2018-2019,168,u50,m s^-1,3.9188114275208634,0.8657895279885147,730
fourcastnetv2,fourcastnetv2,sphere_ttc,2018-2019,168,u100,m s^-1,5.075260711322322,0.7268234460001604,730
fourcastnetv2,fourcastnetv2,sphere_ttc,2018-2019,168,u200,m s^-1,8.816532518643044,0.6629639187196825,730
fourcastnetv2,fourcastnetv2,sphere_ttc,2018-2019,168,u300,m s^-1,9.630924377121156,0.6004624294134759,730
fourcastnetv2,fourcastnetv2,sphere_ttc,2018-2019,168,u500,m s^-1,6.667249791539994,0.593165629528105,730
fourcastnetv2,fourcastnetv2,sphere_ttc,2018-2019,168,u700,m s^-1,5.163566429457211,0.5787321502871865,730
fourcastnetv2,fourcastnetv2,sphere_ttc,2018-2019,168,u850,m s^-1,4.7201548364563495,0.5322988086252509,730
fourcastnetv2,fourcastnetv2,sphere_ttc,2018-2019,168,u925,m s^-1,4.66959684318539,0.5063146015269249,730
fourcastnetv2,fourcastnetv2,sphere_ttc,2018-2019,168,u1000,m s^-1,3.6413767760887374,0.5130871908925188,730
fourcastnetv2,fourcastnetv2,sphere_ttc,2018-2019,168,v50,m s^-1,3.3157494000599095,0.7352672940940527,730
fourcastnetv2,fourcastnetv2,sphere_ttc,2018-2019,168,v100,m s^-1,4.822000696759825,0.6664480446573567,730
fourcastnetv2,fourcastnetv2,sphere_ttc,2018-2019,168,v200,m s^-1,9.030640575356983,0.5982285542229596,730
fourcastnetv2,fourcastnetv2,sphere_ttc,2018-2019,168,v300,m s^-1,9.761848462838742,0.5482071620157316,730
fourcastnetv2,fourcastnetv2,sphere_ttc,2018-2019,168,v500,m s^-1,6.55045643865264,0.5462016387193205,730
fourcastnetv2,fourcastnetv2,sphere_ttc,2018-2019,168,v700,m s^-1,4.920877290197472,0.5320035898096441,730
fourcastnetv2,fourcastnetv2,sphere_ttc,2018-2019,168,v850,m s^-1,4.453775126134544,0.49591451127535796,730
fourcastnetv2,fourcastnetv2,sphere_ttc,2018-2019,168,v925,m s^-1,4.564227348619714,0.48776855004372077,730
fourcastnetv2,fourcastnetv2,sphere_ttc,2018-2019,168,v1000,m s^-1,3.6755279080088537,0.49662602511379994,730
fourcastnetv2,fourcastnetv2,sphere_ttc,2018-2019,168,u10,m s^-1,3.2498212149136165,0.5082693539474847,730
fourcastnetv2,fourcastnetv2,sphere_ttc,2018-2019,168,v10,m s^-1,3.245963445983878,0.4887515570791904,730
fourcastnetv2,fourcastnetv2,sphere_ttc,2018-2019,168,t2m,K,2.113345887271163,0.602297352406389,730
fourcastnetv2,fourcastnetv2,sphere_ttc,2018-2019,168,mslp,Pa,547.7853695252591,0.6390208265117465,730
fourcastnetv2,fourcastnetv2,sphere_ttc,2018-2019,240,z50,m^2 s^-2,814.5228301521333,0.7282953500604992,730
fourcastnetv2,fourcastnetv2,sphere_ttc,2018-2019,240,z100,m^2 s^-2,764.5773972481173,0.6290185631885986,730
fourcastnetv2,fourcastnetv2,sphere_ttc,2018-2019,240,z200,m^2 s^-2,972.2384251346061,0.48032078904792685,730
fourcastnetv2,fourcastnetv2,sphere_ttc,2018-2019,240,z300,m^2 s^-2,1033.8380055216383,0.42827379876479593,730
fourcastnetv2,fourcastnetv2,sphere_ttc,2018-2019,240,z500,m^2 s^-2,758.9785687692554,0.4264738243851467,730
fourcastnetv2,fourcastnetv2,sphere_ttc,2018-2019,240,z700,m^2 s^-2,581.8469466333108,0.4180730828727719,730
fourcastnetv2,fourcastnetv2,sphere_ttc,2018-2019,240,z850,m^2 s^-2,524.6801359453689,0.3911047889573106,730
fourcastnetv2,fourcastnetv2,sphere_ttc,2018-2019,240,z925,m^2 s^-2,523.8035650347855,0.3752951899202037,730
fourcastnetv2,fourcastnetv2,sphere_ttc,2018-2019,240,z1000,m^2 s^-2,536.2066852736841,0.36476838447432947,730
fourcastnetv2,fourcastnetv2,sphere_ttc,2018-2019,240,q50,kg kg^-1,6.341794344102964e-07,0.18805472466435308,730
fourcastnetv2,fourcastnetv2,sphere_ttc,2018-2019,240,q100,kg kg^-1,1.057957638587841e-06,0.18616295758679266,730
fourcastnetv2,fourcastnetv2,sphere_ttc,2018-2019,240,q200,kg kg^-1,1.5035536607114669e-05,0.3318401011571231,730
fourcastnetv2,fourcastnetv2,sphere_ttc,2018-2019,240,q300,kg kg^-1,0.0001294264941334483,0.3102167589316208,730
fourcastnetv2,fourcastnetv2,sphere_ttc,2018-2019,240,q500,kg kg^-1,0.0007861479121823489,0.32806203378911103,730
fourcastnetv2,fourcastnetv2,sphere_ttc,2018-2019,240,q700,kg kg^-1,0.0015111259727897518,0.30638299010303927,730
fourcastnetv2,fourcastnetv2,sphere_ttc,2018-2019,240,q850,kg kg^-1,0.0017567776130353676,0.28699942348118307,730
fourcastnetv2,fourcastnetv2,sphere_ttc,2018-2019,240,q925,kg kg^-1,0.001490384556563996,0.3042689482247787,730
fourcastnetv2,fourcastnetv2,sphere_ttc,2018-2019,240,q1000,kg kg^-1,0.0015932583940653112,0.30262760222429635,730
fourcastnetv2,fourcastnetv2,sphere_ttc,2018-2019,240,t50,K,2.418837621520301,0.7252798323470958,730
fourcastnetv2,fourcastnetv2,sphere_ttc,2018-2019,240,t100,K,2.6327701868350903,0.6175622306370631,730
fourcastnetv2,fourcastnetv2,sphere_ttc,2018-2019,240,t200,K,3.359823688682577,0.43273324262844615,730
fourcastnetv2,fourcastnetv2,sphere_ttc,2018-2019,240,t300,K,2.379696531008181,0.4093006096260932,730
fourcastnetv2,fourcastnetv2,sphere_ttc,2018-2019,240,t500,K,2.992991667488049,0.3601524718110496,730
fourcastnetv2,fourcastnetv2,sphere_ttc,2018-2019,240,t700,K,3.028841996079776,0.3709104029351936,730
fourcastnetv2,fourcastnetv2,sphere_ttc,2018-2019,240,t850,K,3.286178014058816,0.3677462122552333,730
fourcastnetv2,fourcastnetv2,sphere_ttc,2018-2019,240,t925,K,3.0881401288894472,0.35996392745882183,730
fourcastnetv2,fourcastnetv2,sphere_ttc,2018-2019,240,t1000,K,2.7014255983417543,0.38002173920136073,730
fourcastnetv2,fourcastnetv2,sphere_ttc,2018-2019,240,u50,m s^-1,4.906518697374695,0.7840967658211969,730
fourcastnetv2,fourcastnetv2,sphere_ttc,2018-2019,240,u100,m s^-1,6.388808923058928,0.5344017850826932,730
fourcastnetv2,fourcastnetv2,sphere_ttc,2018-2019,240,u200,m s^-1,10.948349428394,0.42813123277796794,730
fourcastnetv2,fourcastnetv2,sphere_ttc,2018-2019,240,u300,m s^-1,11.636292535287325,0.3574557757121254,730
fourcastnetv2,fourcastnetv2,sphere_ttc,2018-2019,240,u500,m s^-1,7.9992713736850805,0.34873611095075346,730
fourcastnetv2,fourcastnetv2,sphere_ttc,2018-2019,240,u700,m s^-1,6.117434744247332,0.34268684129498816,730
fourcastnetv2,fourcastnetv2,sphere_ttc,2018-2019,240,u850,m s^-1,5.5048468880225565,0.2969985165127199,730
fourcastnetv2,fourcastnetv2,sphere_ttc,2018-2019,240,u925,m s^-1,5.417588266825258,0.2708021669981758,730
fourcastnetv2,fourcastnetv2,sphere_ttc,2018-2019,240,u1000,m s^-1,4.239106417847866,0.27473845055860985,730
fourcastnetv2,fourcastnetv2,sphere_ttc,2018-2019,240,v50,m s^-1,4.208869469274514,0.5245747928924396,730
fourcastnetv2,fourcastnetv2,sphere_ttc,2018-2019,240,v100,m s^-1,5.994355417868679,0.4042699265296009,730
fourcastnetv2,fourcastnetv2,sphere_ttc,2018-2019,240,v200,m s^-1,11.023391808777454,0.3142106824784453,730
fourcastnetv2,fourcastnetv2,sphere_ttc,2018-2019,240,v300,m s^-1,11.694064798245378,0.26997647346987264,730
fourcastnetv2,fourcastnetv2,sphere_ttc,2018-2019,240,v500,m s^-1,7.7959431259580745,0.273553903226707,730
fourcastnetv2,fourcastnetv2,sphere_ttc,2018-2019,240,v700,m s^-1,5.790804909573592,0.26847006659210576,730
fourcastnetv2,fourcastnetv2,sphere_ttc,2018-2019,240,v850,m s^-1,5.174436033366275,0.24285071474285655,730
fourcastnetv2,fourcastnetv2,sphere_ttc,2018-2019,240,v925,m s^-1,5.309776492823958,0.2347044227661294,730
fourcastnetv2,fourcastnetv2,sphere_ttc,2018-2019,240,v1000,m s^-1,4.299158193194677,0.2402197993592748,730
fourcastnetv2,fourcastnetv2,sphere_ttc,2018-2019,240,u10,m s^-1,3.771251982814134,0.27247229694555924,730
fourcastnetv2,fourcastnetv2,sphere_ttc,2018-2019,240,v10,m s^-1,3.7791688194264355,0.23695761489405504,730
fourcastnetv2,fourcastnetv2,sphere_ttc,2018-2019,240,t2m,K,2.548240439287436,0.3898406163380747,730
fourcastnetv2,fourcastnetv2,sphere_ttc,2018-2019,240,mslp,Pa,679.616921378865,0.3624459533734222,730
oneforecast,oneforecast,raw,2018-2019,24,z50,m^2 s^-2,120.91233694125674,0.9944783602223953,730
oneforecast,oneforecast,raw,2018-2019,24,z100,m^2 s^-2,86.25679316227227,0.9959018437228503,730
oneforecast,oneforecast,raw,2018-2019,24,z200,m^2 s^-2,97.48471141685667,0.9957225821264478,730
oneforecast,oneforecast,raw,2018-2019,24,z300,m^2 s^-2,105.95297169583445,0.9951969231235012,730
oneforecast,oneforecast,raw,2018-2019,24,z500,m^2 s^-2,77.05933714156409,0.9952880050873603,730
oneforecast,oneforecast,raw,2018-2019,24,z700,m^2 s^-2,60.89083466049952,0.9949600631374226,730
oneforecast,oneforecast,raw,2018-2019,24,z850,m^2 s^-2,59.45029635290747,0.9939130001492584,730
oneforecast,oneforecast,raw,2018-2019,24,z925,m^2 s^-2,62.46497292777033,0.9931400699184694,730
oneforecast,oneforecast,raw,2018-2019,24,z1000,m^2 s^-2,67.5132884615055,0.9922456755611281,730
oneforecast,oneforecast,raw,2018-2019,24,q50,kg kg^-1,2.9558940536645937e-08,0.9733952917467985,730
oneforecast,oneforecast,raw,2018-2019,24,q100,kg kg^-1,1.428148538611528e-07,0.927301460979772,730
oneforecast,oneforecast,raw,2018-2019,24,q200,kg kg^-1,6.358468593013955e-06,0.8920124690230656,730
oneforecast,oneforecast,raw,2018-2019,24,q300,kg kg^-1,5.1433801147455966e-05,0.9109256978878052,730
oneforecast,oneforecast,raw,2018-2019,24,q500,kg kg^-1,0.00028539715462586133,0.9304957537764735,730
oneforecast,oneforecast,raw,2018-2019,24,q700,kg kg^-1,0.0005361135725330811,0.9325516439143339,730
oneforecast,oneforecast,raw,2018-2019,24,q850,kg kg^-1,0.0006954812291835867,0.911662656572288,730
oneforecast,oneforecast,raw,2018-2019,24,q925,kg kg^-1,0.0005460284778582116,0.9199963981447015,730
oneforecast,oneforecast,raw,2018-2019,24,q1000,kg kg^-1,0.0004567922742423341,0.9473675158960464,730
oneforecast,oneforecast,raw,2018-2019,24,t50,K,0.8240300988250226,0.9706352792235277,730
oneforecast,oneforecast,raw,2018-2019,24,t100,K,0.6035957194324082,0.9822398564154973,730
oneforecast,oneforecast,raw,2018-2019,24,t200,K,0.5519068011837527,0.9875871039705703,730
oneforecast,oneforecast,raw,2018-2019,24,t300,K,0.4417583344900203,0.9836390633674493,730
oneforecast,oneforecast,raw,2018-2019,24,t500,K,0.4770208408123824,0.9872207329896816,730
oneforecast,oneforecast,raw,2018-2019,24,t700,K,0.5222041691208651,0.9851639765327276,730
oneforecast,oneforecast,raw,2018-2019,24,t850,K,0.6719674711220661,0.9787958417270266,730
oneforecast,oneforecast,raw,2018-2019,24,t925,K,0.6838841327749683,0.974211509359153,730
oneforecast,oneforecast,raw,2018-2019,24,t1000,K,0.7336493440884312,0.961481219916368,730
oneforecast,oneforecast,raw,2018-2019,24,u50,m s^-1,1.4341991206469622,0.9828020859577683,730
oneforecast,oneforecast,raw,2018-2019,24,u100,m s^-1,1.4463231462189212,0.9795495074641483,730
oneforecast,oneforecast,raw,2018-2019,24,u200,m s^-1,1.8974224833998696,0.9858810809074646,730
oneforecast,oneforecast,raw,2018-2019,24,u300,m s^-1,1.9377143461474289,0.9857119082905056,730
oneforecast,oneforecast,raw,2018-2019,24,u500,m s^-1,1.4475554178600434,0.9831922589553199,730
oneforecast,oneforecast,raw,2018-2019,24,u700,m s^-1,1.2265470373478617,0.9793660076618954,730
oneforecast,oneforecast,raw,2018-2019,24,u850,m s^-1,1.1812142705494018,0.9749505142144649,730
oneforecast,oneforecast,raw,2018-2019,24,u925,m s^-1,1.1255363928208775,0.975658501195017,730
oneforecast,oneforecast,raw,2018-2019,24,u1000,m s^-1,0.9105534629784988,0.9741228857679861,730
oneforecast,oneforecast,raw,2018-2019,24,v50,m s^-1,1.1520606808151028,0.9699680427813512,730
oneforecast,oneforecast,raw,2018-2019,24,v100,m s^-1,1.3890140542339484,0.9752599396604127,730
oneforecast,oneforecast,raw,2018-2019,24,v200,m s^-1,2.006685799029253,0.9830107910540369,730
oneforecast,oneforecast,raw,2018-2019,24,v300,m s^-1,2.070537864268346,0.9829250175454192,730
oneforecast,oneforecast,raw,2018-2019,24,v500,m s^-1,1.5001355887776782,0.9800725158848863,730
oneforecast,oneforecast,raw,2018-2019,24,v700,m s^-1,1.227071481704806,0.9757673927185596,730
oneforecast,oneforecast,raw,2018-2019,24,v850,m s^-1,1.1787472100886303,0.9709505493996834,730
oneforecast,oneforecast,raw,2018-2019,24,v925,m s^-1,1.1600719417224215,0.9727236329629007,730
oneforecast,oneforecast,raw,2018-2019,24,v1000,m s^-1,0.9540233543903527,0.9717890224083084,730
oneforecast,oneforecast,raw,2018-2019,24,u10,m s^-1,0.8270625732777371,0.9729908737588805,730
oneforecast,oneforecast,raw,2018-2019,24,v10,m s^-1,0.8590057894887442,0.9703306421338977,730
oneforecast,oneforecast,raw,2018-2019,24,t2m,K,0.9469202119046514,0.9291315296580802,730
oneforecast,oneforecast,raw,2018-2019,24,mslp,Pa,85.70459518631351,0.9921961024410267,730
oneforecast,oneforecast,raw,2018-2019,72,z50,m^2 s^-2,243.1506857866161,0.9777903688330649,730
oneforecast,oneforecast,raw,2018-2019,72,z100,m^2 s^-2,175.6307958515994,0.9828595070015174,730
oneforecast,oneforecast,raw,2018-2019,72,z200,m^2 s^-2,195.00982982968114,0.9828035429111213,730
oneforecast,oneforecast,raw,2018-2019,72,z300,m^2 s^-2,213.55402756921183,0.9804497482130922,730
oneforecast,oneforecast,raw,2018-2019,72,z500,m^2 s^-2,156.82082069722884,0.9804221326214573,730
oneforecast,oneforecast,raw,2018-2019,72,z700,m^2 s^-2,123.49427161398347,0.9791885890969034,730
oneforecast,oneforecast,raw,2018-2019,72,z850,m^2 s^-2,118.61812337242648,0.9756870363396711,730
oneforecast,oneforecast,raw,2018-2019,72,z925,m^2 s^-2,122.3580025026319,0.973612956546232,730
oneforecast,oneforecast,raw,2018-2019,72,z1000,m^2 s^-2,129.21371475464008,0.9715411032002218,730
oneforecast,oneforecast,raw,2018-2019,72,q50,kg kg^-1,4.9581653920213595e-08,0.9252265311927012,730
oneforecast,oneforecast,raw,2018-2019,72,q100,kg kg^-1,2.20623653157621e-07,0.8254116116148634,730
oneforecast,oneforecast,raw,2018-2019,72,q200,kg kg^-1,9.28073663193589e-06,0.7663296909776359,730
oneforecast,oneforecast,raw,2018-2019,72,q300,kg kg^-1,7.934972266929005e-05,0.7898069507369606,730
oneforecast,oneforecast,raw,2018-2019,72,q500,kg kg^-1,0.00045198420180567975,0.825453955021841,730
oneforecast,oneforecast,raw,2018-2019,72,q700,kg kg^-1,0.0008491891293431397,0.8296644577850134,730
oneforecast,oneforecast,raw,2018-2019,72,q850,kg kg^-1,0.0010460345336379862,0.7986969241710663,730
oneforecast,oneforecast,raw,2018-2019,72,q925,kg kg^-1,0.0007930769286279758,0.8318152653655192,730
oneforecast,oneforecast,raw,2018-2019,72,q1000,kg kg^-1,0.0006592458704106863,0.8904933572771342,730
oneforecast,oneforecast,raw,2018-2019,72,t50,K,1.2964326207269785,0.9271381369992513,730
oneforecast,oneforecast,raw,2018-2019,72,t100,K,0.9475766776462685,0.9563637173408307,730
oneforecast,oneforecast,raw,2018-2019,72,t200,K,1.014314021919333,0.9578854363063344,730
oneforecast,oneforecast,raw,2018-2019,72,t300,K,0.8281452013806935,0.9421619496508645,730
oneforecast,oneforecast,raw,2018-2019,72,t500,K,0.8698991387026453,0.9574870119433809,730
oneforecast,oneforecast,raw,2018-2019,72,t700,K,0.9117064229873817,0.9545178492433066,730
oneforecast,oneforecast,raw,2018-2019,72,t850,K,1.0898929889932565,0.9440099541980831,730
oneforecast,oneforecast,raw,2018-2019,72,t925,K,1.0930670560428168,0.9339669620619561,730
oneforecast,oneforecast,raw,2018-2019,72,t1000,K,1.0937921784287727,0.9146234440801029,730
oneforecast,oneforecast,raw,2018-2019,72,u50,m s^-1,2.234256343429801,0.957877537206451,730
oneforecast,oneforecast,raw,2018-2019,72,u100,m s^-1,2.244441924316575,0.9506381007586212,730
oneforecast,oneforecast,raw,2018-2019,72,u200,m s^-1,3.390387013200236,0.9550552880254035,730
oneforecast,oneforecast,raw,2018-2019,72,u300,m s^-1,3.6977409952751983,0.9480508883203652,730
oneforecast,oneforecast,raw,2018-2019,72,u500,m s^-1,2.655654917538291,0.943029541114234,730
oneforecast,oneforecast,raw,2018-2019,72,u700,m s^-1,2.154379233857282,0.9357780895549497,730
oneforecast,oneforecast,raw,2018-2019,72,u850,m s^-1,2.043481235395455,0.9244525655300152,730
oneforecast,oneforecast,raw,2018-2019,72,u925,m s^-1,1.9877941385064586,0.9236473103450799,730
oneforecast,oneforecast,raw,2018-2019,72,u1000,m s^-1,1.5633173271197254,0.9233218829651704,730
oneforecast,oneforecast,raw,2018-2019,72,v50,m s^-1,1.6646033511933647,0.9369852219424467,730
oneforecast,oneforecast,raw,2018-2019,72,v100,m s^-1,2.014849796156518,0.9477161396109265,730
oneforecast,oneforecast,raw,2018-2019,72,v200,m s^-1,3.396129548001509,0.9514525559522059,730
oneforecast,oneforecast,raw,2018-2019,72,v300,m s^-1,3.6554409588463845,0.9468163454470241,730
oneforecast,oneforecast,raw,2018-2019,72,v500,m s^-1,2.566710499492305,0.9413163727228261,730
oneforecast,oneforecast,raw,2018-2019,72,v700,m s^-1,2.047994190913156,0.9318702161432147,730
oneforecast,oneforecast,raw,2018-2019,72,v850,m s^-1,1.943079475270883,0.9204335411530987,730
oneforecast,oneforecast,raw,2018-2019,72,v925,m s^-1,1.9429027761227138,0.9230808001254818,730
oneforecast,oneforecast,raw,2018-2019,72,v1000,m s^-1,1.5721890046674545,0.923070996050962,730
oneforecast,oneforecast,raw,2018-2019,72,u10,m s^-1,1.4195099458253304,0.9199762327854634,730
oneforecast,oneforecast,raw,2018-2019,72,v10,m s^-1,1.4175568696343805,0.9187798756430333,730
oneforecast,oneforecast,raw,2018-2019,72,t2m,K,1.2539258015832746,0.8771452628289091,730
oneforecast,oneforecast,raw,2018-2019,72,mslp,Pa,163.91425416210532,0.9714112352073497,730
oneforecast,oneforecast,raw,2018-2019,120,z50,m^2 s^-2,370.31348083073385,0.9486954602174623,730
oneforecast,oneforecast,raw,2018-2019,120,z100,m^2 s^-2,311.8329179253543,0.9453998706561865,730
oneforecast,oneforecast,raw,2018-2019,120,z200,m^2 s^-2,389.0907209603107,0.9311463613437649,730
oneforecast,oneforecast,raw,2018-2019,120,z300,m^2 s^-2,436.05760654580433,0.9182607671771129,730
oneforecast,oneforecast,raw,2018-2019,120,z500,m^2 s^-2,321.67472490708633,0.91738810573367,730
oneforecast,oneforecast,raw,2018-2019,120,z700,m^2 s^-2,250.43019329318872,0.9141437909596876,730
oneforecast,oneforecast,raw,2018-2019,120,z850,m^2 s^-2,235.54096455049688,0.9039018529951974,730
oneforecast,oneforecast,raw,2018-2019,120,z925,m^2 s^-2,239.96361347717337,0.8983332167371144,730
oneforecast,oneforecast,raw,2018-2019,120,z1000,m^2 s^-2,249.49432509048066,0.8937590886095852,730
oneforecast,oneforecast,raw,2018-2019,120,q50,kg kg^-1,6.468937825837064e-08,0.8737955518116878,730
oneforecast,oneforecast,raw,2018-2019,120,q100,kg kg^-1,2.748605834049757e-07,0.729039862640886,730
oneforecast,oneforecast,raw,2018-2019,120,q200,kg kg^-1,1.133026266440042e-05,0.6459750811433256,730
oneforecast,oneforecast,raw,2018-2019,120,q300,kg kg^-1,9.987738263572152e-05,0.6622319691684762,730
oneforecast,oneforecast,raw,2018-2019,120,q500,kg kg^-1,0.0005963078227535851,0.6949402603857985,730
oneforecast,oneforecast,raw,2018-2019,120,q700,kg kg^-1,0.0011308640890627993,0.6960232959517352,730
oneforecast,oneforecast,raw,2018-2019,120,q850,kg kg^-1,0.0013437286446256072,0.6664079540962493,730
oneforecast,oneforecast,raw,2018-2019,120,q925,kg kg^-1,0.0010280121062787707,0.7186818171127614,730
oneforecast,oneforecast,raw,2018-2019,120,q1000,kg kg^-1,0.0008976742098628132,0.7974127417133148,730
oneforecast,oneforecast,raw,2018-2019,120,t50,K,1.6610010509799495,0.8812974238523826,730
oneforecast,oneforecast,raw,2018-2019,120,t100,K,1.3664599825474422,0.9098257109261533,730
oneforecast,oneforecast,raw,2018-2019,120,t200,K,1.7664206732053234,0.8718003762971837,730
oneforecast,oneforecast,raw,2018-2019,120,t300,K,1.3409593077806619,0.8477292139273703,730
oneforecast,oneforecast,raw,2018-2019,120,t500,K,1.5251824638707971,0.8691787815617672,730
oneforecast,oneforecast,raw,2018-2019,120,t700,K,1.5478567092155175,0.8683300848013811,730
oneforecast,oneforecast,raw,2018-2019,120,t850,K,1.7318373750750613,0.8583124344383913,730
oneforecast,oneforecast,raw,2018-2019,120,t925,K,1.6966296114283888,0.8411046890074022,730
oneforecast,oneforecast,raw,2018-2019,120,t1000,K,1.592020636807097,0.8202855126570816,730
oneforecast,oneforecast,raw,2018-2019,120,u50,m s^-1,2.8868878036757364,0.9292931775932712,730
oneforecast,oneforecast,raw,2018-2019,120,u100,m s^-1,3.1911050250725492,0.9002396331185089,730
oneforecast,oneforecast,raw,2018-2019,120,u200,m s^-1,5.479885646024378,0.8829337176383953,730
oneforecast,oneforecast,raw,2018-2019,120,u300,m s^-1,6.2779045768010615,0.8506925836432884,730
oneforecast,oneforecast,raw,2018-2019,120,u500,m s^-1,4.40502570782902,0.8428510712681843,730
oneforecast,oneforecast,raw,2018-2019,120,u700,m s^-1,3.4758550933222647,0.8319866543958647,730
oneforecast,oneforecast,raw,2018-2019,120,u850,m s^-1,3.2788289680323026,0.8047801724279751,730
oneforecast,oneforecast,raw,2018-2019,120,u925,m s^-1,3.254166746641066,0.7950036909151234,730
oneforecast,oneforecast,raw,2018-2019,120,u1000,m s^-1,2.530782845115239,0.7987065670341396,730
oneforecast,oneforecast,raw,2018-2019,120,v50,m s^-1,2.203736646849468,0.889129739973789,730
oneforecast,oneforecast,raw,2018-2019,120,v100,m s^-1,2.898373638534528,0.8911688577428176,730
oneforecast,oneforecast,raw,2018-2019,120,v200,m s^-1,5.506803065212168,0.8719578148926109,730
oneforecast,oneforecast,raw,2018-2019,120,v300,m s^-1,6.237978715067563,0.8447410860968207,730
oneforecast,oneforecast,raw,2018-2019,120,v500,m s^-1,4.280500849512725,0.8357056594884731,730
oneforecast,oneforecast,raw,2018-2019,120,v700,m s^-1,3.3152532786822193,0.819859814350819,730
oneforecast,oneforecast,raw,2018-2019,120,v850,m s^-1,3.1054826008006415,0.7952559431055731,730
oneforecast,oneforecast,raw,2018-2019,120,v925,m s^-1,3.1595530972582178,0.7954656774600324,730
oneforecast,oneforecast,raw,2018-2019,120,v1000,m s^-1,2.5280785264486885,0.8002684822595548,730
oneforecast,oneforecast,raw,2018-2019,120,u10,m s^-1,2.2855769702440765,0.7920972739544049,730
oneforecast,oneforecast,raw,2018-2019,120,v10,m s^-1,2.2655076815250963,0.7915174321442472,730
oneforecast,oneforecast,raw,2018-2019,120,t2m,K,1.6681919889487642,0.7848306798876261,730
oneforecast,oneforecast,raw,2018-2019,120,mslp,Pa,316.804247575859,0.8931178677662498,730
oneforecast,oneforecast,raw,2018-2019,168,z50,m^2 s^-2,522.8913308861429,0.898238415723221,730
oneforecast,oneforecast,raw,2018-2019,168,z100,m^2 s^-2,497.19646970202933,0.860584993360701,730
oneforecast,oneforecast,raw,2018-2019,168,z200,m^2 s^-2,652.4207795161958,0.8062671940657498,730
oneforecast,oneforecast,raw,2018-2019,168,z300,m^2 s^-2,720.5466909654789,0.7769283294644973,730
oneforecast,oneforecast,raw,2018-2019,168,z500,m^2 s^-2,530.4102573340643,0.7755374573383147,730
oneforecast,oneforecast,raw,2018-2019,168,z700,m^2 s^-2,409.9946940696181,0.7701765069856588,730
oneforecast,oneforecast,raw,2018-2019,168,z850,m^2 s^-2,379.149200190272,0.7514720718848685,730
oneforecast,oneforecast,raw,2018-2019,168,z925,m^2 s^-2,383.31071003571265,0.7410893519096847,730
oneforecast,oneforecast,raw,2018-2019,168,z1000,m^2 s^-2,395.77415291499545,0.7332177258204333,730
oneforecast,oneforecast,raw,2018-2019,168,q50,kg kg^-1,8.017266408290953e-08,0.8087594659067371,730
oneforecast,oneforecast,raw,2018-2019,168,q100,kg kg^-1,3.2460676067501156e-07,0.6241929454826725,730
oneforecast,oneforecast,raw,2018-2019,168,q200,kg kg^-1,1.3193165703592976e-05,0.5116989429871021,730
oneforecast,oneforecast,raw,2018-2019,168,q300,kg kg^-1,0.00011789821882296172,0.5221399110051373,730
oneforecast,oneforecast,raw,2018-2019,168,q500,kg kg^-1,0.0007248103350790934,0.5463894175345986,730
oneforecast,oneforecast,raw,2018-2019,168,q700,kg kg^-1,0.0013884169896896097,0.5394824444662034,730
oneforecast,oneforecast,raw,2018-2019,168,q850,kg kg^-1,0.0016237213345788699,0.5131745111567135,730
oneforecast,oneforecast,raw,2018-2019,168,q925,kg kg^-1,0.0012788124302361163,0.5682254245058889,730
oneforecast,oneforecast,raw,2018-2019,168,q1000,kg kg^-1,0.0011838052911890933,0.650323843245137,730
oneforecast,oneforecast,raw,2018-2019,168,t50,K,2.01653926126181,0.8282573518799531,730
oneforecast,oneforecast,raw,2018-2019,168,t100,K,1.8905178391240114,0.8289930466452657,730
oneforecast,oneforecast,raw,2018-2019,168,t200,K,2.6131498409553506,0.7195793589146542,730
oneforecast,oneforecast,raw,2018-2019,168,t300,K,1.8969201372034652,0.6954675059152058,730
oneforecast,oneforecast,raw,2018-2019,168,t500,K,2.291536304365362,0.7057105567900946,730
oneforecast,oneforecast,raw,2018-2019,168,t700,K,2.3142409273508187,0.705947396395384,730
oneforecast,oneforecast,raw,2018-2019,168,t850,K,2.522571640406023,0.699541821058678,730
oneforecast,oneforecast,raw,2018-2019,168,t925,K,2.423859206761852,0.6768477272141703,730
oneforecast,oneforecast,raw,2018-2019,168,t1000,K,2.1962011513340487,0.660465457707362,730
oneforecast,oneforecast,raw,2018-2019,168,u50,m s^-1,3.6406216096747324,0.8871059794089017,730
oneforecast,oneforecast,raw,2018-2019,168,u100,m s^-1,4.4475939713782955,0.8064280668064637,730
oneforecast,oneforecast,raw,2018-2019,168,u200,m s^-1,7.993057579777769,0.7511824401006156,730
oneforecast,oneforecast,raw,2018-2019,168,u300,m s^-1,9.040106755459973,0.6908275584135315,730
oneforecast,oneforecast,raw,2018-2019,168,u500,m s^-1,6.291895814077483,0.6791034101482546,730
oneforecast,oneforecast,raw,2018-2019,168,u700,m s^-1,4.902290681671361,0.6648892688463285,730
oneforecast,oneforecast,raw,2018-2019,168,u850,m s^-1,4.561985534336079,0.6212766696724344,730
oneforecast,oneforecast,raw,2018-2019,168,u925,m s^-1,4.542161184953428,0.5998902405211882,730
oneforecast,oneforecast,raw,2018-2019,168,u1000,m s^-1,3.537656537464679,0.6060328987260457,730
oneforecast,oneforecast,raw,2018-2019,168,v50,m s^-1,2.973973675210638,0.7989595663965846,730
oneforecast,oneforecast,raw,2018-2019,168,v100,m s^-1,4.210638039833948,0.7700068001718717,730
oneforecast,oneforecast,raw,2018-2019,168,v200,m s^-1,8.236566027836167,0.7137425156289251,730
oneforecast,oneforecast,raw,2018-2019,168,v300,m s^-1,9.196834887321124,0.662906426126133,730
oneforecast,oneforecast,raw,2018-2019,168,v500,m s^-1,6.237750269028333,0.6507404961410141,730
oneforecast,oneforecast,raw,2018-2019,168,v700,m s^-1,4.731314903707769,0.6319249088540437,730
oneforecast,oneforecast,raw,2018-2019,168,v850,m s^-1,4.350894558169151,0.5970639944516096,730
oneforecast,oneforecast,raw,2018-2019,168,v925,m s^-1,4.453269929661245,0.592987371328463,730
oneforecast,oneforecast,raw,2018-2019,168,v1000,m s^-1,3.5781369204926468,0.5998827951562213,730
oneforecast,oneforecast,raw,2018-2019,168,u10,m s^-1,3.1684356772678353,0.5995456654142775,730
oneforecast,oneforecast,raw,2018-2019,168,v10,m s^-1,3.175562918479206,0.5901223260943718,730
oneforecast,oneforecast,raw,2018-2019,168,t2m,K,2.184546166812253,0.6352693922369518,730
oneforecast,oneforecast,raw,2018-2019,168,mslp,Pa,502.78558950651217,0.7314234475171183,730
oneforecast,oneforecast,raw,2018-2019,240,z50,m^2 s^-2,769.3331030567346,0.7816546324793505,730
oneforecast,oneforecast,raw,2018-2019,240,z100,m^2 s^-2,775.4927405366217,0.6596801679121399,730
oneforecast,oneforecast,raw,2018-2019,240,z200,m^2 s^-2,1009.2161001564871,0.5366221164079928,730
oneforecast,oneforecast,raw,2018-2019,240,z300,m^2 s^-2,1081.647856408902,0.49720914097652485,730
oneforecast,oneforecast,raw,2018-2019,240,z500,m^2 s^-2,792.9414950390694,0.49837844386723645,730
oneforecast,oneforecast,raw,2018-2019,240,z700,m^2 s^-2,608.9076765501021,0.49347741597723155,730
oneforecast,oneforecast,raw,2018-2019,240,z850,m^2 s^-2,553.9196873889343,0.47099099940217826,730
oneforecast,oneforecast,raw,2018-2019,240,z925,m^2 s^-2,555.8205669392826,0.45755865798149875,730
oneforecast,oneforecast,raw,2018-2019,240,z1000,m^2 s^-2,570.8844569293575,0.44737784031574723,730
oneforecast,oneforecast,raw,2018-2019,240,q50,kg kg^-1,1.0289293930431442e-07,0.6979034921982497,730
oneforecast,oneforecast,raw,2018-2019,240,q100,kg kg^-1,3.887980780101765e-07,0.4717395689545908,730
oneforecast,oneforecast,raw,2018-2019,240,q200,kg kg^-1,1.5466072920162432e-05,0.3160031613374401,730
oneforecast,oneforecast,raw,2018-2019,240,q300,kg kg^-1,0.0001390422536703663,0.3267758236369874,730
oneforecast,oneforecast,raw,2018-2019,240,q500,kg kg^-1,0.0008695865782264566,0.34136724633136695,730
oneforecast,oneforecast,raw,2018-2019,240,q700,kg kg^-1,0.0016743936047968215,0.3263206043510354,730
oneforecast,oneforecast,raw,2018-2019,240,q850,kg kg^-1,0.0019429136386055795,0.30597767118443187,730
oneforecast,oneforecast,raw,2018-2019,240,q925,kg kg^-1,0.0015890676151403195,0.3428586012245513,730
oneforecast,oneforecast,raw,2018-2019,240,q1000,kg kg^-1,0.0015853643505645478,0.39339427463031607,730
oneforecast,oneforecast,raw,2018-2019,240,t50,K,2.575115960976885,0.7315961872672188,730
oneforecast,oneforecast,raw,2018-2019,240,t100,K,2.6863582692347485,0.6621586737230076,730
oneforecast,oneforecast,raw,2018-2019,240,t200,K,3.567830305297699,0.4800117843374422,730
oneforecast,oneforecast,raw,2018-2019,240,t300,K,2.588417426849755,0.437452638637049,730
oneforecast,oneforecast,raw,2018-2019,240,t500,K,3.203447714116462,0.42839304493500624,730
oneforecast,oneforecast,raw,2018-2019,240,t700,K,3.2681222360848348,0.4230067635565912,730
oneforecast,oneforecast,raw,2018-2019,240,t850,K,3.508174846171939,0.42393147827605665,730
oneforecast,oneforecast,raw,2018-2019,240,t925,K,3.3137477140879565,0.403640868415423,730
oneforecast,oneforecast,raw,2018-2019,240,t1000,K,2.9617417503918877,0.3961434298755788,730
oneforecast,oneforecast,raw,2018-2019,240,u50,m s^-1,4.870108999600358,0.797281433744042,730
oneforecast,oneforecast,raw,2018-2019,240,u100,m s^-1,6.358025301901251,0.606096628654447,730
oneforecast,oneforecast,raw,2018-2019,240,u200,m s^-1,11.342078501687206,0.5017648405430156,730
oneforecast,oneforecast,raw,2018-2019,240,u300,m s^-1,12.287148711070085,0.4312291925321108,730
oneforecast,oneforecast,raw,2018-2019,240,u500,m s^-1,8.480292288731148,0.4189249654972157,730
oneforecast,oneforecast,raw,2018-2019,240,u700,m s^-1,6.529620639144965,0.40784481245522647,730
oneforecast,oneforecast,raw,2018-2019,240,u850,m s^-1,5.948862715958802,0.36070431346040405,730
oneforecast,oneforecast,raw,2018-2019,240,u925,m s^-1,5.888582364631769,0.3340339946533457,730
oneforecast,oneforecast,raw,2018-2019,240,u1000,m s^-1,4.608183771852035,0.338251507697517,730
oneforecast,oneforecast,raw,2018-2019,240,v50,m s^-1,4.222757294525228,0.5927129997744404,730
oneforecast,oneforecast,raw,2018-2019,240,v100,m s^-1,6.161725370425674,0.503902379782221,730
oneforecast,oneforecast,raw,2018-2019,240,v200,m s^-1,11.796757607265683,0.4125023051892435,730
oneforecast,oneforecast,raw,2018-2019,240,v300,m s^-1,12.655657368098447,0.3629626372234746,730
oneforecast,oneforecast,raw,2018-2019,240,v500,m s^-1,8.460687333300342,0.3587123223955808,730
oneforecast,oneforecast,raw,2018-2019,240,v700,m s^-1,6.2998681021642104,0.34751541737804525,730
oneforecast,oneforecast,raw,2018-2019,240,v850,m s^-1,5.668101286410634,0.31668614107562315,730
oneforecast,oneforecast,raw,2018-2019,240,v925,m s^-1,5.81233588827182,0.3078874768868275,730
oneforecast,oneforecast,raw,2018-2019,240,v1000,m s^-1,4.70729288104694,0.3103449500625599,730
oneforecast,oneforecast,raw,2018-2019,240,u10,m s^-1,4.099317871465875,0.3355530604772122,730
oneforecast,oneforecast,raw,2018-2019,240,v10,m s^-1,4.142301770600414,0.3043666820382649,730
oneforecast,oneforecast,raw,2018-2019,240,t2m,K,2.8700972447715523,0.38873430855073593,730
oneforecast,oneforecast,raw,2018-2019,240,mslp,Pa,725.0646971310111,0.4445086713072366,730
oneforecast,oneforecast,sphere_ttc,2018-2019,24,z50,m^2 s^-2,119.70568441632905,0.9945908324530669,730
oneforecast,oneforecast,sphere_ttc,2018-2019,24,z100,m^2 s^-2,76.06309309773789,0.9968068502449542,730
oneforecast,oneforecast,sphere_ttc,2018-2019,24,z200,m^2 s^-2,83.22126934532372,0.9968886872375571,730
oneforecast,oneforecast,sphere_ttc,2018-2019,24,z300,m^2 s^-2,91.23157477969436,0.9964435788336801,730
oneforecast,oneforecast,sphere_ttc,2018-2019,24,z500,m^2 s^-2,68.19327063041727,0.9963138184366095,730
oneforecast,oneforecast,sphere_ttc,2018-2019,24,z700,m^2 s^-2,56.226758351573984,0.9957043495704748,730
oneforecast,oneforecast,sphere_ttc,2018-2019,24,z850,m^2 s^-2,55.641188033125594,0.99466643593457,730
oneforecast,oneforecast,sphere_ttc,2018-2019,24,z925,m^2 s^-2,58.17778570645065,0.9940444068132493,730
oneforecast,oneforecast,sphere_ttc,2018-2019,24,z1000,m^2 s^-2,62.69574784474167,0.9933044227624843,730
oneforecast,oneforecast,sphere_ttc,2018-2019,24,q50,kg kg^-1,2.955894052315223e-08,0.973395292193566,730
oneforecast,oneforecast,sphere_ttc,2018-2019,24,q100,kg kg^-1,1.4281451590827657e-07,0.9273018187957948,730
oneforecast,oneforecast,sphere_ttc,2018-2019,24,q200,kg kg^-1,6.346902613511655e-06,0.8922485300113366,730
oneforecast,oneforecast,sphere_ttc,2018-2019,24,q300,kg kg^-1,5.1158763633854556e-05,0.9112539277823493,730
oneforecast,oneforecast,sphere_ttc,2018-2019,24,q500,kg kg^-1,0.000285283897351958,0.9305417373879032,730
oneforecast,oneforecast,sphere_ttc,2018-2019,24,q700,kg kg^-1,0.0005355506616648395,0.9326611697531597,730
oneforecast,oneforecast,sphere_ttc,2018-2019,24,q850,kg kg^-1,0.0006936854995720181,0.9120074559762582,730
oneforecast,oneforecast,sphere_ttc,2018-2019,24,q925,kg kg^-1,0.0005396262918917972,0.921551549941571,730
oneforecast,oneforecast,sphere_ttc,2018-2019,24,q1000,kg kg^-1,0.00044938037785163923,0.9488857348086885,730
oneforecast,oneforecast,sphere_ttc,2018-2019,24,t50,K,0.8119778033314383,0.971480291882122,730
oneforecast,oneforecast,sphere_ttc,2018-2019,24,t100,K,0.599586235897977,0.9824693677190094,730
oneforecast,oneforecast,sphere_ttc,2018-2019,24,t200,K,0.5113950064085365,0.9893370864558185,730
oneforecast,oneforecast,sphere_ttc,2018-2019,24,t300,K,0.4232066363783753,0.9849993705631028,730
oneforecast,oneforecast,sphere_ttc,2018-2019,24,t500,K,0.44794205501681983,0.9887317745240092,730
oneforecast,oneforecast,sphere_ttc,2018-2019,24,t700,K,0.49156440578124116,0.9868714426248996,730
oneforecast,oneforecast,sphere_ttc,2018-2019,24,t850,K,0.6484488711483116,0.9802697012828262,730
oneforecast,oneforecast,sphere_ttc,2018-2019,24,t925,K,0.663073088555904,0.9757686402162129,730
oneforecast,oneforecast,sphere_ttc,2018-2019,24,t1000,K,0.7126270652682021,0.9636365984310371,730
oneforecast,oneforecast,sphere_ttc,2018-2019,24,u50,m s^-1,1.4174740000207504,0.983205515599866,730
oneforecast,oneforecast,sphere_ttc,2018-2019,24,u100,m s^-1,1.4408801043164512,0.9797035159787553,730
oneforecast,oneforecast,sphere_ttc,2018-2019,24,u200,m s^-1,1.8538215779726492,0.9865212785780315,730
oneforecast,oneforecast,sphere_ttc,2018-2019,24,u300,m s^-1,1.8897977307976386,0.98640696019175,730
oneforecast,oneforecast,sphere_ttc,2018-2019,24,u500,m s^-1,1.4267995905223172,0.983674191082805,730
oneforecast,oneforecast,sphere_ttc,2018-2019,24,u700,m s^-1,1.21841784454059,0.9796388606752228,730
oneforecast,oneforecast,sphere_ttc,2018-2019,24,u850,m s^-1,1.167562104311941,0.9755234256349052,730
oneforecast,oneforecast,sphere_ttc,2018-2019,24,u925,m s^-1,1.1073508202398077,0.9764336320965661,730
oneforecast,oneforecast,sphere_ttc,2018-2019,24,u1000,m s^-1,0.8954110024785603,0.9749688075147496,730
oneforecast,oneforecast,sphere_ttc,2018-2019,24,v50,m s^-1,1.1407775592553686,0.9705361804609625,730
oneforecast,oneforecast,sphere_ttc,2018-2019,24,v100,m s^-1,1.3560162692327202,0.9763919642599355,730
oneforecast,oneforecast,sphere_ttc,2018-2019,24,v200,m s^-1,1.8851447371409735,0.9849847823349123,730
oneforecast,oneforecast,sphere_ttc,2018-2019,24,v300,m s^-1,1.9182501774041556,0.985317241832132,730
oneforecast,oneforecast,sphere_ttc,2018-2019,24,v500,m s^-1,1.4157751272720698,0.9822282888034148,730
oneforecast,oneforecast,sphere_ttc,2018-2019,24,v700,m s^-1,1.1786755026202214,0.9776164523062528,730
oneforecast,oneforecast,sphere_ttc,2018-2019,24,v850,m s^-1,1.1338763661370657,0.9730748982740902,730
oneforecast,oneforecast,sphere_ttc,2018-2019,24,v925,m s^-1,1.1072229703919692,0.9751016631754176,730
oneforecast,oneforecast,sphere_ttc,2018-2019,24,v1000,m s^-1,0.915353549696594,0.9739879811624611,730
oneforecast,oneforecast,sphere_ttc,2018-2019,24,u10,m s^-1,0.8133852931144395,0.9738648507101076,730
oneforecast,oneforecast,sphere_ttc,2018-2019,24,v10,m s^-1,0.825168904044809,0.972576537601858,730
oneforecast,oneforecast,sphere_ttc,2018-2019,24,t2m,K,0.9281529885050058,0.9316662200383303,730
oneforecast,oneforecast,sphere_ttc,2018-2019,24,mslp,Pa,79.76291742852138,0.9932313618549998,730
oneforecast,oneforecast,sphere_ttc,2018-2019,72,z50,m^2 s^-2,241.9728287491113,0.9779906229370311,730
oneforecast,oneforecast,sphere_ttc,2018-2019,72,z100,m^2 s^-2,155.10290488807618,0.9866649349080844,730
oneforecast,oneforecast,sphere_ttc,2018-2019,72,z200,m^2 s^-2,177.5623359921588,0.9857590544017674,730
oneforecast,oneforecast,sphere_ttc,2018-2019,72,z300,m^2 s^-2,202.50289138389016,0.9823774271534724,730
oneforecast,oneforecast,sphere_ttc,2018-2019,72,z500,m^2 s^-2,152.25766701206044,0.9815195535917184,730
oneforecast,oneforecast,sphere_ttc,2018-2019,72,z700,m^2 s^-2,122.411120977339,0.979537311353102,730
oneforecast,oneforecast,sphere_ttc,2018-2019,72,z850,m^2 s^-2,118.10632065155,0.9758779716639873,730
oneforecast,oneforecast,sphere_ttc,2018-2019,72,z925,m^2 s^-2,121.2825481597444,0.974022020765076,730
oneforecast,oneforecast,sphere_ttc,2018-2019,72,z1000,m^2 s^-2,127.35819982729477,0.9722519446740847,730
oneforecast,oneforecast,sphere_ttc,2018-2019,72,q50,kg kg^-1,4.958163853034839e-08,0.9252265633997455,730
oneforecast,oneforecast,sphere_ttc,2018-2019,72,q100,kg kg^-1,2.2058454354040188e-07,0.8254681048216232,730
oneforecast,oneforecast,sphere_ttc,2018-2019,72,q200,kg kg^-1,9.138117222909664e-06,0.7693607536867799,730
oneforecast,oneforecast,sphere_ttc,2018-2019,72,q300,kg kg^-1,7.783369362216642e-05,0.7908921253986059,730
oneforecast,oneforecast,sphere_ttc,2018-2019,72,q500,kg kg^-1,0.0004481409106811667,0.8267835661322834,730
oneforecast,oneforecast,sphere_ttc,2018-2019,72,q700,kg kg^-1,0.0008458962072825101,0.8302449171016898,730
oneforecast,oneforecast,sphere_ttc,2018-2019,72,q850,kg kg^-1,0.0010398093301021742,0.7995647776734132,730
oneforecast,oneforecast,sphere_ttc,2018-2019,72,q925,kg kg^-1,0.0007777077490013416,0.8358078750560725,730
oneforecast,oneforecast,sphere_ttc,2018-2019,72,q1000,kg kg^-1,0.0006459749894447158,0.8937427661771938,730
oneforecast,oneforecast,sphere_ttc,2018-2019,72,t50,K,1.2643844843768133,0.9302554340234029,730
oneforecast,oneforecast,sphere_ttc,2018-2019,72,t100,K,0.9439347963505375,0.9565835212850429,730
oneforecast,oneforecast,sphere_ttc,2018-2019,72,t200,K,0.9865408016846811,0.9599857532737184,730
oneforecast,oneforecast,sphere_ttc,2018-2019,72,t300,K,0.8026437697649496,0.9455152760463844,730
oneforecast,oneforecast,sphere_ttc,2018-2019,72,t500,K,0.846767470445973,0.9594706438465367,730
oneforecast,oneforecast,sphere_ttc,2018-2019,72,t700,K,0.874400537160449,0.958082719756505,730
oneforecast,oneforecast,sphere_ttc,2018-2019,72,t850,K,1.0584250562492483,0.9470062242227275,730
oneforecast,oneforecast,sphere_ttc,2018-2019,72,t925,K,1.0607162737559583,0.9375158981255811,730
oneforecast,oneforecast,sphere_ttc,2018-2019,72,t1000,K,1.0511303740852644,0.9204793386187117,730
oneforecast,oneforecast,sphere_ttc,2018-2019,72,u50,m s^-1,2.20684082585986,0.9588938870892325,730
oneforecast,oneforecast,sphere_ttc,2018-2019,72,u100,m s^-1,2.2376435391230127,0.9508789177122416,730
oneforecast,oneforecast,sphere_ttc,2018-2019,72,u200,m s^-1,3.3677871018442653,0.95550579607271,730
oneforecast,oneforecast,sphere_ttc,2018-2019,72,u300,m s^-1,3.6853243081114013,0.9482747671512278,730
oneforecast,oneforecast,sphere_ttc,2018-2019,72,u500,m s^-1,2.6543513299552726,0.9430738767691554,730
oneforecast,oneforecast,sphere_ttc,2018-2019,72,u700,m s^-1,2.153992751262514,0.935796002305767,730
oneforecast,oneforecast,sphere_ttc,2018-2019,72,u850,m s^-1,2.0412868645412994,0.9245664733498463,730
oneforecast,oneforecast,sphere_ttc,2018-2019,72,u925,m s^-1,1.983600325592216,0.9238549534626851,730
oneforecast,oneforecast,sphere_ttc,2018-2019,72,u1000,m s^-1,1.5593016381806637,0.9235798656438411,730
oneforecast,oneforecast,sphere_ttc,2018-2019,72,v50,m s^-1,1.6617094377011494,0.9371004030338936,730
oneforecast,oneforecast,sphere_ttc,2018-2019,72,v100,m s^-1,2.004212075886384,0.9481359806536082,730
oneforecast,oneforecast,sphere_ttc,2018-2019,72,v200,m s^-1,3.326896242517621,0.9529851341509193,730
oneforecast,oneforecast,sphere_ttc,2018-2019,72,v300,m s^-1,3.587936090967305,0.9483275752791268,730
oneforecast,oneforecast,sphere_ttc,2018-2019,72,v500,m s^-1,2.536988763415242,0.9424084285493685,730
oneforecast,oneforecast,sphere_ttc,2018-2019,72,v700,m s^-1,2.0327905243362188,0.9326662191301192,730
oneforecast,oneforecast,sphere_ttc,2018-2019,72,v850,m s^-1,1.9244170419868682,0.9215677839768359,730
oneforecast,oneforecast,sphere_ttc,2018-2019,72,v925,m s^-1,1.9188394122520915,0.9244988349132498,730
oneforecast,oneforecast,sphere_ttc,2018-2019,72,v1000,m s^-1,1.5525808773777523,0.9245004165164857,730
oneforecast,oneforecast,sphere_ttc,2018-2019,72,u10,m s^-1,1.4158066911184353,0.9202483980139241,730
oneforecast,oneforecast,sphere_ttc,2018-2019,72,v10,m s^-1,1.4007458146284126,0.9202017773231248,730
oneforecast,oneforecast,sphere_ttc,2018-2019,72,t2m,K,1.215644756040673,0.8829523578706968,730
oneforecast,oneforecast,sphere_ttc,2018-2019,72,mslp,Pa,161.70928693939823,0.9720725257433807,730
oneforecast,oneforecast,sphere_ttc,2018-2019,120,z50,m^2 s^-2,368.4329545451425,0.9490138855035543,730
oneforecast,oneforecast,sphere_ttc,2018-2019,120,z100,m^2 s^-2,284.52210751731735,0.9545090634857383,730
oneforecast,oneforecast,sphere_ttc,2018-2019,120,z200,m^2 s^-2,370.4062705391324,0.9369165208656877,730
oneforecast,oneforecast,sphere_ttc,2018-2019,120,z300,m^2 s^-2,425.35671410696375,0.9209985315405788,730
oneforecast,oneforecast,sphere_ttc,2018-2019,120,z500,m^2 s^-2,318.4803089461416,0.9183467305929488,730
oneforecast,oneforecast,sphere_ttc,2018-2019,120,z700,m^2 s^-2,249.7318304156532,0.9143633073941939,730
oneforecast,oneforecast,sphere_ttc,2018-2019,120,z850,m^2 s^-2,234.87457172376696,0.9040424861981244,730
oneforecast,oneforecast,sphere_ttc,2018-2019,120,z925,m^2 s^-2,238.8460565246132,0.8985408915963264,730
oneforecast,oneforecast,sphere_ttc,2018-2019,120,z1000,m^2 s^-2,247.83810957645966,0.8940440013767889,730
oneforecast,oneforecast,sphere_ttc,2018-2019,120,q50,kg kg^-1,6.46892308694445e-08,0.8737958337970437,730
oneforecast,oneforecast,sphere_ttc,2018-2019,120,q100,kg kg^-1,2.746704761415917e-07,0.729327184562171,730
oneforecast,oneforecast,sphere_ttc,2018-2019,120,q200,kg kg^-1,1.0996006110121575e-05,0.6525669956892955,730
oneforecast,oneforecast,sphere_ttc,2018-2019,120,q300,kg kg^-1,9.723522047864611e-05,0.6619317397187187,730
oneforecast,oneforecast,sphere_ttc,2018-2019,120,q500,kg kg^-1,0.0005855875734952254,0.6967421875008715,730
oneforecast,oneforecast,sphere_ttc,2018-2019,120,q700,kg kg^-1,0.0011181633503491502,0.6963410134576303,730
oneforecast,oneforecast,sphere_ttc,2018-2019,120,q850,kg kg^-1,0.0013264224495282142,0.6667644185965865,730
oneforecast,oneforecast,sphere_ttc,2018-2019,120,q925,kg kg^-1,0.0009998097819047757,0.7243508436432728,730
oneforecast,oneforecast,sphere_ttc,2018-2019,120,q1000,kg kg^-1,0.0008771228357733248,0.801379613743863,730
oneforecast,oneforecast,sphere_ttc,2018-2019,120,t50,K,1.59594595943393,0.8881546315070346,730
oneforecast,oneforecast,sphere_ttc,2018-2019,120,t100,K,1.357190783457724,0.9101761682466033,730
oneforecast,oneforecast,sphere_ttc,2018-2019,120,t200,K,1.7303588304289568,0.8745603822112842,730
oneforecast,oneforecast,sphere_ttc,2018-2019,120,t300,K,1.2935204959408062,0.8550592075819886,730
oneforecast,oneforecast,sphere_ttc,2018-2019,120,t500,K,1.4867912027742256,0.8722800554817376,730
oneforecast,oneforecast,sphere_ttc,2018-2019,120,t700,K,1.4970825940915773,0.874083703727112,730
oneforecast,oneforecast,sphere_ttc,2018-2019,120,t850,K,1.6901665127177739,0.862193577801488,730
oneforecast,oneforecast,sphere_ttc,2018-2019,120,t925,K,1.6528959357658648,0.8456894644701318,730
oneforecast,oneforecast,sphere_ttc,2018-2019,120,t1000,K,1.530941190446329,0.8288986202998134,730
oneforecast,oneforecast,sphere_ttc,2018-2019,120,u50,m s^-1,2.8551251304927683,0.9306385651915529,730
oneforecast,oneforecast,sphere_ttc,2018-2019,120,u100,m s^-1,3.1757393758160246,0.9008057784420327,730
oneforecast,oneforecast,sphere_ttc,2018-2019,120,u200,m s^-1,5.442017840126223,0.8833519928343027,730
oneforecast,oneforecast,sphere_ttc,2018-2019,120,u300,m s^-1,6.240485344024494,0.850514426416226,730
oneforecast,oneforecast,sphere_ttc,2018-2019,120,u500,m s^-1,4.393672001470697,0.842732887136022,730
oneforecast,oneforecast,sphere_ttc,2018-2019,120,u700,m s^-1,3.4690727452827983,0.8318915332186635,730
oneforecast,oneforecast,sphere_ttc,2018-2019,120,u850,m s^-1,3.263016421806671,0.8044246649671106,730
oneforecast,oneforecast,sphere_ttc,2018-2019,120,u925,m s^-1,3.229842383102594,0.794380225936633,730
oneforecast,oneforecast,sphere_ttc,2018-2019,120,u1000,m s^-1,2.510961066212502,0.7981941918422178,730
oneforecast,oneforecast,sphere_ttc,2018-2019,120,v50,m s^-1,2.196970930141903,0.8892007914775735,730
oneforecast,oneforecast,sphere_ttc,2018-2019,120,v100,m s^-1,2.8894700344991184,0.891312203957895,730
oneforecast,oneforecast,sphere_ttc,2018-2019,120,v200,m s^-1,5.436524010858663,0.8726533178648455,730
oneforecast,oneforecast,sphere_ttc,2018-2019,120,v300,m s^-1,6.157812405931016,0.8448071633974565,730
oneforecast,oneforecast,sphere_ttc,2018-2019,120,v500,m s^-1,4.243682596326041,0.8355967398574125,730
oneforecast,oneforecast,sphere_ttc,2018-2019,120,v700,m s^-1,3.291379487451004,0.8196263935507995,730
oneforecast,oneforecast,sphere_ttc,2018-2019,120,v850,m s^-1,3.0737683487115475,0.7947850988447049,730
oneforecast,oneforecast,sphere_ttc,2018-2019,120,v925,m s^-1,3.1230223969446493,0.7950359298625163,730
oneforecast,oneforecast,sphere_ttc,2018-2019,120,v1000,m s^-1,2.4989828918729518,0.8000080059134717,730
oneforecast,oneforecast,sphere_ttc,2018-2019,120,u10,m s^-1,2.2665423879611186,0.7915104436194189,730
oneforecast,oneforecast,sphere_ttc,2018-2019,120,v10,m s^-1,2.2390587704628935,0.7911445794836179,730
oneforecast,oneforecast,sphere_ttc,2018-2019,120,t2m,K,1.610346916394398,0.7927478216958829,730
oneforecast,oneforecast,sphere_ttc,2018-2019,120,mslp,Pa,314.6917250450953,0.8933702238362492,730
oneforecast,oneforecast,sphere_ttc,2018-2019,168,z50,m^2 s^-2,517.4358421108694,0.8988116776090175,730
oneforecast,oneforecast,sphere_ttc,2018-2019,168,z100,m^2 s^-2,461.3717401269359,0.8769062533579909,730
oneforecast,oneforecast,sphere_ttc,2018-2019,168,z200,m^2 s^-2,621.2528471965571,0.8155548127061973,730
oneforecast,oneforecast,sphere_ttc,2018-2019,168,z300,m^2 s^-2,692.6203303268109,0.7811465430851446,730
oneforecast,oneforecast,sphere_ttc,2018-2019,168,z500,m^2 s^-2,515.4158418354862,0.7770025448473448,730
oneforecast,oneforecast,sphere_ttc,2018-2019,168,z700,m^2 s^-2,400.8490336982002,0.7701994290054488,730
oneforecast,oneforecast,sphere_ttc,2018-2019,168,z850,m^2 s^-2,368.88370066430997,0.7506933263458851,730
oneforecast,oneforecast,sphere_ttc,2018-2019,168,z925,m^2 s^-2,371.0441633020322,0.7400948563160314,730
oneforecast,oneforecast,sphere_ttc,2018-2019,168,z1000,m^2 s^-2,381.62592656616357,0.7322270743043497,730
oneforecast,oneforecast,sphere_ttc,2018-2019,168,q50,kg kg^-1,8.017153756842244e-08,0.8087611033353266,730
oneforecast,oneforecast,sphere_ttc,2018-2019,168,q100,kg kg^-1,3.241251701870403e-07,0.6248478039693951,730
oneforecast,oneforecast,sphere_ttc,2018-2019,168,q200,kg kg^-1,1.2600209387563723e-05,0.5211787102035055,730
oneforecast,oneforecast,sphere_ttc,2018-2019,168,q300,kg kg^-1,0.0001133237590265974,0.5175542079336081,730
oneforecast,oneforecast,sphere_ttc,2018-2019,168,q500,kg kg^-1,0.0007024176367653339,0.5452797332906103,730
oneforecast,oneforecast,sphere_ttc,2018-2019,168,q700,kg kg^-1,0.0013552423617028946,0.5356557362049328,730
oneforecast,oneforecast,sphere_ttc,2018-2019,168,q850,kg kg^-1,0.0015804380915765944,0.5098110470238871,730
oneforecast,oneforecast,sphere_ttc,2018-2019,168,q925,kg kg^-1,0.0012260681392467713,0.5729504245797874,730
oneforecast,oneforecast,sphere_ttc,2018-2019,168,q1000,kg kg^-1,0.0011413446562440154,0.6527168136981786,730
oneforecast,oneforecast,sphere_ttc,2018-2019,168,t50,K,1.9072262240793385,0.8398888380244859,730
oneforecast,oneforecast,sphere_ttc,2018-2019,168,t100,K,1.8602984124153479,0.829140345269442,730
oneforecast,oneforecast,sphere_ttc,2018-2019,168,t200,K,2.4938727105283194,0.7250184550842256,730
oneforecast,oneforecast,sphere_ttc,2018-2019,168,t300,K,1.7940136752513054,0.7066810754493451,730
oneforecast,oneforecast,sphere_ttc,2018-2019,168,t500,K,2.179418020409121,0.7090187615411822,730
oneforecast,oneforecast,sphere_ttc,2018-2019,168,t700,K,2.1993058659024403,0.7130067849778239,730
oneforecast,oneforecast,sphere_ttc,2018-2019,168,t850,K,2.4211577895812537,0.7029278374723966,730
oneforecast,oneforecast,sphere_ttc,2018-2019,168,t925,K,2.32208317449183,0.6815065988211733,730
oneforecast,oneforecast,sphere_ttc,2018-2019,168,t1000,K,2.084860686505148,0.6713297913843652,730
oneforecast,oneforecast,sphere_ttc,2018-2019,168,u50,m s^-1,3.583537725379913,0.8896918799194119,730
oneforecast,oneforecast,sphere_ttc,2018-2019,168,u100,m s^-1,4.401700151400899,0.8074347940972811,730
oneforecast,oneforecast,sphere_ttc,2018-2019,168,u200,m s^-1,7.814049893751448,0.750283444958273,730
oneforecast,oneforecast,sphere_ttc,2018-2019,168,u300,m s^-1,8.799417902184675,0.6861430204601446,730
oneforecast,oneforecast,sphere_ttc,2018-2019,168,u500,m s^-1,6.144555417597268,0.6746018667286368,730
oneforecast,oneforecast,sphere_ttc,2018-2019,168,u700,m s^-1,4.788327654075281,0.6603821980068201,730
oneforecast,oneforecast,sphere_ttc,2018-2019,168,u850,m s^-1,4.4330366950047795,0.6140236551129917,730
oneforecast,oneforecast,sphere_ttc,2018-2019,168,u925,m s^-1,4.396790460911299,0.5907914694473174,730
oneforecast,oneforecast,sphere_ttc,2018-2019,168,u1000,m s^-1,3.423707536745242,0.5974644756257069,730
oneforecast,oneforecast,sphere_ttc,2018-2019,168,v50,m s^-1,2.94224713472042,0.7980492463450017,730
oneforecast,oneforecast,sphere_ttc,2018-2019,168,v100,m s^-1,4.127143777537776,0.7693306745033258,730
oneforecast,oneforecast,sphere_ttc,2018-2019,168,v200,m s^-1,7.929464087504971,0.7109928805452984,730
oneforecast,oneforecast,sphere_ttc,2018-2019,168,v300,m s^-1,8.832889839897694,0.6562845190169526,730
oneforecast,oneforecast,sphere_ttc,2018-2019,168,v500,m s^-1,6.010966875157801,0.644043227957839,730
oneforecast,oneforecast,sphere_ttc,2018-2019,168,v700,m s^-1,4.567001559626189,0.6248118693230089,730
oneforecast,oneforecast,sphere_ttc,2018-2019,168,v850,m s^-1,4.186530047798541,0.5875621106465119,730
oneforecast,oneforecast,sphere_ttc,2018-2019,168,v925,m s^-1,4.279867693372851,0.5830319479008521,730
oneforecast,oneforecast,sphere_ttc,2018-2019,168,v1000,m s^-1,3.441167047136864,0.5907376383911349,730
oneforecast,oneforecast,sphere_ttc,2018-2019,168,u10,m s^-1,3.0648762004061574,0.5907075736329431,730
oneforecast,oneforecast,sphere_ttc,2018-2019,168,v10,m s^-1,3.0532537427326583,0.5803984388827264,730
oneforecast,oneforecast,sphere_ttc,2018-2019,168,t2m,K,2.083521935778999,0.6441100599135382,730
oneforecast,oneforecast,sphere_ttc,2018-2019,168,mslp,Pa,484.41846493010536,0.7303470064526684,730
oneforecast,oneforecast,sphere_ttc,2018-2019,240,z50,m^2 s^-2,747.328120243382,0.7850268381459444,730
oneforecast,oneforecast,sphere_ttc,2018-2019,240,z100,m^2 s^-2,702.3294711033478,0.6934988441561475,730
oneforecast,oneforecast,sphere_ttc,2018-2019,240,z200,m^2 s^-2,913.2252860693458,0.5551746385251268,730
oneforecast,oneforecast,sphere_ttc,2018-2019,240,z300,m^2 s^-2,983.6312928370506,0.5006980418927285,730
oneforecast,oneforecast,sphere_ttc,2018-2019,240,z500,m^2 s^-2,725.9606500283295,0.4959699264023773,730
oneforecast,oneforecast,sphere_ttc,2018-2019,240,z700,m^2 s^-2,558.4709293200032,0.4867450983551985,730
oneforecast,oneforecast,sphere_ttc,2018-2019,240,z850,m^2 s^-2,505.67081935493275,0.4589019543473973,730
oneforecast,oneforecast,sphere_ttc,2018-2019,240,z925,m^2 s^-2,505.4539022744669,0.44302446991065597,730
oneforecast,oneforecast,sphere_ttc,2018-2019,240,z1000,m^2 s^-2,518.061188338804,0.4314451450010222,730
oneforecast,oneforecast,sphere_ttc,2018-2019,240,q50,kg kg^-1,1.0288428856564652e-07,0.6979032674257966,730
oneforecast,oneforecast,sphere_ttc,2018-2019,240,q100,kg kg^-1,3.8750540867778356e-07,0.47280430146608016,730
oneforecast,oneforecast,sphere_ttc,2018-2019,240,q200,kg kg^-1,1.4366026948114951e-05,0.3380469236573463,730
oneforecast,oneforecast,sphere_ttc,2018-2019,240,q300,kg kg^-1,0.0001302711594982851,0.3210921249631254,730
oneforecast,oneforecast,sphere_ttc,2018-2019,240,q500,kg kg^-1,0.0008220974651247348,0.33755141729124455,730
oneforecast,oneforecast,sphere_ttc,2018-2019,240,q700,kg kg^-1,0.0015925269773115144,0.3197461085155281,730
oneforecast,oneforecast,sphere_ttc,2018-2019,240,q850,kg kg^-1,0.0018426693251442738,0.30157711265082865,730
oneforecast,oneforecast,sphere_ttc,2018-2019,240,q925,kg kg^-1,0.001480404057106014,0.3492659273111909,730
oneforecast,oneforecast,sphere_ttc,2018-2019,240,q1000,kg kg^-1,0.0014758364331141627,0.3904827023528122,730
oneforecast,oneforecast,sphere_ttc,2018-2019,240,t50,K,2.376938324782149,0.7501476808677456,730
oneforecast,oneforecast,sphere_ttc,2018-2019,240,t100,K,2.5087619115910407,0.6663805460392606,730
oneforecast,oneforecast,sphere_ttc,2018-2019,240,t200,K,3.2515788724135453,0.48665763675242246,730
oneforecast,oneforecast,sphere_ttc,2018-2019,240,t300,K,2.3373759586737,0.45377938095616643,730
oneforecast,oneforecast,sphere_ttc,2018-2019,240,t500,K,2.8972160781983836,0.4252056465559108,730
oneforecast,oneforecast,sphere_ttc,2018-2019,240,t700,K,2.96732480384455,0.4235743350897314,730
oneforecast,oneforecast,sphere_ttc,2018-2019,240,t850,K,3.211686756593227,0.4214388262604489,730
oneforecast,oneforecast,sphere_ttc,2018-2019,240,t925,K,3.041167121545185,0.40610924496278994,730
oneforecast,oneforecast,sphere_ttc,2018-2019,240,t1000,K,2.713776839511398,0.41210019054265934,730
oneforecast,oneforecast,sphere_ttc,2018-2019,240,u50,m s^-1,4.678683246884401,0.8077121797119323,730
oneforecast,oneforecast,sphere_ttc,2018-2019,240,u100,m s^-1,6.0594145149679655,0.6043474532289203,730
oneforecast,oneforecast,sphere_ttc,2018-2019,240,u200,m s^-1,10.57263891410816,0.49066337902738405,730
oneforecast,oneforecast,sphere_ttc,2018-2019,240,u300,m s^-1,11.43756257240032,0.41044118522964784,730
oneforecast,oneforecast,sphere_ttc,2018-2019,240,u500,m s^-1,7.903913785308217,0.3986514327502951,730
oneforecast,oneforecast,sphere_ttc,2018-2019,240,u700,m s^-1,6.082209748349632,0.38775367640298825,730
oneforecast,oneforecast,sphere_ttc,2018-2019,240,u850,m s^-1,5.522260375127501,0.3360190534426591,730
oneforecast,oneforecast,sphere_ttc,2018-2019,240,u925,m s^-1,5.4477152217744615,0.30773121015762966,730
oneforecast,oneforecast,sphere_ttc,2018-2019,240,u1000,m s^-1,4.261394673438324,0.31196468516146486,730
oneforecast,oneforecast,sphere_ttc,2018-2019,240,v50,m s^-1,4.0101866770930865,0.5878957434406676,730
oneforecast,oneforecast,sphere_ttc,2018-2019,240,v100,m s^-1,5.686535836950942,0.4934767957192207,730
oneforecast,oneforecast,sphere_ttc,2018-2019,240,v200,m s^-1,10.673888275176274,0.3948527757214165,730
oneforecast,oneforecast,sphere_ttc,2018-2019,240,v300,m s^-1,11.498177041390512,0.33914859586488594,730
oneforecast,oneforecast,sphere_ttc,2018-2019,240,v500,m s^-1,7.718068417658302,0.3348761611909224,730
oneforecast,oneforecast,sphere_ttc,2018-2019,240,v700,m s^-1,5.770192903551852,0.32352962090757437,730
oneforecast,oneforecast,sphere_ttc,2018-2019,240,v850,m s^-1,5.199979493801174,0.2915495737450672,730
oneforecast,oneforecast,sphere_ttc,2018-2019,240,v925,m s^-1,5.3272069210636985,0.2833277781793076,730
oneforecast,oneforecast,sphere_ttc,2018-2019,240,v1000,m s^-1,4.312148576102422,0.28704213322810707,730
oneforecast,oneforecast,sphere_ttc,2018-2019,240,u10,m s^-1,3.7933163798421794,0.3092101471311738,730
oneforecast,oneforecast,sphere_ttc,2018-2019,240,v10,m s^-1,3.7980837680097417,0.281033275744114,730
oneforecast,oneforecast,sphere_ttc,2018-2019,240,t2m,K,2.6558683372326835,0.40263507996180353,730
oneforecast,oneforecast,sphere_ttc,2018-2019,240,mslp,Pa,657.1664794073706,0.428381395002277,730
fuxi,fuxi,raw,2018-2019,24,z50,m^2 s^-2,119.43973626329803,0.9946310529003413,730
fuxi,fuxi,raw,2018-2019,24,z100,m^2 s^-2,83.04777850624511,0.9961918922366066,730
fuxi,fuxi,raw,2018-2019,24,z200,m^2 s^-2,98.75225440274986,0.9956136847602967,730
fuxi,fuxi,raw,2018-2019,24,z300,m^2 s^-2,106.69841335905662,0.995126288576962,730
fuxi,fuxi,raw,2018-2019,24,z500,m^2 s^-2,77.46806897246202,0.9952629155175169,730
fuxi,fuxi,raw,2018-2019,24,z700,m^2 s^-2,61.49537425167084,0.99489337874283,730
fuxi,fuxi,raw,2018-2019,24,z850,m^2 s^-2,59.47361997786597,0.9939284484424534,730
fuxi,fuxi,raw,2018-2019,24,z925,m^2 s^-2,62.38580525750084,0.9931629757594296,730
fuxi,fuxi,raw,2018-2019,24,z1000,m^2 s^-2,67.30306255814982,0.9922928378859717,730
fuxi,fuxi,raw,2018-2019,24,q50,kg kg^-1,5.309829539728654e-07,0.23206706770720376,730
fuxi,fuxi,raw,2018-2019,24,q100,kg kg^-1,5.508845445211737e-07,0.5191852677423605,730
fuxi,fuxi,raw,2018-2019,24,q200,kg kg^-1,1.845217648660294e-05,0.7849706942925488,730
fuxi,fuxi,raw,2018-2019,24,q300,kg kg^-1,8.232079450689055e-05,0.8845937945125638,730
fuxi,fuxi,raw,2018-2019,24,q500,kg kg^-1,0.0002869978062288488,0.9313767338353145,730
fuxi,fuxi,raw,2018-2019,24,q700,kg kg^-1,0.0005327853378004736,0.9338472507845952,730
fuxi,fuxi,raw,2018-2019,24,q850,kg kg^-1,0.0007351168758540645,0.9056981670086452,730
fuxi,fuxi,raw,2018-2019,24,q925,kg kg^-1,0.0007532542291203277,0.86666528320789,730
fuxi,fuxi,raw,2018-2019,24,q1000,kg kg^-1,0.0010353066585139699,0.8098460318033872,730
fuxi,fuxi,raw,2018-2019,24,t50,K,0.7473362773139836,0.9758608878678455,730
fuxi,fuxi,raw,2018-2019,24,t100,K,0.5615291809369937,0.9846603605297718,730
fuxi,fuxi,raw,2018-2019,24,t200,K,0.5576070350396498,0.9873641585292622,730
fuxi,fuxi,raw,2018-2019,24,t300,K,0.45395623019324005,0.9826876668942798,730
fuxi,fuxi,raw,2018-2019,24,t500,K,0.48001839877774605,0.9870332249013555,730
fuxi,fuxi,raw,2018-2019,24,t700,K,0.5192059799479637,0.9854788362611087,730
fuxi,fuxi,raw,2018-2019,24,t850,K,0.6686920144173257,0.9794814227476331,730
fuxi,fuxi,raw,2018-2019,24,t925,K,0.7005163936691553,0.9736982296376528,730
fuxi,fuxi,raw,2018-2019,24,t1000,K,0.7119041398166875,0.9646402769645462,730
fuxi,fuxi,raw,2018-2019,24,u50,m s^-1,1.2714103186068535,0.986533725814874,730
fuxi,fuxi,raw,2018-2019,24,u100,m s^-1,1.3583886742322002,0.9819871415595606,730
fuxi,fuxi,raw,2018-2019,24,u200,m s^-1,1.8546992073781805,0.986488569997969,730
fuxi,fuxi,raw,2018-2019,24,u300,m s^-1,1.9079926376498162,0.9861437897091551,730
fuxi,fuxi,raw,2018-2019,24,u500,m s^-1,1.4091713000153958,0.9841265502966505,730
fuxi,fuxi,raw,2018-2019,24,u700,m s^-1,1.1683654968372768,0.9813547891740942,730
fuxi,fuxi,raw,2018-2019,24,u850,m s^-1,1.0931753067880268,0.9786351580203312,730
fuxi,fuxi,raw,2018-2019,24,u925,m s^-1,1.0386227539124349,0.979358138917818,730
fuxi,fuxi,raw,2018-2019,24,u1000,m s^-1,0.8170957013017018,0.9793055511993722,730
fuxi,fuxi,raw,2018-2019,24,v50,m s^-1,1.0280747592237636,0.9761999174733061,730
fuxi,fuxi,raw,2018-2019,24,v100,m s^-1,1.283391036108838,0.9788958654122578,730
fuxi,fuxi,raw,2018-2019,24,v200,m s^-1,1.9753133776871323,0.9834820669565697,730
fuxi,fuxi,raw,2018-2019,24,v300,m s^-1,2.0735999103442557,0.982860162075965,730
fuxi,fuxi,raw,2018-2019,24,v500,m s^-1,1.4852971912207926,0.9805910662927676,730
fuxi,fuxi,raw,2018-2019,24,v700,m s^-1,1.1888849267113664,0.9773889266615384,730
fuxi,fuxi,raw,2018-2019,24,v850,m s^-1,1.1130711473058452,0.9742494017937402,730
fuxi,fuxi,raw,2018-2019,24,v925,m s^-1,1.0974368788390911,0.9757222226321949,730
fuxi,fuxi,raw,2018-2019,24,v1000,m s^-1,0.8785245177070314,0.9762818418857703,730
fuxi,fuxi,raw,2018-2019,24,u10,m s^-1,0.7367908160529828,0.9786520184297677,730
fuxi,fuxi,raw,2018-2019,24,v10,m s^-1,0.7823787673759703,0.975525784124208,730
fuxi,fuxi,raw,2018-2019,24,t2m,K,0.82034322087642,0.9473431063485666,730
fuxi,fuxi,raw,2018-2019,24,mslp,Pa,87.16247073011311,0.9919139024284246,730
fuxi,fuxi,raw,2018-2019,72,z50,m^2 s^-2,244.4951986778685,0.9773335652850258,730
fuxi,fuxi,raw,2018-2019,72,z100,m^2 s^-2,154.5975454381154,0.9867522040387982,730
fuxi,fuxi,raw,2018-2019,72,z200,m^2 s^-2,183.57836567720386,0.9847502256869971,730
fuxi,fuxi,raw,2018-2019,72,z300,m^2 s^-2,206.9928661691166,0.9815351285801149,730
fuxi,fuxi,raw,2018-2019,72,z500,m^2 s^-2,152.59560168313956,0.9813951901808226,730
fuxi,fuxi,raw,2018-2019,72,z700,m^2 s^-2,118.65699042091514,0.98070265729171,730
fuxi,fuxi,raw,2018-2019,72,z850,m^2 s^-2,113.08727076854404,0.9777444707723056,730
fuxi,fuxi,raw,2018-2019,72,z925,m^2 s^-2,116.62540358606151,0.9758059886317488,730
fuxi,fuxi,raw,2018-2019,72,z1000,m^2 s^-2,123.14269159411639,0.9738775680285238,730
fuxi,fuxi,raw,2018-2019,72,q50,kg kg^-1,8.536759807357077e-07,0.18403965090070404,730
fuxi,fuxi,raw,2018-2019,72,q100,kg kg^-1,8.572892932889069e-07,0.3733221637808519,730
fuxi,fuxi,raw,2018-2019,72,q200,kg kg^-1,2.2753148786303096e-05,0.6858851460036754,730
fuxi,fuxi,raw,2018-2019,72,q300,kg kg^-1,0.00011407975282450382,0.7783273071825917,730
fuxi,fuxi,raw,2018-2019,72,q500,kg kg^-1,0.0004203106858380449,0.8525950056630514,730
fuxi,fuxi,raw,2018-2019,72,q700,kg kg^-1,0.0008015836874690602,0.84753495717093,730
fuxi,fuxi,raw,2018-2019,72,q850,kg kg^-1,0.001018521021644381,0.8149472213077378,730
fuxi,fuxi,raw,2018-2019,72,q925,kg kg^-1,0.0009459356965358515,0.7907771597918145,730
fuxi,fuxi,raw,2018-2019,72,q1000,kg kg^-1,0.001267045396839854,0.7340472441453371,730
fuxi,fuxi,raw,2018-2019,72,t50,K,1.2020192853899958,0.9366025669046852,730
fuxi,fuxi,raw,2018-2019,72,t100,K,0.8897561954288804,0.961048878649782,730
fuxi,fuxi,raw,2018-2019,72,t200,K,0.9764510903965968,0.9607345548382633,730
fuxi,fuxi,raw,2018-2019,72,t300,K,0.7757438238011471,0.9488976129262668,730
fuxi,fuxi,raw,2018-2019,72,t500,K,0.8336742778071985,0.9606519194925011,730
fuxi,fuxi,raw,2018-2019,72,t700,K,0.8618652280181728,0.959586279827259,730
fuxi,fuxi,raw,2018-2019,72,t850,K,1.0348937917823606,0.9503616105528501,730
fuxi,fuxi,raw,2018-2019,72,t925,K,1.038381147498269,0.9414301148183299,730
fuxi,fuxi,raw,2018-2019,72,t1000,K,0.9949754017985558,0.9304835760670027,730
fuxi,fuxi,raw,2018-2019,72,u50,m s^-1,2.0603597615547082,0.9642079344766885,730
fuxi,fuxi,raw,2018-2019,72,u100,m s^-1,2.069575051667575,0.9577845618676777,730
fuxi,fuxi,raw,2018-2019,72,u200,m s^-1,3.101862926852343,0.9618371221863784,730
fuxi,fuxi,raw,2018-2019,72,u300,m s^-1,3.5062669373155506,0.9527366626319698,730
fuxi,fuxi,raw,2018-2019,72,u500,m s^-1,2.5194688739814826,0.9485040179214276,730
fuxi,fuxi,raw,2018-2019,72,u700,m s^-1,2.0220169017264134,0.9431519544398058,730
fuxi,fuxi,raw,2018-2019,72,u850,m s^-1,1.8963005908867,0.9345012416552724,730
fuxi,fuxi,raw,2018-2019,72,u925,m s^-1,1.8470116230733709,0.9335708436070236,730
fuxi,fuxi,raw,2018-2019,72,u1000,m s^-1,1.436429255614246,0.934960073063784,730
fuxi,fuxi,raw,2018-2019,72,v50,m s^-1,1.554652366128279,0.9445705275322004,730
fuxi,fuxi,raw,2018-2019,72,v100,m s^-1,1.8777543586019305,0.9542686608493396,730
fuxi,fuxi,raw,2018-2019,72,v200,m s^-1,3.1626469602709495,0.9571409704935749,730
fuxi,fuxi,raw,2018-2019,72,v300,m s^-1,3.523325322408223,0.9498391104782518,730
fuxi,fuxi,raw,2018-2019,72,v500,m s^-1,2.4692992680036197,0.9452598277868571,730
fuxi,fuxi,raw,2018-2019,72,v700,m s^-1,1.9448271420471195,0.9380744364375566,730
fuxi,fuxi,raw,2018-2019,72,v850,m s^-1,1.8146210051781306,0.9299150713457712,730
fuxi,fuxi,raw,2018-2019,72,v925,m s^-1,1.8155622304202903,0.932138722791059,730
fuxi,fuxi,raw,2018-2019,72,v1000,m s^-1,1.4518100690699896,0.933984691149424,730
fuxi,fuxi,raw,2018-2019,72,u10,m s^-1,1.2978030808685235,0.9326604404655421,730
fuxi,fuxi,raw,2018-2019,72,v10,m s^-1,1.3001809943585614,0.9311615662356347,730
fuxi,fuxi,raw,2018-2019,72,t2m,K,1.0548740323040646,0.9126895991728792,730
fuxi,fuxi,raw,2018-2019,72,mslp,Pa,158.9578285976325,0.9728013636693185,730
fuxi,fuxi,raw,2018-2019,120,z50,m^2 s^-2,359.8143658371628,0.9502997605727637,730
fuxi,fuxi,raw,2018-2019,120,z100,m^2 s^-2,266.18211691503274,0.9602762896184155,730
fuxi,fuxi,raw,2018-2019,120,z200,m^2 s^-2,345.36829769859105,0.9450276420194178,730
fuxi,fuxi,raw,2018-2019,120,z300,m^2 s^-2,395.33473045133206,0.9313005928937713,730
fuxi,fuxi,raw,2018-2019,120,z500,m^2 s^-2,293.27139488973967,0.9298083166856952,730
fuxi,fuxi,raw,2018-2019,120,z700,m^2 s^-2,228.07445618997482,0.9270101752243018,730
fuxi,fuxi,raw,2018-2019,120,z850,m^2 s^-2,214.44196371790017,0.9178609041332492,730
fuxi,fuxi,raw,2018-2019,120,z925,m^2 s^-2,218.31345951844915,0.9129149998764129,730
fuxi,fuxi,raw,2018-2019,120,z1000,m^2 s^-2,226.87991623484882,0.9088895151969064,730
fuxi,fuxi,raw,2018-2019,120,q50,kg kg^-1,1.1149563455136275e-06,0.18308514433451714,730
fuxi,fuxi,raw,2018-2019,120,q100,kg kg^-1,1.0772482767282536e-06,0.3343351551012494,730
fuxi,fuxi,raw,2018-2019,120,q200,kg kg^-1,2.354445668349254e-05,0.6147169324929631,730
fuxi,fuxi,raw,2018-2019,120,q300,kg kg^-1,0.00012216259476926093,0.692535651227069,730
fuxi,fuxi,raw,2018-2019,120,q500,kg kg^-1,0.0005207368738040151,0.7635143510024791,730
fuxi,fuxi,raw,2018-2019,120,q700,kg kg^-1,0.001008930192088418,0.747746336500239,730
fuxi,fuxi,raw,2018-2019,120,q850,kg kg^-1,0.0012319728994301953,0.7122831500485635,730
fuxi,fuxi,raw,2018-2019,120,q925,kg kg^-1,0.0010977331417221967,0.7028443177718702,730
fuxi,fuxi,raw,2018-2019,120,q1000,kg kg^-1,0.0013997910771615712,0.6594221413475446,730
fuxi,fuxi,raw,2018-2019,120,t50,K,1.5123174451542996,0.8977486970195273,730
fuxi,fuxi,raw,2018-2019,120,t100,K,1.249872493054182,0.9217088736954558,730
fuxi,fuxi,raw,2018-2019,120,t200,K,1.616969697245775,0.88957402695038,730
fuxi,fuxi,raw,2018-2019,120,t300,K,1.183434210294647,0.877550940086172,730
fuxi,fuxi,raw,2018-2019,120,t500,K,1.3769218409990844,0.8895626752159391,730
fuxi,fuxi,raw,2018-2019,120,t700,K,1.394846877472363,0.8907817002774142,730
fuxi,fuxi,raw,2018-2019,120,t850,K,1.566230435457886,0.8818789769374927,730
fuxi,fuxi,raw,2018-2019,120,t925,K,1.5250408941864273,0.8682765103200436,730
fuxi,fuxi,raw,2018-2019,120,t1000,K,1.394766772217537,0.8585784259866169,730
fuxi,fuxi,raw,2018-2019,120,u50,m s^-1,2.70262571975606,0.9375705751971376,730
fuxi,fuxi,raw,2018-2019,120,u100,m s^-1,2.901806093667228,0.915529118688004,730
fuxi,fuxi,raw,2018-2019,120,u200,m s^-1,4.832301063535483,0.9050512264036628,730
fuxi,fuxi,raw,2018-2019,120,u300,m s^-1,5.635451516108785,0.8736366273476803,730
fuxi,fuxi,raw,2018-2019,120,u500,m s^-1,3.971451107221494,0.8673688206968161,730
fuxi,fuxi,raw,2018-2019,120,u700,m s^-1,3.1186009989753263,0.8596333922254968,730
fuxi,fuxi,raw,2018-2019,120,u850,m s^-1,2.920789231048212,0.8376826305243725,730
fuxi,fuxi,raw,2018-2019,120,u925,m s^-1,2.8928793804425195,0.8288647378693836,730
fuxi,fuxi,raw,2018-2019,120,u1000,m s^-1,2.242662941529024,0.8335835860945064,730
fuxi,fuxi,raw,2018-2019,120,v50,m s^-1,2.055954022057395,0.9008403199477958,730
fuxi,fuxi,raw,2018-2019,120,v100,m s^-1,2.6691569094186387,0.9054817162222656,730
fuxi,fuxi,raw,2018-2019,120,v200,m s^-1,4.947011492731426,0.8920252572889726,730
fuxi,fuxi,raw,2018-2019,120,v300,m s^-1,5.668641312067655,0.86512473569809,730
fuxi,fuxi,raw,2018-2019,120,v500,m s^-1,3.899092368794516,0.8576764831292254,730
fuxi,fuxi,raw,2018-2019,120,v700,m s^-1,3.001519082477547,0.8461624961041012,730
fuxi,fuxi,raw,2018-2019,120,v850,m s^-1,2.78795181934724,0.8268081267952969,730
fuxi,fuxi,raw,2018-2019,120,v925,m s^-1,2.829059864422539,0.8272398689818689,730
fuxi,fuxi,raw,2018-2019,120,v1000,m s^-1,2.251985439050611,0.8338820896836658,730
fuxi,fuxi,raw,2018-2019,120,u10,m s^-1,2.0140538573937317,0.8288394122044251,730
fuxi,fuxi,raw,2018-2019,120,v10,m s^-1,2.00827130826306,0.8264708226078553,730
fuxi,fuxi,raw,2018-2019,120,t2m,K,1.3913785797623717,0.8419495243280494,730
fuxi,fuxi,raw,2018-2019,120,mslp,Pa,289.43115782490145,0.9072641021055432,730
fuxi,fuxi,raw,2018-2019,168,z50,m^2 s^-2,485.3256216526532,0.9084288069324025,730
fuxi,fuxi,raw,2018-2019,168,z100,m^2 s^-2,414.5470611957847,0.9013414585390367,730
fuxi,fuxi,raw,2018-2019,168,z200,m^2 s^-2,547.1042173053703,0.856041354238897,730
fuxi,fuxi,raw,2018-2019,168,z300,m^2 s^-2,607.8471335609418,0.8289704102185494,730
fuxi,fuxi,raw,2018-2019,168,z500,m^2 s^-2,449.6729712328316,0.8260030840197977,730
fuxi,fuxi,raw,2018-2019,168,z700,m^2 s^-2,348.0386969937311,0.820428732263541,730
fuxi,fuxi,raw,2018-2019,168,z850,m^2 s^-2,321.0818408825397,0.8045078570893012,730
fuxi,fuxi,raw,2018-2019,168,z925,m^2 s^-2,323.69612824981584,0.7962524904724305,730
fuxi,fuxi,raw,2018-2019,168,z1000,m^2 s^-2,334.11994302663976,0.7893858770341545,730
fuxi,fuxi,raw,2018-2019,168,q50,kg kg^-1,1.4032621831686626e-06,0.18676955396563466,730
fuxi,fuxi,raw,2018-2019,168,q100,kg kg^-1,1.3411648520172913e-06,0.31005908388285736,730
fuxi,fuxi,raw,2018-2019,168,q200,kg kg^-1,2.4317675280965437e-05,0.5317770098785227,730
fuxi,fuxi,raw,2018-2019,168,q300,kg kg^-1,0.00012535810016864877,0.6048647918138039,730
fuxi,fuxi,raw,2018-2019,168,q500,kg kg^-1,0.0005929184116826184,0.6685794914345417,730
fuxi,fuxi,raw,2018-2019,168,q700,kg kg^-1,0.0011586028717021882,0.6437840142127752,730
fuxi,fuxi,raw,2018-2019,168,q850,kg kg^-1,0.0014086635627389278,0.5976675797745328,730
fuxi,fuxi,raw,2018-2019,168,q925,kg kg^-1,0.001241068459469632,0.58974086202389,730
fuxi,fuxi,raw,2018-2019,168,q1000,kg kg^-1,0.0015376814272253896,0.551470567005408,730
fuxi,fuxi,raw,2018-2019,168,t50,K,1.7758808837805131,0.8564549305366655,730
fuxi,fuxi,raw,2018-2019,168,t100,K,1.6577609258776698,0.858636879044054,730
fuxi,fuxi,raw,2018-2019,168,t200,K,2.2283219761358604,0.7794371070276278,730
fuxi,fuxi,raw,2018-2019,168,t300,K,1.5505299165192532,0.777444335009607,730
fuxi,fuxi,raw,2018-2019,168,t500,K,1.9094037575188914,0.7726192146813128,730
fuxi,fuxi,raw,2018-2019,168,t700,K,1.9360465522009902,0.7753731783792626,730
fuxi,fuxi,raw,2018-2019,168,t850,K,2.1241271068973306,0.7675120401116556,730
fuxi,fuxi,raw,2018-2019,168,t925,K,2.025909888835733,0.7498008875069772,730
fuxi,fuxi,raw,2018-2019,168,t1000,K,1.7974002329960368,0.7459718550671326,730
fuxi,fuxi,raw,2018-2019,168,u50,m s^-1,3.3266056497714653,0.9038627679761534,730
fuxi,fuxi,raw,2018-2019,168,u100,m s^-1,3.8956945476794202,0.8420134761554475,730
fuxi,fuxi,raw,2018-2019,168,u200,m s^-1,6.669324400546768,0.809130501947137,730
fuxi,fuxi,raw,2018-2019,168,u300,m s^-1,7.4761382726168675,0.7617876706617426,730
fuxi,fuxi,raw,2018-2019,168,u500,m s^-1,5.229643556181566,0.7534226761247595,730
fuxi,fuxi,raw,2018-2019,168,u700,m s^-1,4.069453861449345,0.7433663142019254,730
fuxi,fuxi,raw,2018-2019,168,u850,m s^-1,3.7552632465787585,0.7092667245082258,730
fuxi,fuxi,raw,2018-2019,168,u925,m s^-1,3.721902922796533,0.6914914959789757,730
fuxi,fuxi,raw,2018-2019,168,u1000,m s^-1,2.9062969330400175,0.6966174063720175,730
fuxi,fuxi,raw,2018-2019,168,v50,m s^-1,2.684231986634917,0.824785034557442,730
fuxi,fuxi,raw,2018-2019,168,v100,m s^-1,3.701756351558135,0.8085236533427375,730
fuxi,fuxi,raw,2018-2019,168,v200,m s^-1,6.9537325959536895,0.7714307950226856,730
fuxi,fuxi,raw,2018-2019,168,v300,m s^-1,7.683629296028346,0.7308220859950184,730
fuxi,fuxi,raw,2018-2019,168,v500,m s^-1,5.226668819968693,0.722204628909477,730
fuxi,fuxi,raw,2018-2019,168,v700,m s^-1,3.956478242697035,0.7089690053733106,730
fuxi,fuxi,raw,2018-2019,168,v850,m s^-1,3.603257856863394,0.6824532446323416,730
fuxi,fuxi,raw,2018-2019,168,v925,m s^-1,3.673630877378625,0.6795865103364424,730
fuxi,fuxi,raw,2018-2019,168,v1000,m s^-1,2.954464004710182,0.6874124632116828,730
fuxi,fuxi,raw,2018-2019,168,u10,m s^-1,2.5852753683075123,0.6937069235536716,730
fuxi,fuxi,raw,2018-2019,168,v10,m s^-1,2.598828463887991,0.6820339154965505,730
fuxi,fuxi,raw,2018-2019,168,t2m,K,1.7241355734579493,0.7363757419917287,730
fuxi,fuxi,raw,2018-2019,168,mslp,Pa,423.39118938737516,0.7883048155356164,730
fuxi,fuxi,raw,2018-2019,240,z50,m^2 s^-2,677.6522434606181,0.8154547221083764,730
fuxi,fuxi,raw,2018-2019,240,z100,m^2 s^-2,620.260189808106,0.7658045930383155,730
fuxi,fuxi,raw,2018-2019,240,z200,m^2 s^-2,794.4105184282139,0.6655567843720337,730
fuxi,fuxi,raw,2018-2019,240,z300,m^2 s^-2,850.9841734378971,0.6283491791534574,730
fuxi,fuxi,raw,2018-2019,240,z500,m^2 s^-2,625.7211679060838,0.6262454310272058,730
fuxi,fuxi,raw,2018-2019,240,z700,m^2 s^-2,480.49139541521976,0.6191010505273213,730
fuxi,fuxi,raw,2018-2019,240,z850,m^2 s^-2,435.56553440357743,0.5976611868044281,730
fuxi,fuxi,raw,2018-2019,240,z925,m^2 s^-2,436.0921408711963,0.5852615412723539,730
fuxi,fuxi,raw,2018-2019,240,z1000,m^2 s^-2,447.85377363352774,0.5748975792534451,730
fuxi,fuxi,raw,2018-2019,240,q50,kg kg^-1,1.7631361990741033e-06,0.1844886086748524,730
fuxi,fuxi,raw,2018-2019,240,q100,kg kg^-1,1.6742976195427609e-06,0.28439288354383985,730
fuxi,fuxi,raw,2018-2019,240,q200,kg kg^-1,2.5336579418295918e-05,0.4153144366363541,730
fuxi,fuxi,raw,2018-2019,240,q300,kg kg^-1,0.00013442832083814546,0.4606689132636125,730
fuxi,fuxi,raw,2018-2019,240,q500,kg kg^-1,0.0006872489917670244,0.514006430270642,730
fuxi,fuxi,raw,2018-2019,240,q700,kg kg^-1,0.0013425638474099404,0.47635918195544585,730
fuxi,fuxi,raw,2018-2019,240,q850,kg kg^-1,0.0016061523630784844,0.42936322595046084,730
fuxi,fuxi,raw,2018-2019,240,q925,kg kg^-1,0.00142332689238266,0.41556380948025745,730
fuxi,fuxi,raw,2018-2019,240,q1000,kg kg^-1,0.0017295067801307948,0.3799201328405963,730
fuxi,fuxi,raw,2018-2019,240,t50,K,2.154457230322312,0.7808141220792147,730
fuxi,fuxi,raw,2018-2019,240,t100,K,2.2137990087964927,0.7342798342345145,730
fuxi,fuxi,raw,2018-2019,240,t200,K,2.85704170639614,0.6033981965186728,730
fuxi,fuxi,raw,2018-2019,240,t300,K,2.008486472944854,0.5874183666220439,730
fuxi,fuxi,raw,2018-2019,240,t500,K,2.5030623391744333,0.5639318265824002,730
fuxi,fuxi,raw,2018-2019,240,t700,K,2.5458717591942834,0.56723918265081,730
fuxi,fuxi,raw,2018-2019,240,t850,K,2.773543315372508,0.5586729674129565,730
fuxi,fuxi,raw,2018-2019,240,t925,K,2.604535124902445,0.5396797813383034,730
fuxi,fuxi,raw,2018-2019,240,t1000,K,2.285498726821034,0.5476990245865795,730
fuxi,fuxi,raw,2018-2019,240,u50,m s^-1,4.273957052978644,0.8362281433295734,730
fuxi,fuxi,raw,2018-2019,240,u100,m s^-1,5.251809065665535,0.6922513980883891,730
fuxi,fuxi,raw,2018-2019,240,u200,m s^-1,8.923046848412353,0.6247469954726105,730
fuxi,fuxi,raw,2018-2019,240,u300,m s^-1,9.564520180066047,0.5668932667925681,730
fuxi,fuxi,raw,2018-2019,240,u500,m s^-1,6.6454818601630326,0.5562684107855371,730
fuxi,fuxi,raw,2018-2019,240,u700,m s^-1,5.119880391407446,0.5477760976169337,730
fuxi,fuxi,raw,2018-2019,240,u850,m s^-1,4.615214664132592,0.5071472455396501,730
fuxi,fuxi,raw,2018-2019,240,u925,m s^-1,4.5325230677164905,0.4824811619287198,730
fuxi,fuxi,raw,2018-2019,240,u1000,m s^-1,3.55336626440433,0.48645136571237213,730
fuxi,fuxi,raw,2018-2019,240,v50,m s^-1,3.565496937315099,0.6663857630971797,730
fuxi,fuxi,raw,2018-2019,240,v100,m s^-1,5.03294752155731,0.6056819781944668,730
fuxi,fuxi,raw,2018-2019,240,v200,m s^-1,9.239279599628325,0.5400002636625075,730
fuxi,fuxi,raw,2018-2019,240,v300,m s^-1,9.803412481256196,0.4971272798202174,730
fuxi,fuxi,raw,2018-2019,240,v500,m s^-1,6.584529369703928,0.4959237841315608,730
fuxi,fuxi,raw,2018-2019,240,v700,m s^-1,4.919021897753066,0.4873984498294026,730
fuxi,fuxi,raw,2018-2019,240,v850,m s^-1,4.395535568266374,0.4592466054335703,730
fuxi,fuxi,raw,2018-2019,240,v925,m s^-1,4.477958513800479,0.4524206021438938,730
fuxi,fuxi,raw,2018-2019,240,v1000,m s^-1,3.619802696507216,0.4592456946377084,730
fuxi,fuxi,raw,2018-2019,240,u10,m s^-1,3.140941099550942,0.48842626186324845,730
fuxi,fuxi,raw,2018-2019,240,v10,m s^-1,3.168206136244604,0.45637979525326394,730
fuxi,fuxi,raw,2018-2019,240,t2m,K,2.1546093618268856,0.549065851324735,730
fuxi,fuxi,raw,2018-2019,240,mslp,Pa,565.5133651471932,0.5750844061351111,730
fuxi,fuxi,sphere_ttc,2018-2019,24,z50,m^2 s^-2,111.90470769954943,0.9952875531114562,730
fuxi,fuxi,sphere_ttc,2018-2019,24,z100,m^2 s^-2,71.86783028703745,0.9971543642979845,730
fuxi,fuxi,sphere_ttc,2018-2019,24,z200,m^2 s^-2,82.20453742719701,0.9969627459012707,730
fuxi,fuxi,sphere_ttc,2018-2019,24,z300,m^2 s^-2,90.43797195050976,0.9965047362045298,730
fuxi,fuxi,sphere_ttc,2018-2019,24,z500,m^2 s^-2,67.48696305363343,0.9963977781715228,730
fuxi,fuxi,sphere_ttc,2018-2019,24,z700,m^2 s^-2,54.90142782426598,0.995913885276409,730
fuxi,fuxi,sphere_ttc,2018-2019,24,z850,m^2 s^-2,54.06910852012115,0.9949702696781089,730
fuxi,fuxi,sphere_ttc,2018-2019,24,z925,m^2 s^-2,56.025557478590684,0.9944790175267114,730
fuxi,fuxi,sphere_ttc,2018-2019,24,z1000,m^2 s^-2,59.684088572115954,0.993932383490497,730
fuxi,fuxi,sphere_ttc,2018-2019,24,q50,kg kg^-1,4.925381518630796e-07,0.23593299500617465,730
fuxi,fuxi,sphere_ttc,2018-2019,24,q100,kg kg^-1,5.272317631502971e-07,0.5290454380732759,730
fuxi,fuxi,sphere_ttc,2018-2019,24,q200,kg kg^-1,9.388524336354051e-06,0.8421055890252239,730
fuxi,fuxi,sphere_ttc,2018-2019,24,q300,kg kg^-1,6.0364833804565336e-05,0.9010956823645087,730
fuxi,fuxi,sphere_ttc,2018-2019,24,q500,kg kg^-1,0.0002788897634798503,0.9343801940422776,730
fuxi,fuxi,sphere_ttc,2018-2019,24,q700,kg kg^-1,0.000517645050395302,0.9373413922569175,730
fuxi,fuxi,sphere_ttc,2018-2019,24,q850,kg kg^-1,0.0006905774944225392,0.9146756344776521,730
fuxi,fuxi,sphere_ttc,2018-2019,24,q925,kg kg^-1,0.000655682285547814,0.8914261657273811,730
fuxi,fuxi,sphere_ttc,2018-2019,24,q1000,kg kg^-1,0.0007576196664641938,0.8740771618026665,730
fuxi,fuxi,sphere_ttc,2018-2019,24,t50,K,0.7341134733071909,0.976710268656155,730
fuxi,fuxi,sphere_ttc,2018-2019,24,t100,K,0.5437812264600933,0.9855957216440436,730
fuxi,fuxi,sphere_ttc,2018-2019,24,t200,K,0.5006540114888457,0.9897896164190185,730
fuxi,fuxi,sphere_ttc,2018-2019,24,t300,K,0.4153874225698369,0.9855372703542788,730
fuxi,fuxi,sphere_ttc,2018-2019,24,t500,K,0.4329252566564191,0.9894728446098959,730
fuxi,fuxi,sphere_ttc,2018-2019,24,t700,K,0.4788997127778388,0.9875847972281803,730
fuxi,fuxi,sphere_ttc,2018-2019,24,t850,K,0.5960168156746295,0.9834445182959005,730
fuxi,fuxi,sphere_ttc,2018-2019,24,t925,K,0.6035277032487009,0.9801136248293744,730
fuxi,fuxi,sphere_ttc,2018-2019,24,t1000,K,0.6115393488780831,0.9734528272550433,730
fuxi,fuxi,sphere_ttc,2018-2019,24,u50,m s^-1,1.1992471914300462,0.9880272976587475,730
fuxi,fuxi,sphere_ttc,2018-2019,24,u100,m s^-1,1.3101371799957329,0.9832341059515747,730
fuxi,fuxi,sphere_ttc,2018-2019,24,u200,m s^-1,1.793421256641781,0.9873725496429341,730
fuxi,fuxi,sphere_ttc,2018-2019,24,u300,m s^-1,1.8431958588291926,0.9870726230104501,730
fuxi,fuxi,sphere_ttc,2018-2019,24,u500,m s^-1,1.3763068978165227,0.9848489802959982,730
fuxi,fuxi,sphere_ttc,2018-2019,24,u700,m s^-1,1.1529839482205015,0.9818300355184703,730
fuxi,fuxi,sphere_ttc,2018-2019,24,u850,m s^-1,1.0747617681798904,0.9793374590274141,730
fuxi,fuxi,sphere_ttc,2018-2019,24,u925,m s^-1,1.015149705734608,0.9802704729500397,730
fuxi,fuxi,sphere_ttc,2018-2019,24,u1000,m s^-1,0.7968889160949417,0.9802819218074776,730
fuxi,fuxi,sphere_ttc,2018-2019,24,v50,m s^-1,0.9938811169551232,0.9777033028935247,730
fuxi,fuxi,sphere_ttc,2018-2019,24,v100,m s^-1,1.238428535503218,0.9803254362419574,730
fuxi,fuxi,sphere_ttc,2018-2019,24,v200,m s^-1,1.8164801612703225,0.9860409365149332,730
fuxi,fuxi,sphere_ttc,2018-2019,24,v300,m s^-1,1.88423644379106,0.9858280519988056,730
fuxi,fuxi,sphere_ttc,2018-2019,24,v500,m s^-1,1.3757833501190215,0.9832622237548367,730
fuxi,fuxi,sphere_ttc,2018-2019,24,v700,m s^-1,1.1299018097594071,0.9794951111715293,730
fuxi,fuxi,sphere_ttc,2018-2019,24,v850,m s^-1,1.0622550857294248,0.976454146098684,730
fuxi,fuxi,sphere_ttc,2018-2019,24,v925,m s^-1,1.0356100056599908,0.9782939265503682,730
fuxi,fuxi,sphere_ttc,2018-2019,24,v1000,m s^-1,0.8316410818396758,0.9786348401534707,730
fuxi,fuxi,sphere_ttc,2018-2019,24,u10,m s^-1,0.7184924654313067,0.9796837346467928,730
fuxi,fuxi,sphere_ttc,2018-2019,24,v10,m s^-1,0.7429062924178883,0.9778509995172712,730
fuxi,fuxi,sphere_ttc,2018-2019,24,t2m,K,0.7048652456969902,0.9602201225415607,730
fuxi,fuxi,sphere_ttc,2018-2019,24,mslp,Pa,77.82114049469746,0.99355420697628,730
fuxi,fuxi,sphere_ttc,2018-2019,72,z50,m^2 s^-2,241.5484796355252,0.9778963595728455,730
fuxi,fuxi,sphere_ttc,2018-2019,72,z100,m^2 s^-2,150.85575103343928,0.9873985266105235,730
fuxi,fuxi,sphere_ttc,2018-2019,72,z200,m^2 s^-2,172.32953916560055,0.9865747168633177,730
fuxi,fuxi,sphere_ttc,2018-2019,72,z300,m^2 s^-2,197.44898326559087,0.9832126558807972,730
fuxi,fuxi,sphere_ttc,2018-2019,72,z500,m^2 s^-2,147.79972523100457,0.9825553534158583,730
fuxi,fuxi,sphere_ttc,2018-2019,72,z700,m^2 s^-2,117.22303463241407,0.9811711221129936,730
fuxi,fuxi,sphere_ttc,2018-2019,72,z850,m^2 s^-2,111.87995415845441,0.9782228571730266,730
fuxi,fuxi,sphere_ttc,2018-2019,72,z925,m^2 s^-2,114.4353926782071,0.976716148228744,730
fuxi,fuxi,sphere_ttc,2018-2019,72,z1000,m^2 s^-2,119.62812163794277,0.9753615392639342,730
fuxi,fuxi,sphere_ttc,2018-2019,72,q50,kg kg^-1,6.729071957555652e-07,0.17932836469511307,730
fuxi,fuxi,sphere_ttc,2018-2019,72,q100,kg kg^-1,7.065136384676209e-07,0.3909992671259435,730
fuxi,fuxi,sphere_ttc,2018-2019,72,q200,kg kg^-1,1.0616186442874614e-05,0.773799769032986,730
fuxi,fuxi,sphere_ttc,2018-2019,72,q300,kg kg^-1,7.914369704196452e-05,0.8169709850189701,730
fuxi,fuxi,sphere_ttc,2018-2019,72,q500,kg kg^-1,0.00040781009492794873,0.8573967952374855,730
fuxi,fuxi,sphere_ttc,2018-2019,72,q700,kg kg^-1,0.0007762740939198336,0.8556193898011699,730
fuxi,fuxi,sphere_ttc,2018-2019,72,q850,kg kg^-1,0.0009707836656100031,0.8262437258018337,730
fuxi,fuxi,sphere_ttc,2018-2019,72,q925,kg kg^-1,0.0008259221410433722,0.8241037428949101,730
fuxi,fuxi,sphere_ttc,2018-2019,72,q1000,kg kg^-1,0.000897841947299152,0.8214135690852381,730
fuxi,fuxi,sphere_ttc,2018-2019,72,t50,K,1.1918120878997756,0.9376360074310294,730
fuxi,fuxi,sphere_ttc,2018-2019,72,t100,K,0.8815030473281289,0.9617691718155655,730
fuxi,fuxi,sphere_ttc,2018-2019,72,t200,K,0.9442661107463505,0.9632418375590258,730
fuxi,fuxi,sphere_ttc,2018-2019,72,t300,K,0.7512904333991279,0.9521049843001536,730
fuxi,fuxi,sphere_ttc,2018-2019,72,t500,K,0.8030937287351824,0.9634297682944356,730
fuxi,fuxi,sphere_ttc,2018-2019,72,t700,K,0.8345253045970269,0.9619541391342779,730
fuxi,fuxi,sphere_ttc,2018-2019,72,t850,K,0.9782485778168084,0.9550486261015977,730
fuxi,fuxi,sphere_ttc,2018-2019,72,t925,K,0.9654079732841918,0.9486279110362396,730
fuxi,fuxi,sphere_ttc,2018-2019,72,t1000,K,0.9120360440169466,0.9405185755384753,730
fuxi,fuxi,sphere_ttc,2018-2019,72,u50,m s^-1,1.983444323725212,0.9669071570117022,730
fuxi,fuxi,sphere_ttc,2018-2019,72,u100,m s^-1,2.032518055028064,0.9592565854227378,730
fuxi,fuxi,sphere_ttc,2018-2019,72,u200,m s^-1,3.0784131389996645,0.9624110673909129,730
fuxi,fuxi,sphere_ttc,2018-2019,72,u300,m s^-1,3.477735127760491,0.9534657237777647,730
fuxi,fuxi,sphere_ttc,2018-2019,72,u500,m s^-1,2.5135576881809785,0.9487343493035989,730
fuxi,fuxi,sphere_ttc,2018-2019,72,u700,m s^-1,2.021500610100569,0.9431792559025953,730
fuxi,fuxi,sphere_ttc,2018-2019,72,u850,m s^-1,1.8928293511246623,0.9347326058611367,730
fuxi,fuxi,sphere_ttc,2018-2019,72,u925,m s^-1,1.8408655746094436,0.9339916991233401,730
fuxi,fuxi,sphere_ttc,2018-2019,72,u1000,m s^-1,1.4308619501933129,0.9354165530202249,730
fuxi,fuxi,sphere_ttc,2018-2019,72,v50,m s^-1,1.5481373976555028,0.9450364284557465,730
fuxi,fuxi,sphere_ttc,2018-2019,72,v100,m s^-1,1.8476460132062855,0.9556935691128993,730
fuxi,fuxi,sphere_ttc,2018-2019,72,v200,m s^-1,3.064224155716256,0.9597911531911288,730
fuxi,fuxi,sphere_ttc,2018-2019,72,v300,m s^-1,3.4074006230720006,0.9530245211891769,730
fuxi,fuxi,sphere_ttc,2018-2019,72,v500,m s^-1,2.4082487652128677,0.9478586215625671,730
fuxi,fuxi,sphere_ttc,2018-2019,72,v700,m s^-1,1.9164468885007682,0.9398526897615825,730
fuxi,fuxi,sphere_ttc,2018-2019,72,v850,m s^-1,1.7917843310431363,0.9316290228933993,730
fuxi,fuxi,sphere_ttc,2018-2019,72,v925,m s^-1,1.78431066808874,0.9343731767781467,730
fuxi,fuxi,sphere_ttc,2018-2019,72,v1000,m s^-1,1.4266310315145634,0.9360844920986501,730
fuxi,fuxi,sphere_ttc,2018-2019,72,u10,m s^-1,1.2928648418890647,0.9331370199921076,730
fuxi,fuxi,sphere_ttc,2018-2019,72,v10,m s^-1,1.2797033140227618,0.9331642084888181,730
fuxi,fuxi,sphere_ttc,2018-2019,72,t2m,K,0.9716296708705232,0.9242033605462052,730
fuxi,fuxi,sphere_ttc,2018-2019,72,mslp,Pa,154.5163854619656,0.9743182800012026,730
fuxi,fuxi,sphere_ttc,2018-2019,120,z50,m^2 s^-2,359.14651851664723,0.9504867791313755,730
fuxi,fuxi,sphere_ttc,2018-2019,120,z100,m^2 s^-2,265.603476137418,0.9604500583288542,730
fuxi,fuxi,sphere_ttc,2018-2019,120,z200,m^2 s^-2,342.90035939722077,0.9458226010624105,730
fuxi,fuxi,sphere_ttc,2018-2019,120,z300,m^2 s^-2,394.4262779957042,0.9315862203885144,730
fuxi,fuxi,sphere_ttc,2018-2019,120,z500,m^2 s^-2,293.1176862751161,0.9298661945066793,730
fuxi,fuxi,sphere_ttc,2018-2019,120,z700,m^2 s^-2,228.0588674784009,0.9270152446552956,730
fuxi,fuxi,sphere_ttc,2018-2019,120,z850,m^2 s^-2,214.408305408604,0.9178752342204415,730
fuxi,fuxi,sphere_ttc,2018-2019,120,z925,m^2 s^-2,218.19975131073738,0.9129805817596993,730
fuxi,fuxi,sphere_ttc,2018-2019,120,z1000,m^2 s^-2,226.58319203454658,0.9090821329915193,730
fuxi,fuxi,sphere_ttc,2018-2019,120,q50,kg kg^-1,8.076453166065055e-07,0.1592044400478724,730
fuxi,fuxi,sphere_ttc,2018-2019,120,q100,kg kg^-1,7.606611691569166e-07,0.3467766364652808,730
fuxi,fuxi,sphere_ttc,2018-2019,120,q200,kg kg^-1,1.1347429048739386e-05,0.7032566147103023,730
fuxi,fuxi,sphere_ttc,2018-2019,120,q300,kg kg^-1,9.073173488796158e-05,0.7295359191490649,730
fuxi,fuxi,sphere_ttc,2018-2019,120,q500,kg kg^-1,0.0005111762779024616,0.7659697156392181,730
fuxi,fuxi,sphere_ttc,2018-2019,120,q700,kg kg^-1,0.0009870882633762409,0.7552297706818978,730
fuxi,fuxi,sphere_ttc,2018-2019,120,q850,kg kg^-1,0.0011882738659900998,0.7241911663748681,730
fuxi,fuxi,sphere_ttc,2018-2019,120,q925,kg kg^-1,0.0009796827462310025,0.7387889657796454,730
fuxi,fuxi,sphere_ttc,2018-2019,120,q1000,kg kg^-1,0.0010359721089979639,0.7483246649607483,730
fuxi,fuxi,sphere_ttc,2018-2019,120,t50,K,1.5089195098543466,0.8980115465028743,730
fuxi,fuxi,sphere_ttc,2018-2019,120,t100,K,1.247979703052307,0.9219339660885314,730
fuxi,fuxi,sphere_ttc,2018-2019,120,t200,K,1.607173470790123,0.8906519172406715,730
fuxi,fuxi,sphere_ttc,2018-2019,120,t300,K,1.1702804863076108,0.880150334437805,730
fuxi,fuxi,sphere_ttc,2018-2019,120,t500,K,1.368511785679424,0.89066853175584,730
fuxi,fuxi,sphere_ttc,2018-2019,120,t700,K,1.385675228630124,0.891958900787041,730
fuxi,fuxi,sphere_ttc,2018-2019,120,t850,K,1.5421848964779046,0.8847189981801592,730
fuxi,fuxi,sphere_ttc,2018-2019,120,t925,K,1.4908461844106013,0.8731081900277475,730
fuxi,fuxi,sphere_ttc,2018-2019,120,t1000,K,1.3469689791473076,0.8662278481648481,730
fuxi,fuxi,sphere_ttc,2018-2019,120,u50,m s^-1,2.6213521802699824,0.9414432575530239,730
fuxi,fuxi,sphere_ttc,2018-2019,120,u100,m s^-1,2.8786080464892767,0.9168219061331699,730
fuxi,fuxi,sphere_ttc,2018-2019,120,u200,m s^-1,4.8307186749396065,0.9051060433471033,730
fuxi,fuxi,sphere_ttc,2018-2019,120,u300,m s^-1,5.634246345071194,0.8736713603689741,730
fuxi,fuxi,sphere_ttc,2018-2019,120,u500,m s^-1,3.9710582034530564,0.8673812058017755,730
fuxi,fuxi,sphere_ttc,2018-2019,120,u700,m s^-1,3.1185714594127854,0.8596283040526345,730
fuxi,fuxi,sphere_ttc,2018-2019,120,u850,m s^-1,2.9207606149910306,0.8376637882918818,730
fuxi,fuxi,sphere_ttc,2018-2019,120,u925,m s^-1,2.892457402683987,0.8288641804343053,730
fuxi,fuxi,sphere_ttc,2018-2019,120,u1000,m s^-1,2.242058949301576,0.8336037091919057,730
fuxi,fuxi,sphere_ttc,2018-2019,120,v50,m s^-1,2.0590621384050176,0.9005255775212813,730
fuxi,fuxi,sphere_ttc,2018-2019,120,v100,m s^-1,2.6643119956616346,0.9057808676419704,730
fuxi,fuxi,sphere_ttc,2018-2019,120,v200,m s^-1,4.9190249553965115,0.893178506282714,730
fuxi,fuxi,sphere_ttc,2018-2019,120,v300,m s^-1,5.631650486830562,0.8666404561114163,730
fuxi,fuxi,sphere_ttc,2018-2019,120,v500,m s^-1,3.8898942987244234,0.8582517871112582,730
fuxi,fuxi,sphere_ttc,2018-2019,120,v700,m s^-1,3.000055155726078,0.8462764813020881,730
fuxi,fuxi,sphere_ttc,2018-2019,120,v850,m s^-1,2.7854064671874417,0.8270119455175365,730
fuxi,fuxi,sphere_ttc,2018-2019,120,v925,m s^-1,2.8233693814342247,0.8277073236544492,730
fuxi,fuxi,sphere_ttc,2018-2019,120,v1000,m s^-1,2.245965408121002,0.8344193809780432,730
fuxi,fuxi,sphere_ttc,2018-2019,120,u10,m s^-1,2.0138192469284526,0.8288416950605535,730
fuxi,fuxi,sphere_ttc,2018-2019,120,v10,m s^-1,2.004979072399423,0.8269090863458085,730
fuxi,fuxi,sphere_ttc,2018-2019,120,t2m,K,1.338243390074396,0.8513590903137165,730
fuxi,fuxi,sphere_ttc,2018-2019,120,mslp,Pa,289.0244564099021,0.9074833693173133,730
fuxi,fuxi,sphere_ttc,2018-2019,168,z50,m^2 s^-2,486.0457452832187,0.9079090698579501,730
fuxi,fuxi,sphere_ttc,2018-2019,168,z100,m^2 s^-2,414.1304903341466,0.9014770350164053,730
fuxi,fuxi,sphere_ttc,2018-2019,168,z200,m^2 s^-2,546.9216413574277,0.856106304119767,730
fuxi,fuxi,sphere_ttc,2018-2019,168,z300,m^2 s^-2,607.7601622622594,0.8289858058494145,730
fuxi,fuxi,sphere_ttc,2018-2019,168,z500,m^2 s^-2,449.64900430913735,0.8260054972025845,730
fuxi,fuxi,sphere_ttc,2018-2019,168,z700,m^2 s^-2,348.03895736597093,0.8204281772878953,730
fuxi,fuxi,sphere_ttc,2018-2019,168,z850,m^2 s^-2,321.0986523181746,0.8044831062195605,730
fuxi,fuxi,sphere_ttc,2018-2019,168,z925,m^2 s^-2,323.69753586316807,0.7962491349596005,730
fuxi,fuxi,sphere_ttc,2018-2019,168,z1000,m^2 s^-2,334.08385523673144,0.7894143841561627,730
fuxi,fuxi,sphere_ttc,2018-2019,168,q50,kg kg^-1,9.892207016456306e-07,0.13896968167903737,730
fuxi,fuxi,sphere_ttc,2018-2019,168,q100,kg kg^-1,7.84099949932932e-07,0.31457299653681464,730
fuxi,fuxi,sphere_ttc,2018-2019,168,q200,kg kg^-1,1.2068845489976334e-05,0.6195821876864325,730
fuxi,fuxi,sphere_ttc,2018-2019,168,q300,kg kg^-1,9.935869657451456e-05,0.637585707532552,730
fuxi,fuxi,sphere_ttc,2018-2019,168,q500,kg kg^-1,0.0005876088374276529,0.6697218152793855,730
fuxi,fuxi,sphere_ttc,2018-2019,168,q700,kg kg^-1,0.0011441358749295755,0.6480527566052886,730
fuxi,fuxi,sphere_ttc,2018-2019,168,q850,kg kg^-1,0.001358771252314249,0.6116343593310642,730
fuxi,fuxi,sphere_ttc,2018-2019,168,q925,kg kg^-1,0.0011288147813986581,0.625517128112998,730
fuxi,fuxi,sphere_ttc,2018-2019,168,q1000,kg kg^-1,0.0011958893860730803,0.6331983774341181,730
fuxi,fuxi,sphere_ttc,2018-2019,168,t50,K,1.77995873660062,0.8552363424330846,730
fuxi,fuxi,sphere_ttc,2018-2019,168,t100,K,1.6606123408933975,0.8579186412725578,730
fuxi,fuxi,sphere_ttc,2018-2019,168,t200,K,2.220723556950523,0.7803243673980342,730
fuxi,fuxi,sphere_ttc,2018-2019,168,t300,K,1.5485779356163987,0.7779728881959761,730
fuxi,fuxi,sphere_ttc,2018-2019,168,t500,K,1.9088662496327633,0.7726855848119734,730
fuxi,fuxi,sphere_ttc,2018-2019,168,t700,K,1.934361040573746,0.7756014266937901,730
fuxi,fuxi,sphere_ttc,2018-2019,168,t850,K,2.1153210565943783,0.7688034717819596,730
fuxi,fuxi,sphere_ttc,2018-2019,168,t925,K,2.0090427428498137,0.7530210226964095,730
fuxi,fuxi,sphere_ttc,2018-2019,168,t1000,K,1.7716036726772173,0.7517195109199103,730
fuxi,fuxi,sphere_ttc,2018-2019,168,u50,m s^-1,3.278376107534167,0.9068078949164085,730
fuxi,fuxi,sphere_ttc,2018-2019,168,u100,m s^-1,3.8833938218559867,0.8429663006426693,730
fuxi,fuxi,sphere_ttc,2018-2019,168,u200,m s^-1,6.669324400546768,0.809130501947137,730
fuxi,fuxi,sphere_ttc,2018-2019,168,u300,m s^-1,7.4761382726168675,0.7617876706617426,730
fuxi,fuxi,sphere_ttc,2018-2019,168,u500,m s^-1,5.229607862842318,0.7534185980963393,730
fuxi,fuxi,sphere_ttc,2018-2019,168,u700,m s^-1,4.069404414054848,0.743366539571824,730
fuxi,fuxi,sphere_ttc,2018-2019,168,u850,m s^-1,3.7552997446777345,0.7092470524119092,730
fuxi,fuxi,sphere_ttc,2018-2019,168,u925,m s^-1,3.7219910411563615,0.6914554676288044,730
fuxi,fuxi,sphere_ttc,2018-2019,168,u1000,m s^-1,2.9062309507250554,0.6965594471851314,730
fuxi,fuxi,sphere_ttc,2018-2019,168,v50,m s^-1,2.687628214458269,0.8241643317513002,730
fuxi,fuxi,sphere_ttc,2018-2019,168,v100,m s^-1,3.6981789523376425,0.8088379115193122,730
fuxi,fuxi,sphere_ttc,2018-2019,168,v200,m s^-1,6.950826203040695,0.771600084688702,730
fuxi,fuxi,sphere_ttc,2018-2019,168,v300,m s^-1,7.677889215986374,0.7311810406082171,730
fuxi,fuxi,sphere_ttc,2018-2019,168,v500,m s^-1,5.2255910801488,0.7223043724828737,730
fuxi,fuxi,sphere_ttc,2018-2019,168,v700,m s^-1,3.9564156665824073,0.7089760654184483,730
fuxi,fuxi,sphere_ttc,2018-2019,168,v850,m s^-1,3.603177159884546,0.68246352538567,730
fuxi,fuxi,sphere_ttc,2018-2019,168,v925,m s^-1,3.673431719183082,0.6796035743062646,730
fuxi,fuxi,sphere_ttc,2018-2019,168,v1000,m s^-1,2.9541985429728808,0.6873858121752024,730
fuxi,fuxi,sphere_ttc,2018-2019,168,u10,m s^-1,2.5853129523074685,0.6936786134851005,730
fuxi,fuxi,sphere_ttc,2018-2019,168,v10,m s^-1,2.5988032193387998,0.6820266992259636,730
fuxi,fuxi,sphere_ttc,2018-2019,168,t2m,K,1.694687085898618,0.743754933692605,730
fuxi,fuxi,sphere_ttc,2018-2019,168,mslp,Pa,423.3608454222519,0.7883255836229096,730
fuxi,fuxi,sphere_ttc,2018-2019,240,z50,m^2 s^-2,676.0315699840904,0.8157376766624893,730
fuxi,fuxi,sphere_ttc,2018-2019,240,z100,m^2 s^-2,619.4005613617409,0.7661908334163685,730
fuxi,fuxi,sphere_ttc,2018-2019,240,z200,m^2 s^-2,794.1646837437572,0.6656359504033839,730
fuxi,fuxi,sphere_ttc,2018-2019,240,z300,m^2 s^-2,850.785775370998,0.6283376075181081,730
fuxi,fuxi,sphere_ttc,2018-2019,240,z500,m^2 s^-2,625.7219878156424,0.6262173998933218,730
fuxi,fuxi,sphere_ttc,2018-2019,240,z700,m^2 s^-2,480.50084481567643,0.619070205524613,730
fuxi,fuxi,sphere_ttc,2018-2019,240,z850,m^2 s^-2,435.55574416072636,0.5975829796515898,730
fuxi,fuxi,sphere_ttc,2018-2019,240,z925,m^2 s^-2,436.0908307825756,0.5851445492218583,730
fuxi,fuxi,sphere_ttc,2018-2019,240,z1000,m^2 s^-2,447.8138980013357,0.5747024909851666,730
fuxi,fuxi,sphere_ttc,2018-2019,240,q50,kg kg^-1,1.2486975662840443e-06,0.11349087941154452,730
fuxi,fuxi,sphere_ttc,2018-2019,240,q100,kg kg^-1,8.336978936051194e-07,0.26470936576851994,730
fuxi,fuxi,sphere_ttc,2018-2019,240,q200,kg kg^-1,1.3369138383638479e-05,0.4776202645877003,730
fuxi,fuxi,sphere_ttc,2018-2019,240,q300,kg kg^-1,0.00011251399684246453,0.4813774639151746,730
fuxi,fuxi,sphere_ttc,2018-2019,240,q500,kg kg^-1,0.0006831286232583985,0.5145430538903,730
fuxi,fuxi,sphere_ttc,2018-2019,240,q700,kg kg^-1,0.0013311479414043223,0.4784947096121303,730
fuxi,fuxi,sphere_ttc,2018-2019,240,q850,kg kg^-1,0.0015524972854809801,0.44149568998394983,730
fuxi,fuxi,sphere_ttc,2018-2019,240,q925,kg kg^-1,0.0013164975905534688,0.4425516951391111,730
fuxi,fuxi,sphere_ttc,2018-2019,240,q1000,kg kg^-1,0.001416069977066345,0.43447666747563407,730
fuxi,fuxi,sphere_ttc,2018-2019,240,t50,K,2.1525604882835334,0.780304355480627,730
fuxi,fuxi,sphere_ttc,2018-2019,240,t100,K,2.2120202102945754,0.7338771628206698,730
fuxi,fuxi,sphere_ttc,2018-2019,240,t200,K,2.845091837941691,0.6046633458738394,730
fuxi,fuxi,sphere_ttc,2018-2019,240,t300,K,2.0061160648504317,0.5879640306719173,730
fuxi,fuxi,sphere_ttc,2018-2019,240,t500,K,2.5017634486129183,0.5639464309541047,730
fuxi,fuxi,sphere_ttc,2018-2019,240,t700,K,2.5437857482807926,0.567324734321529,730
fuxi,fuxi,sphere_ttc,2018-2019,240,t850,K,2.765553500884845,0.5597395251874265,730
fuxi,fuxi,sphere_ttc,2018-2019,240,t925,K,2.5886781300957824,0.5427621628598087,730
fuxi,fuxi,sphere_ttc,2018-2019,240,t1000,K,2.2635760588791327,0.5529767601251998,730
fuxi,fuxi,sphere_ttc,2018-2019,240,u50,m s^-1,4.227386608467567,0.8400413846931025,730
fuxi,fuxi,sphere_ttc,2018-2019,240,u100,m s^-1,5.249595782799448,0.6923192033044143,730
fuxi,fuxi,sphere_ttc,2018-2019,240,u200,m s^-1,8.922853139785024,0.6247585529240691,730
fuxi,fuxi,sphere_ttc,2018-2019,240,u300,m s^-1,9.564520180066047,0.5668932667925681,730
fuxi,fuxi,sphere_ttc,2018-2019,240,u500,m s^-1,6.64542393530426,0.5562676678695745,730
fuxi,fuxi,sphere_ttc,2018-2019,240,u700,m s^-1,5.119861729529491,0.547777621615479,730
fuxi,fuxi,sphere_ttc,2018-2019,240,u850,m s^-1,4.615214664132592,0.5071472455396501,730
fuxi,fuxi,sphere_ttc,2018-2019,240,u925,m s^-1,4.5325230677164905,0.4824811619287198,730
fuxi,fuxi,sphere_ttc,2018-2019,240,u1000,m s^-1,3.5533656392115898,0.4864511728815942,730
fuxi,fuxi,sphere_ttc,2018-2019,240,v50,m s^-1,3.564455814119321,0.6654598064320473,730
fuxi,fuxi,sphere_ttc,2018-2019,240,v100,m s^-1,5.0324502645854015,0.6055462839507133,730
fuxi,fuxi,sphere_ttc,2018-2019,240,v200,m s^-1,9.237329233375096,0.540063769395213,730
fuxi,fuxi,sphere_ttc,2018-2019,240,v300,m s^-1,9.80138704078533,0.4971821664925066,730
fuxi,fuxi,sphere_ttc,2018-2019,240,v500,m s^-1,6.583934986347822,0.4959782117735066,730
fuxi,fuxi,sphere_ttc,2018-2019,240,v700,m s^-1,4.918539235807752,0.48745770110030723,730
fuxi,fuxi,sphere_ttc,2018-2019,240,v850,m s^-1,4.3951927016589725,0.45929172342734154,730
fuxi,fuxi,sphere_ttc,2018-2019,240,v925,m s^-1,4.477630712056957,0.4524631450057649,730
fuxi,fuxi,sphere_ttc,2018-2019,240,v1000,m s^-1,3.619444526880968,0.4592887233450787,730
fuxi,fuxi,sphere_ttc,2018-2019,240,u10,m s^-1,3.140941099550942,0.48842626186324845,730
fuxi,fuxi,sphere_ttc,2018-2019,240,v10,m s^-1,3.168182336877168,0.45638857775057157,730
fuxi,fuxi,sphere_ttc,2018-2019,240,t2m,K,2.138291221278201,0.5535539254249824,730
fuxi,fuxi,sphere_ttc,2018-2019,240,mslp,Pa,565.5124435803142,0.5749287764129547,730
pangu,pangu,raw,2018-2019,24,z50,m^2 s^-2,98.3487550165634,0.9963451093871522,730
pangu,pangu,raw,2018-2019,24,z100,m^2 s^-2,73.71362528198331,0.9970018611738154,730
pangu,pangu,raw,2018-2019,24,z200,m^2 s^-2,93.759244845973,0.9960506319692246,730
pangu,pangu,raw,2018-2019,24,z300,m^2 s^-2,105.78559438543043,0.9952273162587799,730
pangu,pangu,raw,2018-2019,24,z500,m^2 s^-2,77.74336197361833,0.9952124633305128,730
pangu,pangu,raw,2018-2019,24,z700,m^2 s^-2,61.48670131073251,0.9948667944094638,730
pangu,pangu,raw,2018-2019,24,z850,m^2 s^-2,59.678199352251006,0.99386750745145,730
pangu,pangu,raw,2018-2019,24,z925,m^2 s^-2,61.6027365184749,0.9933248395739709,730
pangu,pangu,raw,2018-2019,24,z1000,m^2 s^-2,65.04413862266688,0.9927962945517981,730
pangu,pangu,raw,2018-2019,24,q50,kg kg^-1,7.50957247251559e-08,0.8171725542417884,730
pangu,pangu,raw,2018-2019,24,q100,kg kg^-1,1.4209917359438017e-07,0.9268307635011346,730
pangu,pangu,raw,2018-2019,24,q200,kg kg^-1,6.321327452418261e-06,0.8966761220782596,730
pangu,pangu,raw,2018-2019,24,q300,kg kg^-1,5.0985318719686914e-05,0.9147952159112565,730
pangu,pangu,raw,2018-2019,24,q500,kg kg^-1,0.00027796836091946507,0.9353036305965394,730
pangu,pangu,raw,2018-2019,24,q700,kg kg^-1,0.0005245589151229234,0.9368492904402322,730
pangu,pangu,raw,2018-2019,24,q850,kg kg^-1,0.0006613232123919697,0.9220843261222166,730
pangu,pangu,raw,2018-2019,24,q925,kg kg^-1,0.0005124304755564479,0.9306916414798316,730
pangu,pangu,raw,2018-2019,24,q1000,kg kg^-1,0.0004245576864390989,0.9550112171814487,730
pangu,pangu,raw,2018-2019,24,t50,K,0.6456821227250261,0.9820137572205884,730
pangu,pangu,raw,2018-2019,24,t100,K,0.5366589444901158,0.9859831494363096,730
pangu,pangu,raw,2018-2019,24,t200,K,0.5404894929957316,0.9881112916438513,730
pangu,pangu,raw,2018-2019,24,t300,K,0.4311510591587392,0.98447694107119,730
pangu,pangu,raw,2018-2019,24,t500,K,0.46763659041087274,0.9878031170625077,730
pangu,pangu,raw,2018-2019,24,t700,K,0.5063335623597364,0.9861092374367705,730
pangu,pangu,raw,2018-2019,24,t850,K,0.631284112899763,0.9814209129680577,730
pangu,pangu,raw,2018-2019,24,t925,K,0.6188958349557154,0.979052222080108,730
pangu,pangu,raw,2018-2019,24,t1000,K,0.6192357582949887,0.9727745619787382,730
pangu,pangu,raw,2018-2019,24,u50,m s^-1,1.1205993793896007,0.9895370789517267,730
pangu,pangu,raw,2018-2019,24,u100,m s^-1,1.311672058546786,0.9832095740298019,730
pangu,pangu,raw,2018-2019,24,u200,m s^-1,1.8296918512924536,0.9869067528117396,730
pangu,pangu,raw,2018-2019,24,u300,m s^-1,1.9299614880679448,0.9858854660501766,730
pangu,pangu,raw,2018-2019,24,u500,m s^-1,1.4346237800011425,0.9835456013257646,730
pangu,pangu,raw,2018-2019,24,u700,m s^-1,1.2049773575587377,0.9801276271516333,730
pangu,pangu,raw,2018-2019,24,u850,m s^-1,1.1434452624509277,0.9766196754198373,730
pangu,pangu,raw,2018-2019,24,u925,m s^-1,1.080060446484737,0.977713145677816,730
pangu,pangu,raw,2018-2019,24,u1000,m s^-1,0.8532797774224121,0.9773874426539748,730
pangu,pangu,raw,2018-2019,24,v50,m s^-1,0.9896689961565481,0.977944336944463,730
pangu,pangu,raw,2018-2019,24,v100,m s^-1,1.276343114750458,0.9791316073571684,730
pangu,pangu,raw,2018-2019,24,v200,m s^-1,1.9472462810170306,0.9840082319577784,730
pangu,pangu,raw,2018-2019,24,v300,m s^-1,2.0698112020098756,0.9829619885134587,730
pangu,pangu,raw,2018-2019,24,v500,m s^-1,1.4917659580228713,0.9803164980144673,730
pangu,pangu,raw,2018-2019,24,v700,m s^-1,1.215112614684274,0.976228283516372,730
pangu,pangu,raw,2018-2019,24,v850,m s^-1,1.156074276196972,0.9721042907155528,730
pangu,pangu,raw,2018-2019,24,v925,m s^-1,1.1279798153855283,0.9742971489688603,730
pangu,pangu,raw,2018-2019,24,v1000,m s^-1,0.9097513803574121,0.9744645960177879,730
pangu,pangu,raw,2018-2019,24,u10,m s^-1,0.7675126056524046,0.9768501719541759,730
pangu,pangu,raw,2018-2019,24,v10,m s^-1,0.8109289096714886,0.9736689305408246,730
pangu,pangu,raw,2018-2019,24,t2m,K,0.6476823467324204,0.9663516616345889,730
pangu,pangu,raw,2018-2019,24,mslp,Pa,82.78291291252724,0.992712331732126,730
pangu,pangu,raw,2018-2019,72,z50,m^2 s^-2,192.24610191968077,0.9860552946022588,730
pangu,pangu,raw,2018-2019,72,z100,m^2 s^-2,137.0849782108536,0.9895932127933429,730
pangu,pangu,raw,2018-2019,72,z200,m^2 s^-2,173.86187629276117,0.9864106466953227,730
pangu,pangu,raw,2018-2019,72,z300,m^2 s^-2,202.80250677857038,0.9824491108608564,730
pangu,pangu,raw,2018-2019,72,z500,m^2 s^-2,151.90208973884123,0.9816708902928023,730
pangu,pangu,raw,2018-2019,72,z700,m^2 s^-2,120.16284123842354,0.9803064845369086,730
pangu,pangu,raw,2018-2019,72,z850,m^2 s^-2,115.17763786949669,0.9770479979671758,730
pangu,pangu,raw,2018-2019,72,z925,m^2 s^-2,118.1531468586951,0.9753434149965091,730
pangu,pangu,raw,2018-2019,72,z1000,m^2 s^-2,123.73127971188892,0.9738344863377342,730
pangu,pangu,raw,2018-2019,72,q50,kg kg^-1,1.0314462474234457e-07,0.671157133639776,730
pangu,pangu,raw,2018-2019,72,q100,kg kg^-1,2.0016392035047014e-07,0.8516947209590049,730
pangu,pangu,raw,2018-2019,72,q200,kg kg^-1,8.872411018202642e-06,0.7973490132919592,730
pangu,pangu,raw,2018-2019,72,q300,kg kg^-1,7.60712030837032e-05,0.8155385047069891,730
pangu,pangu,raw,2018-2019,72,q500,kg kg^-1,0.0004291195210095854,0.847162191731542,730
pangu,pangu,raw,2018-2019,72,q700,kg kg^-1,0.0008132733506511612,0.8494298390560346,730
pangu,pangu,raw,2018-2019,72,q850,kg kg^-1,0.0009755137205957851,0.831737829545335,730
pangu,pangu,raw,2018-2019,72,q925,kg kg^-1,0.0007180068445214694,0.8642806568987405,730
pangu,pangu,raw,2018-2019,72,q1000,kg kg^-1,0.000601172544090322,0.9101747448391683,730
pangu,pangu,raw,2018-2019,72,t50,K,0.99874006452914,0.9564660374315574,730
pangu,pangu,raw,2018-2019,72,t100,K,0.8112974367788678,0.9679200728891052,730
pangu,pangu,raw,2018-2019,72,t200,K,0.9414669627231876,0.9637958801447865,730
pangu,pangu,raw,2018-2019,72,t300,K,0.7640962988252424,0.9514221292285077,730
pangu,pangu,raw,2018-2019,72,t500,K,0.8255527578742119,0.9620568490986419,730
pangu,pangu,raw,2018-2019,72,t700,K,0.8616327653218014,0.9596863658311225,730
pangu,pangu,raw,2018-2019,72,t850,K,1.0205433300063578,0.9513981104105811,730
pangu,pangu,raw,2018-2019,72,t925,K,1.0059839016581753,0.944538488185457,730
pangu,pangu,raw,2018-2019,72,t1000,K,0.9603494960246143,0.934432653855708,730
pangu,pangu,raw,2018-2019,72,u50,m s^-1,1.775625638027514,0.9735267328121048,730
pangu,pangu,raw,2018-2019,72,u100,m s^-1,1.937998655831629,0.9632129483504879,730
pangu,pangu,raw,2018-2019,72,u200,m s^-1,3.110040207005491,0.9623344353813355,730
pangu,pangu,raw,2018-2019,72,u300,m s^-1,3.5494030534279157,0.9524104568112974,730
pangu,pangu,raw,2018-2019,72,u500,m s^-1,2.5651309701884237,0.9471140615725722,730
pangu,pangu,raw,2018-2019,72,u700,m s^-1,2.0641917236399543,0.9411887263404617,730
pangu,pangu,raw,2018-2019,72,u850,m s^-1,1.9517013991055592,0.9313429886997469,730
pangu,pangu,raw,2018-2019,72,u925,m s^-1,1.903351899498134,0.9303259684992053,730
pangu,pangu,raw,2018-2019,72,u1000,m s^-1,1.4819228442176415,0.931309848412307,730
pangu,pangu,raw,2018-2019,72,v50,m s^-1,1.4108118144179587,0.954923742172673,730
pangu,pangu,raw,2018-2019,72,v100,m s^-1,1.7909830406777287,0.958710936527978,730
pangu,pangu,raw,2018-2019,72,v200,m s^-1,3.121290978142777,0.9589163942118794,730
pangu,pangu,raw,2018-2019,72,v300,m s^-1,3.4995652673452056,0.9512268594381978,730
pangu,pangu,raw,2018-2019,72,v500,m s^-1,2.4773109400673006,0.945341574212616,730
pangu,pangu,raw,2018-2019,72,v700,m s^-1,1.9654062158622394,0.9371337372814769,730
pangu,pangu,raw,2018-2019,72,v850,m s^-1,1.8611545629599735,0.9269466626219187,730
pangu,pangu,raw,2018-2019,72,v925,m s^-1,1.858056571307939,0.929717386083893,730
pangu,pangu,raw,2018-2019,72,v1000,m s^-1,1.4881279332698052,0.9312585294706324,730
pangu,pangu,raw,2018-2019,72,u10,m s^-1,1.341978669037301,0.9286506608298694,730
pangu,pangu,raw,2018-2019,72,v10,m s^-1,1.3372027483793687,0.927869654536998,730
pangu,pangu,raw,2018-2019,72,t2m,K,0.9660658810196416,0.925050069398737,730
pangu,pangu,raw,2018-2019,72,mslp,Pa,157.37512365161152,0.973569126935243,730
pangu,pangu,raw,2018-2019,120,z50,m^2 s^-2,302.92971958132233,0.9653428749901906,730
pangu,pangu,raw,2018-2019,120,z100,m^2 s^-2,259.56895927068484,0.9623898377900125,730
pangu,pangu,raw,2018-2019,120,z200,m^2 s^-2,353.78959577246013,0.9434129301318632,730
pangu,pangu,raw,2018-2019,120,z300,m^2 s^-2,412.47580110111534,0.9270974577749502,730
pangu,pangu,raw,2018-2019,120,z500,m^2 s^-2,307.63494087849494,0.9244584250111922,730
pangu,pangu,raw,2018-2019,120,z700,m^2 s^-2,239.84315399171854,0.9210351584967854,730
pangu,pangu,raw,2018-2019,120,z850,m^2 s^-2,225.73243889242397,0.9112579234844334,730
pangu,pangu,raw,2018-2019,120,z925,m^2 s^-2,229.85937138439178,0.9061326610191611,730
pangu,pangu,raw,2018-2019,120,z1000,m^2 s^-2,238.58983276067733,0.9021762563007435,730
pangu,pangu,raw,2018-2019,120,q50,kg kg^-1,1.2190692409431074e-07,0.5711694956483969,730
pangu,pangu,raw,2018-2019,120,q100,kg kg^-1,2.4451467188005073e-07,0.7754753993882858,730
pangu,pangu,raw,2018-2019,120,q200,kg kg^-1,1.0772859032316305e-05,0.6967106405634657,730
pangu,pangu,raw,2018-2019,120,q300,kg kg^-1,9.544650227827593e-05,0.705715459476595,730
pangu,pangu,raw,2018-2019,120,q500,kg kg^-1,0.0005678180490441367,0.7326019562720383,730
pangu,pangu,raw,2018-2019,120,q700,kg kg^-1,0.0010853537712109539,0.7318773357202947,730
pangu,pangu,raw,2018-2019,120,q850,kg kg^-1,0.00126673679968377,0.7160575946001224,730
pangu,pangu,raw,2018-2019,120,q925,kg kg^-1,0.0009379596119957015,0.7683145213308794,730
pangu,pangu,raw,2018-2019,120,q1000,kg kg^-1,0.0008219639909562497,0.8322365996584828,730
pangu,pangu,raw,2018-2019,120,t50,K,1.285146107029854,0.9271539830359391,730
pangu,pangu,raw,2018-2019,120,t100,K,1.1903426167774518,0.930794497613718,730
pangu,pangu,raw,2018-2019,120,t200,K,1.6554150422790566,0.8874688274903585,730
pangu,pangu,raw,2018-2019,120,t300,K,1.2382368867867146,0.8720003354229952,730
pangu,pangu,raw,2018-2019,120,t500,K,1.4521744636433978,0.8824080727542496,730
pangu,pangu,raw,2018-2019,120,t700,K,1.475414237463516,0.8814091577050406,730
pangu,pangu,raw,2018-2019,120,t850,K,1.6547641684033778,0.8720100963561492,730
pangu,pangu,raw,2018-2019,120,t925,K,1.605106198572105,0.8587031744821924,730
pangu,pangu,raw,2018-2019,120,t1000,K,1.469067860138486,0.8469780137648336,730
pangu,pangu,raw,2018-2019,120,u50,m s^-1,2.401655220380167,0.9511619556385106,730
pangu,pangu,raw,2018-2019,120,u100,m s^-1,2.804564171198648,0.922777134750346,730
pangu,pangu,raw,2018-2019,120,u200,m s^-1,5.059936766370052,0.9002708386467453,730
pangu,pangu,raw,2018-2019,120,u300,m s^-1,5.998463997127302,0.8641037480043776,730
pangu,pangu,raw,2018-2019,120,u500,m s^-1,4.241848521536581,0.8547089651819685,730
pangu,pangu,raw,2018-2019,120,u700,m s^-1,3.3221201912890397,0.8464351035746186,730
pangu,pangu,raw,2018-2019,120,u850,m s^-1,3.136157968801268,0.8213078661199072,730
pangu,pangu,raw,2018-2019,120,u925,m s^-1,3.1239228698324037,0.8110909808291148,730
pangu,pangu,raw,2018-2019,120,u1000,m s^-1,2.4166219963575615,0.8160938930051372,730
pangu,pangu,raw,2018-2019,120,v50,m s^-1,1.9202215819492843,0.9159712221504487,730
pangu,pangu,raw,2018-2019,120,v100,m s^-1,2.634200118589232,0.9100083502782678,730
pangu,pangu,raw,2018-2019,120,v200,m s^-1,5.1059398726378,0.8893081580528018,730
pangu,pangu,raw,2018-2019,120,v300,m s^-1,5.940842399410785,0.858672954255148,730
pangu,pangu,raw,2018-2019,120,v500,m s^-1,4.114226182510086,0.847916750973521,730
pangu,pangu,raw,2018-2019,120,v700,m s^-1,3.166463900982093,0.8347642526617334,730
pangu,pangu,raw,2018-2019,120,v850,m s^-1,2.9658715003087868,0.812319069511415,730
pangu,pangu,raw,2018-2019,120,v925,m s^-1,3.017926033204721,0.8128392559422348,730
pangu,pangu,raw,2018-2019,120,v1000,m s^-1,2.401060981194072,0.8196385571189762,730
pangu,pangu,raw,2018-2019,120,u10,m s^-1,2.181530644422864,0.8100458282303042,730
pangu,pangu,raw,2018-2019,120,v10,m s^-1,2.1494235622392686,0.8120053237735283,730
pangu,pangu,raw,2018-2019,120,t2m,K,1.421216138829146,0.8383343415246853,730
pangu,pangu,raw,2018-2019,120,mslp,Pa,303.4724068649106,0.9012022266764809,730
pangu,pangu,raw,2018-2019,168,z50,m^2 s^-2,447.5390840328289,0.9244394932953656,730
pangu,pangu,raw,2018-2019,168,z100,m^2 s^-2,438.1797486641079,0.8921630883732059,730
pangu,pangu,raw,2018-2019,168,z200,m^2 s^-2,605.4990834226629,0.833508910410882,730
pangu,pangu,raw,2018-2019,168,z300,m^2 s^-2,684.908507163498,0.7983975177132845,730
pangu,pangu,raw,2018-2019,168,z500,m^2 s^-2,506.57543404384734,0.7946296788374692,730
pangu,pangu,raw,2018-2019,168,z700,m^2 s^-2,391.1213628167435,0.7894951477321404,730
pangu,pangu,raw,2018-2019,168,z850,m^2 s^-2,362.18651434587593,0.7711563140391979,730
pangu,pangu,raw,2018-2019,168,z925,m^2 s^-2,366.5856194682205,0.7609930821840775,730
pangu,pangu,raw,2018-2019,168,z1000,m^2 s^-2,378.5285789280415,0.7536087868777956,730
pangu,pangu,raw,2018-2019,168,q50,kg kg^-1,1.38445310200936e-07,0.482039959984453,730
pangu,pangu,raw,2018-2019,168,q100,kg kg^-1,2.8932599975838444e-07,0.6825120007592358,730
pangu,pangu,raw,2018-2019,168,q200,kg kg^-1,1.2639850653493751e-05,0.5752655347892558,730
pangu,pangu,raw,2018-2019,168,q300,kg kg^-1,0.00011334333728495851,0.5773935160595347,730
pangu,pangu,raw,2018-2019,168,q500,kg kg^-1,0.0006951429176650292,0.5968941730662681,730
pangu,pangu,raw,2018-2019,168,q700,kg kg^-1,0.0013476672597835142,0.5858475848619235,730
pangu,pangu,raw,2018-2019,168,q850,kg kg^-1,0.0015572282340225413,0.5705885143956476,730
pangu,pangu,raw,2018-2019,168,q925,kg kg^-1,0.0011878251376066565,0.6288821484082215,730
pangu,pangu,raw,2018-2019,168,q1000,kg kg^-1,0.0010984406857898923,0.7006522365990941,730
pangu,pangu,raw,2018-2019,168,t50,K,1.5912622192651396,0.8874762778475848,730
pangu,pangu,raw,2018-2019,168,t100,K,1.6961432189287795,0.8593192572403078,730
pangu,pangu,raw,2018-2019,168,t200,K,2.4806090216896437,0.7465737486054514,730
pangu,pangu,raw,2018-2019,168,t300,K,1.7779196974001228,0.7352312978925217,730
pangu,pangu,raw,2018-2019,168,t500,K,2.200310355171199,0.7298337204811532,730
pangu,pangu,raw,2018-2019,168,t700,K,2.223413177757626,0.7298278138738848,730
pangu,pangu,raw,2018-2019,168,t850,K,2.436303156293039,0.7221500455301209,730
pangu,pangu,raw,2018-2019,168,t925,K,2.322010226113224,0.7044446278731304,730
pangu,pangu,raw,2018-2019,168,t1000,K,2.0690768562079906,0.697564480550541,730
pangu,pangu,raw,2018-2019,168,u50,m s^-1,3.182512509948115,0.9135300272614761,730
pangu,pangu,raw,2018-2019,168,u100,m s^-1,4.037705731692457,0.8397622178223249,730
pangu,pangu,raw,2018-2019,168,u200,m s^-1,7.529293101171366,0.7786607487627667,730
pangu,pangu,raw,2018-2019,168,u300,m s^-1,8.710798606437782,0.7129438048302801,730
pangu,pangu,raw,2018-2019,168,u500,m s^-1,6.085620431131709,0.699943274598011,730
pangu,pangu,raw,2018-2019,168,u700,m s^-1,4.70469371911019,0.6903974602621376,730
pangu,pangu,raw,2018-2019,168,u850,m s^-1,4.387808884442903,0.6485166761013142,730
pangu,pangu,raw,2018-2019,168,u925,m s^-1,4.385979004877484,0.6261552035976806,730
pangu,pangu,raw,2018-2019,168,u1000,m s^-1,3.4028948946835507,0.6337424665942061,730
pangu,pangu,raw,2018-2019,168,v50,m s^-1,2.6744286523067284,0.8372271324166876,730
pangu,pangu,raw,2018-2019,168,v100,m s^-1,3.9057743407890886,0.8014120611744249,730
pangu,pangu,raw,2018-2019,168,v200,m s^-1,7.74827677995821,0.7442351906001778,730
pangu,pangu,raw,2018-2019,168,v300,m s^-1,8.815381764790684,0.6881595303231107,730
pangu,pangu,raw,2018-2019,168,v500,m s^-1,6.001698332633767,0.6751297923623466,730
pangu,pangu,raw,2018-2019,168,v700,m s^-1,4.531431234606815,0.6598170258517653,730
pangu,pangu,raw,2018-2019,168,v850,m s^-1,4.184285173727459,0.6248029095747418,730
pangu,pangu,raw,2018-2019,168,v925,m s^-1,4.293020305062222,0.6203638414347074,730
pangu,pangu,raw,2018-2019,168,v1000,m s^-1,3.436132545545527,0.629997710225838,730
pangu,pangu,raw,2018-2019,168,u10,m s^-1,3.048763363190304,0.627247877405459,730
pangu,pangu,raw,2018-2019,168,v10,m s^-1,3.0499286696168926,0.620716701718656,730
pangu,pangu,raw,2018-2019,168,t2m,K,1.9518772675993479,0.6968228155772026,730
pangu,pangu,raw,2018-2019,168,mslp,Pa,481.24165831811627,0.7514912754525391,730
pangu,pangu,raw,2018-2019,240,z50,m^2 s^-2,702.103764984519,0.8139292362680167,730
pangu,pangu,raw,2018-2019,240,z100,m^2 s^-2,728.9463785753962,0.6987829683107858,730
pangu,pangu,raw,2018-2019,240,z200,m^2 s^-2,966.7230055372281,0.5727533450433882,730
pangu,pangu,raw,2018-2019,240,z300,m^2 s^-2,1048.9790269460123,0.5251275775768605,730
pangu,pangu,raw,2018-2019,240,z500,m^2 s^-2,770.471032097489,0.5229089359659238,730
pangu,pangu,raw,2018-2019,240,z700,m^2 s^-2,590.6342095389833,0.5178890133735987,730
pangu,pangu,raw,2018-2019,240,z850,m^2 s^-2,536.9531934302388,0.4955082776626094,730
pangu,pangu,raw,2018-2019,240,z925,m^2 s^-2,539.0106443293513,0.48214183729124055,730
pangu,pangu,raw,2018-2019,240,z1000,m^2 s^-2,553.3741025061494,0.4726369137506884,730
pangu,pangu,raw,2018-2019,240,q50,kg kg^-1,1.5956760462944515e-07,0.36389778204640716,730
pangu,pangu,raw,2018-2019,240,q100,kg kg^-1,3.557863663860427e-07,0.5191014730457927,730
pangu,pangu,raw,2018-2019,240,q200,kg kg^-1,1.5164417388343828e-05,0.37421110111079375,730
pangu,pangu,raw,2018-2019,240,q300,kg kg^-1,0.00013640472370915396,0.37668890500554414,730
pangu,pangu,raw,2018-2019,240,q500,kg kg^-1,0.0008490040114659673,0.391418670151716,730
pangu,pangu,raw,2018-2019,240,q700,kg kg^-1,0.0016509716973303402,0.3725431847442456,730
pangu,pangu,raw,2018-2019,240,q850,kg kg^-1,0.0018985998902480662,0.35923654841627706,730
pangu,pangu,raw,2018-2019,240,q925,kg kg^-1,0.0015103213842134924,0.4023640853239614,730
pangu,pangu,raw,2018-2019,240,q1000,kg kg^-1,0.001476416025619107,0.4591655552344867,730
pangu,pangu,raw,2018-2019,240,t50,K,2.1301724062446548,0.7978239227510965,730
pangu,pangu,raw,2018-2019,240,t100,K,2.488510816835046,0.6982057078894465,730
pangu,pangu,raw,2018-2019,240,t200,K,3.4543121816773796,0.5082306978436629,730
pangu,pangu,raw,2018-2019,240,t300,K,2.472996006726949,0.48568095609321604,730
pangu,pangu,raw,2018-2019,240,t500,K,3.124779494148389,0.45615715815947516,730
pangu,pangu,raw,2018-2019,240,t700,K,3.1650557250824307,0.45286140671380204,730
pangu,pangu,raw,2018-2019,240,t850,K,3.430837424629135,0.45050982911740917,730
pangu,pangu,raw,2018-2019,240,t925,K,3.2112762389467324,0.43710236520169726,730
pangu,pangu,raw,2018-2019,240,t1000,K,2.825547227797422,0.44009290855645444,730
pangu,pangu,raw,2018-2019,240,u50,m s^-1,4.510149352395973,0.8243279743351166,730
pangu,pangu,raw,2018-2019,240,u100,m s^-1,6.049718685858763,0.6409215620804681,730
pangu,pangu,raw,2018-2019,240,u200,m s^-1,10.940655760340043,0.5328191693819148,730
pangu,pangu,raw,2018-2019,240,u300,m s^-1,11.98918903251008,0.4555674469113673,730
pangu,pangu,raw,2018-2019,240,u500,m s^-1,8.293667660379965,0.4410081143262812,730
pangu,pangu,raw,2018-2019,240,u700,m s^-1,6.352401900120523,0.43414017954720036,730
pangu,pangu,raw,2018-2019,240,u850,m s^-1,5.786095515493052,0.38881126365035196,730
pangu,pangu,raw,2018-2019,240,u925,m s^-1,5.737891567504221,0.3614622743021314,730
pangu,pangu,raw,2018-2019,240,u1000,m s^-1,4.472668044443308,0.36808012379669974,730
pangu,pangu,raw,2018-2019,240,v50,m s^-1,3.983293213039795,0.6364457023878048,730
pangu,pangu,raw,2018-2019,240,v100,m s^-1,5.918157179875857,0.5405287743974382,730
pangu,pangu,raw,2018-2019,240,v200,m s^-1,11.37285507034057,0.44634052696016613,730
pangu,pangu,raw,2018-2019,240,v300,m s^-1,12.325050729931625,0.38963139774765165,730
pangu,pangu,raw,2018-2019,240,v500,m s^-1,8.25257918950399,0.3833074855150475,730
pangu,pangu,raw,2018-2019,240,v700,m s^-1,6.121399406149324,0.37394912278041104,730
pangu,pangu,raw,2018-2019,240,v850,m s^-1,5.515516782746567,0.3422711312970929,730
pangu,pangu,raw,2018-2019,240,v925,m s^-1,5.667563109122789,0.3337374622139688,730
pangu,pangu,raw,2018-2019,240,v1000,m s^-1,4.580057521501526,0.3399630873556889,730
pangu,pangu,raw,2018-2019,240,u10,m s^-1,3.9783235667174823,0.36565001611030723,730
pangu,pangu,raw,2018-2019,240,v10,m s^-1,4.033797383101952,0.33321796410418425,730
pangu,pangu,raw,2018-2019,240,t2m,K,2.6385463570525207,0.4508090184872221,730
pangu,pangu,raw,2018-2019,240,mslp,Pa,702.3644927167666,0.4703528625820795,730
pangu,pangu,sphere_ttc,2018-2019,24,z50,m^2 s^-2,96.71892495336822,0.9964671982965114,730
pangu,pangu,sphere_ttc,2018-2019,24,z100,m^2 s^-2,68.52052163622756,0.9974100465818344,730
pangu,pangu,sphere_ttc,2018-2019,24,z200,m^2 s^-2,82.04516234356682,0.9969804427803782,730
pangu,pangu,sphere_ttc,2018-2019,24,z300,m^2 s^-2,92.27890752133166,0.9963666187450402,730
pangu,pangu,sphere_ttc,2018-2019,24,z500,m^2 s^-2,69.3058934268649,0.996196053582955,730
pangu,pangu,sphere_ttc,2018-2019,24,z700,m^2 s^-2,56.59067417186925,0.9956513684434541,730
pangu,pangu,sphere_ttc,2018-2019,24,z850,m^2 s^-2,55.3210778450283,0.9947291403589317,730
pangu,pangu,sphere_ttc,2018-2019,24,z925,m^2 s^-2,56.830415164153905,0.9943173617882848,730
pangu,pangu,sphere_ttc,2018-2019,24,z1000,m^2 s^-2,59.73774390233164,0.9939214349085187,730
pangu,pangu,sphere_ttc,2018-2019,24,q50,kg kg^-1,7.47919467125836e-08,0.8186301646144857,730
pangu,pangu,sphere_ttc,2018-2019,24,q100,kg kg^-1,1.420959858879227e-07,0.9268341744418358,730
pangu,pangu,sphere_ttc,2018-2019,24,q200,kg kg^-1,6.2710484996822796e-06,0.8971002949763126,730
pangu,pangu,sphere_ttc,2018-2019,24,q300,kg kg^-1,5.039643380891021e-05,0.9151325344903704,730
pangu,pangu,sphere_ttc,2018-2019,24,q500,kg kg^-1,0.0002766141405053441,0.935660845976011,730
pangu,pangu,sphere_ttc,2018-2019,24,q700,kg kg^-1,0.0005217804125430262,0.937189782754467,730
pangu,pangu,sphere_ttc,2018-2019,24,q850,kg kg^-1,0.0006560217694921741,0.9227237903577737,730
pangu,pangu,sphere_ttc,2018-2019,24,q925,kg kg^-1,0.0005039132216043723,0.9323471952615586,730
pangu,pangu,sphere_ttc,2018-2019,24,q1000,kg kg^-1,0.00041656953453638064,0.9564238394322959,730
pangu,pangu,sphere_ttc,2018-2019,24,t50,K,0.6362437702376199,0.9825383767008186,730
pangu,pangu,sphere_ttc,2018-2019,24,t100,K,0.5250163279933402,0.9865733124049698,730
pangu,pangu,sphere_ttc,2018-2019,24,t200,K,0.49775090559305935,0.9899106128499741,730
pangu,pangu,sphere_ttc,2018-2019,24,t300,K,0.41367884599741667,0.9857007149915252,730
pangu,pangu,sphere_ttc,2018-2019,24,t500,K,0.4387400435956519,0.989226533792559,730
pangu,pangu,sphere_ttc,2018-2019,24,t700,K,0.47832855586392936,0.9876011233989306,730
pangu,pangu,sphere_ttc,2018-2019,24,t850,K,0.609003639487986,0.9826814109841426,730
pangu,pangu,sphere_ttc,2018-2019,24,t925,K,0.5987765994897248,0.980362104565932,730
pangu,pangu,sphere_ttc,2018-2019,24,t1000,K,0.5984169977351023,0.9745224146396884,730
pangu,pangu,sphere_ttc,2018-2019,24,u50,m s^-1,1.1027345579538128,0.9898701341408392,730
pangu,pangu,sphere_ttc,2018-2019,24,u100,m s^-1,1.3032582428404982,0.9834212290867012,730
pangu,pangu,sphere_ttc,2018-2019,24,u200,m s^-1,1.7865869324549977,0.9875059236468199,730
pangu,pangu,sphere_ttc,2018-2019,24,u300,m s^-1,1.88092473728212,0.9865731761901955,730
pangu,pangu,sphere_ttc,2018-2019,24,u500,m s^-1,1.41069256887999,0.9840821925696464,730
pangu,pangu,sphere_ttc,2018-2019,24,u700,m s^-1,1.1945965770122047,0.9804661788666877,730
pangu,pangu,sphere_ttc,2018-2019,24,u850,m s^-1,1.1289544454661027,0.9771914260053347,730
pangu,pangu,sphere_ttc,2018-2019,24,u925,m s^-1,1.0612039784840381,0.9784630631358249,730
pangu,pangu,sphere_ttc,2018-2019,24,u1000,m s^-1,0.8381474645256812,0.9781724744530562,730
pangu,pangu,sphere_ttc,2018-2019,24,v50,m s^-1,0.9607992922545032,0.9791786040697905,730
pangu,pangu,sphere_ttc,2018-2019,24,v100,m s^-1,1.238966862153718,0.9803139607187248,730
pangu,pangu,sphere_ttc,2018-2019,24,v200,m s^-1,1.8204316061623182,0.9860060553055193,730
pangu,pangu,sphere_ttc,2018-2019,24,v300,m s^-1,1.908280690984898,0.9854826578358202,730
pangu,pangu,sphere_ttc,2018-2019,24,v500,m s^-1,1.3996042938459297,0.9826487341601929,730
pangu,pangu,sphere_ttc,2018-2019,24,v700,m s^-1,1.1626334189943426,0.9782307148441451,730
pangu,pangu,sphere_ttc,2018-2019,24,v850,m s^-1,1.1085102047277353,0.9743099107835215,730
pangu,pangu,sphere_ttc,2018-2019,24,v925,m s^-1,1.0726216746578356,0.9767039526853363,730
pangu,pangu,sphere_ttc,2018-2019,24,v1000,m s^-1,0.8681472013237985,0.9766930861065874,730
pangu,pangu,sphere_ttc,2018-2019,24,u10,m s^-1,0.7536128884615089,0.9776697120478416,730
pangu,pangu,sphere_ttc,2018-2019,24,v10,m s^-1,0.7746802787233611,0.9759198284846047,730
pangu,pangu,sphere_ttc,2018-2019,24,t2m,K,0.6275939644350553,0.9683654089454379,730
pangu,pangu,sphere_ttc,2018-2019,24,mslp,Pa,76.2162899554449,0.9938202185121698,730
pangu,pangu,sphere_ttc,2018-2019,72,z50,m^2 s^-2,191.7856247938528,0.986105101600502,730
pangu,pangu,sphere_ttc,2018-2019,72,z100,m^2 s^-2,133.7715840903986,0.9900965832216873,730
pangu,pangu,sphere_ttc,2018-2019,72,z200,m^2 s^-2,169.28902167473544,0.9870946582146991,730
pangu,pangu,sphere_ttc,2018-2019,72,z300,m^2 s^-2,198.3992317350029,0.9831427624790537,730
pangu,pangu,sphere_ttc,2018-2019,72,z500,m^2 s^-2,150.3318850038543,0.9820246423763844,730
pangu,pangu,sphere_ttc,2018-2019,72,z700,m^2 s^-2,119.69040565364027,0.9804499230794799,730
pangu,pangu,sphere_ttc,2018-2019,72,z850,m^2 s^-2,114.51443289382443,0.9772906291150252,730
pangu,pangu,sphere_ttc,2018-2019,72,z925,m^2 s^-2,116.78017492109645,0.9758692190728192,730
pangu,pangu,sphere_ttc,2018-2019,72,z1000,m^2 s^-2,121.47422535289375,0.9747091095126522,730
pangu,pangu,sphere_ttc,2018-2019,72,q50,kg kg^-1,1.0207964969098074e-07,0.6766309567220846,730
pangu,pangu,sphere_ttc,2018-2019,72,q100,kg kg^-1,2.0009932021017634e-07,0.8517928540568733,730
pangu,pangu,sphere_ttc,2018-2019,72,q200,kg kg^-1,8.658672891562747e-06,0.7993309542652544,730
pangu,pangu,sphere_ttc,2018-2019,72,q300,kg kg^-1,7.411546225833414e-05,0.8156738556840973,730
pangu,pangu,sphere_ttc,2018-2019,72,q500,kg kg^-1,0.0004214806367362215,0.8497585791749227,730
pangu,pangu,sphere_ttc,2018-2019,72,q700,kg kg^-1,0.0008051254649313599,0.8501712702806812,730
pangu,pangu,sphere_ttc,2018-2019,72,q850,kg kg^-1,0.0009648956659312459,0.8323041819138817,730
pangu,pangu,sphere_ttc,2018-2019,72,q925,kg kg^-1,0.0007047101859124443,0.8670091822173501,730
pangu,pangu,sphere_ttc,2018-2019,72,q1000,kg kg^-1,0.0005883018499247182,0.9127430938670602,730
pangu,pangu,sphere_ttc,2018-2019,72,t50,K,0.9863751651955565,0.9575159630621728,730
pangu,pangu,sphere_ttc,2018-2019,72,t100,K,0.8027598772885732,0.968526747782845,730
pangu,pangu,sphere_ttc,2018-2019,72,t200,K,0.926454390473884,0.9648405909559222,730
pangu,pangu,sphere_ttc,2018-2019,72,t300,K,0.756740530570471,0.9521330609476998,730
pangu,pangu,sphere_ttc,2018-2019,72,t500,K,0.8139023169144947,0.9628487123237054,730
pangu,pangu,sphere_ttc,2018-2019,72,t700,K,0.8405101664470298,0.9614714317108801,730
pangu,pangu,sphere_ttc,2018-2019,72,t850,K,0.9932507007154694,0.9536634051743883,730
pangu,pangu,sphere_ttc,2018-2019,72,t925,K,0.9745404045672046,0.9476256999932292,730
pangu,pangu,sphere_ttc,2018-2019,72,t1000,K,0.9155301443396805,0.9399488683371066,730
pangu,pangu,sphere_ttc,2018-2019,72,u50,m s^-1,1.7321520536368955,0.9748304333387049,730
pangu,pangu,sphere_ttc,2018-2019,72,u100,m s^-1,1.9345645302889245,0.9633304288667818,730
pangu,pangu,sphere_ttc,2018-2019,72,u200,m s^-1,3.0961721500652906,0.9625726467361269,730
pangu,pangu,sphere_ttc,2018-2019,72,u300,m s^-1,3.5373065654631155,0.9525957996410432,730
pangu,pangu,sphere_ttc,2018-2019,72,u500,m s^-1,2.5635985404718586,0.9471571508135247,730
pangu,pangu,sphere_ttc,2018-2019,72,u700,m s^-1,2.0635475099555647,0.9412171424488116,730
pangu,pangu,sphere_ttc,2018-2019,72,u850,m s^-1,1.949356749378299,0.9314543730233943,730
pangu,pangu,sphere_ttc,2018-2019,72,u925,m s^-1,1.899466562626619,0.9305051375487581,730
pangu,pangu,sphere_ttc,2018-2019,72,u1000,m s^-1,1.4789721663694746,0.9314965215087784,730
pangu,pangu,sphere_ttc,2018-2019,72,v50,m s^-1,1.4058763492730955,0.9551861610842072,730
pangu,pangu,sphere_ttc,2018-2019,72,v100,m s^-1,1.7820181482755342,0.9590623055389426,730
pangu,pangu,sphere_ttc,2018-2019,72,v200,m s^-1,3.067092662591973,0.9600944824172931,730
pangu,pangu,sphere_ttc,2018-2019,72,v300,m s^-1,3.4381323502361734,0.9526015484602226,730
pangu,pangu,sphere_ttc,2018-2019,72,v500,m s^-1,2.447379930410354,0.9464572391505354,730
pangu,pangu,sphere_ttc,2018-2019,72,v700,m s^-1,1.9510832836737444,0.9379326586783113,730
pangu,pangu,sphere_ttc,2018-2019,72,v850,m s^-1,1.844760700124271,0.9279898307160926,730
pangu,pangu,sphere_ttc,2018-2019,72,v925,m s^-1,1.8374945336988315,0.9309469821822699,730
pangu,pangu,sphere_ttc,2018-2019,72,v1000,m s^-1,1.472236086839901,0.9323965715143052,730
pangu,pangu,sphere_ttc,2018-2019,72,u10,m s^-1,1.3393730398002854,0.9288419820900564,730
pangu,pangu,sphere_ttc,2018-2019,72,v10,m s^-1,1.3239639458830064,0.9289810543239461,730
pangu,pangu,sphere_ttc,2018-2019,72,t2m,K,0.9197668291224127,0.9315340005113587,730
pangu,pangu,sphere_ttc,2018-2019,72,mslp,Pa,154.64896050710072,0.9744042569633953,730
pangu,pangu,sphere_ttc,2018-2019,120,z50,m^2 s^-2,303.1814247834843,0.9651931061161411,730
pangu,pangu,sphere_ttc,2018-2019,120,z100,m^2 s^-2,254.68110650433803,0.9637820474608556,730
pangu,pangu,sphere_ttc,2018-2019,120,z200,m^2 s^-2,350.61098692634755,0.9441447277190452,730
pangu,pangu,sphere_ttc,2018-2019,120,z300,m^2 s^-2,409.69217788307697,0.9275907529804832,730
pangu,pangu,sphere_ttc,2018-2019,120,z500,m^2 s^-2,306.79134240910906,0.9246076891500715,730
pangu,pangu,sphere_ttc,2018-2019,120,z700,m^2 s^-2,239.42688262226835,0.9211351937558069,730
pangu,pangu,sphere_ttc,2018-2019,120,z850,m^2 s^-2,225.13871322268585,0.9114057126242053,730
pangu,pangu,sphere_ttc,2018-2019,120,z925,m^2 s^-2,228.9103723739325,0.9063578118103025,730
pangu,pangu,sphere_ttc,2018-2019,120,z1000,m^2 s^-2,237.16460513836512,0.9025619167897394,730
pangu,pangu,sphere_ttc,2018-2019,120,q50,kg kg^-1,1.2005008004721038e-07,0.5800133388016001,730
pangu,pangu,sphere_ttc,2018-2019,120,q100,kg kg^-1,2.443043645271861e-07,0.775851029185176,730
pangu,pangu,sphere_ttc,2018-2019,120,q200,kg kg^-1,1.0406445611543238e-05,0.7003758250655547,730
pangu,pangu,sphere_ttc,2018-2019,120,q300,kg kg^-1,9.250890751475908e-05,0.704293523862526,730
pangu,pangu,sphere_ttc,2018-2019,120,q500,kg kg^-1,0.0005531765524424926,0.7364125401283695,730
pangu,pangu,sphere_ttc,2018-2019,120,q700,kg kg^-1,0.001067908668705689,0.7321995723723953,730
pangu,pangu,sphere_ttc,2018-2019,120,q850,kg kg^-1,0.0012487991578344865,0.715151053258,730
pangu,pangu,sphere_ttc,2018-2019,120,q925,kg kg^-1,0.000918106279045953,0.7714184893404925,730
pangu,pangu,sphere_ttc,2018-2019,120,q1000,kg kg^-1,0.0008040205879030329,0.835056451489292,730
pangu,pangu,sphere_ttc,2018-2019,120,t50,K,1.2636285481289578,0.9294708796572226,730
pangu,pangu,sphere_ttc,2018-2019,120,t100,K,1.179251381388898,0.9317416769016045,730
pangu,pangu,sphere_ttc,2018-2019,120,t200,K,1.639561073136752,0.8884868131484139,730
pangu,pangu,sphere_ttc,2018-2019,120,t300,K,1.2238127748724381,0.8729776542138806,730
pangu,pangu,sphere_ttc,2018-2019,120,t500,K,1.431857188465679,0.8832689641742275,730
pangu,pangu,sphere_ttc,2018-2019,120,t700,K,1.4431088936516052,0.8842336506011539,730
pangu,pangu,sphere_ttc,2018-2019,120,t850,K,1.6160449087498934,0.8751393044416435,730
pangu,pangu,sphere_ttc,2018-2019,120,t925,K,1.5621617278675908,0.8630433964802651,730
pangu,pangu,sphere_ttc,2018-2019,120,t1000,K,1.4052615389437797,0.8561128871963581,730
pangu,pangu,sphere_ttc,2018-2019,120,u50,m s^-1,2.3530461778975074,0.953202934324635,730
pangu,pangu,sphere_ttc,2018-2019,120,u100,m s^-1,2.7986503513765397,0.9229795210360175,730
pangu,pangu,sphere_ttc,2018-2019,120,u200,m s^-1,5.042696713796815,0.900444329979221,730
pangu,pangu,sphere_ttc,2018-2019,120,u300,m s^-1,5.972950335566784,0.8639381587705093,730
pangu,pangu,sphere_ttc,2018-2019,120,u500,m s^-1,4.2337199495180196,0.854631956488953,730
pangu,pangu,sphere_ttc,2018-2019,120,u700,m s^-1,3.318376518951452,0.8463976748513204,730
pangu,pangu,sphere_ttc,2018-2019,120,u850,m s^-1,3.1273367706101163,0.8211384862019839,730
pangu,pangu,sphere_ttc,2018-2019,120,u925,m s^-1,3.110325997168514,0.810720323812111,730
pangu,pangu,sphere_ttc,2018-2019,120,u1000,m s^-1,2.4073994101498637,0.8157969185993368,730
pangu,pangu,sphere_ttc,2018-2019,120,v50,m s^-1,1.9172986229640743,0.9160426633466272,730
pangu,pangu,sphere_ttc,2018-2019,120,v100,m s^-1,2.631334162595447,0.9100719555022323,730
pangu,pangu,sphere_ttc,2018-2019,120,v200,m s^-1,5.069062120321483,0.889741963412293,730
pangu,pangu,sphere_ttc,2018-2019,120,v300,m s^-1,5.8865279756360716,0.8588014589081802,730
pangu,pangu,sphere_ttc,2018-2019,120,v500,m s^-1,4.087053858576733,0.8479852232032244,730
pangu,pangu,sphere_ttc,2018-2019,120,v700,m s^-1,3.153818064180248,0.8348137408013512,730
pangu,pangu,sphere_ttc,2018-2019,120,v850,m s^-1,2.947635481366981,0.8121901558639842,730
pangu,pangu,sphere_ttc,2018-2019,120,v925,m s^-1,2.9953983516445017,0.8126306391587045,730
pangu,pangu,sphere_ttc,2018-2019,120,v1000,m s^-1,2.3853916602141703,0.8194143057406491,730
pangu,pangu,sphere_ttc,2018-2019,120,u10,m s^-1,2.1725105515152894,0.8097453222178882,730
pangu,pangu,sphere_ttc,2018-2019,120,v10,m s^-1,2.1348906852321505,0.8117279675562197,730
pangu,pangu,sphere_ttc,2018-2019,120,t2m,K,1.3527437534498876,0.8495408215198066,730
pangu,pangu,sphere_ttc,2018-2019,120,mslp,Pa,301.6624124802125,0.9015692050239158,730
pangu,pangu,sphere_ttc,2018-2019,168,z50,m^2 s^-2,447.9404065832387,0.9237566980101583,730
pangu,pangu,sphere_ttc,2018-2019,168,z100,m^2 s^-2,427.44512459599053,0.8961731527630878,730
pangu,pangu,sphere_ttc,2018-2019,168,z200,m^2 s^-2,593.2374753788918,0.8356813459503194,730
pangu,pangu,sphere_ttc,2018-2019,168,z300,m^2 s^-2,667.5589242596737,0.7999397421179929,730
pangu,pangu,sphere_ttc,2018-2019,168,z500,m^2 s^-2,496.76450378168704,0.7950643213231995,730
pangu,pangu,sphere_ttc,2018-2019,168,z700,m^2 s^-2,385.1034249424397,0.7892461316339051,730
pangu,pangu,sphere_ttc,2018-2019,168,z850,m^2 s^-2,355.19461150918755,0.770609079295509,730
pangu,pangu,sphere_ttc,2018-2019,168,z925,m^2 s^-2,357.674395261208,0.7605514284053196,730
pangu,pangu,sphere_ttc,2018-2019,168,z1000,m^2 s^-2,367.7932004282434,0.7534410917429784,730
pangu,pangu,sphere_ttc,2018-2019,168,q50,kg kg^-1,1.3586897062995106e-07,0.4930896165998433,730
pangu,pangu,sphere_ttc,2018-2019,168,q100,kg kg^-1,2.8889947667542784e-07,0.6833444919197864,730
pangu,pangu,sphere_ttc,2018-2019,168,q200,kg kg^-1,1.2023853713737348e-05,0.5813362577456711,730
pangu,pangu,sphere_ttc,2018-2019,168,q300,kg kg^-1,0.00010874585206517105,0.5726562395329414,730
pangu,pangu,sphere_ttc,2018-2019,168,q500,kg kg^-1,0.0006713133793835487,0.5983592512133555,730
pangu,pangu,sphere_ttc,2018-2019,168,q700,kg kg^-1,0.0013118304014751616,0.5825808921346537,730
pangu,pangu,sphere_ttc,2018-2019,168,q850,kg kg^-1,0.001519646907746153,0.5654526551545122,730
pangu,pangu,sphere_ttc,2018-2019,168,q925,kg kg^-1,0.0011510710132642621,0.6306099877526588,730
pangu,pangu,sphere_ttc,2018-2019,168,q1000,kg kg^-1,0.0010657704915853284,0.701580072643447,730
pangu,pangu,sphere_ttc,2018-2019,168,t50,K,1.5590080756955416,0.891545388839723,730
pangu,pangu,sphere_ttc,2018-2019,168,t100,K,1.675411005209033,0.8605617940564305,730
pangu,pangu,sphere_ttc,2018-2019,168,t200,K,2.392796592287241,0.7501000610254689,730
pangu,pangu,sphere_ttc,2018-2019,168,t300,K,1.721502378447099,0.7365052618470668,730
pangu,pangu,sphere_ttc,2018-2019,168,t500,K,2.1149176954162168,0.7301354978148729,730
pangu,pangu,sphere_ttc,2018-2019,168,t700,K,2.130947286633721,0.7339162358043483,730
pangu,pangu,sphere_ttc,2018-2019,168,t850,K,2.3416409943615415,0.7251524017883657,730
pangu,pangu,sphere_ttc,2018-2019,168,t925,K,2.229768883473866,0.7089061155164534,730
pangu,pangu,sphere_ttc,2018-2019,168,t1000,K,1.963266288496074,0.7090545366551096,730
pangu,pangu,sphere_ttc,2018-2019,168,u50,m s^-1,3.120130216732532,0.9169015161764935,730
pangu,pangu,sphere_ttc,2018-2019,168,u100,m s^-1,4.016608919668057,0.8400878298695663,730
pangu,pangu,sphere_ttc,2018-2019,168,u200,m s^-1,7.408675395602886,0.7782054243383415,730
pangu,pangu,sphere_ttc,2018-2019,168,u300,m s^-1,8.514919859420415,0.70906125197217,730
pangu,pangu,sphere_ttc,2018-2019,168,u500,m s^-1,5.968808657460482,0.6961011234723655,730
pangu,pangu,sphere_ttc,2018-2019,168,u700,m s^-1,4.621325803853444,0.6871914302642289,730
pangu,pangu,sphere_ttc,2018-2019,168,u850,m s^-1,4.288922318335729,0.6430812168124246,730
pangu,pangu,sphere_ttc,2018-2019,168,u925,m s^-1,4.271470363702036,0.6189285424730507,730
pangu,pangu,sphere_ttc,2018-2019,168,u1000,m s^-1,3.3173264372067317,0.6272166011810179,730
pangu,pangu,sphere_ttc,2018-2019,168,v50,m s^-1,2.661138461018889,0.8360367179124126,730
pangu,pangu,sphere_ttc,2018-2019,168,v100,m s^-1,3.859549627986023,0.8012448516393212,730
pangu,pangu,sphere_ttc,2018-2019,168,v200,m s^-1,7.532197969692534,0.7428984607096326,730
pangu,pangu,sphere_ttc,2018-2019,168,v300,m s^-1,8.524823049355362,0.683397948294629,730
pangu,pangu,sphere_ttc,2018-2019,168,v500,m s^-1,5.813528441076892,0.6705785361686294,730
pangu,pangu,sphere_ttc,2018-2019,168,v700,m s^-1,4.4024840080696785,0.6551697223940646,730
pangu,pangu,sphere_ttc,2018-2019,168,v850,m s^-1,4.053699678702286,0.6178631233288394,730
pangu,pangu,sphere_ttc,2018-2019,168,v925,m s^-1,4.152867469543921,0.6125609801064089,730
pangu,pangu,sphere_ttc,2018-2019,168,v1000,m s^-1,3.329837837743171,0.6225860596727009,730
pangu,pangu,sphere_ttc,2018-2019,168,u10,m s^-1,2.970475323143794,0.6205824955014906,730
pangu,pangu,sphere_ttc,2018-2019,168,v10,m s^-1,2.953951272640266,0.6129785650681255,730
pangu,pangu,sphere_ttc,2018-2019,168,t2m,K,1.8459485334946324,0.7113649168294344,730
pangu,pangu,sphere_ttc,2018-2019,168,mslp,Pa,467.55064706013695,0.7511575215840708,730
pangu,pangu,sphere_ttc,2018-2019,240,z50,m^2 s^-2,688.0913927248912,0.8163801016644504,730
pangu,pangu,sphere_ttc,2018-2019,240,z100,m^2 s^-2,675.0632968958723,0.721419941870308,730
pangu,pangu,sphere_ttc,2018-2019,240,z200,m^2 s^-2,890.6423103100277,0.583413768106928,730
pangu,pangu,sphere_ttc,2018-2019,240,z300,m^2 s^-2,963.813303515019,0.5258504515662695,730
pangu,pangu,sphere_ttc,2018-2019,240,z500,m^2 s^-2,711.3469549260292,0.5202983546567602,730
pangu,pangu,sphere_ttc,2018-2019,240,z700,m^2 s^-2,546.2377854540141,0.5126454619765785,730
pangu,pangu,sphere_ttc,2018-2019,240,z850,m^2 s^-2,494.56535387665093,0.4861851917096242,730
pangu,pangu,sphere_ttc,2018-2019,240,z925,m^2 s^-2,494.609659555232,0.4706158743147659,730
pangu,pangu,sphere_ttc,2018-2019,240,z1000,m^2 s^-2,506.86659636548364,0.4596962186897706,730
pangu,pangu,sphere_ttc,2018-2019,240,q50,kg kg^-1,1.5608812046978374e-07,0.3762484660507651,730
pangu,pangu,sphere_ttc,2018-2019,240,q100,kg kg^-1,3.5485441886668153e-07,0.5208300187801042,730
pangu,pangu,sphere_ttc,2018-2019,240,q200,kg kg^-1,1.4007404644377355e-05,0.39040078368914505,730
pangu,pangu,sphere_ttc,2018-2019,240,q300,kg kg^-1,0.00012742747558571558,0.3699748830604376,730
pangu,pangu,sphere_ttc,2018-2019,240,q500,kg kg^-1,0.0008009772322677527,0.39010522623230715,730
pangu,pangu,sphere_ttc,2018-2019,240,q700,kg kg^-1,0.0015710595032956286,0.36342061717792074,730
pangu,pangu,sphere_ttc,2018-2019,240,q850,kg kg^-1,0.001811525133865294,0.34824822059832733,730
pangu,pangu,sphere_ttc,2018-2019,240,q925,kg kg^-1,0.0014236758415129944,0.40225982194424315,730
pangu,pangu,sphere_ttc,2018-2019,240,q1000,kg kg^-1,0.00138756468750552,0.45438270523312646,730
pangu,pangu,sphere_ttc,2018-2019,240,t50,K,2.052464358116564,0.8082619671256037,730
pangu,pangu,sphere_ttc,2018-2019,240,t100,K,2.3717773346065227,0.7026858136561812,730
pangu,pangu,sphere_ttc,2018-2019,240,t200,K,3.1732863637985234,0.5152405088918629,730
pangu,pangu,sphere_ttc,2018-2019,240,t300,K,2.277818549546061,0.48929153856918745,730
pangu,pangu,sphere_ttc,2018-2019,240,t500,K,2.8541899453158424,0.44815553141979436,730
pangu,pangu,sphere_ttc,2018-2019,240,t700,K,2.8887810550157207,0.45262871970431906,730
pangu,pangu,sphere_ttc,2018-2019,240,t850,K,3.1496006152562557,0.44720901877994323,730
pangu,pangu,sphere_ttc,2018-2019,240,t925,K,2.9641641784426622,0.4377637649954617,730
pangu,pangu,sphere_ttc,2018-2019,240,t1000,K,2.5985739335645603,0.4543568412691706,730
pangu,pangu,sphere_ttc,2018-2019,240,u50,m s^-1,4.343662866357769,0.8348542294432939,730
pangu,pangu,sphere_ttc,2018-2019,240,u100,m s^-1,5.801061390014031,0.6408322253884744,730
pangu,pangu,sphere_ttc,2018-2019,240,u200,m s^-1,10.26973441504142,0.5238509867545526,730
pangu,pangu,sphere_ttc,2018-2019,240,u300,m s^-1,11.232218781622976,0.43570127147233717,730
pangu,pangu,sphere_ttc,2018-2019,240,u500,m s^-1,7.782661191407791,0.4209202184284542,730
pangu,pangu,sphere_ttc,2018-2019,240,u700,m s^-1,5.967356591173413,0.4148493450795011,730
pangu,pangu,sphere_ttc,2018-2019,240,u850,m s^-1,5.418458133027731,0.3646435309681044,730
pangu,pangu,sphere_ttc,2018-2019,240,u925,m s^-1,5.354967474122577,0.3345084941208725,730
pangu,pangu,sphere_ttc,2018-2019,240,u1000,m s^-1,4.180567088534374,0.34137580147831,730
pangu,pangu,sphere_ttc,2018-2019,240,v50,m s^-1,3.8079914628524403,0.6359119910746467,730
pangu,pangu,sphere_ttc,2018-2019,240,v100,m s^-1,5.513602848707584,0.5325637819633642,730
pangu,pangu,sphere_ttc,2018-2019,240,v200,m s^-1,10.415812684330664,0.42959042919777424,730
pangu,pangu,sphere_ttc,2018-2019,240,v300,m s^-1,11.280244149608817,0.36643139706548133,730
pangu,pangu,sphere_ttc,2018-2019,240,v500,m s^-1,7.580839172893891,0.36077984669548446,730
pangu,pangu,sphere_ttc,2018-2019,240,v700,m s^-1,5.654354772773804,0.35181721198827315,730
pangu,pangu,sphere_ttc,2018-2019,240,v850,m s^-1,5.099556650661011,0.31817877704581643,730
pangu,pangu,sphere_ttc,2018-2019,240,v925,m s^-1,5.232286152589203,0.3093185231242317,730
pangu,pangu,sphere_ttc,2018-2019,240,v1000,m s^-1,4.2299442264716145,0.3158067166823645,730
pangu,pangu,sphere_ttc,2018-2019,240,u10,m s^-1,3.7196186488414784,0.33912718360018224,730
pangu,pangu,sphere_ttc,2018-2019,240,v10,m s^-1,3.726818102177674,0.30919203538621215,730
pangu,pangu,sphere_ttc,2018-2019,240,t2m,K,2.431292139821865,0.4697365446662133,730
pangu,pangu,sphere_ttc,2018-2019,240,mslp,Pa,642.8631173007333,0.4570379331948811,730
graphcast,GraphCast-small 1°,raw,2018-2019,24,z50,m^2 s^-2,144.33874305680186,0.9921090389657158,730
graphcast,GraphCast-small 1°,raw,2018-2019,24,z100,m^2 s^-2,82.71834056553982,0.996237678873802,730
graphcast,GraphCast-small 1°,raw,2018-2019,24,z200,m^2 s^-2,94.3646951411308,0.9959979946137206,730
graphcast,GraphCast-small 1°,raw,2018-2019,24,z300,m^2 s^-2,105.40483116387064,0.9952450849433453,730
graphcast,GraphCast-small 1°,raw,2018-2019,24,z500,m^2 s^-2,76.89260842553156,0.9953060182417488,730
graphcast,GraphCast-small 1°,raw,2018-2019,24,z700,m^2 s^-2,60.39385772317916,0.9950396961852965,730
graphcast,GraphCast-small 1°,raw,2018-2019,24,z850,m^2 s^-2,58.98574440202536,0.9940093972352673,730
graphcast,GraphCast-small 1°,raw,2018-2019,24,z925,m^2 s^-2,62.52206794159044,0.9931403259258796,730
graphcast,GraphCast-small 1°,raw,2018-2019,24,z1000,m^2 s^-2,66.51503500167522,0.9924777951647717,730
graphcast,GraphCast-small 1°,raw,2018-2019,24,q50,kg kg^-1,4.625531967883669e-08,0.9337520260695841,730
graphcast,GraphCast-small 1°,raw,2018-2019,24,q100,kg kg^-1,1.4217995357039716e-07,0.9267134908782502,730
graphcast,GraphCast-small 1°,raw,2018-2019,24,q200,kg kg^-1,5.829612279998524e-06,0.906617230510836,730
graphcast,GraphCast-small 1°,raw,2018-2019,24,q300,kg kg^-1,4.684348100697278e-05,0.9236172519515511,730
graphcast,GraphCast-small 1°,raw,2018-2019,24,q500,kg kg^-1,0.00026576802608219255,0.9390610596179624,730
graphcast,GraphCast-small 1°,raw,2018-2019,24,q700,kg kg^-1,0.0004961101996643393,0.9417005709530558,730
graphcast,GraphCast-small 1°,raw,2018-2019,24,q850,kg kg^-1,0.0006206069259575839,0.9291410080945915,730
graphcast,GraphCast-small 1°,raw,2018-2019,24,q925,kg kg^-1,0.0004757225713269162,0.9387472139657017,730
graphcast,GraphCast-small 1°,raw,2018-2019,24,q1000,kg kg^-1,0.00040235377047965495,0.9587522094733151,730
graphcast,GraphCast-small 1°,raw,2018-2019,24,t50,K,0.9997063438108938,0.9562946132381015,730
graphcast,GraphCast-small 1°,raw,2018-2019,24,t100,K,0.6429439032046351,0.9797767325315487,730
graphcast,GraphCast-small 1°,raw,2018-2019,24,t200,K,0.5634549822987714,0.9870941302295572,730
graphcast,GraphCast-small 1°,raw,2018-2019,24,t300,K,0.43601710868178317,0.984075511313468,730
graphcast,GraphCast-small 1°,raw,2018-2019,24,t500,K,0.4670132158055842,0.987738715072569,730
graphcast,GraphCast-small 1°,raw,2018-2019,24,t700,K,0.4869560015242024,0.9871018942711423,730
graphcast,GraphCast-small 1°,raw,2018-2019,24,t850,K,0.596975750187663,0.9832615451960107,730
graphcast,GraphCast-small 1°,raw,2018-2019,24,t925,K,0.6032045803369968,0.9799175868211881,730
graphcast,GraphCast-small 1°,raw,2018-2019,24,t1000,K,0.6211877929644979,0.9722951807069914,730
graphcast,GraphCast-small 1°,raw,2018-2019,24,u50,m s^-1,1.6228752244552116,0.9779294904813893,730
graphcast,GraphCast-small 1°,raw,2018-2019,24,u100,m s^-1,1.4562952137100769,0.9792056451577096,730
graphcast,GraphCast-small 1°,raw,2018-2019,24,u200,m s^-1,1.83964350915754,0.9867019122599054,730
graphcast,GraphCast-small 1°,raw,2018-2019,24,u300,m s^-1,1.9352829647271197,0.9857145259155773,730
graphcast,GraphCast-small 1°,raw,2018-2019,24,u500,m s^-1,1.4279054905653674,0.9836330317887813,730
graphcast,GraphCast-small 1°,raw,2018-2019,24,u700,m s^-1,1.1799132280560996,0.9808996581965432,730
graphcast,GraphCast-small 1°,raw,2018-2019,24,u850,m s^-1,1.1300266753616024,0.9770592135238645,730
graphcast,GraphCast-small 1°,raw,2018-2019,24,u925,m s^-1,1.0828426025717985,0.9774423063721576,730
graphcast,GraphCast-small 1°,raw,2018-2019,24,u1000,m s^-1,0.8664942620368776,0.9765348488465085,730
graphcast,GraphCast-small 1°,raw,2018-2019,24,v50,m s^-1,1.2633501014105846,0.963668853301276,730
graphcast,GraphCast-small 1°,raw,2018-2019,24,v100,m s^-1,1.3898241113331535,0.9751221401137011,730
graphcast,GraphCast-small 1°,raw,2018-2019,24,v200,m s^-1,1.9520649858551111,0.9838650940685987,730
graphcast,GraphCast-small 1°,raw,2018-2019,24,v300,m s^-1,2.071608088840171,0.9828154111048489,730
graphcast,GraphCast-small 1°,raw,2018-2019,24,v500,m s^-1,1.4797879327792602,0.9805532681813074,730
graphcast,GraphCast-small 1°,raw,2018-2019,24,v700,m s^-1,1.1839447101318907,0.9773956697251376,730
graphcast,GraphCast-small 1°,raw,2018-2019,24,v850,m s^-1,1.131647466177572,0.9731487537969602,730
graphcast,GraphCast-small 1°,raw,2018-2019,24,v925,m s^-1,1.1168962283661519,0.9746234244084555,730
graphcast,GraphCast-small 1°,raw,2018-2019,24,v1000,m s^-1,0.907326124522367,0.9743952797993141,730
graphcast,GraphCast-small 1°,raw,2018-2019,24,u10,m s^-1,0.7850095468467649,0.9756205323140602,730
graphcast,GraphCast-small 1°,raw,2018-2019,24,v10,m s^-1,0.8149218426237442,0.9731852265492971,730
graphcast,GraphCast-small 1°,raw,2018-2019,24,t2m,K,0.7962498382004124,0.9491623769070792,730
graphcast,GraphCast-small 1°,raw,2018-2019,24,mslp,Pa,84.64726861123312,0.9923872351632359,730
graphcast,GraphCast-small 1°,raw,2018-2019,72,z50,m^2 s^-2,293.4741823382625,0.9671395819691738,730
graphcast,GraphCast-small 1°,raw,2018-2019,72,z100,m^2 s^-2,165.4840274834738,0.9849760671985438,730
graphcast,GraphCast-small 1°,raw,2018-2019,72,z200,m^2 s^-2,176.96962372244093,0.9858889099200014,730
graphcast,GraphCast-small 1°,raw,2018-2019,72,z300,m^2 s^-2,202.58366062473797,0.9823708837575853,730
graphcast,GraphCast-small 1°,raw,2018-2019,72,z500,m^2 s^-2,151.6367923852966,0.9816400673363518,730
graphcast,GraphCast-small 1°,raw,2018-2019,72,z700,m^2 s^-2,119.79313561549715,0.9803536980227865,730
graphcast,GraphCast-small 1°,raw,2018-2019,72,z850,m^2 s^-2,114.01479888402862,0.9774496018685964,730
graphcast,GraphCast-small 1°,raw,2018-2019,72,z925,m^2 s^-2,118.0822959293369,0.9753509219331985,730
graphcast,GraphCast-small 1°,raw,2018-2019,72,z1000,m^2 s^-2,122.71276234450762,0.9742282589714618,730
graphcast,GraphCast-small 1°,raw,2018-2019,72,q50,kg kg^-1,6.669230592723085e-08,0.8587797366795428,730
graphcast,GraphCast-small 1°,raw,2018-2019,72,q100,kg kg^-1,2.0121896925408028e-07,0.8472449398515828,730
graphcast,GraphCast-small 1°,raw,2018-2019,72,q200,kg kg^-1,7.805021934723076e-06,0.8283821501343159,730
graphcast,GraphCast-small 1°,raw,2018-2019,72,q300,kg kg^-1,6.579095557668986e-05,0.8454403016294016,730
graphcast,GraphCast-small 1°,raw,2018-2019,72,q500,kg kg^-1,0.0003880005932605347,0.8667560406566794,730
graphcast,GraphCast-small 1°,raw,2018-2019,72,q700,kg kg^-1,0.000740114174705486,0.8662459970621623,730
graphcast,GraphCast-small 1°,raw,2018-2019,72,q850,kg kg^-1,0.0008840485194313736,0.8510340595446413,730
graphcast,GraphCast-small 1°,raw,2018-2019,72,q925,kg kg^-1,0.0006569574140185616,0.8806530555741897,730
graphcast,GraphCast-small 1°,raw,2018-2019,72,q1000,kg kg^-1,0.0005591051921463874,0.9194592374281041,730
graphcast,GraphCast-small 1°,raw,2018-2019,72,t50,K,1.5892698961924485,0.8862307768514622,730
graphcast,GraphCast-small 1°,raw,2018-2019,72,t100,K,1.0153005221128668,0.9490245408675021,730
graphcast,GraphCast-small 1°,raw,2018-2019,72,t200,K,0.9844373422810501,0.960300914518642,730
graphcast,GraphCast-small 1°,raw,2018-2019,72,t300,K,0.7523057463931644,0.9522178693984952,730
graphcast,GraphCast-small 1°,raw,2018-2019,72,t500,K,0.8100912410822946,0.9629151519445082,730
graphcast,GraphCast-small 1°,raw,2018-2019,72,t700,K,0.824281916767005,0.9627207752259269,730
graphcast,GraphCast-small 1°,raw,2018-2019,72,t850,K,0.9559342594231282,0.9566737906176034,730
graphcast,GraphCast-small 1°,raw,2018-2019,72,t925,K,0.9424151995653134,0.950431906970239,730
graphcast,GraphCast-small 1°,raw,2018-2019,72,t1000,K,0.8945847858725353,0.9420954184328212,730
graphcast,GraphCast-small 1°,raw,2018-2019,72,u50,m s^-1,2.596493789620343,0.9425567766062225,730
graphcast,GraphCast-small 1°,raw,2018-2019,72,u100,m s^-1,2.1836586783287366,0.9529186783336566,730
graphcast,GraphCast-small 1°,raw,2018-2019,72,u200,m s^-1,3.0694188709197694,0.9627097967321139,730
graphcast,GraphCast-small 1°,raw,2018-2019,72,u300,m s^-1,3.4811702622977028,0.953335435575822,730
graphcast,GraphCast-small 1°,raw,2018-2019,72,u500,m s^-1,2.513564201847496,0.9486334639736643,730
graphcast,GraphCast-small 1°,raw,2018-2019,72,u700,m s^-1,2.009454225699465,0.9437882323092823,730
graphcast,GraphCast-small 1°,raw,2018-2019,72,u850,m s^-1,1.8819235277292872,0.935371030468811,730
graphcast,GraphCast-small 1°,raw,2018-2019,72,u925,m s^-1,1.8382320985402036,0.9340185225097113,730
graphcast,GraphCast-small 1°,raw,2018-2019,72,u1000,m s^-1,1.4374363283616356,0.9345397054157647,730
graphcast,GraphCast-small 1°,raw,2018-2019,72,v50,m s^-1,1.862173246628813,0.9197299042184786,730
graphcast,GraphCast-small 1°,raw,2018-2019,72,v100,m s^-1,1.956855689909604,0.9502468256262756,730
graphcast,GraphCast-small 1°,raw,2018-2019,72,v200,m s^-1,3.0951486437043627,0.959117854578951,730
graphcast,GraphCast-small 1°,raw,2018-2019,72,v300,m s^-1,3.4541530942151977,0.9517446049777095,730
graphcast,GraphCast-small 1°,raw,2018-2019,72,v500,m s^-1,2.4345325539798783,0.9466505647272817,730
graphcast,GraphCast-small 1°,raw,2018-2019,72,v700,m s^-1,1.9167746460454607,0.9397941908785057,730
graphcast,GraphCast-small 1°,raw,2018-2019,72,v850,m s^-1,1.7947025659166405,0.9313509333762386,730
graphcast,GraphCast-small 1°,raw,2018-2019,72,v925,m s^-1,1.7971582488694375,0.9333945253345683,730
graphcast,GraphCast-small 1°,raw,2018-2019,72,v1000,m s^-1,1.441487799199597,0.9346100777438807,730
graphcast,GraphCast-small 1°,raw,2018-2019,72,u10,m s^-1,1.3027919678446458,0.9318977504977911,730
graphcast,GraphCast-small 1°,raw,2018-2019,72,v10,m s^-1,1.29706271686519,0.9312220270003773,730
graphcast,GraphCast-small 1°,raw,2018-2019,72,t2m,K,1.0117459155982431,0.9174316031985955,730
graphcast,GraphCast-small 1°,raw,2018-2019,72,mslp,Pa,155.74778433680544,0.9740568288427222,730
graphcast,GraphCast-small 1°,raw,2018-2019,120,z50,m^2 s^-2,414.43259491470957,0.9339654894134095,730
graphcast,GraphCast-small 1°,raw,2018-2019,120,z100,m^2 s^-2,285.5059215485695,0.9555326408540489,730
graphcast,GraphCast-small 1°,raw,2018-2019,120,z200,m^2 s^-2,351.20340073361746,0.9442780121241207,730
graphcast,GraphCast-small 1°,raw,2018-2019,120,z300,m^2 s^-2,404.380699235737,0.9293858936535382,730
graphcast,GraphCast-small 1°,raw,2018-2019,120,z500,m^2 s^-2,301.83780994326105,0.9266060919275414,730
graphcast,GraphCast-small 1°,raw,2018-2019,120,z700,m^2 s^-2,236.33734750628318,0.9227216320818896,730
graphcast,GraphCast-small 1°,raw,2018-2019,120,z850,m^2 s^-2,221.83584508842543,0.913808997494251,730
graphcast,GraphCast-small 1°,raw,2018-2019,120,z925,m^2 s^-2,226.76716434300016,0.9083617539414139,730
graphcast,GraphCast-small 1°,raw,2018-2019,120,z1000,m^2 s^-2,234.15608092089897,0.9054393678805208,730
graphcast,GraphCast-small 1°,raw,2018-2019,120,q50,kg kg^-1,7.866428827096178e-08,0.7998249422084608,730
graphcast,GraphCast-small 1°,raw,2018-2019,120,q100,kg kg^-1,2.399366483539749e-07,0.7764074586449138,730
graphcast,GraphCast-small 1°,raw,2018-2019,120,q200,kg kg^-1,9.455349135611511e-06,0.7479545417731908,730
graphcast,GraphCast-small 1°,raw,2018-2019,120,q300,kg kg^-1,8.306508807182465e-05,0.7533951089733274,730
graphcast,GraphCast-small 1°,raw,2018-2019,120,q500,kg kg^-1,0.0005054234875202306,0.7723702920024165,730
graphcast,GraphCast-small 1°,raw,2018-2019,120,q700,kg kg^-1,0.0009762033596721734,0.7638899764134662,730
graphcast,GraphCast-small 1°,raw,2018-2019,120,q850,kg kg^-1,0.0011374023850407849,0.7473504692414501,730
graphcast,GraphCast-small 1°,raw,2018-2019,120,q925,kg kg^-1,0.0008586635849524032,0.7935816631716139,730
graphcast,GraphCast-small 1°,raw,2018-2019,120,q1000,kg kg^-1,0.0007664707227420489,0.8474228752300811,730
graphcast,GraphCast-small 1°,raw,2018-2019,120,t50,K,1.9297886781992049,0.8289143041385744,730
graphcast,GraphCast-small 1°,raw,2018-2019,120,t100,K,1.3919641549459916,0.9029784132346718,730
graphcast,GraphCast-small 1°,raw,2018-2019,120,t200,K,1.6702935221973538,0.8852008282726938,730
graphcast,GraphCast-small 1°,raw,2018-2019,120,t300,K,1.1983905530412895,0.8786522311046895,730
graphcast,GraphCast-small 1°,raw,2018-2019,120,t500,K,1.3993968792671865,0.8890054310836686,730
graphcast,GraphCast-small 1°,raw,2018-2019,120,t700,K,1.4060608184695709,0.8908037233083409,730
graphcast,GraphCast-small 1°,raw,2018-2019,120,t850,K,1.5663226407803297,0.8829396101343361,730
graphcast,GraphCast-small 1°,raw,2018-2019,120,t925,K,1.5095100432976276,0.8718598504810252,730
graphcast,GraphCast-small 1°,raw,2018-2019,120,t1000,K,1.3626906882241256,0.865419713600745,730
graphcast,GraphCast-small 1°,raw,2018-2019,120,u50,m s^-1,3.2704453692368975,0.9076790849791716,730
graphcast,GraphCast-small 1°,raw,2018-2019,120,u100,m s^-1,3.0076584484674753,0.9102779722978589,730
graphcast,GraphCast-small 1°,raw,2018-2019,120,u200,m s^-1,4.945268359902893,0.9028158064990947,730
graphcast,GraphCast-small 1°,raw,2018-2019,120,u300,m s^-1,5.805237296529017,0.8694279158569186,730
graphcast,GraphCast-small 1°,raw,2018-2019,120,u500,m s^-1,4.101228401367482,0.8616282642775467,730
graphcast,GraphCast-small 1°,raw,2018-2019,120,u700,m s^-1,3.210228798193821,0.854444244630589,730
graphcast,GraphCast-small 1°,raw,2018-2019,120,u850,m s^-1,3.0122853479911815,0.8319308883358412,730
graphcast,GraphCast-small 1°,raw,2018-2019,120,u925,m s^-1,2.9986069349446227,0.8220423962746102,730
graphcast,GraphCast-small 1°,raw,2018-2019,120,u1000,m s^-1,2.3243434332524022,0.8266664061158913,730
graphcast,GraphCast-small 1°,raw,2018-2019,120,v50,m s^-1,2.3385641289344767,0.8717666864881242,730
graphcast,GraphCast-small 1°,raw,2018-2019,120,v100,m s^-1,2.7424588763105406,0.9012246377898088,730
graphcast,GraphCast-small 1°,raw,2018-2019,120,v200,m s^-1,4.982513753296497,0.8929777738923369,730
graphcast,GraphCast-small 1°,raw,2018-2019,120,v300,m s^-1,5.764011635279311,0.863938414378892,730
graphcast,GraphCast-small 1°,raw,2018-2019,120,v500,m s^-1,3.9890338193764654,0.8542418920114531,730
graphcast,GraphCast-small 1°,raw,2018-2019,120,v700,m s^-1,3.0683335821987043,0.8424184925258502,730
graphcast,GraphCast-small 1°,raw,2018-2019,120,v850,m s^-1,2.853873537322567,0.8229081871204874,730
graphcast,GraphCast-small 1°,raw,2018-2019,120,v925,m s^-1,2.9090069413184554,0.8225656757401216,730
graphcast,GraphCast-small 1°,raw,2018-2019,120,v1000,m s^-1,2.3161090454579427,0.8287146099286539,730
graphcast,GraphCast-small 1°,raw,2018-2019,120,u10,m s^-1,2.0982038018828404,0.8210948439895196,730
graphcast,GraphCast-small 1°,raw,2018-2019,120,v10,m s^-1,2.0741302106036725,0.8215132797119592,730
graphcast,GraphCast-small 1°,raw,2018-2019,120,t2m,K,1.3893947597125311,0.8444246569195497,730
graphcast,GraphCast-small 1°,raw,2018-2019,120,mslp,Pa,297.213332957802,0.9047846474400062,730
graphcast,GraphCast-small 1°,raw,2018-2019,168,z50,m^2 s^-2,542.3499955216532,0.886260313896963,730
graphcast,GraphCast-small 1°,raw,2018-2019,168,z100,m^2 s^-2,452.9697626384415,0.8894865483755269,730
graphcast,GraphCast-small 1°,raw,2018-2019,168,z200,m^2 s^-2,595.8551270461857,0.840093629618705,730
graphcast,GraphCast-small 1°,raw,2018-2019,168,z300,m^2 s^-2,670.2351828912549,0.8057350001665722,730
graphcast,GraphCast-small 1°,raw,2018-2019,168,z500,m^2 s^-2,497.22003594798593,0.8000393720727115,730
graphcast,GraphCast-small 1°,raw,2018-2019,168,z700,m^2 s^-2,386.31290359936406,0.7925167839285397,730
graphcast,GraphCast-small 1°,raw,2018-2019,168,z850,m^2 s^-2,358.17905073359304,0.7744561173783377,730
graphcast,GraphCast-small 1°,raw,2018-2019,168,z925,m^2 s^-2,363.554286071878,0.7638678432070735,730
graphcast,GraphCast-small 1°,raw,2018-2019,168,z1000,m^2 s^-2,374.0709843998369,0.7580909503529684,730
graphcast,GraphCast-small 1°,raw,2018-2019,168,q50,kg kg^-1,8.880390050923085e-08,0.7399244868289773,730
graphcast,GraphCast-small 1°,raw,2018-2019,168,q100,kg kg^-1,2.7567470158939383e-07,0.6975993785443445,730
graphcast,GraphCast-small 1°,raw,2018-2019,168,q200,kg kg^-1,1.1370475189947835e-05,0.6454760172629618,730
graphcast,GraphCast-small 1°,raw,2018-2019,168,q300,kg kg^-1,0.00010146605296364739,0.6383937210756003,730
graphcast,GraphCast-small 1°,raw,2018-2019,168,q500,kg kg^-1,0.0006271785073699294,0.6517260119087476,730
graphcast,GraphCast-small 1°,raw,2018-2019,168,q700,kg kg^-1,0.0012180021167838761,0.6318637523743262,730
graphcast,GraphCast-small 1°,raw,2018-2019,168,q850,kg kg^-1,0.001403045748944947,0.6112807655794875,730
graphcast,GraphCast-small 1°,raw,2018-2019,168,q925,kg kg^-1,0.0010984609025248117,0.6619790855587399,730
graphcast,GraphCast-small 1°,raw,2018-2019,168,q1000,kg kg^-1,0.0010359070461411185,0.721040218088612,730
graphcast,GraphCast-small 1°,raw,2018-2019,168,t50,K,2.206873277089812,0.7735803414162273,730
graphcast,GraphCast-small 1°,raw,2018-2019,168,t100,K,1.8360278346119754,0.8293766111449644,730
graphcast,GraphCast-small 1°,raw,2018-2019,168,t200,K,2.471486561394723,0.7494459201327288,730
graphcast,GraphCast-small 1°,raw,2018-2019,168,t300,K,1.7214022836782719,0.7524720911148876,730
graphcast,GraphCast-small 1°,raw,2018-2019,168,t500,K,2.1289954816511254,0.7435553198210039,730
graphcast,GraphCast-small 1°,raw,2018-2019,168,t700,K,2.136922789294542,0.7478231825103087,730
graphcast,GraphCast-small 1°,raw,2018-2019,168,t850,K,2.3303996998225713,0.7404156563989668,730
graphcast,GraphCast-small 1°,raw,2018-2019,168,t925,K,2.2080640031195546,0.725736014959592,730
graphcast,GraphCast-small 1°,raw,2018-2019,168,t1000,K,1.9468131077821351,0.726335714473025,730
graphcast,GraphCast-small 1°,raw,2018-2019,168,u50,m s^-1,3.924349814741674,0.8653849917184411,730
graphcast,GraphCast-small 1°,raw,2018-2019,168,u100,m s^-1,4.145859308415924,0.8290512883450758,730
graphcast,GraphCast-small 1°,raw,2018-2019,168,u200,m s^-1,7.328317986711604,0.7862718283237898,730
graphcast,GraphCast-small 1°,raw,2018-2019,168,u300,m s^-1,8.42995411481519,0.7241267454292136,730
graphcast,GraphCast-small 1°,raw,2018-2019,168,u500,m s^-1,5.896327831885667,0.7123427170053893,730
graphcast,GraphCast-small 1°,raw,2018-2019,168,u700,m s^-1,4.568206945101465,0.7030365679891899,730
graphcast,GraphCast-small 1°,raw,2018-2019,168,u850,m s^-1,4.250299392624459,0.6630804785831195,730
graphcast,GraphCast-small 1°,raw,2018-2019,168,u925,m s^-1,4.244300192444607,0.6411187111156422,730
graphcast,GraphCast-small 1°,raw,2018-2019,168,u1000,m s^-1,3.2928215907804876,0.6498856767607523,730
graphcast,GraphCast-small 1°,raw,2018-2019,168,v50,m s^-1,2.967224479870333,0.791981535131829,730
graphcast,GraphCast-small 1°,raw,2018-2019,168,v100,m s^-1,3.951328635352869,0.7937548881579457,730
graphcast,GraphCast-small 1°,raw,2018-2019,168,v200,m s^-1,7.568010202223422,0.7521985072686475,730
graphcast,GraphCast-small 1°,raw,2018-2019,168,v300,m s^-1,8.569887600758292,0.6977875859895726,730
graphcast,GraphCast-small 1°,raw,2018-2019,168,v500,m s^-1,5.842760384797539,0.684728292923449,730
graphcast,GraphCast-small 1°,raw,2018-2019,168,v700,m s^-1,4.41372854433808,0.6704364522038185,730
graphcast,GraphCast-small 1°,raw,2018-2019,168,v850,m s^-1,4.056866241852725,0.6392090132177697,730
graphcast,GraphCast-small 1°,raw,2018-2019,168,v925,m s^-1,4.162309005154914,0.6347836558539685,730
graphcast,GraphCast-small 1°,raw,2018-2019,168,v1000,m s^-1,3.3279951861833976,0.6448020631512879,730
graphcast,GraphCast-small 1°,raw,2018-2019,168,u10,m s^-1,2.953053719460117,0.6433686210143207,730
graphcast,GraphCast-small 1°,raw,2018-2019,168,v10,m s^-1,2.955484386008482,0.6359987503445745,730
graphcast,GraphCast-small 1°,raw,2018-2019,168,t2m,K,1.8831919657030074,0.7155289963295182,730
graphcast,GraphCast-small 1°,raw,2018-2019,168,mslp,Pa,474.70200046390676,0.7564853575558047,730
graphcast,GraphCast-small 1°,raw,2018-2019,240,z50,m^2 s^-2,771.5648386533352,0.7703018986182678,730
graphcast,GraphCast-small 1°,raw,2018-2019,240,z100,m^2 s^-2,730.1853757668206,0.7239942565225275,730
graphcast,GraphCast-small 1°,raw,2018-2019,240,z200,m^2 s^-2,948.8629180913158,0.6024437415167446,730
graphcast,GraphCast-small 1°,raw,2018-2019,240,z300,m^2 s^-2,1027.4484142801766,0.5465617975343057,730
graphcast,GraphCast-small 1°,raw,2018-2019,240,z500,m^2 s^-2,756.6896807020651,0.5378299158153507,730
graphcast,GraphCast-small 1°,raw,2018-2019,240,z700,m^2 s^-2,584.3381637902962,0.5265907016675639,730
graphcast,GraphCast-small 1°,raw,2018-2019,240,z850,m^2 s^-2,533.8098746332754,0.5017938082616525,730
graphcast,GraphCast-small 1°,raw,2018-2019,240,z925,m^2 s^-2,537.7522725922059,0.48727837225583187,730
graphcast,GraphCast-small 1°,raw,2018-2019,240,z1000,m^2 s^-2,550.8462083937748,0.4795042403552404,730
graphcast,GraphCast-small 1°,raw,2018-2019,240,q50,kg kg^-1,1.0424426381703629e-07,0.6371791294670246,730
graphcast,GraphCast-small 1°,raw,2018-2019,240,q100,kg kg^-1,3.3040765042765836e-07,0.5553974705845872,730
graphcast,GraphCast-small 1°,raw,2018-2019,240,q200,kg kg^-1,1.4477450540511778e-05,0.47228156030739243,730
graphcast,GraphCast-small 1°,raw,2018-2019,240,q300,kg kg^-1,0.00012848253417535704,0.44953408449309495,730
graphcast,GraphCast-small 1°,raw,2018-2019,240,q500,kg kg^-1,0.0007931193641675214,0.45889392598444795,730
graphcast,GraphCast-small 1°,raw,2018-2019,240,q700,kg kg^-1,0.0015300526181837996,0.4285003978447652,730
graphcast,GraphCast-small 1°,raw,2018-2019,240,q850,kg kg^-1,0.0017395709829692097,0.40551862421014884,730
graphcast,GraphCast-small 1°,raw,2018-2019,240,q925,kg kg^-1,0.0014249883490841833,0.44281272930557836,730
graphcast,GraphCast-small 1°,raw,2018-2019,240,q1000,kg kg^-1,0.001418984457699255,0.484707943020955,730
graphcast,GraphCast-small 1°,raw,2018-2019,240,t50,K,2.65854361115085,0.6702358067461557,730
graphcast,GraphCast-small 1°,raw,2018-2019,240,t100,K,2.5549865747669744,0.6686508420270209,730
graphcast,GraphCast-small 1°,raw,2018-2019,240,t200,K,3.443355205130461,0.5204999768153085,730
graphcast,GraphCast-small 1°,raw,2018-2019,240,t300,K,2.430412511019988,0.5254385728074485,730
graphcast,GraphCast-small 1°,raw,2018-2019,240,t500,K,3.049795270071329,0.4805037328189347,730
graphcast,GraphCast-small 1°,raw,2018-2019,240,t700,K,3.0617417789418497,0.4865547794982391,730
graphcast,GraphCast-small 1°,raw,2018-2019,240,t850,K,3.3081122878474427,0.4800361841381818,730
graphcast,GraphCast-small 1°,raw,2018-2019,240,t925,K,3.0836398551977156,0.46919746526675304,730
graphcast,GraphCast-small 1°,raw,2018-2019,240,t1000,K,2.6939030899035417,0.4837142267648067,730
graphcast,GraphCast-small 1°,raw,2018-2019,240,u50,m s^-1,5.061119406739446,0.7727611639087633,730
graphcast,GraphCast-small 1°,raw,2018-2019,240,u100,m s^-1,6.051776134797637,0.6398310642133864,730
graphcast,GraphCast-small 1°,raw,2018-2019,240,u200,m s^-1,10.705538218532043,0.547268112796324,730
graphcast,GraphCast-small 1°,raw,2018-2019,240,u300,m s^-1,11.702560565073494,0.47077711525471816,730
graphcast,GraphCast-small 1°,raw,2018-2019,240,u500,m s^-1,8.106196045776322,0.4576243072082302,730
graphcast,GraphCast-small 1°,raw,2018-2019,240,u700,m s^-1,6.217145140133032,0.4521211021413392,730
graphcast,GraphCast-small 1°,raw,2018-2019,240,u850,m s^-1,5.668973072787859,0.4060160210866097,730
graphcast,GraphCast-small 1°,raw,2018-2019,240,u925,m s^-1,5.621384099185687,0.3772088606450598,730
graphcast,GraphCast-small 1°,raw,2018-2019,240,u1000,m s^-1,4.3836647733223195,0.3854353953219264,730
graphcast,GraphCast-small 1°,raw,2018-2019,240,v50,m s^-1,4.084235054607071,0.5988778095776929,730
graphcast,GraphCast-small 1°,raw,2018-2019,240,v100,m s^-1,5.885292347848892,0.5411734979889444,730
graphcast,GraphCast-small 1°,raw,2018-2019,240,v200,m s^-1,11.150166194053758,0.46347080228897153,730
graphcast,GraphCast-small 1°,raw,2018-2019,240,v300,m s^-1,12.03523294781497,0.4049888002669682,730
graphcast,GraphCast-small 1°,raw,2018-2019,240,v500,m s^-1,8.079482485321025,0.39728575502616587,730
graphcast,GraphCast-small 1°,raw,2018-2019,240,v700,m s^-1,6.010151143550572,0.38833142763491935,730
graphcast,GraphCast-small 1°,raw,2018-2019,240,v850,m s^-1,5.412609671730941,0.3588411191821542,730
graphcast,GraphCast-small 1°,raw,2018-2019,240,v925,m s^-1,5.561149260546869,0.35101902045207345,730
graphcast,GraphCast-small 1°,raw,2018-2019,240,v1000,m s^-1,4.480741777912462,0.3592338277631381,730
graphcast,GraphCast-small 1°,raw,2018-2019,240,u10,m s^-1,3.9025730667905956,0.38328633694309244,730
graphcast,GraphCast-small 1°,raw,2018-2019,240,v10,m s^-1,3.9492568550459466,0.3529554434405987,730
graphcast,GraphCast-small 1°,raw,2018-2019,240,t2m,K,2.547087209638304,0.4872687144854518,730
graphcast,GraphCast-small 1°,raw,2018-2019,240,mslp,Pa,698.2121504849083,0.4774201255449177,730
graphcast,GraphCast-small 1°,sphere_ttc,2018-2019,24,z50,m^2 s^-2,143.81493307599467,0.9921667589757632,730
graphcast,GraphCast-small 1°,sphere_ttc,2018-2019,24,z100,m^2 s^-2,79.43149476039066,0.996529806472117,730
graphcast,GraphCast-small 1°,sphere_ttc,2018-2019,24,z200,m^2 s^-2,83.62504629957178,0.9968586550252737,730
graphcast,GraphCast-small 1°,sphere_ttc,2018-2019,24,z300,m^2 s^-2,91.76896521214383,0.9963982028852193,730
graphcast,GraphCast-small 1°,sphere_ttc,2018-2019,24,z500,m^2 s^-2,68.06689096844224,0.996325805586623,730
graphcast,GraphCast-small 1°,sphere_ttc,2018-2019,24,z700,m^2 s^-2,55.159300709160725,0.9958651530593596,730
graphcast,GraphCast-small 1°,sphere_ttc,2018-2019,24,z850,m^2 s^-2,54.47295965298406,0.9948876248522136,730
graphcast,GraphCast-small 1°,sphere_ttc,2018-2019,24,z925,m^2 s^-2,56.88980329611856,0.9943063091523356,730
graphcast,GraphCast-small 1°,sphere_ttc,2018-2019,24,z1000,m^2 s^-2,61.0239119988484,0.9936550583271134,730
graphcast,GraphCast-small 1°,sphere_ttc,2018-2019,24,q50,kg kg^-1,4.625531964120904e-08,0.9337520258903588,730
graphcast,GraphCast-small 1°,sphere_ttc,2018-2019,24,q100,kg kg^-1,1.421798425247269e-07,0.9267136075021029,730
graphcast,GraphCast-small 1°,sphere_ttc,2018-2019,24,q200,kg kg^-1,5.8293381383196875e-06,0.9066264535794868,730
graphcast,GraphCast-small 1°,sphere_ttc,2018-2019,24,q300,kg kg^-1,4.684239452532488e-05,0.923620831986696,730
graphcast,GraphCast-small 1°,sphere_ttc,2018-2019,24,q500,kg kg^-1,0.0002657578959375886,0.9390657619763544,730
graphcast,GraphCast-small 1°,sphere_ttc,2018-2019,24,q700,kg kg^-1,0.0004960343000181743,0.9417188192118118,730
graphcast,GraphCast-small 1°,sphere_ttc,2018-2019,24,q850,kg kg^-1,0.0006188260437281545,0.9295568866993896,730
graphcast,GraphCast-small 1°,sphere_ttc,2018-2019,24,q925,kg kg^-1,0.00047330707247644825,0.9393873241386426,730
graphcast,GraphCast-small 1°,sphere_ttc,2018-2019,24,q1000,kg kg^-1,0.00039705827220938697,0.9598638521808305,730
graphcast,GraphCast-small 1°,sphere_ttc,2018-2019,24,t50,K,0.9778450120304123,0.9582343707456024,730
graphcast,GraphCast-small 1°,sphere_ttc,2018-2019,24,t100,K,0.640930806560811,0.9799035763424113,730
graphcast,GraphCast-small 1°,sphere_ttc,2018-2019,24,t200,K,0.5205505974308343,0.9889464872210043,730
graphcast,GraphCast-small 1°,sphere_ttc,2018-2019,24,t300,K,0.4192418377968942,0.9852591581522958,730
graphcast,GraphCast-small 1°,sphere_ttc,2018-2019,24,t500,K,0.4395455301756326,0.9891326580275042,730
graphcast,GraphCast-small 1°,sphere_ttc,2018-2019,24,t700,K,0.4625591437500535,0.9883693752941964,730
graphcast,GraphCast-small 1°,sphere_ttc,2018-2019,24,t850,K,0.5798967558862819,0.9842085479733127,730
graphcast,GraphCast-small 1°,sphere_ttc,2018-2019,24,t925,K,0.5894799284038629,0.9808273439572724,730
graphcast,GraphCast-small 1°,sphere_ttc,2018-2019,24,t1000,K,0.6096660105391077,0.9733348726921367,730
graphcast,GraphCast-small 1°,sphere_ttc,2018-2019,24,u50,m s^-1,1.594396432781989,0.9787004694994775,730
graphcast,GraphCast-small 1°,sphere_ttc,2018-2019,24,u100,m s^-1,1.450967718696491,0.9793594457499052,730
graphcast,GraphCast-small 1°,sphere_ttc,2018-2019,24,u200,m s^-1,1.8037629417762207,0.98721828634971,730
graphcast,GraphCast-small 1°,sphere_ttc,2018-2019,24,u300,m s^-1,1.889195424865304,0.9863914656096134,730
graphcast,GraphCast-small 1°,sphere_ttc,2018-2019,24,u500,m s^-1,1.4067997694748913,0.9841158698488557,730
graphcast,GraphCast-small 1°,sphere_ttc,2018-2019,24,u700,m s^-1,1.1694993825159945,0.981235973192824,730
graphcast,GraphCast-small 1°,sphere_ttc,2018-2019,24,u850,m s^-1,1.1138562271728942,0.977714010328131,730
graphcast,GraphCast-small 1°,sphere_ttc,2018-2019,24,u925,m s^-1,1.0633402308183362,0.9782524032423013,730
graphcast,GraphCast-small 1°,sphere_ttc,2018-2019,24,u1000,m s^-1,0.8504159054423298,0.9774034520914766,730
graphcast,GraphCast-small 1°,sphere_ttc,2018-2019,24,v50,m s^-1,1.25389797224403,0.9642134792289123,730
graphcast,GraphCast-small 1°,sphere_ttc,2018-2019,24,v100,m s^-1,1.363530248877354,0.9760632683067861,730
graphcast,GraphCast-small 1°,sphere_ttc,2018-2019,24,v200,m s^-1,1.8330457332738057,0.9857784750189797,730
graphcast,GraphCast-small 1°,sphere_ttc,2018-2019,24,v300,m s^-1,1.9117105764836204,0.9853771091913143,730
graphcast,GraphCast-small 1°,sphere_ttc,2018-2019,24,v500,m s^-1,1.3915520040043499,0.9828025635049075,730
graphcast,GraphCast-small 1°,sphere_ttc,2018-2019,24,v700,m s^-1,1.131636155272285,0.979347440036197,730
graphcast,GraphCast-small 1°,sphere_ttc,2018-2019,24,v850,m s^-1,1.081988567410124,0.9754445421928928,730
graphcast,GraphCast-small 1°,sphere_ttc,2018-2019,24,v925,m s^-1,1.059172759650465,0.9771698305344152,730
graphcast,GraphCast-small 1°,sphere_ttc,2018-2019,24,v1000,m s^-1,0.867179358975065,0.9766124323499984,730
graphcast,GraphCast-small 1°,sphere_ttc,2018-2019,24,u10,m s^-1,0.7703931661617132,0.9765287242369179,730
graphcast,GraphCast-small 1°,sphere_ttc,2018-2019,24,v10,m s^-1,0.7807334423333027,0.9753978321492643,730
graphcast,GraphCast-small 1°,sphere_ttc,2018-2019,24,t2m,K,0.7849975398492502,0.9506396716047218,730
graphcast,GraphCast-small 1°,sphere_ttc,2018-2019,24,mslp,Pa,77.65223066716901,0.9935816827421927,730
graphcast,GraphCast-small 1°,sphere_ttc,2018-2019,72,z50,m^2 s^-2,292.9539845959539,0.9672513233870133,730
graphcast,GraphCast-small 1°,sphere_ttc,2018-2019,72,z100,m^2 s^-2,164.45173123778955,0.9851454712495495,730
graphcast,GraphCast-small 1°,sphere_ttc,2018-2019,72,z200,m^2 s^-2,175.80360521850284,0.9860659906935089,730
graphcast,GraphCast-small 1°,sphere_ttc,2018-2019,72,z300,m^2 s^-2,200.06811538061746,0.982789196938558,730
graphcast,GraphCast-small 1°,sphere_ttc,2018-2019,72,z500,m^2 s^-2,150.21050419556906,0.9819814817481985,730
graphcast,GraphCast-small 1°,sphere_ttc,2018-2019,72,z700,m^2 s^-2,119.03024325802785,0.9806004898411121,730
graphcast,GraphCast-small 1°,sphere_ttc,2018-2019,72,z850,m^2 s^-2,113.41722100416298,0.9776752738975775,730
graphcast,GraphCast-small 1°,sphere_ttc,2018-2019,72,z925,m^2 s^-2,115.98009884547118,0.9761595259061709,730
graphcast,GraphCast-small 1°,sphere_ttc,2018-2019,72,z1000,m^2 s^-2,121.39351248170368,0.9747325661617798,730
graphcast,GraphCast-small 1°,sphere_ttc,2018-2019,72,q50,kg kg^-1,6.669230336971077e-08,0.8587797537434951,730
graphcast,GraphCast-small 1°,sphere_ttc,2018-2019,72,q100,kg kg^-1,2.0121470971697863e-07,0.8472520466511702,730
graphcast,GraphCast-small 1°,sphere_ttc,2018-2019,72,q200,kg kg^-1,7.798941958626517e-06,0.8285621216028322,730
graphcast,GraphCast-small 1°,sphere_ttc,2018-2019,72,q300,kg kg^-1,6.577110778623038e-05,0.8455021917012616,730
graphcast,GraphCast-small 1°,sphere_ttc,2018-2019,72,q500,kg kg^-1,0.0003879475042099719,0.866780199002975,730
graphcast,GraphCast-small 1°,sphere_ttc,2018-2019,72,q700,kg kg^-1,0.0007399065106418999,0.8663084751115767,730
graphcast,GraphCast-small 1°,sphere_ttc,2018-2019,72,q850,kg kg^-1,0.0008840406116783259,0.8510365485883933,730
graphcast,GraphCast-small 1°,sphere_ttc,2018-2019,72,q925,kg kg^-1,0.0006534008369115862,0.8818467172082746,730
graphcast,GraphCast-small 1°,sphere_ttc,2018-2019,72,q1000,kg kg^-1,0.0005525154338250181,0.9212788083674858,730
graphcast,GraphCast-small 1°,sphere_ttc,2018-2019,72,t50,K,1.5612049626304105,0.8902741994935197,730
graphcast,GraphCast-small 1°,sphere_ttc,2018-2019,72,t100,K,1.0133879030180675,0.9492025226040496,730
graphcast,GraphCast-small 1°,sphere_ttc,2018-2019,72,t200,K,0.9751177829775909,0.9609531405312903,730
graphcast,GraphCast-small 1°,sphere_ttc,2018-2019,72,t300,K,0.7504760318786978,0.9524183753715448,730
graphcast,GraphCast-small 1°,sphere_ttc,2018-2019,72,t500,K,0.8051172230786863,0.9633086244196396,730
graphcast,GraphCast-small 1°,sphere_ttc,2018-2019,72,t700,K,0.8182737916760192,0.9632518655245257,730
graphcast,GraphCast-small 1°,sphere_ttc,2018-2019,72,t850,K,0.9479190804037655,0.957391895715147,730
graphcast,GraphCast-small 1°,sphere_ttc,2018-2019,72,t925,K,0.9357730403699155,0.9511393021737206,730
graphcast,GraphCast-small 1°,sphere_ttc,2018-2019,72,t1000,K,0.8906287099022527,0.9425925954279507,730
graphcast,GraphCast-small 1°,sphere_ttc,2018-2019,72,u50,m s^-1,2.5464130269556873,0.944841348656789,730
graphcast,GraphCast-small 1°,sphere_ttc,2018-2019,72,u100,m s^-1,2.1797130079580076,0.9530765255647652,730
graphcast,GraphCast-small 1°,sphere_ttc,2018-2019,72,u200,m s^-1,3.068479926046465,0.9627308552203266,730
graphcast,GraphCast-small 1°,sphere_ttc,2018-2019,72,u300,m s^-1,3.4801409523244526,0.9533595776102393,730
graphcast,GraphCast-small 1°,sphere_ttc,2018-2019,72,u500,m s^-1,2.5135318291611815,0.9486346349817425,730
graphcast,GraphCast-small 1°,sphere_ttc,2018-2019,72,u700,m s^-1,2.00930101589257,0.9437963631539719,730
graphcast,GraphCast-small 1°,sphere_ttc,2018-2019,72,u850,m s^-1,1.8813145856239801,0.9354088271062684,730
graphcast,GraphCast-small 1°,sphere_ttc,2018-2019,72,u925,m s^-1,1.8373994293361418,0.9340713630144333,730
graphcast,GraphCast-small 1°,sphere_ttc,2018-2019,72,u1000,m s^-1,1.4364982670342377,0.9346140245727022,730
graphcast,GraphCast-small 1°,sphere_ttc,2018-2019,72,v50,m s^-1,1.8602433534769585,0.919881107855908,730
graphcast,GraphCast-small 1°,sphere_ttc,2018-2019,72,v100,m s^-1,1.9553416800819226,0.9503163253725097,730
graphcast,GraphCast-small 1°,sphere_ttc,2018-2019,72,v200,m s^-1,3.062807360020555,0.9599184290525115,730
graphcast,GraphCast-small 1°,sphere_ttc,2018-2019,72,v300,m s^-1,3.4031080251714454,0.9530978192055817,730
graphcast,GraphCast-small 1°,sphere_ttc,2018-2019,72,v500,m s^-1,2.406797596831463,0.9478078397346851,730
graphcast,GraphCast-small 1°,sphere_ttc,2018-2019,72,v700,m s^-1,1.9041315012636058,0.9405507226230425,730
graphcast,GraphCast-small 1°,sphere_ttc,2018-2019,72,v850,m s^-1,1.7810575355122258,0.9323102549042739,730
graphcast,GraphCast-small 1°,sphere_ttc,2018-2019,72,v925,m s^-1,1.776973512404767,0.9347472219433738,730
graphcast,GraphCast-small 1°,sphere_ttc,2018-2019,72,v1000,m s^-1,1.4268683494770094,0.9357926666123769,730
graphcast,GraphCast-small 1°,sphere_ttc,2018-2019,72,u10,m s^-1,1.3019520075305457,0.9319746502391919,730
graphcast,GraphCast-small 1°,sphere_ttc,2018-2019,72,v10,m s^-1,1.2855099519894682,0.9323093717732032,730
graphcast,GraphCast-small 1°,sphere_ttc,2018-2019,72,t2m,K,1.0034891369655403,0.9186351011468291,730
graphcast,GraphCast-small 1°,sphere_ttc,2018-2019,72,mslp,Pa,154.2435041929593,0.9745162626755021,730
graphcast,GraphCast-small 1°,sphere_ttc,2018-2019,120,z50,m^2 s^-2,414.68797449674,0.9338461914391584,730
graphcast,GraphCast-small 1°,sphere_ttc,2018-2019,120,z100,m^2 s^-2,283.32623817772344,0.9559324645323405,730
graphcast,GraphCast-small 1°,sphere_ttc,2018-2019,120,z200,m^2 s^-2,350.9299859678136,0.9443152978705137,730
graphcast,GraphCast-small 1°,sphere_ttc,2018-2019,120,z300,m^2 s^-2,404.14770027109864,0.9294133804444681,730
graphcast,GraphCast-small 1°,sphere_ttc,2018-2019,120,z500,m^2 s^-2,301.7756562743592,0.9266035582713057,730
graphcast,GraphCast-small 1°,sphere_ttc,2018-2019,120,z700,m^2 s^-2,236.16007875829146,0.9227741009046363,730
graphcast,GraphCast-small 1°,sphere_ttc,2018-2019,120,z850,m^2 s^-2,221.37840466546422,0.9139681801803443,730
graphcast,GraphCast-small 1°,sphere_ttc,2018-2019,120,z925,m^2 s^-2,225.54854829397905,0.9087547303814518,730
graphcast,GraphCast-small 1°,sphere_ttc,2018-2019,120,z1000,m^2 s^-2,233.32024978161445,0.905668474088313,730
graphcast,GraphCast-small 1°,sphere_ttc,2018-2019,120,q50,kg kg^-1,7.866423149624904e-08,0.7998251796868846,730
graphcast,GraphCast-small 1°,sphere_ttc,2018-2019,120,q100,kg kg^-1,2.3991008762868684e-07,0.7764619078450042,730
graphcast,GraphCast-small 1°,sphere_ttc,2018-2019,120,q200,kg kg^-1,9.360137583971395e-06,0.7489610221033308,730
graphcast,GraphCast-small 1°,sphere_ttc,2018-2019,120,q300,kg kg^-1,8.240452439575572e-05,0.7538024211068137,730
graphcast,GraphCast-small 1°,sphere_ttc,2018-2019,120,q500,kg kg^-1,0.0005040199524424037,0.7724915098418476,730
graphcast,GraphCast-small 1°,sphere_ttc,2018-2019,120,q700,kg kg^-1,0.0009746693977047182,0.7639307835287681,730
graphcast,GraphCast-small 1°,sphere_ttc,2018-2019,120,q850,kg kg^-1,0.0011369314274076582,0.7474207995394563,730
graphcast,GraphCast-small 1°,sphere_ttc,2018-2019,120,q925,kg kg^-1,0.0008521693903718897,0.7951221437279863,730
graphcast,GraphCast-small 1°,sphere_ttc,2018-2019,120,q1000,kg kg^-1,0.0007626694066768689,0.8482882678685689,730
graphcast,GraphCast-small 1°,sphere_ttc,2018-2019,120,t50,K,1.8964494893283468,0.834496198398786,730
graphcast,GraphCast-small 1°,sphere_ttc,2018-2019,120,t100,K,1.3901440680528214,0.9031164145556222,730
graphcast,GraphCast-small 1°,sphere_ttc,2018-2019,120,t200,K,1.6638675195935115,0.8854055842934077,730
graphcast,GraphCast-small 1°,sphere_ttc,2018-2019,120,t300,K,1.1913322079290662,0.8791189417296251,730
graphcast,GraphCast-small 1°,sphere_ttc,2018-2019,120,t500,K,1.3949497594803377,0.8890880903585757,730
graphcast,GraphCast-small 1°,sphere_ttc,2018-2019,120,t700,K,1.4050244579293376,0.8908451578348908,730
graphcast,GraphCast-small 1°,sphere_ttc,2018-2019,120,t850,K,1.564011098995302,0.88307090226727,730
graphcast,GraphCast-small 1°,sphere_ttc,2018-2019,120,t925,K,1.5078223114485063,0.8719701356021604,730
graphcast,GraphCast-small 1°,sphere_ttc,2018-2019,120,t1000,K,1.3608959152827624,0.865550233437484,730
graphcast,GraphCast-small 1°,sphere_ttc,2018-2019,120,u50,m s^-1,3.186163926429589,0.9125400156982796,730
graphcast,GraphCast-small 1°,sphere_ttc,2018-2019,120,u100,m s^-1,3.0027382276180448,0.9104577459682912,730
graphcast,GraphCast-small 1°,sphere_ttc,2018-2019,120,u200,m s^-1,4.941864652629427,0.9028685452249271,730
graphcast,GraphCast-small 1°,sphere_ttc,2018-2019,120,u300,m s^-1,5.802424234284871,0.8694395552197363,730
graphcast,GraphCast-small 1°,sphere_ttc,2018-2019,120,u500,m s^-1,4.099874290096603,0.8616425767361612,730
graphcast,GraphCast-small 1°,sphere_ttc,2018-2019,120,u700,m s^-1,3.2090281111273455,0.8544627186016774,730
graphcast,GraphCast-small 1°,sphere_ttc,2018-2019,120,u850,m s^-1,3.0095920765375928,0.8319135633781995,730
graphcast,GraphCast-small 1°,sphere_ttc,2018-2019,120,u925,m s^-1,2.9946481965631118,0.8219517812201945,730
graphcast,GraphCast-small 1°,sphere_ttc,2018-2019,120,u1000,m s^-1,2.3215923018860196,0.8265659704644818,730
graphcast,GraphCast-small 1°,sphere_ttc,2018-2019,120,v50,m s^-1,2.338343406120599,0.8716261835463012,730
graphcast,GraphCast-small 1°,sphere_ttc,2018-2019,120,v100,m s^-1,2.742337758480476,0.9012285660368048,730
graphcast,GraphCast-small 1°,sphere_ttc,2018-2019,120,v200,m s^-1,4.978701033649693,0.8930024660282903,730
graphcast,GraphCast-small 1°,sphere_ttc,2018-2019,120,v300,m s^-1,5.753524371547172,0.8640000767070787,730
graphcast,GraphCast-small 1°,sphere_ttc,2018-2019,120,v500,m s^-1,3.9836803882282523,0.8542879555023785,730
graphcast,GraphCast-small 1°,sphere_ttc,2018-2019,120,v700,m s^-1,3.0663419525352498,0.8424413478570306,730
graphcast,GraphCast-small 1°,sphere_ttc,2018-2019,120,v850,m s^-1,2.8491220799299644,0.8229334177891006,730
graphcast,GraphCast-small 1°,sphere_ttc,2018-2019,120,v925,m s^-1,2.8998068324423385,0.8225564359198917,730
graphcast,GraphCast-small 1°,sphere_ttc,2018-2019,120,v1000,m s^-1,2.3099625720014383,0.8286870954861447,730
graphcast,GraphCast-small 1°,sphere_ttc,2018-2019,120,u10,m s^-1,2.0953115159635125,0.8209753618224983,730
graphcast,GraphCast-small 1°,sphere_ttc,2018-2019,120,v10,m s^-1,2.068087165176377,0.8214475956046059,730
graphcast,GraphCast-small 1°,sphere_ttc,2018-2019,120,t2m,K,1.3859031094096845,0.8446752985928173,730
graphcast,GraphCast-small 1°,sphere_ttc,2018-2019,120,mslp,Pa,296.3053610633176,0.9049707975246647,730
graphcast,GraphCast-small 1°,sphere_ttc,2018-2019,168,z50,m^2 s^-2,544.2836380749984,0.8851761844460373,730
graphcast,GraphCast-small 1°,sphere_ttc,2018-2019,168,z100,m^2 s^-2,446.72213374707286,0.8898041937228592,730
graphcast,GraphCast-small 1°,sphere_ttc,2018-2019,168,z200,m^2 s^-2,591.3821184998204,0.8401096115564701,730
graphcast,GraphCast-small 1°,sphere_ttc,2018-2019,168,z300,m^2 s^-2,662.7543451572602,0.8052976047619206,730
graphcast,GraphCast-small 1°,sphere_ttc,2018-2019,168,z500,m^2 s^-2,493.08669334867903,0.7997134839404577,730
graphcast,GraphCast-small 1°,sphere_ttc,2018-2019,168,z700,m^2 s^-2,382.49704425591574,0.7923809797889451,730
graphcast,GraphCast-small 1°,sphere_ttc,2018-2019,168,z850,m^2 s^-2,352.451730587395,0.7741081496542905,730
graphcast,GraphCast-small 1°,sphere_ttc,2018-2019,168,z925,m^2 s^-2,354.69126816687645,0.7637689477863598,730
graphcast,GraphCast-small 1°,sphere_ttc,2018-2019,168,z1000,m^2 s^-2,365.1183371498529,0.7575583531977993,730
graphcast,GraphCast-small 1°,sphere_ttc,2018-2019,168,q50,kg kg^-1,8.880351831405736e-08,0.7399266074117556,730
graphcast,GraphCast-small 1°,sphere_ttc,2018-2019,168,q100,kg kg^-1,2.756245914828951e-07,0.6977171949620978,730
graphcast,GraphCast-small 1°,sphere_ttc,2018-2019,168,q200,kg kg^-1,1.0998344466722984e-05,0.6432527768796115,730
graphcast,GraphCast-small 1°,sphere_ttc,2018-2019,168,q300,kg kg^-1,9.880628608613991e-05,0.6350860894725276,730
graphcast,GraphCast-small 1°,sphere_ttc,2018-2019,168,q500,kg kg^-1,0.0006171547461738807,0.6490327085325823,730
graphcast,GraphCast-small 1°,sphere_ttc,2018-2019,168,q700,kg kg^-1,0.0012014362858144324,0.6289088554090609,730
graphcast,GraphCast-small 1°,sphere_ttc,2018-2019,168,q850,kg kg^-1,0.0013907446171454825,0.6097892833615597,730
graphcast,GraphCast-small 1°,sphere_ttc,2018-2019,168,q925,kg kg^-1,0.0010767388871264104,0.662920677716408,730
graphcast,GraphCast-small 1°,sphere_ttc,2018-2019,168,q1000,kg kg^-1,0.0010224222460058275,0.7211645554649441,730
graphcast,GraphCast-small 1°,sphere_ttc,2018-2019,168,t50,K,2.1632175592571756,0.7810793109602199,730
graphcast,GraphCast-small 1°,sphere_ttc,2018-2019,168,t100,K,1.832429969394915,0.829119994960324,730
graphcast,GraphCast-small 1°,sphere_ttc,2018-2019,168,t200,K,2.4046388567479533,0.7490827604734941,730
graphcast,GraphCast-small 1°,sphere_ttc,2018-2019,168,t300,K,1.673013324029072,0.7515714470910826,730
graphcast,GraphCast-small 1°,sphere_ttc,2018-2019,168,t500,K,2.069996557040365,0.7421368041531288,730
graphcast,GraphCast-small 1°,sphere_ttc,2018-2019,168,t700,K,2.091228423628119,0.7468813136493573,730
graphcast,GraphCast-small 1°,sphere_ttc,2018-2019,168,t850,K,2.289463940382515,0.7396422184236946,730
graphcast,GraphCast-small 1°,sphere_ttc,2018-2019,168,t925,K,2.1741897630571447,0.7252735928086493,730
graphcast,GraphCast-small 1°,sphere_ttc,2018-2019,168,t1000,K,1.9187609903682015,0.7260825438729714,730
graphcast,GraphCast-small 1°,sphere_ttc,2018-2019,168,u50,m s^-1,3.8056171466627404,0.8734414504955572,730
graphcast,GraphCast-small 1°,sphere_ttc,2018-2019,168,u100,m s^-1,4.125628799455188,0.8295003832172463,730
graphcast,GraphCast-small 1°,sphere_ttc,2018-2019,168,u200,m s^-1,7.263714205042905,0.7861170459124303,730
graphcast,GraphCast-small 1°,sphere_ttc,2018-2019,168,u300,m s^-1,8.302199194905652,0.72188005154484,730
graphcast,GraphCast-small 1°,sphere_ttc,2018-2019,168,u500,m s^-1,5.822946871813787,0.7100905119884713,730
graphcast,GraphCast-small 1°,sphere_ttc,2018-2019,168,u700,m s^-1,4.514016967909035,0.7010632801245064,730
graphcast,GraphCast-small 1°,sphere_ttc,2018-2019,168,u850,m s^-1,4.175497295040728,0.6594371405939562,730
graphcast,GraphCast-small 1°,sphere_ttc,2018-2019,168,u925,m s^-1,4.156660797409118,0.6360154976249152,730
graphcast,GraphCast-small 1°,sphere_ttc,2018-2019,168,u1000,m s^-1,3.2255784991299774,0.6450453726511023,730
graphcast,GraphCast-small 1°,sphere_ttc,2018-2019,168,v50,m s^-1,2.9623639959420984,0.7907454981041823,730
graphcast,GraphCast-small 1°,sphere_ttc,2018-2019,168,v100,m s^-1,3.9297200854143166,0.793064072796202,730
graphcast,GraphCast-small 1°,sphere_ttc,2018-2019,168,v200,m s^-1,7.4259018872782985,0.7507063544484058,730
graphcast,GraphCast-small 1°,sphere_ttc,2018-2019,168,v300,m s^-1,8.36313973899628,0.6941532399116055,730
graphcast,GraphCast-small 1°,sphere_ttc,2018-2019,168,v500,m s^-1,5.707999583630123,0.6812564832367757,730
graphcast,GraphCast-small 1°,sphere_ttc,2018-2019,168,v700,m s^-1,4.321528388886767,0.6668628177850592,730
graphcast,GraphCast-small 1°,sphere_ttc,2018-2019,168,v850,m s^-1,3.953528975152404,0.6340511824768005,730
graphcast,GraphCast-small 1°,sphere_ttc,2018-2019,168,v925,m s^-1,4.047229028772897,0.6289065300097136,730
graphcast,GraphCast-small 1°,sphere_ttc,2018-2019,168,v1000,m s^-1,3.2424214214147216,0.6391106997038996,730
graphcast,GraphCast-small 1°,sphere_ttc,2018-2019,168,u10,m s^-1,2.8902106313004166,0.6382101860181034,730
graphcast,GraphCast-small 1°,sphere_ttc,2018-2019,168,v10,m s^-1,2.876441574044249,0.6299029878172442,730
graphcast,GraphCast-small 1°,sphere_ttc,2018-2019,168,t2m,K,1.860607650347138,0.7152040125324604,730
graphcast,GraphCast-small 1°,sphere_ttc,2018-2019,168,mslp,Pa,463.7682559269009,0.7557101273836148,730
graphcast,GraphCast-small 1°,sphere_ttc,2018-2019,240,z50,m^2 s^-2,761.4401627417717,0.7711369967513938,730
graphcast,GraphCast-small 1°,sphere_ttc,2018-2019,240,z100,m^2 s^-2,685.2959769213512,0.7230683752737022,730
graphcast,GraphCast-small 1°,sphere_ttc,2018-2019,240,z200,m^2 s^-2,885.7870333737962,0.5968692670672637,730
graphcast,GraphCast-small 1°,sphere_ttc,2018-2019,240,z300,m^2 s^-2,956.0359924373226,0.5383371629263641,730
graphcast,GraphCast-small 1°,sphere_ttc,2018-2019,240,z500,m^2 s^-2,707.0194398260575,0.5299141826834175,730
graphcast,GraphCast-small 1°,sphere_ttc,2018-2019,240,z700,m^2 s^-2,543.9387715939641,0.5193150077008182,730
graphcast,GraphCast-small 1°,sphere_ttc,2018-2019,240,z850,m^2 s^-2,492.2311880697541,0.4926504655439351,730
graphcast,GraphCast-small 1°,sphere_ttc,2018-2019,240,z925,m^2 s^-2,491.95979711096203,0.4777112550691752,730
graphcast,GraphCast-small 1°,sphere_ttc,2018-2019,240,z1000,m^2 s^-2,504.0994179530965,0.4680122853336343,730
graphcast,GraphCast-small 1°,sphere_ttc,2018-2019,240,q50,kg kg^-1,1.0424208509040017e-07,0.637195243541901,730
graphcast,GraphCast-small 1°,sphere_ttc,2018-2019,240,q100,kg kg^-1,3.303109419372427e-07,0.5556533197273371,730
graphcast,GraphCast-small 1°,sphere_ttc,2018-2019,240,q200,kg kg^-1,1.3284774506029527e-05,0.4541734015818736,730
graphcast,GraphCast-small 1°,sphere_ttc,2018-2019,240,q300,kg kg^-1,0.00012003940285535679,0.4317766486962996,730
graphcast,GraphCast-small 1°,sphere_ttc,2018-2019,240,q500,kg kg^-1,0.0007544826485032343,0.4439273903704852,730
graphcast,GraphCast-small 1°,sphere_ttc,2018-2019,240,q700,kg kg^-1,0.0014639563582395474,0.413050900520406,730
graphcast,GraphCast-small 1°,sphere_ttc,2018-2019,240,q850,kg kg^-1,0.0016752504042445617,0.394539846687871,730
graphcast,GraphCast-small 1°,sphere_ttc,2018-2019,240,q925,kg kg^-1,0.0013489539957494553,0.4371512761805748,730
graphcast,GraphCast-small 1°,sphere_ttc,2018-2019,240,q1000,kg kg^-1,0.0013452391906106902,0.4773141609332433,730
graphcast,GraphCast-small 1°,sphere_ttc,2018-2019,240,t50,K,2.579586748143849,0.6819960422611622,730
graphcast,GraphCast-small 1°,sphere_ttc,2018-2019,240,t100,K,2.4894502924063637,0.6708910200709923,730
graphcast,GraphCast-small 1°,sphere_ttc,2018-2019,240,t200,K,3.1742846534518416,0.5166870371608987,730
graphcast,GraphCast-small 1°,sphere_ttc,2018-2019,240,t300,K,2.2315103595396426,0.5135563084478988,730
graphcast,GraphCast-small 1°,sphere_ttc,2018-2019,240,t500,K,2.8046211252580124,0.46592384077663723,730
graphcast,GraphCast-small 1°,sphere_ttc,2018-2019,240,t700,K,2.8393989026105557,0.4738607643274393,730
graphcast,GraphCast-small 1°,sphere_ttc,2018-2019,240,t850,K,3.0884713378372655,0.46851601802785425,730
graphcast,GraphCast-small 1°,sphere_ttc,2018-2019,240,t925,K,2.90129656458327,0.4603347810905493,730
graphcast,GraphCast-small 1°,sphere_ttc,2018-2019,240,t1000,K,2.549509981233488,0.47804587724682096,730
graphcast,GraphCast-small 1°,sphere_ttc,2018-2019,240,u50,m s^-1,4.809551673708213,0.792410342243568,730
graphcast,GraphCast-small 1°,sphere_ttc,2018-2019,240,u100,m s^-1,5.802864442929297,0.6394348911438165,730
graphcast,GraphCast-small 1°,sphere_ttc,2018-2019,240,u200,m s^-1,10.1277576881222,0.5384292124042241,730
graphcast,GraphCast-small 1°,sphere_ttc,2018-2019,240,u300,m s^-1,11.016160473025513,0.4542207290716136,730
graphcast,GraphCast-small 1°,sphere_ttc,2018-2019,240,u500,m s^-1,7.633773347391881,0.44058228679110334,730
graphcast,GraphCast-small 1°,sphere_ttc,2018-2019,240,u700,m s^-1,5.8547089467342905,0.43534767633537397,730
graphcast,GraphCast-small 1°,sphere_ttc,2018-2019,240,u850,m s^-1,5.311182333476448,0.38495331359716056,730
graphcast,GraphCast-small 1°,sphere_ttc,2018-2019,240,u925,m s^-1,5.2516137347229375,0.35351090586270617,730
graphcast,GraphCast-small 1°,sphere_ttc,2018-2019,240,u1000,m s^-1,4.095956774376411,0.3616796177242074,730
graphcast,GraphCast-small 1°,sphere_ttc,2018-2019,240,v50,m s^-1,3.972095839485358,0.5925008672338529,730
graphcast,GraphCast-small 1°,sphere_ttc,2018-2019,240,v100,m s^-1,5.512657606349383,0.5326974031909946,730
graphcast,GraphCast-small 1°,sphere_ttc,2018-2019,240,v200,m s^-1,10.252552253844906,0.4491353486820957,730
graphcast,GraphCast-small 1°,sphere_ttc,2018-2019,240,v300,m s^-1,11.074369459198339,0.3847467835184594,730
graphcast,GraphCast-small 1°,sphere_ttc,2018-2019,240,v500,m s^-1,7.451642703547427,0.3774659167153165,730
graphcast,GraphCast-small 1°,sphere_ttc,2018-2019,240,v700,m s^-1,5.565205720103155,0.3684752917239767,730
graphcast,GraphCast-small 1°,sphere_ttc,2018-2019,240,v850,m s^-1,5.006149984975377,0.33724607606504975,730
graphcast,GraphCast-small 1°,sphere_ttc,2018-2019,240,v925,m s^-1,5.134766300238959,0.3289152225466487,730
graphcast,GraphCast-small 1°,sphere_ttc,2018-2019,240,v1000,m s^-1,4.142400975809806,0.337097659845462,730
graphcast,GraphCast-small 1°,sphere_ttc,2018-2019,240,u10,m s^-1,3.6452991621513284,0.3595384194992344,730
graphcast,GraphCast-small 1°,sphere_ttc,2018-2019,240,v10,m s^-1,3.6496578078338926,0.3308426598546449,730
graphcast,GraphCast-small 1°,sphere_ttc,2018-2019,240,t2m,K,2.4322905400974157,0.48309624769883935,730
graphcast,GraphCast-small 1°,sphere_ttc,2018-2019,240,mslp,Pa,639.3906464260778,0.46532789816671116,730
