model,model_display_name,method,period,lead_time_hours,variable,unit,rmse,acc,n_initializations
convlstm,convlstm,raw,2018,24,z50,m^2 s^-2,550.1346477460631,0.8567017535396857,365
convlstm,convlstm,raw,2018,24,z100,m^2 s^-2,482.3508397405968,0.8475147126669192,365
convlstm,convlstm,raw,2018,24,z200,m^2 s^-2,560.9030311556437,0.8426405968817998,365
convlstm,convlstm,raw,2018,24,z300,m^2 s^-2,587.0050572551745,0.8387969295481712,365
convlstm,convlstm,raw,2018,24,z500,m^2 s^-2,420.28102274301057,0.8484337016542013,365
convlstm,convlstm,raw,2018,24,z700,m^2 s^-2,325.0399495994553,0.8440797510860053,365
convlstm,convlstm,raw,2018,24,z850,m^2 s^-2,301.612902133355,0.8286877351383377,365
convlstm,convlstm,raw,2018,24,z925,m^2 s^-2,304.3339938553113,0.8213008059199207,365
convlstm,convlstm,raw,2018,24,z1000,m^2 s^-2,315.11470055791665,0.8136479229136284,365
convlstm,convlstm,raw,2018,24,q50,kg kg^-1,1.330494391159956e-07,0.43319896177955086,365
convlstm,convlstm,raw,2018,24,q100,kg kg^-1,2.7577160772151505e-07,0.6693208918254935,365
convlstm,convlstm,raw,2018,24,q200,kg kg^-1,1.0495556430292979e-05,0.6157962878214491,365
convlstm,convlstm,raw,2018,24,q300,kg kg^-1,9.119731398346454e-05,0.6471437859935179,365
convlstm,convlstm,raw,2018,24,q500,kg kg^-1,0.0005482926480838204,0.6988971979377189,365
convlstm,convlstm,raw,2018,24,q700,kg kg^-1,0.0010949941849923651,0.6657805506535137,365
convlstm,convlstm,raw,2018,24,q850,kg kg^-1,0.001343643356732541,0.593922098576493,365
convlstm,convlstm,raw,2018,24,q925,kg kg^-1,0.0011224656706769417,0.5981985193022371,365
convlstm,convlstm,raw,2018,24,q1000,kg kg^-1,0.0011828289351339717,0.616118436825598,365
convlstm,convlstm,raw,2018,24,t50,K,2.0789153025402944,0.7264017367349669,365
convlstm,convlstm,raw,2018,24,t100,K,2.0580331541840793,0.7432714993730927,365
convlstm,convlstm,raw,2018,24,t200,K,2.2785486867681835,0.7448786076972744,365
convlstm,convlstm,raw,2018,24,t300,K,1.886297941152115,0.6284318362705842,365
convlstm,convlstm,raw,2018,24,t500,K,2.1124902120955436,0.7100961531030147,365
convlstm,convlstm,raw,2018,24,t700,K,2.188064266818365,0.7029840733638194,365
convlstm,convlstm,raw,2018,24,t850,K,2.3522962010048456,0.7014620242698612,365
convlstm,convlstm,raw,2018,24,t925,K,2.242372112604412,0.6826345394537308,365
convlstm,convlstm,raw,2018,24,t1000,K,2.190602865445166,0.6420137955921588,365
convlstm,convlstm,raw,2018,24,u50,m s^-1,3.3818530978675616,0.908004192261171,365
convlstm,convlstm,raw,2018,24,u100,m s^-1,4.14438281180873,0.8089445919129216,365
convlstm,convlstm,raw,2018,24,u200,m s^-1,6.730151288076545,0.8071361191438661,365
convlstm,convlstm,raw,2018,24,u300,m s^-1,7.128621544734773,0.788896117543223,365
convlstm,convlstm,raw,2018,24,u500,m s^-1,4.944152718488919,0.7869943197116477,365
convlstm,convlstm,raw,2018,24,u700,m s^-1,3.791927285583189,0.7847105209339786,365
convlstm,convlstm,raw,2018,24,u850,m s^-1,3.561877564151384,0.7455750524922825,365
convlstm,convlstm,raw,2018,24,u925,m s^-1,3.480575417207976,0.7385114661114579,365
convlstm,convlstm,raw,2018,24,u1000,m s^-1,2.7083353933226695,0.7427482223765278,365
convlstm,convlstm,raw,2018,24,v50,m s^-1,2.7315269837978047,0.826029387818698,365
convlstm,convlstm,raw,2018,24,v100,m s^-1,3.8024727483067307,0.7933670474668705,365
convlstm,convlstm,raw,2018,24,v200,m s^-1,6.498396907926978,0.7986041998542438,365
convlstm,convlstm,raw,2018,24,v300,m s^-1,6.873628202515293,0.7870966129063969,365
convlstm,convlstm,raw,2018,24,v500,m s^-1,4.614839858285452,0.7863509439700853,365
convlstm,convlstm,raw,2018,24,v700,m s^-1,3.5592139867068,0.7667035340740265,365
convlstm,convlstm,raw,2018,24,v850,m s^-1,3.3588891713033284,0.7252413304735653,365
convlstm,convlstm,raw,2018,24,v925,m s^-1,3.3926307334012558,0.7282687051280895,365
convlstm,convlstm,raw,2018,24,v1000,m s^-1,2.6976188813167132,0.7402575184942729,365
convlstm,convlstm,raw,2018,24,u10,m s^-1,2.421001711313172,0.7388578192427063,365
convlstm,convlstm,raw,2018,24,v10,m s^-1,2.3966048158811084,0.7342385755653575,365
convlstm,convlstm,raw,2018,24,t2m,K,2.6591558652009972,0.5512320668948921,365
convlstm,convlstm,raw,2018,24,mslp,Pa,401.0125123750325,0.81141248577447,365
convlstm,convlstm,raw,2018,72,z50,m^2 s^-2,799.5441403736394,0.6645188790773751,365
convlstm,convlstm,raw,2018,72,z100,m^2 s^-2,746.39034329455,0.5800962463057642,365
convlstm,convlstm,raw,2018,72,z200,m^2 s^-2,917.4045958852452,0.49104983340928243,365
convlstm,convlstm,raw,2018,72,z300,m^2 s^-2,959.2023981320062,0.46860891983323,365
convlstm,convlstm,raw,2018,72,z500,m^2 s^-2,704.6288806906971,0.47026306234267656,365
convlstm,convlstm,raw,2018,72,z700,m^2 s^-2,544.8124451846545,0.4499904589385514,365
convlstm,convlstm,raw,2018,72,z850,m^2 s^-2,494.2278599246353,0.4143382654921262,365
convlstm,convlstm,raw,2018,72,z925,m^2 s^-2,494.5798714790769,0.39453632549593254,365
convlstm,convlstm,raw,2018,72,z1000,m^2 s^-2,506.9677061649766,0.37846605711221437,365
convlstm,convlstm,raw,2018,72,q50,kg kg^-1,1.2483624281374955e-07,0.41376648275526234,365
convlstm,convlstm,raw,2018,72,q100,kg kg^-1,3.3781749315702673e-07,0.4492490055036224,365
convlstm,convlstm,raw,2018,72,q200,kg kg^-1,1.2861649531168911e-05,0.3051380069088984,365
convlstm,convlstm,raw,2018,72,q300,kg kg^-1,0.00011459558459334604,0.3161135637498436,365
convlstm,convlstm,raw,2018,72,q500,kg kg^-1,0.0007184107894354206,0.3680913220497722,365
convlstm,convlstm,raw,2018,72,q700,kg kg^-1,0.0013963901356069208,0.3421900715990709,365
convlstm,convlstm,raw,2018,72,q850,kg kg^-1,0.0016409234159341962,0.28894463356326616,365
convlstm,convlstm,raw,2018,72,q925,kg kg^-1,0.001381265558461172,0.2951114073232054,365
convlstm,convlstm,raw,2018,72,q1000,kg kg^-1,0.0014819300629665794,0.2975580467560461,365
convlstm,convlstm,raw,2018,72,t50,K,2.4621935708208356,0.5893845353102027,365
convlstm,convlstm,raw,2018,72,t100,K,2.665386054233393,0.5201637211787487,365
convlstm,convlstm,raw,2018,72,t200,K,3.1442294791200323,0.41369459132470704,365
convlstm,convlstm,raw,2018,72,t300,K,2.3160013873729945,0.34700874830864664,365
convlstm,convlstm,raw,2018,72,t500,K,2.832873854035314,0.3670399565784317,365
convlstm,convlstm,raw,2018,72,t700,K,2.931690987191322,0.35712955790670314,365
convlstm,convlstm,raw,2018,72,t850,K,3.158974903164428,0.3480649796681205,365
convlstm,convlstm,raw,2018,72,t925,K,2.9649790855155986,0.34907894003745626,365
convlstm,convlstm,raw,2018,72,t1000,K,2.7440395901251415,0.35636933833481393,365
convlstm,convlstm,raw,2018,72,u50,m s^-1,4.9084100215312265,0.7950136371269788,365
convlstm,convlstm,raw,2018,72,u100,m s^-1,6.178105397043688,0.5065595961457856,365
convlstm,convlstm,raw,2018,72,u200,m s^-1,10.222450566665055,0.456783669482727,365
convlstm,convlstm,raw,2018,72,u300,m s^-1,10.504940053836643,0.4309555494664454,365
convlstm,convlstm,raw,2018,72,u500,m s^-1,7.293412195390269,0.4239075968499614,365
convlstm,convlstm,raw,2018,72,u700,m s^-1,5.626827044763906,0.4085171874644155,365
convlstm,convlstm,raw,2018,72,u850,m s^-1,5.055452729969399,0.3529885821469325,365
convlstm,convlstm,raw,2018,72,u925,m s^-1,4.934785880437563,0.3288304189323606,365
convlstm,convlstm,raw,2018,72,u1000,m s^-1,3.878690201304009,0.3230289662526113,365
convlstm,convlstm,raw,2018,72,v50,m s^-1,4.277842472718822,0.47484616017646714,365
convlstm,convlstm,raw,2018,72,v100,m s^-1,5.900347356975833,0.34788793157519254,365
convlstm,convlstm,raw,2018,72,v200,m s^-1,10.396762133642158,0.2887887365022348,365
convlstm,convlstm,raw,2018,72,v300,m s^-1,10.715559682037911,0.28285620016415186,365
convlstm,convlstm,raw,2018,72,v500,m s^-1,7.1876394081796,0.28337302785804475,365
convlstm,convlstm,raw,2018,72,v700,m s^-1,5.407537398052415,0.2513632938902309,365
convlstm,convlstm,raw,2018,72,v850,m s^-1,4.8285417208740915,0.21049465920765886,365
convlstm,convlstm,raw,2018,72,v925,m s^-1,4.907167634023521,0.20792428637724145,365
convlstm,convlstm,raw,2018,72,v1000,m s^-1,3.9760906686238626,0.21469252605889236,365
convlstm,convlstm,raw,2018,72,u10,m s^-1,3.4480930219223724,0.32115848828048704,365
convlstm,convlstm,raw,2018,72,v10,m s^-1,3.5006375667114713,0.21160339194312258,365
convlstm,convlstm,raw,2018,72,t2m,K,2.992426395761153,0.32564227256551476,365
convlstm,convlstm,raw,2018,72,mslp,Pa,642.7198109215457,0.37553641651194936,365
convlstm,convlstm,raw,2018,120,z50,m^2 s^-2,927.4414443309461,0.520536966358017,365
convlstm,convlstm,raw,2018,120,z100,m^2 s^-2,845.1273559493696,0.4163519518230472,365
convlstm,convlstm,raw,2018,120,z200,m^2 s^-2,1011.3361687554128,0.3164263123636245,365
convlstm,convlstm,raw,2018,120,z300,m^2 s^-2,1049.327208621517,0.291465003434669,365
convlstm,convlstm,raw,2018,120,z500,m^2 s^-2,771.6892291838445,0.2885681654372098,365
convlstm,convlstm,raw,2018,120,z700,m^2 s^-2,592.5852210257038,0.2713566713404459,365
convlstm,convlstm,raw,2018,120,z850,m^2 s^-2,531.1858265833283,0.24536112173084254,365
convlstm,convlstm,raw,2018,120,z925,m^2 s^-2,528.7503508451182,0.22971958039332072,365
convlstm,convlstm,raw,2018,120,z1000,m^2 s^-2,540.2565572047597,0.21648707532676856,365
convlstm,convlstm,raw,2018,120,q50,kg kg^-1,1.2460399506271514e-07,0.38806589668670005,365
convlstm,convlstm,raw,2018,120,q100,kg kg^-1,3.6007547565990614e-07,0.343845966828998,365
convlstm,convlstm,raw,2018,120,q200,kg kg^-1,1.3297482858792719e-05,0.21319388577851317,365
convlstm,convlstm,raw,2018,120,q300,kg kg^-1,0.0001185977563318083,0.22261942650849692,365
convlstm,convlstm,raw,2018,120,q500,kg kg^-1,0.0007537316174611423,0.25323113620135385,365
convlstm,convlstm,raw,2018,120,q700,kg kg^-1,0.001458358473885709,0.2342001305396175,365
convlstm,convlstm,raw,2018,120,q850,kg kg^-1,0.0016937498507682335,0.20627344850030763,365
convlstm,convlstm,raw,2018,120,q925,kg kg^-1,0.0014344186911607604,0.2049952763550968,365
convlstm,convlstm,raw,2018,120,q1000,kg kg^-1,0.0015543934624090681,0.19097414155305492,365
convlstm,convlstm,raw,2018,120,t50,K,2.6971444498174226,0.49168231420565434,365
convlstm,convlstm,raw,2018,120,t100,K,2.9093043371385248,0.3973097409166428,365
convlstm,convlstm,raw,2018,120,t200,K,3.3280826558795087,0.29187866695872033,365
convlstm,convlstm,raw,2018,120,t300,K,2.429156581443293,0.23484250392734055,365
convlstm,convlstm,raw,2018,120,t500,K,2.9964431477481264,0.23048777496693112,365
convlstm,convlstm,raw,2018,120,t700,K,3.107445978913805,0.21720296360764946,365
convlstm,convlstm,raw,2018,120,t850,K,3.352982119295799,0.20885075456984525,365
convlstm,convlstm,raw,2018,120,t925,K,3.1441974542638182,0.22468951352329708,365
convlstm,convlstm,raw,2018,120,t1000,K,2.9146031723710126,0.2432882736357313,365
convlstm,convlstm,raw,2018,120,u50,m s^-1,5.484802458826419,0.7373978019444497,365
convlstm,convlstm,raw,2018,120,u100,m s^-1,6.853114185160658,0.34047657943801135,365
convlstm,convlstm,raw,2018,120,u200,m s^-1,11.08991174120098,0.2971258354185152,365
convlstm,convlstm,raw,2018,120,u300,m s^-1,11.287153219727752,0.27226702817778653,365
convlstm,convlstm,raw,2018,120,u500,m s^-1,7.8393224647483954,0.25936656474733005,365
convlstm,convlstm,raw,2018,120,u700,m s^-1,6.018951705139851,0.24928601324185085,365
convlstm,convlstm,raw,2018,120,u850,m s^-1,5.32664866610926,0.21252406945742727,365
convlstm,convlstm,raw,2018,120,u925,m s^-1,5.1674203518221375,0.1967287647201558,365
convlstm,convlstm,raw,2018,120,u1000,m s^-1,4.061306643375715,0.19068597679148883,365
convlstm,convlstm,raw,2018,120,v50,m s^-1,4.65804085240795,0.3022494455660019,365
convlstm,convlstm,raw,2018,120,v100,m s^-1,6.220440500356016,0.19142001047575158,365
convlstm,convlstm,raw,2018,120,v200,m s^-1,10.783888224224555,0.1524358700341564,365
convlstm,convlstm,raw,2018,120,v300,m s^-1,11.059216987258228,0.15857478973346859,365
convlstm,convlstm,raw,2018,120,v500,m s^-1,7.421591263037437,0.15917076778074482,365
convlstm,convlstm,raw,2018,120,v700,m s^-1,5.553221194574305,0.14036514228979782,365
convlstm,convlstm,raw,2018,120,v850,m s^-1,4.921465997824293,0.12241587907514472,365
convlstm,convlstm,raw,2018,120,v925,m s^-1,4.998439153273157,0.12533262020446054,365
convlstm,convlstm,raw,2018,120,v1000,m s^-1,4.056816828933843,0.13087351319667784,365
convlstm,convlstm,raw,2018,120,u10,m s^-1,3.6085735711457025,0.189399488241114,365
convlstm,convlstm,raw,2018,120,v10,m s^-1,3.568109519109776,0.13025391911224718,365
convlstm,convlstm,raw,2018,120,t2m,K,3.1402843296035114,0.21701266200707978,365
convlstm,convlstm,raw,2018,120,mslp,Pa,685.4057345660506,0.21144747913408352,365
convlstm,convlstm,raw,2018,168,z50,m^2 s^-2,994.4171329639247,0.43001095695639463,365
convlstm,convlstm,raw,2018,168,z100,m^2 s^-2,889.5004523376614,0.3258132141637596,365
convlstm,convlstm,raw,2018,168,z200,m^2 s^-2,1043.9892874752181,0.23656570122435663,365
convlstm,convlstm,raw,2018,168,z300,m^2 s^-2,1078.3220174361977,0.2138385497172077,365
convlstm,convlstm,raw,2018,168,z500,m^2 s^-2,792.8862091007711,0.20963488923147364,365
convlstm,convlstm,raw,2018,168,z700,m^2 s^-2,607.2921845984148,0.19569647766438988,365
convlstm,convlstm,raw,2018,168,z850,m^2 s^-2,542.4978778918156,0.17521131121812422,365
convlstm,convlstm,raw,2018,168,z925,m^2 s^-2,539.0632334420263,0.16253843735736054,365
convlstm,convlstm,raw,2018,168,z1000,m^2 s^-2,550.3061410976571,0.15154934599806003,365
convlstm,convlstm,raw,2018,168,q50,kg kg^-1,1.253839210397621e-07,0.37928444205665995,365
convlstm,convlstm,raw,2018,168,q100,kg kg^-1,3.7308766920246997e-07,0.2751364607099371,365
convlstm,convlstm,raw,2018,168,q200,kg kg^-1,1.3525063304652825e-05,0.16156054229926464,365
convlstm,convlstm,raw,2018,168,q300,kg kg^-1,0.00012066696253287364,0.17117828268236232,365
convlstm,convlstm,raw,2018,168,q500,kg kg^-1,0.0007702003216521571,0.19357086941380366,365
convlstm,convlstm,raw,2018,168,q700,kg kg^-1,0.0014843047774301477,0.18296259132321985,365
convlstm,convlstm,raw,2018,168,q850,kg kg^-1,0.0017191144294497276,0.16478210580065003,365
convlstm,convlstm,raw,2018,168,q925,kg kg^-1,0.0014625482713842828,0.15633832856910454,365
convlstm,convlstm,raw,2018,168,q1000,kg kg^-1,0.0015898850559892316,0.13956751530265593,365
convlstm,convlstm,raw,2018,168,t50,K,2.8481702468890937,0.42470248614728395,365
convlstm,convlstm,raw,2018,168,t100,K,3.0174943741979754,0.3317895451624441,365
convlstm,convlstm,raw,2018,168,t200,K,3.4030496357151505,0.2330438313906547,365
convlstm,convlstm,raw,2018,168,t300,K,2.4752068705106303,0.18117843564636502,365
convlstm,convlstm,raw,2018,168,t500,K,3.0553755465867503,0.16895748048493472,365
convlstm,convlstm,raw,2018,168,t700,K,3.172562101782432,0.15453018674435434,365
convlstm,convlstm,raw,2018,168,t850,K,3.426746347954184,0.14679959147388108,365
convlstm,convlstm,raw,2018,168,t925,K,3.227556989403914,0.16397747123640238,365
convlstm,convlstm,raw,2018,168,t1000,K,3.0161786667911885,0.18245497777922884,365
convlstm,convlstm,raw,2018,168,u50,m s^-1,5.731561861414537,0.7105375849410577,365
convlstm,convlstm,raw,2018,168,u100,m s^-1,7.164625096571633,0.246606862116988,365
convlstm,convlstm,raw,2018,168,u200,m s^-1,11.401485952991797,0.22079344556930153,365
convlstm,convlstm,raw,2018,168,u300,m s^-1,11.530423177712354,0.20459440130269796,365
convlstm,convlstm,raw,2018,168,u500,m s^-1,7.998846588205224,0.19263203381427788,365
convlstm,convlstm,raw,2018,168,u700,m s^-1,6.141575725168549,0.1815905278267544,365
convlstm,convlstm,raw,2018,168,u850,m s^-1,5.417035663820215,0.15294658556739152,365
convlstm,convlstm,raw,2018,168,u925,m s^-1,5.244695047827072,0.14185676289868757,365
convlstm,convlstm,raw,2018,168,u1000,m s^-1,4.120058342900686,0.13748390425240536,365
convlstm,convlstm,raw,2018,168,v50,m s^-1,4.786086421236891,0.22031339009705656,365
convlstm,convlstm,raw,2018,168,v100,m s^-1,6.307496424326175,0.13335863505705922,365
convlstm,convlstm,raw,2018,168,v200,m s^-1,10.853313372671975,0.11468288771336854,365
convlstm,convlstm,raw,2018,168,v300,m s^-1,11.121320444613628,0.12462647308279806,365
convlstm,convlstm,raw,2018,168,v500,m s^-1,7.467602059731832,0.12328440346171994,365
convlstm,convlstm,raw,2018,168,v700,m s^-1,5.584012472502253,0.10791073705470731,365
convlstm,convlstm,raw,2018,168,v850,m s^-1,4.944721105841913,0.09561245942298452,365
convlstm,convlstm,raw,2018,168,v925,m s^-1,5.020432322737598,0.10077473723781118,365
convlstm,convlstm,raw,2018,168,v1000,m s^-1,4.076224445236105,0.10587245061864739,365
convlstm,convlstm,raw,2018,168,u10,m s^-1,3.66089110622142,0.1363215270114912,365
convlstm,convlstm,raw,2018,168,v10,m s^-1,3.5852896669725918,0.1054570678761559,365
convlstm,convlstm,raw,2018,168,t2m,K,3.2502785383437156,0.15522540036945398,365
convlstm,convlstm,raw,2018,168,mslp,Pa,698.3057631039906,0.14593111785927554,365
convlstm,convlstm,raw,2018,240,z50,m^2 s^-2,1066.8444961773823,0.3399399081885706,365
convlstm,convlstm,raw,2018,240,z100,m^2 s^-2,933.5167308704588,0.24431659272248185,365
convlstm,convlstm,raw,2018,240,z200,m^2 s^-2,1073.5928587550604,0.17028842833534388,365
convlstm,convlstm,raw,2018,240,z300,m^2 s^-2,1101.5420369079623,0.15418721870011529,365
convlstm,convlstm,raw,2018,240,z500,m^2 s^-2,808.6351297283726,0.15156549758000268,365
convlstm,convlstm,raw,2018,240,z700,m^2 s^-2,617.4771995749018,0.14315599636145998,365
convlstm,convlstm,raw,2018,240,z850,m^2 s^-2,549.8981007722037,0.1291666114045282,365
convlstm,convlstm,raw,2018,240,z925,m^2 s^-2,545.8453235202296,0.11884681260793478,365
convlstm,convlstm,raw,2018,240,z1000,m^2 s^-2,557.164138111872,0.10894415369972898,365
convlstm,convlstm,raw,2018,240,q50,kg kg^-1,1.2805586075148272e-07,0.37044591979628944,365
convlstm,convlstm,raw,2018,240,q100,kg kg^-1,3.883407365082463e-07,0.19783949412668686,365
convlstm,convlstm,raw,2018,240,q200,kg kg^-1,1.373518570010352e-05,0.1188073938408143,365
convlstm,convlstm,raw,2018,240,q300,kg kg^-1,0.00012252106854022138,0.12922349731713725,365
convlstm,convlstm,raw,2018,240,q500,kg kg^-1,0.0007826827705961369,0.15071269859678585,365
convlstm,convlstm,raw,2018,240,q700,kg kg^-1,0.0015056799274455635,0.14346648226902825,365
convlstm,convlstm,raw,2018,240,q850,kg kg^-1,0.001743776034636707,0.13127173994390443,365
convlstm,convlstm,raw,2018,240,q925,kg kg^-1,0.0014894871980936952,0.1203132151697823,365
convlstm,convlstm,raw,2018,240,q1000,kg kg^-1,0.001626229202895297,0.10219088146648594,365
convlstm,convlstm,raw,2018,240,t50,K,3.032152087304453,0.3480083762604911,365
convlstm,convlstm,raw,2018,240,t100,K,3.1379370934711157,0.2642877858320156,365
convlstm,convlstm,raw,2018,240,t200,K,3.474985644046855,0.18005533344953564,365
convlstm,convlstm,raw,2018,240,t300,K,2.5298312216852246,0.12923745750875684,365
convlstm,convlstm,raw,2018,240,t500,K,3.1044383994458893,0.1240398037446416,365
convlstm,convlstm,raw,2018,240,t700,K,3.2321360049385603,0.1069893460265726,365
convlstm,convlstm,raw,2018,240,t850,K,3.494668127987824,0.10082299262971416,365
convlstm,convlstm,raw,2018,240,t925,K,3.307246468851371,0.12037053076745766,365
convlstm,convlstm,raw,2018,240,t1000,K,3.1163795261466487,0.13927089279306668,365
convlstm,convlstm,raw,2018,240,u50,m s^-1,5.976578162226826,0.6847226382496169,365
convlstm,convlstm,raw,2018,240,u100,m s^-1,7.44214454069225,0.16517683760027635,365
convlstm,convlstm,raw,2018,240,u200,m s^-1,11.669826148533419,0.15355201562304757,365
convlstm,convlstm,raw,2018,240,u300,m s^-1,11.705481332211132,0.1529096191794697,365
convlstm,convlstm,raw,2018,240,u500,m s^-1,8.112144229008402,0.14371339486554327,365
convlstm,convlstm,raw,2018,240,u700,m s^-1,6.2360716600493715,0.13090547314817472,365
convlstm,convlstm,raw,2018,240,u850,m s^-1,5.489400995834068,0.10994018497378301,365
convlstm,convlstm,raw,2018,240,u925,m s^-1,5.303112260846276,0.10524606040631794,365
convlstm,convlstm,raw,2018,240,u1000,m s^-1,4.161708415018176,0.10422943713690751,365
convlstm,convlstm,raw,2018,240,v50,m s^-1,4.883468495505045,0.1580108404806465,365
convlstm,convlstm,raw,2018,240,v100,m s^-1,6.35665732626358,0.10384474174917926,365
convlstm,convlstm,raw,2018,240,v200,m s^-1,10.886037778306152,0.09473961649132862,365
convlstm,convlstm,raw,2018,240,v300,m s^-1,11.142619935626687,0.10932774208290558,365
convlstm,convlstm,raw,2018,240,v500,m s^-1,7.486288579923584,0.10773672027474271,365
convlstm,convlstm,raw,2018,240,v700,m s^-1,5.599379236897871,0.09384480013202903,365
convlstm,convlstm,raw,2018,240,v850,m s^-1,4.959162775550233,0.08330065357959797,365
convlstm,convlstm,raw,2018,240,v925,m s^-1,5.034256613769988,0.08961901425964827,365
convlstm,convlstm,raw,2018,240,v1000,m s^-1,4.089407721518162,0.09411055391647817,365
convlstm,convlstm,raw,2018,240,u10,m s^-1,3.6989948854389048,0.1026042616858341,365
convlstm,convlstm,raw,2018,240,v10,m s^-1,3.597426568627256,0.09347609787531413,365
convlstm,convlstm,raw,2018,240,t2m,K,3.384587216566091,0.1120741479530716,365
convlstm,convlstm,raw,2018,240,mslp,Pa,707.0249795169609,0.10345748164813702,365
convlstm,convlstm,raw,2019,24,z50,m^2 s^-2,520.4870853690405,0.9101650863247684,365
convlstm,convlstm,raw,2019,24,z100,m^2 s^-2,471.7760307852222,0.8832200745878052,365
convlstm,convlstm,raw,2019,24,z200,m^2 s^-2,561.26928785084,0.8512520093699898,365
convlstm,convlstm,raw,2019,24,z300,m^2 s^-2,585.591371711783,0.8420716795613409,365
convlstm,convlstm,raw,2019,24,z500,m^2 s^-2,418.1216698528237,0.850992348587836,365
convlstm,convlstm,raw,2019,24,z700,m^2 s^-2,324.84315729402925,0.8452492150588732,365
convlstm,convlstm,raw,2019,24,z850,m^2 s^-2,301.41187907513324,0.8291052426268288,365
convlstm,convlstm,raw,2019,24,z925,m^2 s^-2,303.5900305444433,0.8220242497778879,365
convlstm,convlstm,raw,2019,24,z1000,m^2 s^-2,314.0226190346978,0.8149956557646187,365
convlstm,convlstm,raw,2019,24,q50,kg kg^-1,1.3792657054603515e-07,0.41515020804763497,365
convlstm,convlstm,raw,2019,24,q100,kg kg^-1,2.863198921714774e-07,0.6714397101542582,365
convlstm,convlstm,raw,2019,24,q200,kg kg^-1,1.1086959224999305e-05,0.6317787485521519,365
convlstm,convlstm,raw,2019,24,q300,kg kg^-1,9.426144624952965e-05,0.6549528710612357,365
convlstm,convlstm,raw,2019,24,q500,kg kg^-1,0.0005552733151988464,0.7017994867665321,365
convlstm,convlstm,raw,2019,24,q700,kg kg^-1,0.0011048533760264461,0.6662562271658861,365
convlstm,convlstm,raw,2019,24,q850,kg kg^-1,0.0013739785983111932,0.5965500903940135,365
convlstm,convlstm,raw,2019,24,q925,kg kg^-1,0.0011513467662047467,0.6019620146961637,365
convlstm,convlstm,raw,2019,24,q1000,kg kg^-1,0.0012117935683936686,0.6078683304040836,365
convlstm,convlstm,raw,2019,24,t50,K,2.199485960647278,0.8147964658823712,365
convlstm,convlstm,raw,2019,24,t100,K,2.037021734008554,0.7999752069969769,365
convlstm,convlstm,raw,2019,24,t200,K,2.308823545553602,0.7676688561525732,365
convlstm,convlstm,raw,2019,24,t300,K,1.9035991714761888,0.656661094590267,365
convlstm,convlstm,raw,2019,24,t500,K,2.109477180781455,0.7077751024246851,365
convlstm,convlstm,raw,2019,24,t700,K,2.1890652786963387,0.6983698082588684,365
convlstm,convlstm,raw,2019,24,t850,K,2.3636790828145133,0.6996509708562036,365
convlstm,convlstm,raw,2019,24,t925,K,2.265893407030985,0.6756829194405332,365
convlstm,convlstm,raw,2019,24,t1000,K,2.172927805486662,0.6425476391357878,365
convlstm,convlstm,raw,2019,24,u50,m s^-1,3.3628224403540976,0.8923737857512518,365
convlstm,convlstm,raw,2019,24,u100,m s^-1,4.193424686871252,0.8192214573449147,365
convlstm,convlstm,raw,2019,24,u200,m s^-1,6.714926877182451,0.8017392696805018,365
convlstm,convlstm,raw,2019,24,u300,m s^-1,7.158489964982168,0.7777822525257653,365
convlstm,convlstm,raw,2019,24,u500,m s^-1,4.93364537941215,0.7766854830783343,365
convlstm,convlstm,raw,2019,24,u700,m s^-1,3.7953928563279824,0.7757775317098093,365
convlstm,convlstm,raw,2019,24,u850,m s^-1,3.5571890439259635,0.738204052052873,365
convlstm,convlstm,raw,2019,24,u925,m s^-1,3.471044472971707,0.7321149854555662,365
convlstm,convlstm,raw,2019,24,u1000,m s^-1,2.6994738064120805,0.7387074280373579,365
convlstm,convlstm,raw,2019,24,v50,m s^-1,2.665087395942172,0.8154615596583091,365
convlstm,convlstm,raw,2019,24,v100,m s^-1,3.7973170475104254,0.797354515102763,365
convlstm,convlstm,raw,2019,24,v200,m s^-1,6.546440095649318,0.8041295203728317,365
convlstm,convlstm,raw,2019,24,v300,m s^-1,6.921444798906868,0.7902581872059549,365
convlstm,convlstm,raw,2019,24,v500,m s^-1,4.6357704837750235,0.7921908566398488,365
convlstm,convlstm,raw,2019,24,v700,m s^-1,3.583704660269197,0.7734858981378987,365
convlstm,convlstm,raw,2019,24,v850,m s^-1,3.3852320273039904,0.7306741779990703,365
convlstm,convlstm,raw,2019,24,v925,m s^-1,3.4221895019560207,0.7317977851603463,365
convlstm,convlstm,raw,2019,24,v1000,m s^-1,2.723353913570238,0.7415587957776992,365
convlstm,convlstm,raw,2019,24,u10,m s^-1,2.416406490368035,0.7362024386846502,365
convlstm,convlstm,raw,2019,24,v10,m s^-1,2.4174684233692614,0.7354339161470688,365
convlstm,convlstm,raw,2019,24,t2m,K,2.685732370471474,0.5345756121481183,365
convlstm,convlstm,raw,2019,24,mslp,Pa,397.9282282381675,0.8141366570149844,365
convlstm,convlstm,raw,2019,72,z50,m^2 s^-2,744.1420455155787,0.8026917408204796,365
convlstm,convlstm,raw,2019,72,z100,m^2 s^-2,735.054635293485,0.6828187757849904,365
convlstm,convlstm,raw,2019,72,z200,m^2 s^-2,918.1997259937887,0.5220913511836166,365
convlstm,convlstm,raw,2019,72,z300,m^2 s^-2,953.7402478899617,0.4840812532437466,365
convlstm,convlstm,raw,2019,72,z500,m^2 s^-2,698.0809249831588,0.4839312175001612,365
convlstm,convlstm,raw,2019,72,z700,m^2 s^-2,539.6398410098508,0.46568466303882,365
convlstm,convlstm,raw,2019,72,z850,m^2 s^-2,489.0985656643572,0.43028659456803664,365
convlstm,convlstm,raw,2019,72,z925,m^2 s^-2,489.11050638602296,0.411407454098243,365
convlstm,convlstm,raw,2019,72,z1000,m^2 s^-2,501.92469644257653,0.39536860327302104,365
convlstm,convlstm,raw,2019,72,q50,kg kg^-1,1.3579224159223673e-07,0.36302927961781156,365
convlstm,convlstm,raw,2019,72,q100,kg kg^-1,3.5334187243043597e-07,0.4463195123627458,365
convlstm,convlstm,raw,2019,72,q200,kg kg^-1,1.3571513367028925e-05,0.3374025888521528,365
convlstm,convlstm,raw,2019,72,q300,kg kg^-1,0.000118670412026854,0.3290653067925339,365
convlstm,convlstm,raw,2019,72,q500,kg kg^-1,0.0007274189992742571,0.37756862874491615,365
convlstm,convlstm,raw,2019,72,q700,kg kg^-1,0.0014058735051407218,0.3505051679123366,365
convlstm,convlstm,raw,2019,72,q850,kg kg^-1,0.0016714820928853762,0.30287552123180195,365
convlstm,convlstm,raw,2019,72,q925,kg kg^-1,0.0014132633718424374,0.3129760311421485,365
convlstm,convlstm,raw,2019,72,q1000,kg kg^-1,0.0015067334653618666,0.301313755373937,365
convlstm,convlstm,raw,2019,72,t50,K,2.5659083575027233,0.7335241247067847,365
convlstm,convlstm,raw,2019,72,t100,K,2.5848508620766983,0.6500887609150755,365
convlstm,convlstm,raw,2019,72,t200,K,3.144412336539423,0.5001244252175446,365
convlstm,convlstm,raw,2019,72,t300,K,2.357807319039999,0.39111960830702486,365
convlstm,convlstm,raw,2019,72,t500,K,2.817351191413813,0.3680644720821017,365
convlstm,convlstm,raw,2019,72,t700,K,2.908673171985356,0.35964904257070757,365
convlstm,convlstm,raw,2019,72,t850,K,3.159627905975737,0.35315705558462307,365
convlstm,convlstm,raw,2019,72,t925,K,2.9807082810361027,0.3448334492736186,365
convlstm,convlstm,raw,2019,72,t1000,K,2.754679534483018,0.34532455879467694,365
convlstm,convlstm,raw,2019,72,u50,m s^-1,4.774580812935742,0.7675333550208485,365
convlstm,convlstm,raw,2019,72,u100,m s^-1,6.189009812217157,0.5429955750916392,365
convlstm,convlstm,raw,2019,72,u200,m s^-1,10.141629794218467,0.4437149897246069,365
convlstm,convlstm,raw,2019,72,u300,m s^-1,10.404256491088523,0.41484009400899563,365
convlstm,convlstm,raw,2019,72,u500,m s^-1,7.190541491889656,0.4080771041407317,365
convlstm,convlstm,raw,2019,72,u700,m s^-1,5.573729799519956,0.39620390235876374,365
convlstm,convlstm,raw,2019,72,u850,m s^-1,5.003530189912243,0.34883205995244576,365
convlstm,convlstm,raw,2019,72,u925,m s^-1,4.876075011890166,0.3286578027227154,365
convlstm,convlstm,raw,2019,72,u1000,m s^-1,3.8310783629609486,0.33021600253220745,365
convlstm,convlstm,raw,2019,72,v50,m s^-1,3.9407539371362943,0.5161427001106893,365
convlstm,convlstm,raw,2019,72,v100,m s^-1,5.85508959833548,0.37374956008651306,365
convlstm,convlstm,raw,2019,72,v200,m s^-1,10.469295679758655,0.3186130537583769,365
convlstm,convlstm,raw,2019,72,v300,m s^-1,10.75530721340845,0.30923717322157757,365
convlstm,convlstm,raw,2019,72,v500,m s^-1,7.238287281815337,0.3068771178354892,365
convlstm,convlstm,raw,2019,72,v700,m s^-1,5.464350016530429,0.2725860152972735,365
convlstm,convlstm,raw,2019,72,v850,m s^-1,4.871089787148507,0.22836634121872193,365
convlstm,convlstm,raw,2019,72,v925,m s^-1,4.947900905166895,0.2217702319862772,365
convlstm,convlstm,raw,2019,72,v1000,m s^-1,4.003978920860518,0.22492828418939761,365
convlstm,convlstm,raw,2019,72,u10,m s^-1,3.414651731044603,0.3309674058248955,365
convlstm,convlstm,raw,2019,72,v10,m s^-1,3.5225126957370434,0.2211567825426867,365
convlstm,convlstm,raw,2019,72,t2m,K,3.022677813170072,0.3100317805349631,365
convlstm,convlstm,raw,2019,72,mslp,Pa,634.4754520306141,0.3968973738693999,365
convlstm,convlstm,raw,2019,120,z50,m^2 s^-2,859.3818153403475,0.7254460436187704,365
convlstm,convlstm,raw,2019,120,z100,m^2 s^-2,830.5983301479245,0.5697397500145975,365
convlstm,convlstm,raw,2019,120,z200,m^2 s^-2,1016.4312725655951,0.35574739704719205,365
convlstm,convlstm,raw,2019,120,z300,m^2 s^-2,1046.4871394565464,0.3083248289073277,365
convlstm,convlstm,raw,2019,120,z500,m^2 s^-2,766.8871762494731,0.3018758502777251,365
convlstm,convlstm,raw,2019,120,z700,m^2 s^-2,588.304771521705,0.28840379038243835,365
convlstm,convlstm,raw,2019,120,z850,m^2 s^-2,526.0409572444242,0.2657759763101512,365
convlstm,convlstm,raw,2019,120,z925,m^2 s^-2,522.8560702987846,0.25351518287088987,365
convlstm,convlstm,raw,2019,120,z1000,m^2 s^-2,534.7666702493613,0.24080002454444796,365
convlstm,convlstm,raw,2019,120,q50,kg kg^-1,1.375841680216099e-07,0.32817103065608927,365
convlstm,convlstm,raw,2019,120,q100,kg kg^-1,3.7553611594330875e-07,0.3466413264759123,365
convlstm,convlstm,raw,2019,120,q200,kg kg^-1,1.4020215687926969e-05,0.2516196886845874,365
convlstm,convlstm,raw,2019,120,q300,kg kg^-1,0.0001228073831630388,0.23813762113417583,365
convlstm,convlstm,raw,2019,120,q500,kg kg^-1,0.0007642483468610283,0.2632796218149866,365
convlstm,convlstm,raw,2019,120,q700,kg kg^-1,0.0014732136995879283,0.23854638198026404,365
convlstm,convlstm,raw,2019,120,q850,kg kg^-1,0.0017304267836620918,0.21901962517998302,365
convlstm,convlstm,raw,2019,120,q925,kg kg^-1,0.00147323929905785,0.22346799382177876,365
convlstm,convlstm,raw,2019,120,q1000,kg kg^-1,0.0015829665814904232,0.1960191544756057,365
convlstm,convlstm,raw,2019,120,t50,K,2.7860154169398075,0.6712816484782977,365
convlstm,convlstm,raw,2019,120,t100,K,2.823507267007382,0.5633243146221671,365
convlstm,convlstm,raw,2019,120,t200,K,3.3280088918281225,0.4076438739560706,365
convlstm,convlstm,raw,2019,120,t300,K,2.4802579324187977,0.2838804991287918,365
convlstm,convlstm,raw,2019,120,t500,K,2.9817083344357225,0.23241175532903446,365
convlstm,convlstm,raw,2019,120,t700,K,3.081257966833736,0.22622291966462926,365
convlstm,convlstm,raw,2019,120,t850,K,3.358782046834304,0.21659095425892733,365
convlstm,convlstm,raw,2019,120,t925,K,3.1651738668027036,0.22231142353110028,365
convlstm,convlstm,raw,2019,120,t1000,K,2.9332580003540394,0.2336228567712553,365
convlstm,convlstm,raw,2019,120,u50,m s^-1,5.36378866357443,0.6941798332986736,365
convlstm,convlstm,raw,2019,120,u100,m s^-1,6.847717049748666,0.39298271603151647,365
convlstm,convlstm,raw,2019,120,u200,m s^-1,11.00638274573842,0.2761603694750605,365
convlstm,convlstm,raw,2019,120,u300,m s^-1,11.161988966871,0.2511893861759099,365
convlstm,convlstm,raw,2019,120,u500,m s^-1,7.719907018797539,0.23823633983679368,365
convlstm,convlstm,raw,2019,120,u700,m s^-1,5.953853026576621,0.2361494640278917,365
convlstm,convlstm,raw,2019,120,u850,m s^-1,5.264380174311669,0.21304433983800894,365
convlstm,convlstm,raw,2019,120,u925,m s^-1,5.101942521465853,0.20125752289595306,365
convlstm,convlstm,raw,2019,120,u1000,m s^-1,4.010243215501314,0.20322587064846206,365
convlstm,convlstm,raw,2019,120,v50,m s^-1,4.310786335613807,0.35287934179555747,365
convlstm,convlstm,raw,2019,120,v100,m s^-1,6.2005793447027395,0.21352181057427566,365
convlstm,convlstm,raw,2019,120,v200,m s^-1,10.921130011485678,0.17524674281854266,365
convlstm,convlstm,raw,2019,120,v300,m s^-1,11.155331776685914,0.17778365988252015,365
convlstm,convlstm,raw,2019,120,v500,m s^-1,7.510546343153445,0.1744838685590224,365
convlstm,convlstm,raw,2019,120,v700,m s^-1,5.63712802894135,0.15438355432670017,365
convlstm,convlstm,raw,2019,120,v850,m s^-1,4.984219978199784,0.13384623836623108,365
convlstm,convlstm,raw,2019,120,v925,m s^-1,5.056594775230039,0.1335799901932536,365
convlstm,convlstm,raw,2019,120,v1000,m s^-1,4.0961820911365985,0.13651117888975756,365
convlstm,convlstm,raw,2019,120,u10,m s^-1,3.5734921608707984,0.20487912445940473,365
convlstm,convlstm,raw,2019,120,v10,m s^-1,3.6012395021165937,0.13461645227480665,365
convlstm,convlstm,raw,2019,120,t2m,K,3.149155935159979,0.21113159341925086,365
convlstm,convlstm,raw,2019,120,mslp,Pa,675.464373369744,0.24536933000451117,365
convlstm,convlstm,raw,2019,168,z50,m^2 s^-2,923.7915368254214,0.6746539866585237,365
convlstm,convlstm,raw,2019,168,z100,m^2 s^-2,872.8580172753859,0.5107274507726216,365
convlstm,convlstm,raw,2019,168,z200,m^2 s^-2,1052.7196066405713,0.2776342330257391,365
convlstm,convlstm,raw,2019,168,z300,m^2 s^-2,1078.6865264108353,0.22726110636325147,365
convlstm,convlstm,raw,2019,168,z500,m^2 s^-2,790.1353789305167,0.21911918213157772,365
convlstm,convlstm,raw,2019,168,z700,m^2 s^-2,603.849712404695,0.2119714607758788,365
convlstm,convlstm,raw,2019,168,z850,m^2 s^-2,536.8366701755809,0.2005822735497011,365
convlstm,convlstm,raw,2019,168,z925,m^2 s^-2,532.1041764358549,0.19417748789304148,365
convlstm,convlstm,raw,2019,168,z1000,m^2 s^-2,543.3435649178807,0.18532078559417314,365
convlstm,convlstm,raw,2019,168,q50,kg kg^-1,1.4087165441692948e-07,0.283783731348273,365
convlstm,convlstm,raw,2019,168,q100,kg kg^-1,3.86849016798687e-07,0.2885443624905542,365
convlstm,convlstm,raw,2019,168,q200,kg kg^-1,1.4214981615760237e-05,0.21193934418079738,365
convlstm,convlstm,raw,2019,168,q300,kg kg^-1,0.00012438876076118272,0.1999751340994138,365
convlstm,convlstm,raw,2019,168,q500,kg kg^-1,0.0007790678639344501,0.2113608803564539,365
convlstm,convlstm,raw,2019,168,q700,kg kg^-1,0.0015006746052781798,0.18631654611405868,365
convlstm,convlstm,raw,2019,168,q850,kg kg^-1,0.00175419966166282,0.18200746458094136,365
convlstm,convlstm,raw,2019,168,q925,kg kg^-1,0.0014982820287484473,0.1861045560299901,365
convlstm,convlstm,raw,2019,168,q1000,kg kg^-1,0.0016138277874574996,0.15604047355145773,365
convlstm,convlstm,raw,2019,168,t50,K,2.9414465447635174,0.6202967343063851,365
convlstm,convlstm,raw,2019,168,t100,K,2.9468145563195876,0.5089406157330939,365
convlstm,convlstm,raw,2019,168,t200,K,3.402096540524844,0.3648157486375409,365
convlstm,convlstm,raw,2019,168,t300,K,2.525247704191054,0.23708431581755607,365
convlstm,convlstm,raw,2019,168,t500,K,3.040413886124592,0.17184531231079994,365
convlstm,convlstm,raw,2019,168,t700,K,3.146081842214082,0.16711549608218687,365
convlstm,convlstm,raw,2019,168,t850,K,3.428797864303,0.1619465044122204,365
convlstm,convlstm,raw,2019,168,t925,K,3.2395182665543523,0.17245865712806002,365
convlstm,convlstm,raw,2019,168,t1000,K,3.025744765898765,0.18576604452354498,365
convlstm,convlstm,raw,2019,168,u50,m s^-1,5.65346406857908,0.6519805914242953,365
convlstm,convlstm,raw,2019,168,u100,m s^-1,7.134412343343699,0.3115299268086594,365
convlstm,convlstm,raw,2019,168,u200,m s^-1,11.323188781743937,0.19699211683630846,365
convlstm,convlstm,raw,2019,168,u300,m s^-1,11.412240010112244,0.17902138263036313,365
convlstm,convlstm,raw,2019,168,u500,m s^-1,7.8881644205781845,0.16494619970376484,365
convlstm,convlstm,raw,2019,168,u700,m s^-1,6.07980466811476,0.16666567478257027,365
convlstm,convlstm,raw,2019,168,u850,m s^-1,5.3495550126615905,0.15890633362097517,365
convlstm,convlstm,raw,2019,168,u925,m s^-1,5.171377834740942,0.15380539093001644,365
convlstm,convlstm,raw,2019,168,u1000,m s^-1,4.063363028727623,0.15740785712448346,365
convlstm,convlstm,raw,2019,168,v50,m s^-1,4.452687008896107,0.26689784381748194,365
convlstm,convlstm,raw,2019,168,v100,m s^-1,6.299212891110059,0.14962149734976565,365
convlstm,convlstm,raw,2019,168,v200,m s^-1,11.02629152536699,0.12748435869253133,365
convlstm,convlstm,raw,2019,168,v300,m s^-1,11.259081402727158,0.13092344836130113,365
convlstm,convlstm,raw,2019,168,v500,m s^-1,7.58893938626039,0.12531185264640005,365
convlstm,convlstm,raw,2019,168,v700,m s^-1,5.69142226816963,0.11091468784697954,365
convlstm,convlstm,raw,2019,168,v850,m s^-1,5.021069419605437,0.10095777607283861,365
convlstm,convlstm,raw,2019,168,v925,m s^-1,5.089240423890197,0.10550809207452742,365
convlstm,convlstm,raw,2019,168,v1000,m s^-1,4.121303778179457,0.11048044765951072,365
convlstm,convlstm,raw,2019,168,u10,m s^-1,3.621679047082128,0.15881074274353155,365
convlstm,convlstm,raw,2019,168,v10,m s^-1,3.6233087161167896,0.10918883630320836,365
convlstm,convlstm,raw,2019,168,t2m,K,3.2405374091220427,0.1627344435697953,365
convlstm,convlstm,raw,2019,168,mslp,Pa,686.2095290234629,0.19091601743046424,365
convlstm,convlstm,raw,2019,240,z50,m^2 s^-2,1005.2046183881007,0.6029373059301295,365
convlstm,convlstm,raw,2019,240,z100,m^2 s^-2,916.7947545680138,0.4455971137266635,365
convlstm,convlstm,raw,2019,240,z200,m^2 s^-2,1080.3421429762013,0.21795850225772706,365
convlstm,convlstm,raw,2019,240,z300,m^2 s^-2,1102.131386674543,0.16745927806991423,365
convlstm,convlstm,raw,2019,240,z500,m^2 s^-2,807.7965811539267,0.1546916398651481,365
convlstm,convlstm,raw,2019,240,z700,m^2 s^-2,615.9620226921239,0.15125349563157844,365
convlstm,convlstm,raw,2019,240,z850,m^2 s^-2,545.3097652029394,0.14972871000229332,365
convlstm,convlstm,raw,2019,240,z925,m^2 s^-2,539.3018595547192,0.14932168214395355,365
convlstm,convlstm,raw,2019,240,z1000,m^2 s^-2,549.8632919685147,0.14541692561861164,365
convlstm,convlstm,raw,2019,240,q50,kg kg^-1,1.4622729194405964e-07,0.21777628131838403,365
convlstm,convlstm,raw,2019,240,q100,kg kg^-1,3.965029803853091e-07,0.23467309770746625,365
convlstm,convlstm,raw,2019,240,q200,kg kg^-1,1.4358747805773909e-05,0.19054889552896287,365
convlstm,convlstm,raw,2019,240,q300,kg kg^-1,0.00012569572167605956,0.17542151855399624,365
convlstm,convlstm,raw,2019,240,q500,kg kg^-1,0.0007895258980351615,0.1789927022770332,365
convlstm,convlstm,raw,2019,240,q700,kg kg^-1,0.0015211932438142916,0.15155536073477036,365
convlstm,convlstm,raw,2019,240,q850,kg kg^-1,0.0017740754949407502,0.15661485153546453,365
convlstm,convlstm,raw,2019,240,q925,kg kg^-1,0.0015222964169183065,0.15937706909844257,365
convlstm,convlstm,raw,2019,240,q1000,kg kg^-1,0.0016447609673864874,0.1304208149930675,365
convlstm,convlstm,raw,2019,240,t50,K,3.1307659029563633,0.5503587110775122,365
convlstm,convlstm,raw,2019,240,t100,K,3.0932684376185597,0.44127338948911565,365
convlstm,convlstm,raw,2019,240,t200,K,3.483769907557234,0.3191008997884829,365
convlstm,convlstm,raw,2019,240,t300,K,2.56686692539347,0.20103948227529977,365
convlstm,convlstm,raw,2019,240,t500,K,3.082686459522772,0.13184260036938258,365
convlstm,convlstm,raw,2019,240,t700,K,3.202355445927377,0.12290819999462343,365
convlstm,convlstm,raw,2019,240,t850,K,3.491800908022543,0.12194518516753398,365
convlstm,convlstm,raw,2019,240,t925,K,3.3110961045105585,0.13630900660228532,365
convlstm,convlstm,raw,2019,240,t1000,K,3.1187081523425806,0.1509972149210547,365
convlstm,convlstm,raw,2019,240,u50,m s^-1,5.939786010810599,0.6062492949618318,365
convlstm,convlstm,raw,2019,240,u100,m s^-1,7.371068653723857,0.2434564730186156,365
convlstm,convlstm,raw,2019,240,u200,m s^-1,11.561845304956138,0.1412290699273304,365
convlstm,convlstm,raw,2019,240,u300,m s^-1,11.579273478605066,0.1318624217740449,365
convlstm,convlstm,raw,2019,240,u500,m s^-1,7.987610923923751,0.11974932663430374,365
convlstm,convlstm,raw,2019,240,u700,m s^-1,6.161699685112037,0.122434393250752,365
convlstm,convlstm,raw,2019,240,u850,m s^-1,5.41260239922048,0.12447822766579636,365
convlstm,convlstm,raw,2019,240,u925,m s^-1,5.225199400474916,0.1236690610299263,365
convlstm,convlstm,raw,2019,240,u1000,m s^-1,4.102599565856969,0.12952606540910955,365
convlstm,convlstm,raw,2019,240,v50,m s^-1,4.557473295247625,0.19757034026429388,365
convlstm,convlstm,raw,2019,240,v100,m s^-1,6.348783247967634,0.11385938786924332,365
convlstm,convlstm,raw,2019,240,v200,m s^-1,11.066347478261523,0.10854327742920722,365
convlstm,convlstm,raw,2019,240,v300,m s^-1,11.295784520112123,0.11379522860616949,365
convlstm,convlstm,raw,2019,240,v500,m s^-1,7.614591358573924,0.10831825058516524,365
convlstm,convlstm,raw,2019,240,v700,m s^-1,5.7077819198328745,0.09663285916280677,365
convlstm,convlstm,raw,2019,240,v850,m s^-1,5.032468923261685,0.0902471042680268,365
convlstm,convlstm,raw,2019,240,v925,m s^-1,5.102140258397984,0.09506272352693329,365
convlstm,convlstm,raw,2019,240,v1000,m s^-1,4.133630318626485,0.09909281204317653,365
convlstm,convlstm,raw,2019,240,u10,m s^-1,3.657023171365771,0.13079301675549998,365
convlstm,convlstm,raw,2019,240,v10,m s^-1,3.6350742308227733,0.09770969397102983,365
convlstm,convlstm,raw,2019,240,t2m,K,3.3643907660118493,0.12687777885607834,365
convlstm,convlstm,raw,2019,240,mslp,Pa,694.494961987506,0.15073010399908593,365
convlstm,convlstm,sphere_ttc,2018,24,z50,m^2 s^-2,469.0049301985147,0.8971684440695409,365
convlstm,convlstm,sphere_ttc,2018,24,z100,m^2 s^-2,428.5692582763663,0.881078438211498,365
convlstm,convlstm,sphere_ttc,2018,24,z200,m^2 s^-2,514.2577799239684,0.8697126923953781,365
convlstm,convlstm,sphere_ttc,2018,24,z300,m^2 s^-2,537.1751647858184,0.8669803467493568,365
convlstm,convlstm,sphere_ttc,2018,24,z500,m^2 s^-2,383.8009514220881,0.8752945846715421,365
convlstm,convlstm,sphere_ttc,2018,24,z700,m^2 s^-2,304.168634491586,0.8649625324592687,365
convlstm,convlstm,sphere_ttc,2018,24,z850,m^2 s^-2,289.83094193629756,0.8430198357764768,365
convlstm,convlstm,sphere_ttc,2018,24,z925,m^2 s^-2,295.20097694879667,0.8328801952358792,365
convlstm,convlstm,sphere_ttc,2018,24,z1000,m^2 s^-2,306.54755503766773,0.8246823489165221,365
convlstm,convlstm,sphere_ttc,2018,24,q50,kg kg^-1,1.3289502466632321e-07,0.4341903746073966,365
convlstm,convlstm,sphere_ttc,2018,24,q100,kg kg^-1,2.7569383400740814e-07,0.6695398644368458,365
convlstm,convlstm,sphere_ttc,2018,24,q200,kg kg^-1,1.0446738990183724e-05,0.6203433570722845,365
convlstm,convlstm,sphere_ttc,2018,24,q300,kg kg^-1,9.09935969893509e-05,0.6491734127977438,365
convlstm,convlstm,sphere_ttc,2018,24,q500,kg kg^-1,0.0005472393325346501,0.7003039195609392,365
convlstm,convlstm,sphere_ttc,2018,24,q700,kg kg^-1,0.0010824174426578852,0.6751898277123692,365
convlstm,convlstm,sphere_ttc,2018,24,q850,kg kg^-1,0.0013189647145126061,0.6098593188687312,365
convlstm,convlstm,sphere_ttc,2018,24,q925,kg kg^-1,0.0010652525312724343,0.6328381323491943,365
convlstm,convlstm,sphere_ttc,2018,24,q1000,kg kg^-1,0.0010870300986077011,0.6619362458303552,365
convlstm,convlstm,sphere_ttc,2018,24,t50,K,1.7486657453563543,0.8143750421212752,365
convlstm,convlstm,sphere_ttc,2018,24,t100,K,1.8120504669621136,0.805438163463286,365
convlstm,convlstm,sphere_ttc,2018,24,t200,K,2.1959342716121717,0.7658047488986838,365
convlstm,convlstm,sphere_ttc,2018,24,t300,K,1.8090737560946768,0.6618389897252336,365
convlstm,convlstm,sphere_ttc,2018,24,t500,K,1.985628506558359,0.7492534087881882,365
convlstm,convlstm,sphere_ttc,2018,24,t700,K,1.9955976250017105,0.7582947015581358,365
convlstm,convlstm,sphere_ttc,2018,24,t850,K,2.1949773045789396,0.7439485312277833,365
convlstm,convlstm,sphere_ttc,2018,24,t925,K,2.105282788466628,0.7233536362839548,365
convlstm,convlstm,sphere_ttc,2018,24,t1000,K,1.9852514830325134,0.6926552931148695,365
convlstm,convlstm,sphere_ttc,2018,24,u50,m s^-1,3.1216360575984106,0.9222408822035053,365
convlstm,convlstm,sphere_ttc,2018,24,u100,m s^-1,3.9669534681714875,0.8266149510457388,365
convlstm,convlstm,sphere_ttc,2018,24,u200,m s^-1,6.614302649620227,0.8144692860339233,365
convlstm,convlstm,sphere_ttc,2018,24,u300,m s^-1,7.082977772574132,0.7919165608337668,365
convlstm,convlstm,sphere_ttc,2018,24,u500,m s^-1,4.887238135635044,0.7925121387865712,365
convlstm,convlstm,sphere_ttc,2018,24,u700,m s^-1,3.7452764525255433,0.790663287333422,365
convlstm,convlstm,sphere_ttc,2018,24,u850,m s^-1,3.5259557208343395,0.7514919227053151,365
convlstm,convlstm,sphere_ttc,2018,24,u925,m s^-1,3.4618714868528615,0.7417932846955964,365
convlstm,convlstm,sphere_ttc,2018,24,u1000,m s^-1,2.692313799228831,0.7463038101421586,365
convlstm,convlstm,sphere_ttc,2018,24,v50,m s^-1,2.616302235564877,0.8417432742145382,365
convlstm,convlstm,sphere_ttc,2018,24,v100,m s^-1,3.5645500584595453,0.8212650308726187,365
convlstm,convlstm,sphere_ttc,2018,24,v200,m s^-1,6.156124509319276,0.8215488543531414,365
convlstm,convlstm,sphere_ttc,2018,24,v300,m s^-1,6.538961242450191,0.8096726564810958,365
convlstm,convlstm,sphere_ttc,2018,24,v500,m s^-1,4.39914275734242,0.8082036826613085,365
convlstm,convlstm,sphere_ttc,2018,24,v700,m s^-1,3.43086447569873,0.7854359107828967,365
convlstm,convlstm,sphere_ttc,2018,24,v850,m s^-1,3.251378873504704,0.7453068587348095,365
convlstm,convlstm,sphere_ttc,2018,24,v925,m s^-1,3.2916474998352223,0.7470146784619601,365
convlstm,convlstm,sphere_ttc,2018,24,v1000,m s^-1,2.6253644440165,0.7562509407190395,365
convlstm,convlstm,sphere_ttc,2018,24,u10,m s^-1,2.4051780013474198,0.7427942617944601,365
convlstm,convlstm,sphere_ttc,2018,24,v10,m s^-1,2.331393628419136,0.7506174646907785,365
convlstm,convlstm,sphere_ttc,2018,24,t2m,K,2.276672136610604,0.6041711125071573,365
convlstm,convlstm,sphere_ttc,2018,24,mslp,Pa,390.1184088227538,0.8226445072916992,365
convlstm,convlstm,sphere_ttc,2018,72,z50,m^2 s^-2,785.0246691165669,0.677741194333095,365
convlstm,convlstm,sphere_ttc,2018,72,z100,m^2 s^-2,739.5640096420842,0.5897633681665765,365
convlstm,convlstm,sphere_ttc,2018,72,z200,m^2 s^-2,910.2863002227857,0.5011244498822156,365
convlstm,convlstm,sphere_ttc,2018,72,z300,m^2 s^-2,949.7662997515945,0.48314492787472074,365
convlstm,convlstm,sphere_ttc,2018,72,z500,m^2 s^-2,697.4063611225858,0.48566643478227295,365
convlstm,convlstm,sphere_ttc,2018,72,z700,m^2 s^-2,540.6021991391092,0.4622028897871295,365
convlstm,convlstm,sphere_ttc,2018,72,z850,m^2 s^-2,492.2329229855419,0.4211953224530881,365
convlstm,convlstm,sphere_ttc,2018,72,z925,m^2 s^-2,492.95997203884036,0.4001223100986997,365
convlstm,convlstm,sphere_ttc,2018,72,z1000,m^2 s^-2,505.37694683316425,0.383861060060641,365
convlstm,convlstm,sphere_ttc,2018,72,q50,kg kg^-1,1.2474309472614453e-07,0.4145558561026629,365
convlstm,convlstm,sphere_ttc,2018,72,q100,kg kg^-1,3.377894137492112e-07,0.4493671378448454,365
convlstm,convlstm,sphere_ttc,2018,72,q200,kg kg^-1,1.2803492202763203e-05,0.3139156360745219,365
convlstm,convlstm,sphere_ttc,2018,72,q300,kg kg^-1,0.00011445626222305885,0.3181579571449866,365
convlstm,convlstm,sphere_ttc,2018,72,q500,kg kg^-1,0.0007174490713303406,0.3703709103140493,365
convlstm,convlstm,sphere_ttc,2018,72,q700,kg kg^-1,0.0013927906955006925,0.3461050384202493,365
convlstm,convlstm,sphere_ttc,2018,72,q850,kg kg^-1,0.0016210303345198006,0.30204222512876916,365
convlstm,convlstm,sphere_ttc,2018,72,q925,kg kg^-1,0.0013450806371941505,0.31570008092759444,365
convlstm,convlstm,sphere_ttc,2018,72,q1000,kg kg^-1,0.0014212791806399816,0.3208935128524458,365
convlstm,convlstm,sphere_ttc,2018,72,t50,K,2.2897061494894486,0.6564675505456612,365
convlstm,convlstm,sphere_ttc,2018,72,t100,K,2.5718320531562155,0.5549701170212419,365
convlstm,convlstm,sphere_ttc,2018,72,t200,K,3.122288023058072,0.4238563280943119,365
convlstm,convlstm,sphere_ttc,2018,72,t300,K,2.2934284097109257,0.35978089548216013,365
convlstm,convlstm,sphere_ttc,2018,72,t500,K,2.803242096532234,0.3828519292066718,365
convlstm,convlstm,sphere_ttc,2018,72,t700,K,2.8633877678203468,0.38863046810647106,365
convlstm,convlstm,sphere_ttc,2018,72,t850,K,3.0882230750074524,0.37865441159078245,365
convlstm,convlstm,sphere_ttc,2018,72,t925,K,2.9098877316314042,0.3701554738943544,365
convlstm,convlstm,sphere_ttc,2018,72,t1000,K,2.6239245105823272,0.38516465229504115,365
convlstm,convlstm,sphere_ttc,2018,72,u50,m s^-1,4.798635401384682,0.8055250269188198,365
convlstm,convlstm,sphere_ttc,2018,72,u100,m s^-1,6.127082379434768,0.5156645369421717,365
convlstm,convlstm,sphere_ttc,2018,72,u200,m s^-1,10.207652036309758,0.458913404583322,365
convlstm,convlstm,sphere_ttc,2018,72,u300,m s^-1,10.492512181413323,0.4329662899207054,365
convlstm,convlstm,sphere_ttc,2018,72,u500,m s^-1,7.28052538631923,0.4268084460466848,365
convlstm,convlstm,sphere_ttc,2018,72,u700,m s^-1,5.61992824586928,0.4103429552221685,365
convlstm,convlstm,sphere_ttc,2018,72,u850,m s^-1,5.046859219207418,0.3555171903550367,365
convlstm,convlstm,sphere_ttc,2018,72,u925,m s^-1,4.930424868476049,0.3301000549626969,365
convlstm,convlstm,sphere_ttc,2018,72,u1000,m s^-1,3.875984732953415,0.32402231061109277,365
convlstm,convlstm,sphere_ttc,2018,72,v50,m s^-1,4.238889101463719,0.48970543013469586,365
convlstm,convlstm,sphere_ttc,2018,72,v100,m s^-1,5.834142787534233,0.3710522829212472,365
convlstm,convlstm,sphere_ttc,2018,72,v200,m s^-1,10.31643685171239,0.30736162491157215,365
convlstm,convlstm,sphere_ttc,2018,72,v300,m s^-1,10.642242401902292,0.30152360833266056,365
convlstm,convlstm,sphere_ttc,2018,72,v500,m s^-1,7.132963767486229,0.3035579395478259,365
convlstm,convlstm,sphere_ttc,2018,72,v700,m s^-1,5.364081366215672,0.27080617803430157,365
convlstm,convlstm,sphere_ttc,2018,72,v850,m s^-1,4.794295323570648,0.22612843526549675,365
convlstm,convlstm,sphere_ttc,2018,72,v925,m s^-1,4.887029339253251,0.2165584656803721,365
convlstm,convlstm,sphere_ttc,2018,72,v1000,m s^-1,3.963862704907934,0.22037095228235123,365
convlstm,convlstm,sphere_ttc,2018,72,u10,m s^-1,3.4444923403682886,0.32269854477495435,365
convlstm,convlstm,sphere_ttc,2018,72,v10,m s^-1,3.4882518098622817,0.2180068839390805,365
convlstm,convlstm,sphere_ttc,2018,72,t2m,K,2.7407793551755595,0.3594255205571974,365
convlstm,convlstm,sphere_ttc,2018,72,mslp,Pa,640.5882411438574,0.3813295683396967,365
convlstm,convlstm,sphere_ttc,2018,120,z50,m^2 s^-2,914.5876605014078,0.5358557218317588,365
convlstm,convlstm,sphere_ttc,2018,120,z100,m^2 s^-2,838.9867508791094,0.42771898496526484,365
convlstm,convlstm,sphere_ttc,2018,120,z200,m^2 s^-2,1009.2060809715045,0.31994365502115346,365
convlstm,convlstm,sphere_ttc,2018,120,z300,m^2 s^-2,1047.4408052061744,0.2951230438398846,365
convlstm,convlstm,sphere_ttc,2018,120,z500,m^2 s^-2,770.7039824149567,0.29149863214474553,365
convlstm,convlstm,sphere_ttc,2018,120,z700,m^2 s^-2,591.9090511100155,0.2741171924113665,365
convlstm,convlstm,sphere_ttc,2018,120,z850,m^2 s^-2,530.68933682284,0.2473782886582519,365
convlstm,convlstm,sphere_ttc,2018,120,z925,m^2 s^-2,528.123629608338,0.23205972283468118,365
convlstm,convlstm,sphere_ttc,2018,120,z1000,m^2 s^-2,539.3665202749362,0.21971301502766008,365
convlstm,convlstm,sphere_ttc,2018,120,q50,kg kg^-1,1.2451808524490258e-07,0.38889863569620997,365
convlstm,convlstm,sphere_ttc,2018,120,q100,kg kg^-1,3.600564503767124e-07,0.34394937194054415,365
convlstm,convlstm,sphere_ttc,2018,120,q200,kg kg^-1,1.3247138541048275e-05,0.22243955141612773,365
convlstm,convlstm,sphere_ttc,2018,120,q300,kg kg^-1,0.00011848430895999165,0.22424745771706173,365
convlstm,convlstm,sphere_ttc,2018,120,q500,kg kg^-1,0.0007530511335406871,0.2548396164480858,365
convlstm,convlstm,sphere_ttc,2018,120,q700,kg kg^-1,0.0014522757753350245,0.24077693196550864,365
convlstm,convlstm,sphere_ttc,2018,120,q850,kg kg^-1,0.0016747646825209354,0.21897251978021007,365
convlstm,convlstm,sphere_ttc,2018,120,q925,kg kg^-1,0.001401214294440503,0.22513860087341547,365
convlstm,convlstm,sphere_ttc,2018,120,q1000,kg kg^-1,0.0014957816045983226,0.21292596301652972,365
convlstm,convlstm,sphere_ttc,2018,120,t50,K,2.585361044795632,0.544775664766643,365
convlstm,convlstm,sphere_ttc,2018,120,t100,K,2.8462106078958462,0.42370620824505956,365
convlstm,convlstm,sphere_ttc,2018,120,t200,K,3.317231555102914,0.2980839014785702,365
convlstm,convlstm,sphere_ttc,2018,120,t300,K,2.4129803494416886,0.24453324220241823,365
convlstm,convlstm,sphere_ttc,2018,120,t500,K,2.983658473619105,0.23667384284573983,365
convlstm,convlstm,sphere_ttc,2018,120,t700,K,3.077825091880542,0.22961055688071869,365
convlstm,convlstm,sphere_ttc,2018,120,t850,K,3.30561320422921,0.2274456743038802,365
convlstm,convlstm,sphere_ttc,2018,120,t925,K,3.0997395272843966,0.2404208844909464,365
convlstm,convlstm,sphere_ttc,2018,120,t1000,K,2.80962025311859,0.2662592071306603,365
convlstm,convlstm,sphere_ttc,2018,120,u50,m s^-1,5.389376197711508,0.7490169103389565,365
convlstm,convlstm,sphere_ttc,2018,120,u100,m s^-1,6.819527760475155,0.3474432355099689,365
convlstm,convlstm,sphere_ttc,2018,120,u200,m s^-1,11.084129737652656,0.2980382108153767,365
convlstm,convlstm,sphere_ttc,2018,120,u300,m s^-1,11.279755444093269,0.2738153566354869,365
convlstm,convlstm,sphere_ttc,2018,120,u500,m s^-1,7.829101160522161,0.2621437715640523,365
convlstm,convlstm,sphere_ttc,2018,120,u700,m s^-1,6.015202526329656,0.2500396268199702,365
convlstm,convlstm,sphere_ttc,2018,120,u850,m s^-1,5.3203084523509006,0.2139438732416656,365
convlstm,convlstm,sphere_ttc,2018,120,u925,m s^-1,5.164381770796948,0.1971393651948611,365
convlstm,convlstm,sphere_ttc,2018,120,u1000,m s^-1,4.059275084862596,0.19091507153085677,365
convlstm,convlstm,sphere_ttc,2018,120,v50,m s^-1,4.63167025872411,0.3165909335476423,365
convlstm,convlstm,sphere_ttc,2018,120,v100,m s^-1,6.199620909064597,0.20199985758965483,365
convlstm,convlstm,sphere_ttc,2018,120,v200,m s^-1,10.780614060107597,0.15322659806742622,365
convlstm,convlstm,sphere_ttc,2018,120,v300,m s^-1,11.05951924243648,0.15852428061803367,365
convlstm,convlstm,sphere_ttc,2018,120,v500,m s^-1,7.421826236138357,0.15895382776775774,365
convlstm,convlstm,sphere_ttc,2018,120,v700,m s^-1,5.549622522421453,0.1412206588046188,365
convlstm,convlstm,sphere_ttc,2018,120,v850,m s^-1,4.914572532676335,0.12381595548879523,365
convlstm,convlstm,sphere_ttc,2018,120,v925,m s^-1,4.994520001990475,0.12643292744026519,365
convlstm,convlstm,sphere_ttc,2018,120,v1000,m s^-1,4.0533985303940865,0.13199987395478344,365
convlstm,convlstm,sphere_ttc,2018,120,u10,m s^-1,3.606328421157752,0.18988030751882054,365
convlstm,convlstm,sphere_ttc,2018,120,v10,m s^-1,3.5648267159873503,0.13133589460717468,365
convlstm,convlstm,sphere_ttc,2018,120,t2m,K,2.917796444919727,0.2537982594038373,365
convlstm,convlstm,sphere_ttc,2018,120,mslp,Pa,684.115530377808,0.21517654004656225,365
convlstm,convlstm,sphere_ttc,2018,168,z50,m^2 s^-2,980.5527317591207,0.4490758581921537,365
convlstm,convlstm,sphere_ttc,2018,168,z100,m^2 s^-2,882.6799188903806,0.33964767669989654,365
convlstm,convlstm,sphere_ttc,2018,168,z200,m^2 s^-2,1042.51613477544,0.23932029371259717,365
convlstm,convlstm,sphere_ttc,2018,168,z300,m^2 s^-2,1077.5264251598696,0.21565434651837406,365
convlstm,convlstm,sphere_ttc,2018,168,z500,m^2 s^-2,792.8937219330356,0.209776813363012,365
convlstm,convlstm,sphere_ttc,2018,168,z700,m^2 s^-2,607.234199102728,0.19605555445649853,365
convlstm,convlstm,sphere_ttc,2018,168,z850,m^2 s^-2,542.0568480319087,0.1768784368464585,365
convlstm,convlstm,sphere_ttc,2018,168,z925,m^2 s^-2,538.282347924701,0.165452385699112,365
convlstm,convlstm,sphere_ttc,2018,168,z1000,m^2 s^-2,549.2240274035698,0.1552595292057499,365
convlstm,convlstm,sphere_ttc,2018,168,q50,kg kg^-1,1.2530186547960952e-07,0.38008569510400614,365
convlstm,convlstm,sphere_ttc,2018,168,q100,kg kg^-1,3.730728178989173e-07,0.27523485515228685,365
convlstm,convlstm,sphere_ttc,2018,168,q200,kg kg^-1,1.3481109037863601e-05,0.1709629356525846,365
convlstm,convlstm,sphere_ttc,2018,168,q300,kg kg^-1,0.0001204979898349841,0.1735131792365058,365
convlstm,convlstm,sphere_ttc,2018,168,q500,kg kg^-1,0.0007689425821286932,0.19632796565604138,365
convlstm,convlstm,sphere_ttc,2018,168,q700,kg kg^-1,0.0014762919788399512,0.1918958551293318,365
convlstm,convlstm,sphere_ttc,2018,168,q850,kg kg^-1,0.0017027215783251743,0.17600660374089577,365
convlstm,convlstm,sphere_ttc,2018,168,q925,kg kg^-1,0.001429886361607243,0.17828504480576288,365
convlstm,convlstm,sphere_ttc,2018,168,q1000,kg kg^-1,0.0015298236667521952,0.163759488606094,365
convlstm,convlstm,sphere_ttc,2018,168,t50,K,2.769035317388294,0.46807397817732604,365
convlstm,convlstm,sphere_ttc,2018,168,t100,K,2.981577869294737,0.34838417750295997,365
convlstm,convlstm,sphere_ttc,2018,168,t200,K,3.393956471977387,0.2384522107821651,365
convlstm,convlstm,sphere_ttc,2018,168,t300,K,2.456785474334614,0.1945940858634739,365
convlstm,convlstm,sphere_ttc,2018,168,t500,K,3.043497421988498,0.1744278690429273,365
convlstm,convlstm,sphere_ttc,2018,168,t700,K,3.145761958590725,0.16607695455048466,365
convlstm,convlstm,sphere_ttc,2018,168,t850,K,3.3786263814164808,0.16611605753400488,365
convlstm,convlstm,sphere_ttc,2018,168,t925,K,3.18046025670318,0.18084263345660023,365
convlstm,convlstm,sphere_ttc,2018,168,t1000,K,2.9094932863380065,0.20551036342732118,365
convlstm,convlstm,sphere_ttc,2018,168,u50,m s^-1,5.641396108530499,0.7228472452651917,365
convlstm,convlstm,sphere_ttc,2018,168,u100,m s^-1,7.145098257573743,0.25025686614915404,365
convlstm,convlstm,sphere_ttc,2018,168,u200,m s^-1,11.395855531230403,0.2217839063347013,365
convlstm,convlstm,sphere_ttc,2018,168,u300,m s^-1,11.52820181179142,0.2053668655027746,365
convlstm,convlstm,sphere_ttc,2018,168,u500,m s^-1,7.994153197224408,0.19410189708580333,365
convlstm,convlstm,sphere_ttc,2018,168,u700,m s^-1,6.140802985033278,0.18100432404711342,365
convlstm,convlstm,sphere_ttc,2018,168,u850,m s^-1,5.412959511364462,0.15303445782769717,365
convlstm,convlstm,sphere_ttc,2018,168,u925,m s^-1,5.243681340256471,0.14101743160411662,365
convlstm,convlstm,sphere_ttc,2018,168,u1000,m s^-1,4.119727392564945,0.13635016139028974,365
convlstm,convlstm,sphere_ttc,2018,168,v50,m s^-1,4.782634339542152,0.2247669043588565,365
convlstm,convlstm,sphere_ttc,2018,168,v100,m s^-1,6.294485760291469,0.14147167572273883,365
convlstm,convlstm,sphere_ttc,2018,168,v200,m s^-1,10.8515777642861,0.11489369552508599,365
convlstm,convlstm,sphere_ttc,2018,168,v300,m s^-1,11.122451995383406,0.12428998422178121,365
convlstm,convlstm,sphere_ttc,2018,168,v500,m s^-1,7.468597225485833,0.12270872781176899,365
convlstm,convlstm,sphere_ttc,2018,168,v700,m s^-1,5.581418825207308,0.10838049591180951,365
convlstm,convlstm,sphere_ttc,2018,168,v850,m s^-1,4.940494637428984,0.0955174996508835,365
convlstm,convlstm,sphere_ttc,2018,168,v925,m s^-1,5.017626232984352,0.10112141357847394,365
convlstm,convlstm,sphere_ttc,2018,168,v1000,m s^-1,4.073563409350261,0.10639936233157729,365
convlstm,convlstm,sphere_ttc,2018,168,u10,m s^-1,3.6605660514393876,0.1352571959452274,365
convlstm,convlstm,sphere_ttc,2018,168,v10,m s^-1,3.5831125395742336,0.10560687680094696,365
convlstm,convlstm,sphere_ttc,2018,168,t2m,K,3.0269412269423386,0.19676957572193624,365
convlstm,convlstm,sphere_ttc,2018,168,mslp,Pa,696.8662760987208,0.149773925193092,365
convlstm,convlstm,sphere_ttc,2018,240,z50,m^2 s^-2,1052.6032199531892,0.35950788888478075,365
convlstm,convlstm,sphere_ttc,2018,240,z100,m^2 s^-2,923.3727675257805,0.26447930367479744,365
convlstm,convlstm,sphere_ttc,2018,240,z200,m^2 s^-2,1072.253889362694,0.1725564832770416,365
convlstm,convlstm,sphere_ttc,2018,240,z300,m^2 s^-2,1100.9637150622002,0.15567783043399994,365
convlstm,convlstm,sphere_ttc,2018,240,z500,m^2 s^-2,808.8551738159954,0.15123012603219382,365
convlstm,convlstm,sphere_ttc,2018,240,z700,m^2 s^-2,617.7364641734536,0.14220217456144157,365
convlstm,convlstm,sphere_ttc,2018,240,z850,m^2 s^-2,549.8350349974221,0.1292386150644854,365
convlstm,convlstm,sphere_ttc,2018,240,z925,m^2 s^-2,545.5211801618128,0.11964698597127689,365
convlstm,convlstm,sphere_ttc,2018,240,z1000,m^2 s^-2,556.639034112723,0.10986988079765857,365
convlstm,convlstm,sphere_ttc,2018,240,q50,kg kg^-1,1.279691405436421e-07,0.3712290318124624,365
convlstm,convlstm,sphere_ttc,2018,240,q100,kg kg^-1,3.8833117925642803e-07,0.1979323961877378,365
convlstm,convlstm,sphere_ttc,2018,240,q200,kg kg^-1,1.3692968624820684e-05,0.12843188419156207,365
convlstm,convlstm,sphere_ttc,2018,240,q300,kg kg^-1,0.00012224827776296114,0.13296080594820545,365
convlstm,convlstm,sphere_ttc,2018,240,q500,kg kg^-1,0.0007806368753398347,0.15498446127640308,365
convlstm,convlstm,sphere_ttc,2018,240,q700,kg kg^-1,0.0014948302589370894,0.15561630770064305,365
convlstm,convlstm,sphere_ttc,2018,240,q850,kg kg^-1,0.0017270956351354285,0.1425620268741559,365
convlstm,convlstm,sphere_ttc,2018,240,q925,kg kg^-1,0.0014574040681494098,0.14208410297730056,365
convlstm,convlstm,sphere_ttc,2018,240,q1000,kg kg^-1,0.0015610717535997115,0.12880675761747687,365
convlstm,convlstm,sphere_ttc,2018,240,t50,K,2.9740727792729387,0.3819214124459672,365
convlstm,convlstm,sphere_ttc,2018,240,t100,K,3.1214767673880037,0.2706908412950648,365
convlstm,convlstm,sphere_ttc,2018,240,t200,K,3.4673406128077584,0.1829588877453356,365
convlstm,convlstm,sphere_ttc,2018,240,t300,K,2.5025068061743054,0.15142544176290287,365
convlstm,convlstm,sphere_ttc,2018,240,t500,K,3.0929829323357696,0.12834221139823088,365
convlstm,convlstm,sphere_ttc,2018,240,t700,K,3.204550991186818,0.1177690270861694,365
convlstm,convlstm,sphere_ttc,2018,240,t850,K,3.443967508965344,0.120671419622792,365
convlstm,convlstm,sphere_ttc,2018,240,t925,K,3.253774317881382,0.13824898857468532,365
convlstm,convlstm,sphere_ttc,2018,240,t1000,K,3.0010540508365358,0.16361573075010438,365
convlstm,convlstm,sphere_ttc,2018,240,u50,m s^-1,5.884462181689133,0.6986250226921876,365
convlstm,convlstm,sphere_ttc,2018,240,u100,m s^-1,7.41560484511257,0.17017274789647452,365
convlstm,convlstm,sphere_ttc,2018,240,u200,m s^-1,11.668824389469178,0.15381106071516587,365
convlstm,convlstm,sphere_ttc,2018,240,u300,m s^-1,11.710525013839897,0.15219694128998246,365
convlstm,convlstm,sphere_ttc,2018,240,u500,m s^-1,8.117120349864845,0.14206165099156304,365
convlstm,convlstm,sphere_ttc,2018,240,u700,m s^-1,6.237769225798329,0.12894232007018577,365
convlstm,convlstm,sphere_ttc,2018,240,u850,m s^-1,5.485262978084013,0.10925579146401686,365
convlstm,convlstm,sphere_ttc,2018,240,u925,m s^-1,5.302398992447351,0.10344285049808154,365
convlstm,convlstm,sphere_ttc,2018,240,u1000,m s^-1,4.163440181027831,0.10118852091903457,365
convlstm,convlstm,sphere_ttc,2018,240,v50,m s^-1,4.906465728519639,0.14865948170400334,365
convlstm,convlstm,sphere_ttc,2018,240,v100,m s^-1,6.361970493509802,0.10309378513352116,365
convlstm,convlstm,sphere_ttc,2018,240,v200,m s^-1,10.887714579229302,0.09375531491722595,365
convlstm,convlstm,sphere_ttc,2018,240,v300,m s^-1,11.144879495536394,0.10853868615358991,365
convlstm,convlstm,sphere_ttc,2018,240,v500,m s^-1,7.487958025756494,0.10683950880783327,365
convlstm,convlstm,sphere_ttc,2018,240,v700,m s^-1,5.598757271039015,0.09305366286003704,365
convlstm,convlstm,sphere_ttc,2018,240,v850,m s^-1,4.9575367487291775,0.08116355251660672,365
convlstm,convlstm,sphere_ttc,2018,240,v925,m s^-1,5.032354657123878,0.08919847670397858,365
convlstm,convlstm,sphere_ttc,2018,240,v1000,m s^-1,4.088006658260326,0.09356903958838798,365
convlstm,convlstm,sphere_ttc,2018,240,u10,m s^-1,3.6998214571265,0.10002705480743163,365
convlstm,convlstm,sphere_ttc,2018,240,v10,m s^-1,3.5961205971655827,0.09267379440961807,365
convlstm,convlstm,sphere_ttc,2018,240,t2m,K,3.1404453887359356,0.15518871076787064,365
convlstm,convlstm,sphere_ttc,2018,240,mslp,Pa,706.1443223760796,0.10528098267077554,365
convlstm,convlstm,sphere_ttc,2019,24,z50,m^2 s^-2,445.15822774735324,0.9346421628337495,365
convlstm,convlstm,sphere_ttc,2019,24,z100,m^2 s^-2,420.56227116777194,0.9083824126602908,365
convlstm,convlstm,sphere_ttc,2019,24,z200,m^2 s^-2,512.0799396137234,0.8780616623803381,365
convlstm,convlstm,sphere_ttc,2019,24,z300,m^2 s^-2,534.7252602396451,0.8701973548294794,365
convlstm,convlstm,sphere_ttc,2019,24,z500,m^2 s^-2,381.5644876565195,0.8773923529500122,365
convlstm,convlstm,sphere_ttc,2019,24,z700,m^2 s^-2,302.59599806640665,0.8671887577893194,365
convlstm,convlstm,sphere_ttc,2019,24,z850,m^2 s^-2,287.8263888450505,0.8454911607439941,365
convlstm,convlstm,sphere_ttc,2019,24,z925,m^2 s^-2,292.8259597460557,0.8355721254231928,365
convlstm,convlstm,sphere_ttc,2019,24,z1000,m^2 s^-2,304.4537505540956,0.8272078191134935,365
convlstm,convlstm,sphere_ttc,2019,24,q50,kg kg^-1,1.3775200938526548e-07,0.4161675738952666,365
convlstm,convlstm,sphere_ttc,2019,24,q100,kg kg^-1,2.8617202234013027e-07,0.6718380657503955,365
convlstm,convlstm,sphere_ttc,2019,24,q200,kg kg^-1,1.0996353894973852e-05,0.6394840085695808,365
convlstm,convlstm,sphere_ttc,2019,24,q300,kg kg^-1,9.396229441457248e-05,0.6577279056881368,365
convlstm,convlstm,sphere_ttc,2019,24,q500,kg kg^-1,0.0005541454231140623,0.7032676892614241,365
convlstm,convlstm,sphere_ttc,2019,24,q700,kg kg^-1,0.0010930660612279597,0.6749478287001622,365
convlstm,convlstm,sphere_ttc,2019,24,q850,kg kg^-1,0.0013445506185297603,0.6158625732514238,365
convlstm,convlstm,sphere_ttc,2019,24,q925,kg kg^-1,0.0010921483148535473,0.6413932547781248,365
convlstm,convlstm,sphere_ttc,2019,24,q1000,kg kg^-1,0.0011072529149655985,0.6608286773255705,365
convlstm,convlstm,sphere_ttc,2019,24,t50,K,1.7326267400845263,0.8892697523392241,365
convlstm,convlstm,sphere_ttc,2019,24,t100,K,1.7823581993264692,0.8498391915588694,365
convlstm,convlstm,sphere_ttc,2019,24,t200,K,2.2287301392574075,0.7856098761559298,365
convlstm,convlstm,sphere_ttc,2019,24,t300,K,1.8215296020166285,0.6882076455467743,365
convlstm,convlstm,sphere_ttc,2019,24,t500,K,1.9624253526002051,0.7528799625072772,365
convlstm,convlstm,sphere_ttc,2019,24,t700,K,1.996814929836267,0.754193369036829,365
convlstm,convlstm,sphere_ttc,2019,24,t850,K,2.210089019277586,0.7412047994226498,365
convlstm,convlstm,sphere_ttc,2019,24,t925,K,2.1534929044280067,0.7092102856231518,365
convlstm,convlstm,sphere_ttc,2019,24,t1000,K,2.0173796576177256,0.6811905782655717,365
convlstm,convlstm,sphere_ttc,2019,24,u50,m s^-1,3.075417596832854,0.9109207328078327,365
convlstm,convlstm,sphere_ttc,2019,24,u100,m s^-1,4.0003004029880405,0.8371088212927321,365
convlstm,convlstm,sphere_ttc,2019,24,u200,m s^-1,6.587040590472733,0.8101041794920083,365
convlstm,convlstm,sphere_ttc,2019,24,u300,m s^-1,7.088432461060998,0.78269565373991,365
convlstm,convlstm,sphere_ttc,2019,24,u500,m s^-1,4.862754950126639,0.7839375746980304,365
convlstm,convlstm,sphere_ttc,2019,24,u700,m s^-1,3.749379875782148,0.7819640999257768,365
convlstm,convlstm,sphere_ttc,2019,24,u850,m s^-1,3.5184311639262345,0.7448513634225629,365
convlstm,convlstm,sphere_ttc,2019,24,u925,m s^-1,3.4461925383335132,0.7366102654378252,365
convlstm,convlstm,sphere_ttc,2019,24,u1000,m s^-1,2.6803879528109382,0.7430268293621529,365
convlstm,convlstm,sphere_ttc,2019,24,v50,m s^-1,2.548714258205962,0.8328621187678461,365
convlstm,convlstm,sphere_ttc,2019,24,v100,m s^-1,3.55959360792703,0.8246943872582533,365
convlstm,convlstm,sphere_ttc,2019,24,v200,m s^-1,6.155741512561237,0.8292059802953329,365
convlstm,convlstm,sphere_ttc,2019,24,v300,m s^-1,6.5555581337404805,0.8143145986897461,365
convlstm,convlstm,sphere_ttc,2019,24,v500,m s^-1,4.4018210688251616,0.8149825245066001,365
convlstm,convlstm,sphere_ttc,2019,24,v700,m s^-1,3.444530965700109,0.7930422029829034,365
convlstm,convlstm,sphere_ttc,2019,24,v850,m s^-1,3.2776737439699692,0.7502496763353935,365
convlstm,convlstm,sphere_ttc,2019,24,v925,m s^-1,3.3178711804728676,0.7507391938110616,365
convlstm,convlstm,sphere_ttc,2019,24,v1000,m s^-1,2.646371376314374,0.7583507627852714,365
convlstm,convlstm,sphere_ttc,2019,24,u10,m s^-1,2.3996691540532544,0.7404419188180477,365
convlstm,convlstm,sphere_ttc,2019,24,v10,m s^-1,2.35023378761959,0.7521359015255621,365
convlstm,convlstm,sphere_ttc,2019,24,t2m,K,2.2849998074161535,0.5956363781866525,365
convlstm,convlstm,sphere_ttc,2019,24,mslp,Pa,387.5906096559786,0.8247209144336887,365
convlstm,convlstm,sphere_ttc,2019,72,z50,m^2 s^-2,731.9259508427907,0.809401738336733,365
convlstm,convlstm,sphere_ttc,2019,72,z100,m^2 s^-2,719.9177585141045,0.6979131752828456,365
convlstm,convlstm,sphere_ttc,2019,72,z200,m^2 s^-2,904.1841667287775,0.5409787461051745,365
convlstm,convlstm,sphere_ttc,2019,72,z300,m^2 s^-2,941.1157428490696,0.5031910667587886,365
convlstm,convlstm,sphere_ttc,2019,72,z500,m^2 s^-2,689.2943652154776,0.5024778800009434,365
convlstm,convlstm,sphere_ttc,2019,72,z700,m^2 s^-2,535.2851922378477,0.47830759808117096,365
convlstm,convlstm,sphere_ttc,2019,72,z850,m^2 s^-2,486.86656111349384,0.43806934300783906,365
convlstm,convlstm,sphere_ttc,2019,72,z925,m^2 s^-2,487.5041879869285,0.4172100582389189,365
convlstm,convlstm,sphere_ttc,2019,72,z1000,m^2 s^-2,500.47014813880975,0.4005626158952849,365
convlstm,convlstm,sphere_ttc,2019,72,q50,kg kg^-1,1.356526986137011e-07,0.36399111968676506,365
convlstm,convlstm,sphere_ttc,2019,72,q100,kg kg^-1,3.5320615793699103e-07,0.4468348777393369,365
convlstm,convlstm,sphere_ttc,2019,72,q200,kg kg^-1,1.3498029580131996e-05,0.34896291593785667,365
convlstm,convlstm,sphere_ttc,2019,72,q300,kg kg^-1,0.00011843661723614516,0.3324774447682135,365
convlstm,convlstm,sphere_ttc,2019,72,q500,kg kg^-1,0.0007272339688417816,0.3778980817033562,365
convlstm,convlstm,sphere_ttc,2019,72,q700,kg kg^-1,0.0014025113051951562,0.3540560743960422,365
convlstm,convlstm,sphere_ttc,2019,72,q850,kg kg^-1,0.0016490782037705657,0.3183229018513742,365
convlstm,convlstm,sphere_ttc,2019,72,q925,kg kg^-1,0.0013695242826896221,0.34518713844999854,365
convlstm,convlstm,sphere_ttc,2019,72,q1000,kg kg^-1,0.001438453261465651,0.3305771261036658,365
convlstm,convlstm,sphere_ttc,2019,72,t50,K,2.197402499348784,0.8130109412736473,365
convlstm,convlstm,sphere_ttc,2019,72,t100,K,2.492867064885541,0.6776575694126109,365
convlstm,convlstm,sphere_ttc,2019,72,t200,K,3.1135582991594366,0.5123145139908909,365
convlstm,convlstm,sphere_ttc,2019,72,t300,K,2.3215561674035605,0.40914241666365103,365
convlstm,convlstm,sphere_ttc,2019,72,t500,K,2.7756128426053315,0.3905092776048744,365
convlstm,convlstm,sphere_ttc,2019,72,t700,K,2.8327566653028664,0.39543742192786635,365
convlstm,convlstm,sphere_ttc,2019,72,t850,K,3.1054607072523766,0.37511500981672863,365
convlstm,convlstm,sphere_ttc,2019,72,t925,K,2.936545559564025,0.35942470812360433,365
convlstm,convlstm,sphere_ttc,2019,72,t1000,K,2.642713723150139,0.3732755029019373,365
convlstm,convlstm,sphere_ttc,2019,72,u50,m s^-1,4.627730749832218,0.7835772631862662,365
convlstm,convlstm,sphere_ttc,2019,72,u100,m s^-1,6.1616008368086135,0.5482755465654766,365
convlstm,convlstm,sphere_ttc,2019,72,u200,m s^-1,10.122962380964625,0.4465012931430552,365
convlstm,convlstm,sphere_ttc,2019,72,u300,m s^-1,10.400365483179947,0.41550343499230835,365
convlstm,convlstm,sphere_ttc,2019,72,u500,m s^-1,7.179646935575025,0.41065887080967056,365
convlstm,convlstm,sphere_ttc,2019,72,u700,m s^-1,5.569202581272932,0.39750649096199886,365
convlstm,convlstm,sphere_ttc,2019,72,u850,m s^-1,4.997847715683004,0.35052020491923586,365
convlstm,convlstm,sphere_ttc,2019,72,u925,m s^-1,4.87142236902298,0.3300196979952662,365
convlstm,convlstm,sphere_ttc,2019,72,u1000,m s^-1,3.828936845640689,0.3309985239030081,365
convlstm,convlstm,sphere_ttc,2019,72,v50,m s^-1,3.8946409369694877,0.532174972077161,365
convlstm,convlstm,sphere_ttc,2019,72,v100,m s^-1,5.7910844128156596,0.3958705144604677,365
convlstm,convlstm,sphere_ttc,2019,72,v200,m s^-1,10.365477013070652,0.34259024486439216,365
convlstm,convlstm,sphere_ttc,2019,72,v300,m s^-1,10.656744651575723,0.33345350795412687,365
convlstm,convlstm,sphere_ttc,2019,72,v500,m s^-1,7.17089446503695,0.33134917854231444,365
convlstm,convlstm,sphere_ttc,2019,72,v700,m s^-1,5.4153323668531925,0.2952304054202841,365
convlstm,convlstm,sphere_ttc,2019,72,v850,m s^-1,4.834656921549586,0.2461232744993495,365
convlstm,convlstm,sphere_ttc,2019,72,v925,m s^-1,4.924880682272667,0.2324621210243386,365
convlstm,convlstm,sphere_ttc,2019,72,v1000,m s^-1,3.9900987445801674,0.23191224427764018,365
convlstm,convlstm,sphere_ttc,2019,72,u10,m s^-1,3.412404547815008,0.33185274982017443,365
convlstm,convlstm,sphere_ttc,2019,72,v10,m s^-1,3.5081630328788576,0.22916124343848132,365
convlstm,convlstm,sphere_ttc,2019,72,t2m,K,2.7529251652707107,0.34708843725643695,365
convlstm,convlstm,sphere_ttc,2019,72,mslp,Pa,632.77171799081,0.401748666297065,365
convlstm,convlstm,sphere_ttc,2019,120,z50,m^2 s^-2,854.442065615423,0.7282581989424262,365
convlstm,convlstm,sphere_ttc,2019,120,z100,m^2 s^-2,818.6918082426143,0.5847160716147742,365
convlstm,convlstm,sphere_ttc,2019,120,z200,m^2 s^-2,1011.9586967551375,0.36359750242113864,365
convlstm,convlstm,sphere_ttc,2019,120,z300,m^2 s^-2,1042.983556014398,0.31541337744399417,365
convlstm,convlstm,sphere_ttc,2019,120,z500,m^2 s^-2,765.2163600836865,0.30735216242102903,365
convlstm,convlstm,sphere_ttc,2019,120,z700,m^2 s^-2,587.3200653849374,0.29285333673328645,365
convlstm,convlstm,sphere_ttc,2019,120,z850,m^2 s^-2,525.4990040053515,0.26856657169429154,365
convlstm,convlstm,sphere_ttc,2019,120,z925,m^2 s^-2,522.5702999259775,0.255004137599178,365
convlstm,convlstm,sphere_ttc,2019,120,z1000,m^2 s^-2,534.5392169368803,0.2418549541606081,365
convlstm,convlstm,sphere_ttc,2019,120,q50,kg kg^-1,1.374406483604102e-07,0.32917010848886014,365
convlstm,convlstm,sphere_ttc,2019,120,q100,kg kg^-1,3.753848668244625e-07,0.3473035027738551,365
convlstm,convlstm,sphere_ttc,2019,120,q200,kg kg^-1,1.3941036947715418e-05,0.26668373987600763,365
convlstm,convlstm,sphere_ttc,2019,120,q300,kg kg^-1,0.0001226196609143892,0.2409604279131272,365
convlstm,convlstm,sphere_ttc,2019,120,q500,kg kg^-1,0.0007637834656982495,0.2641587620745655,365
convlstm,convlstm,sphere_ttc,2019,120,q700,kg kg^-1,0.001467401867735817,0.24433220669377398,365
convlstm,convlstm,sphere_ttc,2019,120,q850,kg kg^-1,0.0017062753083062056,0.23610474600598727,365
convlstm,convlstm,sphere_ttc,2019,120,q925,kg kg^-1,0.0014294152978526031,0.25829758672279024,365
convlstm,convlstm,sphere_ttc,2019,120,q1000,kg kg^-1,0.0015135879656957476,0.2266597670410379,365
convlstm,convlstm,sphere_ttc,2019,120,t50,K,2.5378805155676214,0.7381487800494085,365
convlstm,convlstm,sphere_ttc,2019,120,t100,K,2.7733792511469963,0.5799540193048165,365
convlstm,convlstm,sphere_ttc,2019,120,t200,K,3.3079715986385927,0.4168137710228384,365
convlstm,convlstm,sphere_ttc,2019,120,t300,K,2.453496204765957,0.2973512229433696,365
convlstm,convlstm,sphere_ttc,2019,120,t500,K,2.9641929523987796,0.241425166149888,365
convlstm,convlstm,sphere_ttc,2019,120,t700,K,3.0428694388233843,0.24239351879597412,365
convlstm,convlstm,sphere_ttc,2019,120,t850,K,3.3196508291092344,0.22879921547844012,365
convlstm,convlstm,sphere_ttc,2019,120,t925,K,3.118765982207485,0.2341401347586042,365
convlstm,convlstm,sphere_ttc,2019,120,t1000,K,2.818825218898694,0.2584260027919485,365
convlstm,convlstm,sphere_ttc,2019,120,u50,m s^-1,5.229983639286477,0.7120425098914729,365
convlstm,convlstm,sphere_ttc,2019,120,u100,m s^-1,6.8264062318147865,0.39759291069171376,365
convlstm,convlstm,sphere_ttc,2019,120,u200,m s^-1,10.990605457778006,0.2784743005350472,365
convlstm,convlstm,sphere_ttc,2019,120,u300,m s^-1,11.15961909656019,0.2516904799139196,365
convlstm,convlstm,sphere_ttc,2019,120,u500,m s^-1,7.714591714524763,0.23976191235081334,365
convlstm,convlstm,sphere_ttc,2019,120,u700,m s^-1,5.948839222951602,0.23808987762576395,365
convlstm,convlstm,sphere_ttc,2019,120,u850,m s^-1,5.256560553921702,0.21576386039333517,365
convlstm,convlstm,sphere_ttc,2019,120,u925,m s^-1,5.095483732768539,0.2034823537553274,365
convlstm,convlstm,sphere_ttc,2019,120,u1000,m s^-1,4.007183192458187,0.2045141288714952,365
convlstm,convlstm,sphere_ttc,2019,120,v50,m s^-1,4.296629809841191,0.35954066045420885,365
convlstm,convlstm,sphere_ttc,2019,120,v100,m s^-1,6.184415629076521,0.22020044760714833,365
convlstm,convlstm,sphere_ttc,2019,120,v200,m s^-1,10.909336678621264,0.17853670723456097,365
convlstm,convlstm,sphere_ttc,2019,120,v300,m s^-1,11.153954208625178,0.17813502310584356,365
convlstm,convlstm,sphere_ttc,2019,120,v500,m s^-1,7.509970310489899,0.17486771013566124,365
convlstm,convlstm,sphere_ttc,2019,120,v700,m s^-1,5.634205888079632,0.15550816921597196,365
convlstm,convlstm,sphere_ttc,2019,120,v850,m s^-1,4.9793179730400245,0.1351552152639026,365
convlstm,convlstm,sphere_ttc,2019,120,v925,m s^-1,5.0535834198743155,0.1340335504945559,365
convlstm,convlstm,sphere_ttc,2019,120,v1000,m s^-1,4.0936756284046005,0.13675507113227142,365
convlstm,convlstm,sphere_ttc,2019,120,u10,m s^-1,3.5706592603991183,0.20622499997649357,365
convlstm,convlstm,sphere_ttc,2019,120,v10,m s^-1,3.5982166404142357,0.13522091413809856,365
convlstm,convlstm,sphere_ttc,2019,120,t2m,K,2.919404979283865,0.24589757489705774,365
convlstm,convlstm,sphere_ttc,2019,120,mslp,Pa,675.2748532878126,0.24619878659804692,365
convlstm,convlstm,sphere_ttc,2019,168,z50,m^2 s^-2,916.2198439691626,0.6795396307779665,365
convlstm,convlstm,sphere_ttc,2019,168,z100,m^2 s^-2,861.0963343339843,0.5276744032877823,365
convlstm,convlstm,sphere_ttc,2019,168,z200,m^2 s^-2,1048.1205342329774,0.2868091546540059,365
convlstm,convlstm,sphere_ttc,2019,168,z300,m^2 s^-2,1075.8736437241475,0.23456674730216104,365
convlstm,convlstm,sphere_ttc,2019,168,z500,m^2 s^-2,788.7780683410831,0.2252881712665336,365
convlstm,convlstm,sphere_ttc,2019,168,z700,m^2 s^-2,603.3399988358185,0.215670530715206,365
convlstm,convlstm,sphere_ttc,2019,168,z850,m^2 s^-2,536.820430591406,0.20171796958053084,365
convlstm,convlstm,sphere_ttc,2019,168,z925,m^2 s^-2,532.2411424654024,0.1941345479226013,365
convlstm,convlstm,sphere_ttc,2019,168,z1000,m^2 s^-2,543.4062437642636,0.18540886000105627,365
convlstm,convlstm,sphere_ttc,2019,168,q50,kg kg^-1,1.4072290430304552e-07,0.2848033501012609,365
convlstm,convlstm,sphere_ttc,2019,168,q100,kg kg^-1,3.8670248023465156e-07,0.2892467876643369,365
convlstm,convlstm,sphere_ttc,2019,168,q200,kg kg^-1,1.4132430903966108e-05,0.22852881019768528,365
convlstm,convlstm,sphere_ttc,2019,168,q300,kg kg^-1,0.00012413171879107344,0.20407477010495786,365
convlstm,convlstm,sphere_ttc,2019,168,q500,kg kg^-1,0.0007778926937894426,0.21379309121734755,365
convlstm,convlstm,sphere_ttc,2019,168,q700,kg kg^-1,0.0014921419388217697,0.19510887903929475,365
convlstm,convlstm,sphere_ttc,2019,168,q850,kg kg^-1,0.0017305327758629786,0.19961975412193966,365
convlstm,convlstm,sphere_ttc,2019,168,q925,kg kg^-1,0.0014567335632818235,0.22116506099717664,365
convlstm,convlstm,sphere_ttc,2019,168,q1000,kg kg^-1,0.0015413046638538068,0.19180038383846676,365
convlstm,convlstm,sphere_ttc,2019,168,t50,K,2.7423415518563794,0.684444682556559,365
convlstm,convlstm,sphere_ttc,2019,168,t100,K,2.9092940102504388,0.5217820044397046,365
convlstm,convlstm,sphere_ttc,2019,168,t200,K,3.3840949703061463,0.37322039950118274,365
convlstm,convlstm,sphere_ttc,2019,168,t300,K,2.502797859652036,0.24886145563624887,365
convlstm,convlstm,sphere_ttc,2019,168,t500,K,3.0237758069525236,0.180606562178965,365
convlstm,convlstm,sphere_ttc,2019,168,t700,K,3.108605002905148,0.18334184330061334,365
convlstm,convlstm,sphere_ttc,2019,168,t850,K,3.3871145833149297,0.17656073670246483,365
convlstm,convlstm,sphere_ttc,2019,168,t925,K,3.190299982641999,0.18564273097040945,365
convlstm,convlstm,sphere_ttc,2019,168,t1000,K,2.902210793864142,0.2106612976500265,365
convlstm,convlstm,sphere_ttc,2019,168,u50,m s^-1,5.537732828495266,0.6694310926140158,365
convlstm,convlstm,sphere_ttc,2019,168,u100,m s^-1,7.112434771637923,0.3173232463716688,365
convlstm,convlstm,sphere_ttc,2019,168,u200,m s^-1,11.304464354038345,0.20000466446778506,365
convlstm,convlstm,sphere_ttc,2019,168,u300,m s^-1,11.409360816141138,0.1798559482176035,365
convlstm,convlstm,sphere_ttc,2019,168,u500,m s^-1,7.883264440705206,0.1665968246934022,365
convlstm,convlstm,sphere_ttc,2019,168,u700,m s^-1,6.076591471533918,0.1680629146726556,365
convlstm,convlstm,sphere_ttc,2019,168,u850,m s^-1,5.340853086096912,0.1619678053546231,365
convlstm,convlstm,sphere_ttc,2019,168,u925,m s^-1,5.1642736173942705,0.15637098949273354,365
convlstm,convlstm,sphere_ttc,2019,168,u1000,m s^-1,4.0609528751670645,0.15836308895024953,365
convlstm,convlstm,sphere_ttc,2019,168,v50,m s^-1,4.441157184929065,0.2722133567087346,365
convlstm,convlstm,sphere_ttc,2019,168,v100,m s^-1,6.285500154680594,0.15502504982600318,365
convlstm,convlstm,sphere_ttc,2019,168,v200,m s^-1,11.016978196456982,0.12974164197301485,365
convlstm,convlstm,sphere_ttc,2019,168,v300,m s^-1,11.258488241882606,0.13086840933731603,365
convlstm,convlstm,sphere_ttc,2019,168,v500,m s^-1,7.589703682191773,0.12502826751644103,365
convlstm,convlstm,sphere_ttc,2019,168,v700,m s^-1,5.690168759241557,0.11103139331427878,365
convlstm,convlstm,sphere_ttc,2019,168,v850,m s^-1,5.018689967281732,0.10072598878443434,365
convlstm,convlstm,sphere_ttc,2019,168,v925,m s^-1,5.088463566067525,0.10463753744049063,365
convlstm,convlstm,sphere_ttc,2019,168,v1000,m s^-1,4.120512250423683,0.10968357641388762,365
convlstm,convlstm,sphere_ttc,2019,168,u10,m s^-1,3.6195267046412463,0.15980401530837585,365
convlstm,convlstm,sphere_ttc,2019,168,v10,m s^-1,3.6222627211157756,0.10841346146284651,365
convlstm,convlstm,sphere_ttc,2019,168,t2m,K,3.016312278523564,0.1971365864686586,365
convlstm,convlstm,sphere_ttc,2019,168,mslp,Pa,686.423719310097,0.19054708854219585,365
convlstm,convlstm,sphere_ttc,2019,240,z50,m^2 s^-2,997.4907814488024,0.6100766740434861,365
convlstm,convlstm,sphere_ttc,2019,240,z100,m^2 s^-2,903.3471238669165,0.46828922783826055,365
convlstm,convlstm,sphere_ttc,2019,240,z200,m^2 s^-2,1073.935731062178,0.23130625253661852,365
convlstm,convlstm,sphere_ttc,2019,240,z300,m^2 s^-2,1098.5614569324441,0.1775549329537998,365
convlstm,convlstm,sphere_ttc,2019,240,z500,m^2 s^-2,806.1589051224449,0.1640252231736648,365
convlstm,convlstm,sphere_ttc,2019,240,z700,m^2 s^-2,615.5782537707216,0.15652675193893129,365
convlstm,convlstm,sphere_ttc,2019,240,z850,m^2 s^-2,545.7567149857662,0.15000004224155028,365
convlstm,convlstm,sphere_ttc,2019,240,z925,m^2 s^-2,539.9177290195137,0.1475722473944479,365
convlstm,convlstm,sphere_ttc,2019,240,z1000,m^2 s^-2,550.2543542068796,0.1438050331981029,365
convlstm,convlstm,sphere_ttc,2019,240,q50,kg kg^-1,1.4608342360349226e-07,0.21881244212466877,365
convlstm,convlstm,sphere_ttc,2019,240,q100,kg kg^-1,3.9640194298294646e-07,0.23525686668892573,365
convlstm,convlstm,sphere_ttc,2019,240,q200,kg kg^-1,1.4278129855240923e-05,0.20676003655311698,365
convlstm,convlstm,sphere_ttc,2019,240,q300,kg kg^-1,0.0001254235395992537,0.1796304725035767,365
convlstm,convlstm,sphere_ttc,2019,240,q500,kg kg^-1,0.0007874198875949966,0.18311888461622733,365
convlstm,convlstm,sphere_ttc,2019,240,q700,kg kg^-1,0.0015096766933146346,0.16391117712856768,365
convlstm,convlstm,sphere_ttc,2019,240,q850,kg kg^-1,0.001750170095596708,0.17452634698128486,365
convlstm,convlstm,sphere_ttc,2019,240,q925,kg kg^-1,0.0014794044909550704,0.1966129832505615,365
convlstm,convlstm,sphere_ttc,2019,240,q1000,kg kg^-1,0.0015660504515534683,0.17069214740900024,365
convlstm,convlstm,sphere_ttc,2019,240,t50,K,3.027233200286609,0.609969075555739,365
convlstm,convlstm,sphere_ttc,2019,240,t100,K,3.060813013653939,0.45460743665320713,365
convlstm,convlstm,sphere_ttc,2019,240,t200,K,3.467147889149115,0.32672400547712216,365
convlstm,convlstm,sphere_ttc,2019,240,t300,K,2.5466548138115805,0.21191257181560053,365
convlstm,convlstm,sphere_ttc,2019,240,t500,K,3.0619692196628248,0.14285928402238607,365
convlstm,convlstm,sphere_ttc,2019,240,t700,K,3.1597767672760604,0.14198870253654286,365
convlstm,convlstm,sphere_ttc,2019,240,t850,K,3.4502859472705856,0.1363742688733477,365
convlstm,convlstm,sphere_ttc,2019,240,t925,K,3.2611760125383333,0.14832382413041953,365
convlstm,convlstm,sphere_ttc,2019,240,t1000,K,2.9894544875346694,0.17279189859798139,365
convlstm,convlstm,sphere_ttc,2019,240,u50,m s^-1,5.8368236455963025,0.6239070029264805,365
convlstm,convlstm,sphere_ttc,2019,240,u100,m s^-1,7.352075840937154,0.2501769429110853,365
convlstm,convlstm,sphere_ttc,2019,240,u200,m s^-1,11.545339983094571,0.14428671751481,365
convlstm,convlstm,sphere_ttc,2019,240,u300,m s^-1,11.576301430620243,0.13290746786448135,365
convlstm,convlstm,sphere_ttc,2019,240,u500,m s^-1,7.984854701661723,0.12122218149002646,365
convlstm,convlstm,sphere_ttc,2019,240,u700,m s^-1,6.157760164750686,0.12380277263080139,365
convlstm,convlstm,sphere_ttc,2019,240,u850,m s^-1,5.402419523285975,0.12781048018869362,365
convlstm,convlstm,sphere_ttc,2019,240,u925,m s^-1,5.215424236024018,0.12711028633491617,365
convlstm,convlstm,sphere_ttc,2019,240,u1000,m s^-1,4.099633771303987,0.13067903127223818,365
convlstm,convlstm,sphere_ttc,2019,240,v50,m s^-1,4.5474268755365825,0.20109671414901245,365
convlstm,convlstm,sphere_ttc,2019,240,v100,m s^-1,6.336478282860264,0.1178482816488264,365
convlstm,convlstm,sphere_ttc,2019,240,v200,m s^-1,11.054665783883385,0.11119634095167295,365
convlstm,convlstm,sphere_ttc,2019,240,v300,m s^-1,11.29278502928128,0.11473004209002763,365
convlstm,convlstm,sphere_ttc,2019,240,v500,m s^-1,7.614653800706586,0.10860991721313802,365
convlstm,convlstm,sphere_ttc,2019,240,v700,m s^-1,5.705507467882043,0.0973732269682133,365
convlstm,convlstm,sphere_ttc,2019,240,v850,m s^-1,5.028293074304197,0.09109306785793356,365
convlstm,convlstm,sphere_ttc,2019,240,v925,m s^-1,5.09995115760369,0.09527176075626848,365
convlstm,convlstm,sphere_ttc,2019,240,v1000,m s^-1,4.131269469464418,0.0994173324212022,365
convlstm,convlstm,sphere_ttc,2019,240,u10,m s^-1,3.654355327928858,0.13194998255689752,365
convlstm,convlstm,sphere_ttc,2019,240,v10,m s^-1,3.6327873698629767,0.09793830585667218,365
convlstm,convlstm,sphere_ttc,2019,240,t2m,K,3.1227765632138427,0.1588249360899765,365
convlstm,convlstm,sphere_ttc,2019,240,mslp,Pa,694.9931663579481,0.14895393601398177,365
transformer,transformer,raw,2018,24,z50,m^2 s^-2,392.36699040361486,0.9276079343485489,365
transformer,transformer,raw,2018,24,z100,m^2 s^-2,373.53940641132266,0.9100929966987035,365
transformer,transformer,raw,2018,24,z200,m^2 s^-2,483.01632507721297,0.8858455682837111,365
transformer,transformer,raw,2018,24,z300,m^2 s^-2,521.1209332751878,0.8754035723409017,365
transformer,transformer,raw,2018,24,z500,m^2 s^-2,381.98450142930113,0.8765642302950891,365
transformer,transformer,raw,2018,24,z700,m^2 s^-2,300.847057989507,0.8681708519753507,365
transformer,transformer,raw,2018,24,z850,m^2 s^-2,282.0871697731028,0.852146480016441,365
transformer,transformer,raw,2018,24,z925,m^2 s^-2,286.84129702118895,0.8433086562837339,365
transformer,transformer,raw,2018,24,z1000,m^2 s^-2,298.3052522912068,0.8353154169013552,365
transformer,transformer,raw,2018,24,q50,kg kg^-1,7.471651116883751e-08,0.8002774693928295,365
transformer,transformer,raw,2018,24,q100,kg kg^-1,2.5973541602363705e-07,0.7134032095779692,365
transformer,transformer,raw,2018,24,q200,kg kg^-1,1.0666734052615796e-05,0.5995893330913769,365
transformer,transformer,raw,2018,24,q300,kg kg^-1,9.650842852346989e-05,0.5928668856874636,365
transformer,transformer,raw,2018,24,q500,kg kg^-1,0.0006241745386034545,0.585558445591783,365
transformer,transformer,raw,2018,24,q700,kg kg^-1,0.001218877068375836,0.5661819286477878,365
transformer,transformer,raw,2018,24,q850,kg kg^-1,0.001465104844809579,0.5008839923129786,365
transformer,transformer,raw,2018,24,q925,kg kg^-1,0.0012377458708922537,0.5076642271530942,365
transformer,transformer,raw,2018,24,q1000,kg kg^-1,0.0013527212519247594,0.5284737314245262,365
transformer,transformer,raw,2018,24,t50,K,1.310874450600941,0.9000768042627152,365
transformer,transformer,raw,2018,24,t100,K,1.5693164087923523,0.8567926577108984,365
transformer,transformer,raw,2018,24,t200,K,2.008429571750796,0.8087299559369598,365
transformer,transformer,raw,2018,24,t300,K,1.6138966501802485,0.7406104916782709,365
transformer,transformer,raw,2018,24,t500,K,1.8110884073148825,0.796977958281417,365
transformer,transformer,raw,2018,24,t700,K,1.8956295311979525,0.7859157232994276,365
transformer,transformer,raw,2018,24,t850,K,2.110620515119099,0.768131404450701,365
transformer,transformer,raw,2018,24,t925,K,2.1570979367355747,0.7148781349813342,365
transformer,transformer,raw,2018,24,t1000,K,2.179539593885136,0.6395620258449712,365
transformer,transformer,raw,2018,24,u50,m s^-1,2.9336203650728145,0.9316195973401666,365
transformer,transformer,raw,2018,24,u100,m s^-1,3.814268459396596,0.8411201338712011,365
transformer,transformer,raw,2018,24,u200,m s^-1,7.197791150035779,0.7761632370855436,365
transformer,transformer,raw,2018,24,u300,m s^-1,7.674390083512322,0.7498520743385393,365
transformer,transformer,raw,2018,24,u500,m s^-1,5.207563572741168,0.76031138963124,365
transformer,transformer,raw,2018,24,u700,m s^-1,4.167225776122457,0.7331853261536232,365
transformer,transformer,raw,2018,24,u850,m s^-1,3.8725156941246786,0.6925338141557963,365
transformer,transformer,raw,2018,24,u925,m s^-1,3.857696066123135,0.6702867068326759,365
transformer,transformer,raw,2018,24,u1000,m s^-1,3.045769156576524,0.6653625581673266,365
transformer,transformer,raw,2018,24,v50,m s^-1,2.2214423605810842,0.8887291949504168,365
transformer,transformer,raw,2018,24,v100,m s^-1,3.2825072008243055,0.8507137964087831,365
transformer,transformer,raw,2018,24,v200,m s^-1,6.151866443623501,0.8218334488586094,365
transformer,transformer,raw,2018,24,v300,m s^-1,6.587622472468362,0.8064921746785088,365
transformer,transformer,raw,2018,24,v500,m s^-1,4.3633944132408,0.8116709179080419,365
transformer,transformer,raw,2018,24,v700,m s^-1,3.465182621398954,0.7803841616204631,365
transformer,transformer,raw,2018,24,v850,m s^-1,3.2972047718746866,0.7370949126029748,365
transformer,transformer,raw,2018,24,v925,m s^-1,3.4023726279930835,0.7278854855525141,365
transformer,transformer,raw,2018,24,v1000,m s^-1,2.8143369693812774,0.7155495402334949,365
transformer,transformer,raw,2018,24,u10,m s^-1,2.721199117484347,0.6608592950862447,365
transformer,transformer,raw,2018,24,v10,m s^-1,2.4990852221262854,0.7088393110117609,365
transformer,transformer,raw,2018,24,t2m,K,2.852477909044866,0.4869797951702533,365
transformer,transformer,raw,2018,24,mslp,Pa,382.8439036182648,0.8305855765737993,365
transformer,transformer,raw,2018,72,z50,m^2 s^-2,713.9875033081021,0.7352083637551708,365
transformer,transformer,raw,2018,72,z100,m^2 s^-2,684.4394585269749,0.6534369521334726,365
transformer,transformer,raw,2018,72,z200,m^2 s^-2,874.1998460823537,0.5461108874681424,365
transformer,transformer,raw,2018,72,z300,m^2 s^-2,921.5197196286055,0.5210831045286675,365
transformer,transformer,raw,2018,72,z500,m^2 s^-2,678.984977175086,0.520050890109921,365
transformer,transformer,raw,2018,72,z700,m^2 s^-2,526.2873938167348,0.499757180569772,365
transformer,transformer,raw,2018,72,z850,m^2 s^-2,477.6743642772461,0.468597025986314,365
transformer,transformer,raw,2018,72,z925,m^2 s^-2,478.3385889207402,0.4494783550724918,365
transformer,transformer,raw,2018,72,z1000,m^2 s^-2,490.6149734600639,0.4347027400112702,365
transformer,transformer,raw,2018,72,q50,kg kg^-1,8.989718283611017e-08,0.6966743043244794,365
transformer,transformer,raw,2018,72,q100,kg kg^-1,3.181633404142464e-07,0.5174852392002922,365
transformer,transformer,raw,2018,72,q200,kg kg^-1,1.2619760010384495e-05,0.338994525593181,365
transformer,transformer,raw,2018,72,q300,kg kg^-1,0.00011378488605161625,0.3285894859746846,365
transformer,transformer,raw,2018,72,q500,kg kg^-1,0.000727953751384057,0.34364585821768984,365
transformer,transformer,raw,2018,72,q700,kg kg^-1,0.001411882369595153,0.3247496037571525,365
transformer,transformer,raw,2018,72,q850,kg kg^-1,0.0016665764395296227,0.26195306412226466,365
transformer,transformer,raw,2018,72,q925,kg kg^-1,0.0014250948924241801,0.2597995619783909,365
transformer,transformer,raw,2018,72,q1000,kg kg^-1,0.0015820804127231781,0.26187599935434813,365
transformer,transformer,raw,2018,72,t50,K,2.0948439014598983,0.7211847972651433,365
transformer,transformer,raw,2018,72,t100,K,2.4225983550603325,0.6096503586183354,365
transformer,transformer,raw,2018,72,t200,K,2.9949388481236103,0.4829627664603415,365
transformer,transformer,raw,2018,72,t300,K,2.1846743123968055,0.4268519999365293,365
transformer,transformer,raw,2018,72,t500,K,2.6977215956572125,0.4413680632600823,365
transformer,transformer,raw,2018,72,t700,K,2.786928077738914,0.4291094604988618,365
transformer,transformer,raw,2018,72,t850,K,3.019250319025624,0.41866438606225087,365
transformer,transformer,raw,2018,72,t925,K,2.8847434051988503,0.38740979347538856,365
transformer,transformer,raw,2018,72,t1000,K,2.7077671691160385,0.3603942589615217,365
transformer,transformer,raw,2018,72,u50,m s^-1,4.583339297400395,0.8237073826775506,365
transformer,transformer,raw,2018,72,u100,m s^-1,5.873042757625879,0.5594353338287942,365
transformer,transformer,raw,2018,72,u200,m s^-1,10.123195657349584,0.46789232170905215,365
transformer,transformer,raw,2018,72,u300,m s^-1,10.427101488811791,0.4414478932027446,365
transformer,transformer,raw,2018,72,u500,m s^-1,7.18984566687463,0.4457560709487583,365
transformer,transformer,raw,2018,72,u700,m s^-1,5.593801391300096,0.41594561145799525,365
transformer,transformer,raw,2018,72,u850,m s^-1,5.038245532553777,0.36115354122625776,365
transformer,transformer,raw,2018,72,u925,m s^-1,4.953947523455961,0.32720816847752016,365
transformer,transformer,raw,2018,72,u1000,m s^-1,3.9109694524430165,0.31679399367126565,365
transformer,transformer,raw,2018,72,v50,m s^-1,3.9825895495155437,0.5708240971465087,365
transformer,transformer,raw,2018,72,v100,m s^-1,5.632604406779498,0.434998334120657,365
transformer,transformer,raw,2018,72,v200,m s^-1,10.165736573572785,0.3415849220162883,365
transformer,transformer,raw,2018,72,v300,m s^-1,10.518724126932003,0.3320090053199922,365
transformer,transformer,raw,2018,72,v500,m s^-1,7.031246266914201,0.3407622955393934,365
transformer,transformer,raw,2018,72,v700,m s^-1,5.291615099191559,0.3082782592675437,365
transformer,transformer,raw,2018,72,v850,m s^-1,4.736721730220366,0.2647055465543187,365
transformer,transformer,raw,2018,72,v925,m s^-1,4.838385122042958,0.25304381415975136,365
transformer,transformer,raw,2018,72,v1000,m s^-1,3.9508422893471637,0.24248174617333446,365
transformer,transformer,raw,2018,72,u10,m s^-1,3.482880296275108,0.31275286500960925,365
transformer,transformer,raw,2018,72,v10,m s^-1,3.483516578140749,0.23615214044322969,365
transformer,transformer,raw,2018,72,t2m,K,3.181617451912066,0.28965639260909365,365
transformer,transformer,raw,2018,72,mslp,Pa,624.0812752010005,0.42831633908558997,365
transformer,transformer,raw,2018,120,z50,m^2 s^-2,852.772288220312,0.5945565370544812,365
transformer,transformer,raw,2018,120,z100,m^2 s^-2,788.9519848078156,0.4984699737956142,365
transformer,transformer,raw,2018,120,z200,m^2 s^-2,975.6422141162985,0.36943954785495725,365
transformer,transformer,raw,2018,120,z300,m^2 s^-2,1021.7687025481106,0.33545541022778974,365
transformer,transformer,raw,2018,120,z500,m^2 s^-2,752.2212046119201,0.33442302849869127,365
transformer,transformer,raw,2018,120,z700,m^2 s^-2,578.970930456233,0.3159158387978322,365
transformer,transformer,raw,2018,120,z850,m^2 s^-2,519.4346438067487,0.29256217778905047,365
transformer,transformer,raw,2018,120,z925,m^2 s^-2,517.2797140921934,0.27653560409664213,365
transformer,transformer,raw,2018,120,z1000,m^2 s^-2,529.1193847615862,0.2610987597906835,365
transformer,transformer,raw,2018,120,q50,kg kg^-1,9.359106437088305e-08,0.665734686110099,365
transformer,transformer,raw,2018,120,q100,kg kg^-1,3.387304148627603e-07,0.42212524550130925,365
transformer,transformer,raw,2018,120,q200,kg kg^-1,1.3069908757992561e-05,0.25035914210724936,365
transformer,transformer,raw,2018,120,q300,kg kg^-1,0.00011762439141251237,0.2385803841087081,365
transformer,transformer,raw,2018,120,q500,kg kg^-1,0.000758099598559739,0.24179862494632798,365
transformer,transformer,raw,2018,120,q700,kg kg^-1,0.0014684043546813448,0.22414161574646968,365
transformer,transformer,raw,2018,120,q850,kg kg^-1,0.0017178827819682306,0.18527156137536635,365
transformer,transformer,raw,2018,120,q925,kg kg^-1,0.0014762144919347544,0.17693496938159642,365
transformer,transformer,raw,2018,120,q1000,kg kg^-1,0.0016554151661616109,0.15478032569261546,365
transformer,transformer,raw,2018,120,t50,K,2.4285872675522016,0.6041066297215909,365
transformer,transformer,raw,2018,120,t100,K,2.7277789745445196,0.4656796643654954,365
transformer,transformer,raw,2018,120,t200,K,3.231099240649769,0.3386836339449936,365
transformer,transformer,raw,2018,120,t300,K,2.3330729853786996,0.29187618778888047,365
transformer,transformer,raw,2018,120,t500,K,2.9007254209927096,0.28374862738405754,365
transformer,transformer,raw,2018,120,t700,K,3.0137760959873305,0.26152504122691533,365
transformer,transformer,raw,2018,120,t850,K,3.2641375895046747,0.2486882084787632,365
transformer,transformer,raw,2018,120,t925,K,3.0937439342717488,0.2404366980378337,365
transformer,transformer,raw,2018,120,t1000,K,2.877889391094537,0.2438404628074091,365
transformer,transformer,raw,2018,120,u50,m s^-1,5.200296576818472,0.7667907488978879,365
transformer,transformer,raw,2018,120,u100,m s^-1,6.58378377786424,0.390745000882441,365
transformer,transformer,raw,2018,120,u200,m s^-1,10.94840357854229,0.3136192962987998,365
transformer,transformer,raw,2018,120,u300,m s^-1,11.188596780738948,0.2842977057017225,365
transformer,transformer,raw,2018,120,u500,m s^-1,7.74845339134272,0.2780394773325723,365
transformer,transformer,raw,2018,120,u700,m s^-1,5.982088354141928,0.2576077284949374,365
transformer,transformer,raw,2018,120,u850,m s^-1,5.314007630838772,0.22017374680149124,365
transformer,transformer,raw,2018,120,u925,m s^-1,5.192713432718158,0.19470424549527526,365
transformer,transformer,raw,2018,120,u1000,m s^-1,4.098522401289633,0.18407834702469864,365
transformer,transformer,raw,2018,120,v50,m s^-1,4.48829000406155,0.3844391099718458,365
transformer,transformer,raw,2018,120,v100,m s^-1,6.076200265823489,0.2509719387561075,365
transformer,transformer,raw,2018,120,v200,m s^-1,10.669605726269554,0.18086440533826648,365
transformer,transformer,raw,2018,120,v300,m s^-1,10.985972096114729,0.18037554603325512,365
transformer,transformer,raw,2018,120,v500,m s^-1,7.365269500700434,0.1844185615110065,365
transformer,transformer,raw,2018,120,v700,m s^-1,5.511519385070403,0.16243058122672682,365
transformer,transformer,raw,2018,120,v850,m s^-1,4.889116765533951,0.14167407972866822,365
transformer,transformer,raw,2018,120,v925,m s^-1,4.98440801868616,0.13710496681036236,365
transformer,transformer,raw,2018,120,v1000,m s^-1,4.06725874417896,0.13287700178458248,365
transformer,transformer,raw,2018,120,u10,m s^-1,3.64792182847409,0.18104691198872344,365
transformer,transformer,raw,2018,120,v10,m s^-1,3.582565613003131,0.12985752674807816,365
transformer,transformer,raw,2018,120,t2m,K,3.324545009701696,0.19966860313583068,365
transformer,transformer,raw,2018,120,mslp,Pa,672.8567600954636,0.25426333200811274,365
transformer,transformer,raw,2018,168,z50,m^2 s^-2,926.4893987483887,0.4997314823264949,365
transformer,transformer,raw,2018,168,z100,m^2 s^-2,837.9132596221908,0.40605660544800765,365
transformer,transformer,raw,2018,168,z200,m^2 s^-2,1012.214900161813,0.28601924563763087,365
transformer,transformer,raw,2018,168,z300,m^2 s^-2,1053.6977725564436,0.25537594295908195,365
transformer,transformer,raw,2018,168,z500,m^2 s^-2,777.4105285369739,0.24611232794460502,365
transformer,transformer,raw,2018,168,z700,m^2 s^-2,596.6755240439737,0.23090217131509658,365
transformer,transformer,raw,2018,168,z850,m^2 s^-2,533.5096785416388,0.21244101006828242,365
transformer,transformer,raw,2018,168,z925,m^2 s^-2,530.1612058161152,0.2000929632438946,365
transformer,transformer,raw,2018,168,z1000,m^2 s^-2,541.6984918162121,0.1864851133314487,365
transformer,transformer,raw,2018,168,q50,kg kg^-1,9.64840393948926e-08,0.6409472176571717,365
transformer,transformer,raw,2018,168,q100,kg kg^-1,3.512342120631271e-07,0.35554652755084454,365
transformer,transformer,raw,2018,168,q200,kg kg^-1,1.3290103571666996e-05,0.20493099426903458,365
transformer,transformer,raw,2018,168,q300,kg kg^-1,0.00011939359028904177,0.19426526661552088,365
transformer,transformer,raw,2018,168,q500,kg kg^-1,0.0007715240394133541,0.1921879149898333,365
transformer,transformer,raw,2018,168,q700,kg kg^-1,0.0014923132594066631,0.1787649633647793,365
transformer,transformer,raw,2018,168,q850,kg kg^-1,0.001741821318762366,0.15013307692632905,365
transformer,transformer,raw,2018,168,q925,kg kg^-1,0.0014990344166903482,0.14259968108669827,365
transformer,transformer,raw,2018,168,q1000,kg kg^-1,0.0016821672781140652,0.11696888430164627,365
transformer,transformer,raw,2018,168,t50,K,2.6042098767880564,0.5329344957107446,365
transformer,transformer,raw,2018,168,t100,K,2.8732659622989916,0.383706548379321,365
transformer,transformer,raw,2018,168,t200,K,3.3213349958987335,0.2708779724330315,365
transformer,transformer,raw,2018,168,t300,K,2.383894646909409,0.23988402118255867,365
transformer,transformer,raw,2018,168,t500,K,2.9684522399976037,0.21586669143098242,365
transformer,transformer,raw,2018,168,t700,K,3.0868758432992944,0.19161105520228924,365
transformer,transformer,raw,2018,168,t850,K,3.3523125546495756,0.1749398756122386,365
transformer,transformer,raw,2018,168,t925,K,3.1748736269047337,0.17798972552537395,365
transformer,transformer,raw,2018,168,t1000,K,2.9627720084789586,0.1840585940564382,365
transformer,transformer,raw,2018,168,u50,m s^-1,5.483808300397927,0.7374472325050879,365
transformer,transformer,raw,2018,168,u100,m s^-1,6.885872670395146,0.29952993404776174,365
transformer,transformer,raw,2018,168,u200,m s^-1,11.239045553269323,0.2432201307182126,365
transformer,transformer,raw,2018,168,u300,m s^-1,11.424721422095436,0.21817186851562356,365
transformer,transformer,raw,2018,168,u500,m s^-1,7.919706502786061,0.206999030259255,365
transformer,transformer,raw,2018,168,u700,m s^-1,6.110771971213072,0.18875667160014087,365
transformer,transformer,raw,2018,168,u850,m s^-1,5.405473674601866,0.16305976162732305,365
transformer,transformer,raw,2018,168,u925,m s^-1,5.2683427684191635,0.1432137325319984,365
transformer,transformer,raw,2018,168,u1000,m s^-1,4.155503456773186,0.135829746215247,365
transformer,transformer,raw,2018,168,v50,m s^-1,4.66487526142156,0.2891447251899799,365
transformer,transformer,raw,2018,168,v100,m s^-1,6.19917308275795,0.1783235109989437,365
transformer,transformer,raw,2018,168,v200,m s^-1,10.768779833372776,0.1338127807618602,365
transformer,transformer,raw,2018,168,v300,m s^-1,11.067970365846229,0.13903727689189674,365
transformer,transformer,raw,2018,168,v500,m s^-1,7.427651623566708,0.13893958478406365,365
transformer,transformer,raw,2018,168,v700,m s^-1,5.55698782153741,0.11938086694568467,365
transformer,transformer,raw,2018,168,v850,m s^-1,4.924778442937925,0.106080842526377,365
transformer,transformer,raw,2018,168,v925,m s^-1,5.016746444656921,0.10646697957175578,365
transformer,transformer,raw,2018,168,v1000,m s^-1,4.0947623624141105,0.1040048506034679,365
transformer,transformer,raw,2018,168,u10,m s^-1,3.6983010900157667,0.13335725044410257,365
transformer,transformer,raw,2018,168,v10,m s^-1,3.60629430618541,0.10219182118960465,365
transformer,transformer,raw,2018,168,t2m,K,3.3961691995944934,0.15644794255789884,365
transformer,transformer,raw,2018,168,mslp,Pa,688.4862245689691,0.17991583791867152,365
transformer,transformer,raw,2018,240,z50,m^2 s^-2,1003.6197715294346,0.39369097022237054,365
transformer,transformer,raw,2018,240,z100,m^2 s^-2,881.4331433612838,0.3179697335556754,365
transformer,transformer,raw,2018,240,z200,m^2 s^-2,1042.9261253372451,0.20916375705002874,365
transformer,transformer,raw,2018,240,z300,m^2 s^-2,1080.6110082720008,0.18209914764528,365
transformer,transformer,raw,2018,240,z500,m^2 s^-2,794.8570466804293,0.17895311635428868,365
transformer,transformer,raw,2018,240,z700,m^2 s^-2,608.9696976695922,0.16671982468875984,365
transformer,transformer,raw,2018,240,z850,m^2 s^-2,543.1434363644224,0.152934547802114,365
transformer,transformer,raw,2018,240,z925,m^2 s^-2,539.1094636778831,0.14415125899916717,365
transformer,transformer,raw,2018,240,z1000,m^2 s^-2,550.0277740885779,0.1347895696070808,365
transformer,transformer,raw,2018,240,q50,kg kg^-1,1.0008765125673604e-07,0.6104374941583343,365
transformer,transformer,raw,2018,240,q100,kg kg^-1,3.652959543034369e-07,0.27432240735910857,365
transformer,transformer,raw,2018,240,q200,kg kg^-1,1.3495024158142718e-05,0.16263440782015803,365
transformer,transformer,raw,2018,240,q300,kg kg^-1,0.00012114829559834429,0.15080521101093836,365
transformer,transformer,raw,2018,240,q500,kg kg^-1,0.0007822648013070616,0.15321528820852198,365
transformer,transformer,raw,2018,240,q700,kg kg^-1,0.0015080511132771676,0.14784630265940685,365
transformer,transformer,raw,2018,240,q850,kg kg^-1,0.001760536973260603,0.12424835777767856,365
transformer,transformer,raw,2018,240,q925,kg kg^-1,0.0015191506322292088,0.11421526136242545,365
transformer,transformer,raw,2018,240,q1000,kg kg^-1,0.0017052540778392132,0.08908100152380154,365
transformer,transformer,raw,2018,240,t50,K,2.8045921467553008,0.44677967287070586,365
transformer,transformer,raw,2018,240,t100,K,3.020685410179143,0.2948587167946463,365
transformer,transformer,raw,2018,240,t200,K,3.4016826925949317,0.2065674668121437,365
transformer,transformer,raw,2018,240,t300,K,2.439177671444986,0.17848370186546222,365
transformer,transformer,raw,2018,240,t500,K,3.0246813895347624,0.1596165788445515,365
transformer,transformer,raw,2018,240,t700,K,3.1524782791359938,0.13481131117583547,365
transformer,transformer,raw,2018,240,t850,K,3.4186605059218795,0.12312248993875693,365
transformer,transformer,raw,2018,240,t925,K,3.24053828313809,0.13106087995748153,365
transformer,transformer,raw,2018,240,t1000,K,3.0315296263381284,0.14364181082457092,365
transformer,transformer,raw,2018,240,u50,m s^-1,5.733868069354803,0.7111690988889112,365
transformer,transformer,raw,2018,240,u100,m s^-1,7.156163199354084,0.21266300274275482,365
transformer,transformer,raw,2018,240,u200,m s^-1,11.485634378969621,0.17836157830541075,365
transformer,transformer,raw,2018,240,u300,m s^-1,11.593617984101943,0.16535361198453163,365
transformer,transformer,raw,2018,240,u500,m s^-1,8.03524092429463,0.15416800194223815,365
transformer,transformer,raw,2018,240,u700,m s^-1,6.20430060880854,0.13752514534670726,365
transformer,transformer,raw,2018,240,u850,m s^-1,5.478691449212793,0.11850047732736577,365
transformer,transformer,raw,2018,240,u925,m s^-1,5.327598408755279,0.10597259304681779,365
transformer,transformer,raw,2018,240,u1000,m s^-1,4.199171502651131,0.10139827258386629,365
transformer,transformer,raw,2018,240,v50,m s^-1,4.807560463883679,0.20038728843873505,365
transformer,transformer,raw,2018,240,v100,m s^-1,6.270160688428232,0.13388763484772007,365
transformer,transformer,raw,2018,240,v200,m s^-1,10.80520371768647,0.11175871527105254,365
transformer,transformer,raw,2018,240,v300,m s^-1,11.100448102967432,0.1184451917895755,365
transformer,transformer,raw,2018,240,v500,m s^-1,7.456707423822002,0.11616268787945537,365
transformer,transformer,raw,2018,240,v700,m s^-1,5.581913487772958,0.09810281728544509,365
transformer,transformer,raw,2018,240,v850,m s^-1,4.944221886005789,0.08956091483218043,365
transformer,transformer,raw,2018,240,v925,m s^-1,5.036761933195279,0.09071269558290608,365
transformer,transformer,raw,2018,240,v1000,m s^-1,4.113235269909419,0.08864718854751512,365
transformer,transformer,raw,2018,240,u10,m s^-1,3.7376788995149033,0.09929683925268526,365
transformer,transformer,raw,2018,240,v10,m s^-1,3.621282026444816,0.08812296524462515,365
transformer,transformer,raw,2018,240,t2m,K,3.468786992997777,0.12177908486818202,365
transformer,transformer,raw,2018,240,mslp,Pa,699.3944609348157,0.12775170310708067,365
transformer,transformer,raw,2019,24,z50,m^2 s^-2,366.87912823515734,0.9556246102291024,365
transformer,transformer,raw,2019,24,z100,m^2 s^-2,368.4883137807486,0.9298247440013206,365
transformer,transformer,raw,2019,24,z200,m^2 s^-2,485.95064657589893,0.8907672927527155,365
transformer,transformer,raw,2019,24,z300,m^2 s^-2,522.9077891467505,0.8763376608903898,365
transformer,transformer,raw,2019,24,z500,m^2 s^-2,382.42206325029997,0.876831225624966,365
transformer,transformer,raw,2019,24,z700,m^2 s^-2,301.07249950334517,0.8687145081258028,365
transformer,transformer,raw,2019,24,z850,m^2 s^-2,281.4548378499539,0.8530730317926931,365
transformer,transformer,raw,2019,24,z925,m^2 s^-2,286.2619395241356,0.8438887836312541,365
transformer,transformer,raw,2019,24,z1000,m^2 s^-2,297.10894403472287,0.8367625388482918,365
transformer,transformer,raw,2019,24,q50,kg kg^-1,8.264925424006405e-08,0.7842318268593842,365
transformer,transformer,raw,2019,24,q100,kg kg^-1,2.698127714186783e-07,0.7146996053238399,365
transformer,transformer,raw,2019,24,q200,kg kg^-1,1.1226619681090095e-05,0.6203740273515067,365
transformer,transformer,raw,2019,24,q300,kg kg^-1,9.990278595532858e-05,0.6004824588896087,365
transformer,transformer,raw,2019,24,q500,kg kg^-1,0.0006328835664571146,0.5885892999462203,365
transformer,transformer,raw,2019,24,q700,kg kg^-1,0.0012354393911507319,0.5610078086426722,365
transformer,transformer,raw,2019,24,q850,kg kg^-1,0.0014994323786550515,0.505318084335228,365
transformer,transformer,raw,2019,24,q925,kg kg^-1,0.00127147878692101,0.5146736813337756,365
transformer,transformer,raw,2019,24,q1000,kg kg^-1,0.0013748526452310454,0.5245730587303133,365
transformer,transformer,raw,2019,24,t50,K,1.2819398454831032,0.9409392811404346,365
transformer,transformer,raw,2019,24,t100,K,1.5656194028685742,0.8856052673731876,365
transformer,transformer,raw,2019,24,t200,K,2.0328705049032374,0.8253334857790424,365
transformer,transformer,raw,2019,24,t300,K,1.631037776145742,0.7575084700907174,365
transformer,transformer,raw,2019,24,t500,K,1.8140036924770853,0.7938413508787333,365
transformer,transformer,raw,2019,24,t700,K,1.9040179866428295,0.7807926459726839,365
transformer,transformer,raw,2019,24,t850,K,2.1298210501432004,0.7646955554423486,365
transformer,transformer,raw,2019,24,t925,K,2.173329501731867,0.7107518562326993,365
transformer,transformer,raw,2019,24,t1000,K,2.2013633362381584,0.6320319296683354,365
transformer,transformer,raw,2019,24,u50,m s^-1,2.970930758342295,0.9170781810721871,365
transformer,transformer,raw,2019,24,u100,m s^-1,3.8939233235587545,0.8462586045045042,365
transformer,transformer,raw,2019,24,u200,m s^-1,7.2000959159175615,0.7685617151849732,365
transformer,transformer,raw,2019,24,u300,m s^-1,7.674791144636202,0.739228234456556,365
transformer,transformer,raw,2019,24,u500,m s^-1,5.161724964379976,0.7525109014786263,365
transformer,transformer,raw,2019,24,u700,m s^-1,4.140210218441072,0.7269986635926681,365
transformer,transformer,raw,2019,24,u850,m s^-1,3.8505600616739293,0.6875548925835169,365
transformer,transformer,raw,2019,24,u925,m s^-1,3.831204879901852,0.6662315804221759,365
transformer,transformer,raw,2019,24,u1000,m s^-1,3.0220912689032384,0.664453773270331,365
transformer,transformer,raw,2019,24,v50,m s^-1,2.2128726680799904,0.8768805772014391,365
transformer,transformer,raw,2019,24,v100,m s^-1,3.347445061756464,0.8467330525348031,365
transformer,transformer,raw,2019,24,v200,m s^-1,6.1976581706327085,0.8266161933184027,365
transformer,transformer,raw,2019,24,v300,m s^-1,6.6358266841733515,0.809237004986096,365
transformer,transformer,raw,2019,24,v500,m s^-1,4.402963827850548,0.8148825265019725,365
transformer,transformer,raw,2019,24,v700,m s^-1,3.4959125252119376,0.7858398281594475,365
transformer,transformer,raw,2019,24,v850,m s^-1,3.328461249080842,0.7412676917467144,365
transformer,transformer,raw,2019,24,v925,m s^-1,3.4361228306735807,0.7305300871106233,365
transformer,transformer,raw,2019,24,v1000,m s^-1,2.8440142247929616,0.7164030061017248,365
transformer,transformer,raw,2019,24,u10,m s^-1,2.7061721343059957,0.6611457488253786,365
transformer,transformer,raw,2019,24,v10,m s^-1,2.523599500571237,0.7094901488901472,365
transformer,transformer,raw,2019,24,t2m,K,2.8706011750228786,0.4749903050131998,365
transformer,transformer,raw,2019,24,mslp,Pa,380.32241307247983,0.8327695801419934,365
transformer,transformer,raw,2019,72,z50,m^2 s^-2,651.6532234808212,0.8512756050907487,365
transformer,transformer,raw,2019,72,z100,m^2 s^-2,666.7879140349518,0.7452397125967352,365
transformer,transformer,raw,2019,72,z200,m^2 s^-2,873.5140284862795,0.5767615044767791,365
transformer,transformer,raw,2019,72,z300,m^2 s^-2,917.5305120715014,0.5342546191247645,365
transformer,transformer,raw,2019,72,z500,m^2 s^-2,673.5872325437073,0.5318155119081523,365
transformer,transformer,raw,2019,72,z700,m^2 s^-2,521.8168347538572,0.5132596136332649,365
transformer,transformer,raw,2019,72,z850,m^2 s^-2,473.1659019887153,0.4817703003210166,365
transformer,transformer,raw,2019,72,z925,m^2 s^-2,473.58653778975275,0.46292917127061506,365
transformer,transformer,raw,2019,72,z1000,m^2 s^-2,486.2457326290895,0.4480961207657265,365
transformer,transformer,raw,2019,72,q50,kg kg^-1,9.92104228121895e-08,0.6718666392254142,365
transformer,transformer,raw,2019,72,q100,kg kg^-1,3.298686738884797e-07,0.5240372054079142,365
transformer,transformer,raw,2019,72,q200,kg kg^-1,1.3319186067427098e-05,0.37157634736695916,365
transformer,transformer,raw,2019,72,q300,kg kg^-1,0.00011819359463724241,0.33325538191477244,365
transformer,transformer,raw,2019,72,q500,kg kg^-1,0.0007385185921497872,0.3470429919889335,365
transformer,transformer,raw,2019,72,q700,kg kg^-1,0.0014275237591836133,0.3211620127142988,365
transformer,transformer,raw,2019,72,q850,kg kg^-1,0.0016970106465667466,0.278176336636085,365
transformer,transformer,raw,2019,72,q925,kg kg^-1,0.001458235371220423,0.2776347967930935,365
transformer,transformer,raw,2019,72,q1000,kg kg^-1,0.0016054299629039404,0.2604499282546696,365
transformer,transformer,raw,2019,72,t50,K,2.016676345041378,0.8455357661621798,365
transformer,transformer,raw,2019,72,t100,K,2.3610054895888153,0.7142946195728175,365
transformer,transformer,raw,2019,72,t200,K,2.994115031673555,0.5568910463608818,365
transformer,transformer,raw,2019,72,t300,K,2.224822111917313,0.4620790685159813,365
transformer,transformer,raw,2019,72,t500,K,2.6837235173092657,0.44246107883809704,365
transformer,transformer,raw,2019,72,t700,K,2.7717424875957715,0.42981079861120547,365
transformer,transformer,raw,2019,72,t850,K,3.0352904172028605,0.41712233555679684,365
transformer,transformer,raw,2019,72,t925,K,2.903357082581766,0.38333616357980377,365
transformer,transformer,raw,2019,72,t1000,K,2.7350167823313485,0.3519432283451898,365
transformer,transformer,raw,2019,72,u50,m s^-1,4.480933689394869,0.7986636763825476,365
transformer,transformer,raw,2019,72,u100,m s^-1,5.925593417848495,0.5854186480357035,365
transformer,transformer,raw,2019,72,u200,m s^-1,10.065944350429092,0.45131614258015207,365
transformer,transformer,raw,2019,72,u300,m s^-1,10.343133022083915,0.42285075497648766,365
transformer,transformer,raw,2019,72,u500,m s^-1,7.105323191885752,0.42670943799351696,365
transformer,transformer,raw,2019,72,u700,m s^-1,5.548560290291419,0.40207933488705616,365
transformer,transformer,raw,2019,72,u850,m s^-1,5.004000816297278,0.3512905092493052,365
transformer,transformer,raw,2019,72,u925,m s^-1,4.907739371515775,0.3233058011687781,365
transformer,transformer,raw,2019,72,u1000,m s^-1,3.8765910201054505,0.31802670386202075,365
transformer,transformer,raw,2019,72,v50,m s^-1,3.7146260360015346,0.5890059268402734,365
transformer,transformer,raw,2019,72,v100,m s^-1,5.653921866907896,0.43902432608118547,365
transformer,transformer,raw,2019,72,v200,m s^-1,10.255976728545036,0.3659295140717438,365
transformer,transformer,raw,2019,72,v300,m s^-1,10.574325677100674,0.35290596255160755,365
transformer,transformer,raw,2019,72,v500,m s^-1,7.0904821319955,0.35950354206738194,365
transformer,transformer,raw,2019,72,v700,m s^-1,5.347199273646754,0.32936764950899583,365
transformer,transformer,raw,2019,72,v850,m s^-1,4.777486801975282,0.283302011101189,365
transformer,transformer,raw,2019,72,v925,m s^-1,4.87849595536086,0.26711182723322785,365
transformer,transformer,raw,2019,72,v1000,m s^-1,3.982751802428563,0.2507617294065374,365
transformer,transformer,raw,2019,72,u10,m s^-1,3.460881756536773,0.31644538023460467,365
transformer,transformer,raw,2019,72,v10,m s^-1,3.5097024401727213,0.24362206472973427,365
transformer,transformer,raw,2019,72,t2m,K,3.202638600766725,0.2766284174448551,365
transformer,transformer,raw,2019,72,mslp,Pa,616.9788317703774,0.4447889048837992,365
transformer,transformer,raw,2019,120,z50,m^2 s^-2,787.0768541894018,0.7727980815739275,365
transformer,transformer,raw,2019,120,z100,m^2 s^-2,773.4958590754377,0.6341095469973026,365
transformer,transformer,raw,2019,120,z200,m^2 s^-2,980.5207565056214,0.40620916918591116,365
transformer,transformer,raw,2019,120,z300,m^2 s^-2,1017.2930399396179,0.3568762317038976,365
transformer,transformer,raw,2019,120,z500,m^2 s^-2,748.4677471867222,0.3466999004155704,365
transformer,transformer,raw,2019,120,z700,m^2 s^-2,575.4900417029951,0.33140068621839025,365
transformer,transformer,raw,2019,120,z850,m^2 s^-2,515.7105270288325,0.3071207656289358,365
transformer,transformer,raw,2019,120,z925,m^2 s^-2,513.1848302429041,0.29205826333233126,365
transformer,transformer,raw,2019,120,z1000,m^2 s^-2,524.9727268682436,0.2796362257856635,365
transformer,transformer,raw,2019,120,q50,kg kg^-1,1.0535004297500486e-07,0.619840601428238,365
transformer,transformer,raw,2019,120,q100,kg kg^-1,3.50745993087208e-07,0.4343629525176426,365
transformer,transformer,raw,2019,120,q200,kg kg^-1,1.3800896969760773e-05,0.2848649988317925,365
transformer,transformer,raw,2019,120,q300,kg kg^-1,0.0001221878411978504,0.24314209024198277,365
transformer,transformer,raw,2019,120,q500,kg kg^-1,0.000770444233364861,0.24185696664582274,365
transformer,transformer,raw,2019,120,q700,kg kg^-1,0.0014876358454794611,0.2176475988128898,365
transformer,transformer,raw,2019,120,q850,kg kg^-1,0.0017531466668392296,0.1992595932366375,365
transformer,transformer,raw,2019,120,q925,kg kg^-1,0.0015141172102099683,0.19431049107142545,365
transformer,transformer,raw,2019,120,q1000,kg kg^-1,0.001681749466006178,0.15507566140984058,365
transformer,transformer,raw,2019,120,t50,K,2.3824519608222943,0.7734087740147538,365
transformer,transformer,raw,2019,120,t100,K,2.650213934652718,0.6194537697723517,365
transformer,transformer,raw,2019,120,t200,K,3.223165543651177,0.4519425791104572,365
transformer,transformer,raw,2019,120,t300,K,2.3814629889716947,0.33356611512496004,365
transformer,transformer,raw,2019,120,t500,K,2.884469872059481,0.28671990002223413,365
transformer,transformer,raw,2019,120,t700,K,2.989227198863769,0.26855375978847884,365
transformer,transformer,raw,2019,120,t850,K,3.268276564531577,0.2578098973252268,365
transformer,transformer,raw,2019,120,t925,K,3.107015875639162,0.242614589104423,365
transformer,transformer,raw,2019,120,t1000,K,2.8954647612244537,0.2417448405628022,365
transformer,transformer,raw,2019,120,u50,m s^-1,5.098263328401314,0.7281679728370181,365
transformer,transformer,raw,2019,120,u100,m s^-1,6.603130800768826,0.435848176380885,365
transformer,transformer,raw,2019,120,u200,m s^-1,10.888839629616443,0.28688378474040377,365
transformer,transformer,raw,2019,120,u300,m s^-1,11.074164711097648,0.26164803305817713,365
transformer,transformer,raw,2019,120,u500,m s^-1,7.64418885792431,0.25346391529395657,365
transformer,transformer,raw,2019,120,u700,m s^-1,5.925696965868954,0.24161499085488178,365
transformer,transformer,raw,2019,120,u850,m s^-1,5.26912705640509,0.21287690391729264,365
transformer,transformer,raw,2019,120,u925,m s^-1,5.142029466050181,0.19184759079993977,365
transformer,transformer,raw,2019,120,u1000,m s^-1,4.061713645730084,0.18699690080720113,365
transformer,transformer,raw,2019,120,v50,m s^-1,4.160684304481659,0.42355076988974216,365
transformer,transformer,raw,2019,120,v100,m s^-1,6.093530471004268,0.2569550970278604,365
transformer,transformer,raw,2019,120,v200,m s^-1,10.825178082395295,0.19896231729525088,365
transformer,transformer,raw,2019,120,v300,m s^-1,11.077785281911138,0.202566582331921,365
transformer,transformer,raw,2019,120,v500,m s^-1,7.444267314978015,0.2061154240780741,365
transformer,transformer,raw,2019,120,v700,m s^-1,5.587663869444233,0.18273212234341124,365
transformer,transformer,raw,2019,120,v850,m s^-1,4.947758956995735,0.156129672489483,365
transformer,transformer,raw,2019,120,v925,m s^-1,5.039564463589691,0.14717449897119467,365
transformer,transformer,raw,2019,120,v1000,m s^-1,4.109310839625179,0.13629360953780822,365
transformer,transformer,raw,2019,120,u10,m s^-1,3.6256313759791037,0.18692878407193314,365
transformer,transformer,raw,2019,120,v10,m s^-1,3.616772315035871,0.13330723857324694,365
transformer,transformer,raw,2019,120,t2m,K,3.3326021970317137,0.19264891377509627,365
transformer,transformer,raw,2019,120,mslp,Pa,665.8296758119008,0.27704235204057936,365
transformer,transformer,raw,2019,168,z50,m^2 s^-2,857.2848776147788,0.7220946824672482,365
transformer,transformer,raw,2019,168,z100,m^2 s^-2,818.9231063473476,0.5755492989622356,365
transformer,transformer,raw,2019,168,z200,m^2 s^-2,1021.6334238559964,0.3206030204835071,365
transformer,transformer,raw,2019,168,z300,m^2 s^-2,1054.2491887854571,0.2679941622626376,365
transformer,transformer,raw,2019,168,z500,m^2 s^-2,773.9484737260464,0.2601786420956532,365
transformer,transformer,raw,2019,168,z700,m^2 s^-2,593.3929105731659,0.24909345739739547,365
transformer,transformer,raw,2019,168,z850,m^2 s^-2,529.0186644993715,0.23375481323523425,365
transformer,transformer,raw,2019,168,z925,m^2 s^-2,524.9257944540534,0.22463524626262796,365
transformer,transformer,raw,2019,168,z1000,m^2 s^-2,536.071668387036,0.21510247522534287,365
transformer,transformer,raw,2019,168,q50,kg kg^-1,1.0948336945363326e-07,0.5796822506165499,365
transformer,transformer,raw,2019,168,q100,kg kg^-1,3.61508135314401e-07,0.38347741671819124,365
transformer,transformer,raw,2019,168,q200,kg kg^-1,1.3990574719878975e-05,0.24759933993403382,365
transformer,transformer,raw,2019,168,q300,kg kg^-1,0.000123719529697411,0.20353940325700845,365
transformer,transformer,raw,2019,168,q500,kg kg^-1,0.0007829779984692868,0.19566710689400987,365
transformer,transformer,raw,2019,168,q700,kg kg^-1,0.00151083689579656,0.17493075340583567,365
transformer,transformer,raw,2019,168,q850,kg kg^-1,0.001778635353214939,0.16391916433557624,365
transformer,transformer,raw,2019,168,q925,kg kg^-1,0.001537282207254773,0.16186500758736222,365
transformer,transformer,raw,2019,168,q1000,kg kg^-1,0.0017074534008656842,0.12293958885316951,365
transformer,transformer,raw,2019,168,t50,K,2.578682624682909,0.7246225261784595,365
transformer,transformer,raw,2019,168,t100,K,2.787037933228184,0.5650244951068596,365
transformer,transformer,raw,2019,168,t200,K,3.3031528292514762,0.40786993951233436,365
transformer,transformer,raw,2019,168,t300,K,2.4377974073838504,0.2803926812244913,365
transformer,transformer,raw,2019,168,t500,K,2.957729284947238,0.21658144464514878,365
transformer,transformer,raw,2019,168,t700,K,3.068152349079009,0.1981854404292553,365
transformer,transformer,raw,2019,168,t850,K,3.351541469632361,0.19282221576211528,365
transformer,transformer,raw,2019,168,t925,K,3.1842443830139695,0.18618443124617987,365
transformer,transformer,raw,2019,168,t1000,K,2.9739358585135838,0.18612699763073723,365
transformer,transformer,raw,2019,168,u50,m s^-1,5.378961699832745,0.6901316569991254,365
transformer,transformer,raw,2019,168,u100,m s^-1,6.868686511336767,0.3607429185353364,365
transformer,transformer,raw,2019,168,u200,m s^-1,11.188307663964265,0.21202428148136196,365
transformer,transformer,raw,2019,168,u300,m s^-1,11.31833930562846,0.19085028601518658,365
transformer,transformer,raw,2019,168,u500,m s^-1,7.810814006324365,0.1803581428306856,365
transformer,transformer,raw,2019,168,u700,m s^-1,6.045035050331155,0.17676603684676548,365
transformer,transformer,raw,2019,168,u850,m s^-1,5.3477227104026435,0.16324943091009936,365
transformer,transformer,raw,2019,168,u925,m s^-1,5.2035122727234615,0.14946384514187658,365
transformer,transformer,raw,2019,168,u1000,m s^-1,4.114456838470615,0.14356371129763842,365
transformer,transformer,raw,2019,168,v50,m s^-1,4.317454682063977,0.3406940519064288,365
transformer,transformer,raw,2019,168,v100,m s^-1,6.210963752791667,0.1838939021781777,365
transformer,transformer,raw,2019,168,v200,m s^-1,10.951205067638906,0.14361331041667214,365
transformer,transformer,raw,2019,168,v300,m s^-1,11.205012614596756,0.14686941061609626,365
transformer,transformer,raw,2019,168,v500,m s^-1,7.543810114031297,0.14547152724773604,365
transformer,transformer,raw,2019,168,v700,m s^-1,5.659832981381346,0.12675941084974832,365
transformer,transformer,raw,2019,168,v850,m s^-1,5.000865457437778,0.1114005111829698,365
transformer,transformer,raw,2019,168,v925,m s^-1,5.085899902934283,0.10988968576063118,365
transformer,transformer,raw,2019,168,v1000,m s^-1,4.142149485150988,0.10587677976562784,365
transformer,transformer,raw,2019,168,u10,m s^-1,3.671343685302752,0.1445826460439472,365
transformer,transformer,raw,2019,168,v10,m s^-1,3.6461869620403933,0.10352019945090137,365
transformer,transformer,raw,2019,168,t2m,K,3.398944177614995,0.15563901089184787,365
transformer,transformer,raw,2019,168,mslp,Pa,679.4513441181588,0.2134233068077517,365
transformer,transformer,raw,2019,240,z50,m^2 s^-2,925.5812652113665,0.6643637439493195,365
transformer,transformer,raw,2019,240,z100,m^2 s^-2,857.408798416916,0.5185144755340837,365
transformer,transformer,raw,2019,240,z200,m^2 s^-2,1045.4304752569108,0.2649343381737804,365
transformer,transformer,raw,2019,240,z300,m^2 s^-2,1077.7229210332998,0.20379603748602734,365
transformer,transformer,raw,2019,240,z500,m^2 s^-2,790.1577023646383,0.19830302130149235,365
transformer,transformer,raw,2019,240,z700,m^2 s^-2,604.6024302218252,0.19053230472661814,365
transformer,transformer,raw,2019,240,z850,m^2 s^-2,537.2923820110642,0.18347146391081087,365
transformer,transformer,raw,2019,240,z925,m^2 s^-2,532.3419624478956,0.1779577242648575,365
transformer,transformer,raw,2019,240,z1000,m^2 s^-2,543.2219154274659,0.17141589958830572,365
transformer,transformer,raw,2019,240,q50,kg kg^-1,1.1511833548559368e-07,0.5247418564764712,365
transformer,transformer,raw,2019,240,q100,kg kg^-1,3.7092950246980285e-07,0.3312668853872733,365
transformer,transformer,raw,2019,240,q200,kg kg^-1,1.4124966886643848e-05,0.22104076052532823,365
transformer,transformer,raw,2019,240,q300,kg kg^-1,0.00012477248822791485,0.1778114200211645,365
transformer,transformer,raw,2019,240,q500,kg kg^-1,0.000791471540208869,0.16544166223789186,365
transformer,transformer,raw,2019,240,q700,kg kg^-1,0.0015263454560097164,0.14801773360679074,365
transformer,transformer,raw,2019,240,q850,kg kg^-1,0.0017940994651664596,0.14378792302773963,365
transformer,transformer,raw,2019,240,q925,kg kg^-1,0.0015551436772447088,0.1377094200002777,365
transformer,transformer,raw,2019,240,q1000,kg kg^-1,0.0017255219605884827,0.10338522227678389,365
transformer,transformer,raw,2019,240,t50,K,2.780948431978587,0.6655585444469734,365
transformer,transformer,raw,2019,240,t100,K,2.9251110736037735,0.5042740477917028,365
transformer,transformer,raw,2019,240,t200,K,3.3870401427913177,0.3594069319189736,365
transformer,transformer,raw,2019,240,t300,K,2.48191393735782,0.2368080526490143,365
transformer,transformer,raw,2019,240,t500,K,3.007179173977794,0.16830317414022367,365
transformer,transformer,raw,2019,240,t700,K,3.124634365064318,0.1505835560626962,365
transformer,transformer,raw,2019,240,t850,K,3.4125289817757336,0.14698922825952146,365
transformer,transformer,raw,2019,240,t925,K,3.2405052199304785,0.14789130651319607,365
transformer,transformer,raw,2019,240,t1000,K,3.0335158424918522,0.15381038017869392,365
transformer,transformer,raw,2019,240,u50,m s^-1,5.611511503416705,0.6539776954734454,365
transformer,transformer,raw,2019,240,u100,m s^-1,7.096883471865929,0.29157409458539296,365
transformer,transformer,raw,2019,240,u200,m s^-1,11.420302503150454,0.15370884533364598,365
transformer,transformer,raw,2019,240,u300,m s^-1,11.485730176026406,0.14162248883475886,365
transformer,transformer,raw,2019,240,u500,m s^-1,7.915496661971891,0.13217670315687086,365
transformer,transformer,raw,2019,240,u700,m s^-1,6.128434065031546,0.13181684877308855,365
transformer,transformer,raw,2019,240,u850,m s^-1,5.405864910946078,0.12980412246347758,365
transformer,transformer,raw,2019,240,u925,m s^-1,5.2532710327124725,0.12027155192481585,365
transformer,transformer,raw,2019,240,u1000,m s^-1,4.149392105787421,0.11800113633473744,365
transformer,transformer,raw,2019,240,v50,m s^-1,4.444464024329348,0.26055966270615544,365
transformer,transformer,raw,2019,240,v100,m s^-1,6.279817838737049,0.13353695981566593,365
transformer,transformer,raw,2019,240,v200,m s^-1,11.013293648418777,0.11519861740710363,365
transformer,transformer,raw,2019,240,v300,m s^-1,11.266366852662589,0.11835587640918702,365
transformer,transformer,raw,2019,240,v500,m s^-1,7.591143231323152,0.11390603074841507,365
transformer,transformer,raw,2019,240,v700,m s^-1,5.690628163121885,0.10084992448824871,365
transformer,transformer,raw,2019,240,v850,m s^-1,5.019582597217684,0.09460557610671286,365
transformer,transformer,raw,2019,240,v925,m s^-1,5.1059873813024375,0.09407032123610592,365
transformer,transformer,raw,2019,240,v1000,m s^-1,4.160359438998378,0.09052773209600669,365
transformer,transformer,raw,2019,240,u10,m s^-1,3.704801014560602,0.11721081843193949,365
transformer,transformer,raw,2019,240,v10,m s^-1,3.661791988600886,0.08904274228792813,365
transformer,transformer,raw,2019,240,t2m,K,3.4757453742371474,0.11816399669631128,365
transformer,transformer,raw,2019,240,mslp,Pa,687.6385771296207,0.17309672028461684,365
transformer,transformer,sphere_ttc,2018,24,z50,m^2 s^-2,364.0579284209414,0.9380888794091251,365
transformer,transformer,sphere_ttc,2018,24,z100,m^2 s^-2,353.2743465401547,0.9200167676429861,365
transformer,transformer,sphere_ttc,2018,24,z200,m^2 s^-2,454.6577929969712,0.8996372893384458,365
transformer,transformer,sphere_ttc,2018,24,z300,m^2 s^-2,494.5891251733362,0.8885776446467533,365
transformer,transformer,sphere_ttc,2018,24,z500,m^2 s^-2,360.1311744049013,0.8911541786553492,365
transformer,transformer,sphere_ttc,2018,24,z700,m^2 s^-2,285.66926817407153,0.882047111835495,365
transformer,transformer,sphere_ttc,2018,24,z850,m^2 s^-2,270.5204773990481,0.8649944326058435,365
transformer,transformer,sphere_ttc,2018,24,z925,m^2 s^-2,275.94650371602705,0.8559978176348999,365
transformer,transformer,sphere_ttc,2018,24,z1000,m^2 s^-2,287.0139056409114,0.848643867592696,365
transformer,transformer,sphere_ttc,2018,24,q50,kg kg^-1,7.471581286063342e-08,0.8002816695735724,365
transformer,transformer,sphere_ttc,2018,24,q100,kg kg^-1,2.5972665578111573e-07,0.713426623710889,365
transformer,transformer,sphere_ttc,2018,24,q200,kg kg^-1,1.0516594862031265e-05,0.6136354041725662,365
transformer,transformer,sphere_ttc,2018,24,q300,kg kg^-1,9.471081883465071e-05,0.6116097999305631,365
transformer,transformer,sphere_ttc,2018,24,q500,kg kg^-1,0.0006035762059224808,0.6177724131550758,365
transformer,transformer,sphere_ttc,2018,24,q700,kg kg^-1,0.0011694977843439839,0.6061478773899606,365
transformer,transformer,sphere_ttc,2018,24,q850,kg kg^-1,0.001391972601682318,0.5517766096088125,365
transformer,transformer,sphere_ttc,2018,24,q925,kg kg^-1,0.0011400185738276749,0.5711623408348965,365
transformer,transformer,sphere_ttc,2018,24,q1000,kg kg^-1,0.001180696184805581,0.6090356200436172,365
transformer,transformer,sphere_ttc,2018,24,t50,K,1.2577568593665382,0.9084030309580016,365
transformer,transformer,sphere_ttc,2018,24,t100,K,1.5089058732657992,0.8684375556268933,365
transformer,transformer,sphere_ttc,2018,24,t200,K,1.9875683058991014,0.8131349402139196,365
transformer,transformer,sphere_ttc,2018,24,t300,K,1.5934015193792448,0.7482035415926265,365
transformer,transformer,sphere_ttc,2018,24,t500,K,1.7632744975600942,0.8087623601076809,365
transformer,transformer,sphere_ttc,2018,24,t700,K,1.7807085820130681,0.8130253566525572,365
transformer,transformer,sphere_ttc,2018,24,t850,K,1.99115119828118,0.795152322186518,365
transformer,transformer,sphere_ttc,2018,24,t925,K,2.005687868737774,0.7538474218141059,365
transformer,transformer,sphere_ttc,2018,24,t1000,K,1.9523784185856976,0.7011300543637538,365
transformer,transformer,sphere_ttc,2018,24,u50,m s^-1,2.7696272546780425,0.9392902116862495,365
transformer,transformer,sphere_ttc,2018,24,u100,m s^-1,3.632701323152767,0.8570374181280749,365
transformer,transformer,sphere_ttc,2018,24,u200,m s^-1,6.777792635444328,0.8042614155438849,365
transformer,transformer,sphere_ttc,2018,24,u300,m s^-1,7.41058861986309,0.7691335526619181,365
transformer,transformer,sphere_ttc,2018,24,u500,m s^-1,5.04532315346752,0.7770215048635729,365
transformer,transformer,sphere_ttc,2018,24,u700,m s^-1,4.0045526613129505,0.7562554735154106,365
transformer,transformer,sphere_ttc,2018,24,u850,m s^-1,3.7281556066689854,0.7176752729256906,365
transformer,transformer,sphere_ttc,2018,24,u925,m s^-1,3.7106096446145607,0.6974199288881224,365
transformer,transformer,sphere_ttc,2018,24,u1000,m s^-1,2.921194437991931,0.6946239063351879,365
transformer,transformer,sphere_ttc,2018,24,v50,m s^-1,2.1580708709714855,0.8953560183516146,365
transformer,transformer,sphere_ttc,2018,24,v100,m s^-1,3.136128486511121,0.8647731791575142,365
transformer,transformer,sphere_ttc,2018,24,v200,m s^-1,5.806024131598711,0.8431508716180681,365
transformer,transformer,sphere_ttc,2018,24,v300,m s^-1,6.263384036672752,0.8270413678663966,365
transformer,transformer,sphere_ttc,2018,24,v500,m s^-1,4.16791703164828,0.8298799212815715,365
transformer,transformer,sphere_ttc,2018,24,v700,m s^-1,3.342130513355143,0.7976275529287116,365
transformer,transformer,sphere_ttc,2018,24,v850,m s^-1,3.197839535534286,0.754984542279219,365
transformer,transformer,sphere_ttc,2018,24,v925,m s^-1,3.2952195933324817,0.7470749820036917,365
transformer,transformer,sphere_ttc,2018,24,v1000,m s^-1,2.706829308022996,0.7394419657325548,365
transformer,transformer,sphere_ttc,2018,24,u10,m s^-1,2.6027417661814267,0.6920693045821565,365
transformer,transformer,sphere_ttc,2018,24,v10,m s^-1,2.3998369967724296,0.7341362200390473,365
transformer,transformer,sphere_ttc,2018,24,t2m,K,2.3528120273608097,0.582194273435349,365
transformer,transformer,sphere_ttc,2018,24,mslp,Pa,364.64836250123045,0.8475938353314586,365
transformer,transformer,sphere_ttc,2018,72,z50,m^2 s^-2,712.7940542871095,0.7365582626478164,365
transformer,transformer,sphere_ttc,2018,72,z100,m^2 s^-2,683.8219164365621,0.6542699879892141,365
transformer,transformer,sphere_ttc,2018,72,z200,m^2 s^-2,871.314801790084,0.5502600831886798,365
transformer,transformer,sphere_ttc,2018,72,z300,m^2 s^-2,916.4798942559202,0.5285752796086169,365
transformer,transformer,sphere_ttc,2018,72,z500,m^2 s^-2,674.2765363833471,0.529604539886744,365
transformer,transformer,sphere_ttc,2018,72,z700,m^2 s^-2,523.1930567749674,0.5082787465865992,365
transformer,transformer,sphere_ttc,2018,72,z850,m^2 s^-2,476.2740168502921,0.4731244871560098,365
transformer,transformer,sphere_ttc,2018,72,z925,m^2 s^-2,476.69761368949634,0.455059833647369,365
transformer,transformer,sphere_ttc,2018,72,z1000,m^2 s^-2,488.92464498737166,0.4403705044442571,365
transformer,transformer,sphere_ttc,2018,72,q50,kg kg^-1,8.989664768186703e-08,0.6966784797900322,365
transformer,transformer,sphere_ttc,2018,72,q100,kg kg^-1,3.1815898679734786e-07,0.5175031750650542,365
transformer,transformer,sphere_ttc,2018,72,q200,kg kg^-1,1.2582875635350672e-05,0.34457274779002006,365
transformer,transformer,sphere_ttc,2018,72,q300,kg kg^-1,0.0001134011943791713,0.3350473014960485,365
transformer,transformer,sphere_ttc,2018,72,q500,kg kg^-1,0.0007213290578730382,0.35876645794165635,365
transformer,transformer,sphere_ttc,2018,72,q700,kg kg^-1,0.0013888241421050455,0.34917958527493487,365
transformer,transformer,sphere_ttc,2018,72,q850,kg kg^-1,0.0016213911341129322,0.2944886391841701,365
transformer,transformer,sphere_ttc,2018,72,q925,kg kg^-1,0.0013598632506165165,0.29897028090893824,365
transformer,transformer,sphere_ttc,2018,72,q1000,kg kg^-1,0.0014635265919603396,0.3067091257189571,365
transformer,transformer,sphere_ttc,2018,72,t50,K,2.0618853819125973,0.7313559327165967,365
transformer,transformer,sphere_ttc,2018,72,t100,K,2.4146099357545205,0.6128530136679927,365
transformer,transformer,sphere_ttc,2018,72,t200,K,2.9906915935930543,0.48519563364057844,365
transformer,transformer,sphere_ttc,2018,72,t300,K,2.1832814122914503,0.42814017769376533,365
transformer,transformer,sphere_ttc,2018,72,t500,K,2.691918228466077,0.44493462573161485,365
transformer,transformer,sphere_ttc,2018,72,t700,K,2.748591538356078,0.4491180840309053,365
transformer,transformer,sphere_ttc,2018,72,t850,K,2.9717885608008894,0.4401197860673352,365
transformer,transformer,sphere_ttc,2018,72,t925,K,2.8269309678647803,0.41107384573907196,365
transformer,transformer,sphere_ttc,2018,72,t1000,K,2.5776923784889525,0.39986153278619957,365
transformer,transformer,sphere_ttc,2018,72,u50,m s^-1,4.547313774855696,0.8268053823360149,365
transformer,transformer,sphere_ttc,2018,72,u100,m s^-1,5.8546039999208945,0.5630624661095778,365
transformer,transformer,sphere_ttc,2018,72,u200,m s^-1,10.061623277188474,0.4768726598034106,365
transformer,transformer,sphere_ttc,2018,72,u300,m s^-1,10.388491961116456,0.44774348911021156,365
transformer,transformer,sphere_ttc,2018,72,u500,m s^-1,7.169980279819533,0.45041884724182685,365
transformer,transformer,sphere_ttc,2018,72,u700,m s^-1,5.565997177087481,0.4240594079731474,365
transformer,transformer,sphere_ttc,2018,72,u850,m s^-1,5.005566659188529,0.3715097773778245,365
transformer,transformer,sphere_ttc,2018,72,u925,m s^-1,4.914041304271045,0.3396570321574284,365
transformer,transformer,sphere_ttc,2018,72,u1000,m s^-1,3.871869668741065,0.3315653575717389,365
transformer,transformer,sphere_ttc,2018,72,v50,m s^-1,3.951779189774151,0.5798321165312306,365
transformer,transformer,sphere_ttc,2018,72,v100,m s^-1,5.583249325855686,0.45044142933194936,365
transformer,transformer,sphere_ttc,2018,72,v200,m s^-1,10.07152322897096,0.36298644931085877,365
transformer,transformer,sphere_ttc,2018,72,v300,m s^-1,10.411837450224171,0.3569109433580815,365
transformer,transformer,sphere_ttc,2018,72,v500,m s^-1,6.973816740307509,0.3600999794969464,365
transformer,transformer,sphere_ttc,2018,72,v700,m s^-1,5.25627206200583,0.3239331909735746,365
transformer,transformer,sphere_ttc,2018,72,v850,m s^-1,4.711883100743794,0.27643954677706895,365
transformer,transformer,sphere_ttc,2018,72,v925,m s^-1,4.817281205094073,0.2621377189977055,365
transformer,transformer,sphere_ttc,2018,72,v1000,m s^-1,3.929100317176319,0.2526599289311999,365
transformer,transformer,sphere_ttc,2018,72,u10,m s^-1,3.440905187899456,0.3304321992686853,365
transformer,transformer,sphere_ttc,2018,72,v10,m s^-1,3.4599796018573854,0.2484662701893366,365
transformer,transformer,sphere_ttc,2018,72,t2m,K,2.7964669219276175,0.35101120663436297,365
transformer,transformer,sphere_ttc,2018,72,mslp,Pa,620.5861857249735,0.43727699250265417,365
transformer,transformer,sphere_ttc,2018,120,z50,m^2 s^-2,853.7958257271522,0.5947661206382945,365
transformer,transformer,sphere_ttc,2018,120,z100,m^2 s^-2,788.9407361156728,0.4987520878533024,365
transformer,transformer,sphere_ttc,2018,120,z200,m^2 s^-2,975.5927266651375,0.3695193735643688,365
transformer,transformer,sphere_ttc,2018,120,z300,m^2 s^-2,1021.490279491631,0.336072249766898,365
transformer,transformer,sphere_ttc,2018,120,z500,m^2 s^-2,752.0349965556926,0.33507961680187126,365
transformer,transformer,sphere_ttc,2018,120,z700,m^2 s^-2,579.0202867110488,0.31609962055724233,365
transformer,transformer,sphere_ttc,2018,120,z850,m^2 s^-2,519.5033564172296,0.29273207365285675,365
transformer,transformer,sphere_ttc,2018,120,z925,m^2 s^-2,517.2055120916768,0.27732221252488665,365
transformer,transformer,sphere_ttc,2018,120,z1000,m^2 s^-2,528.9955705041524,0.26195129921074317,365
transformer,transformer,sphere_ttc,2018,120,q50,kg kg^-1,9.359058175602281e-08,0.6657389043853997,365
transformer,transformer,sphere_ttc,2018,120,q100,kg kg^-1,3.387276995995646e-07,0.42213896843821913,365
transformer,transformer,sphere_ttc,2018,120,q200,kg kg^-1,1.304098980731059e-05,0.25558973211898905,365
transformer,transformer,sphere_ttc,2018,120,q300,kg kg^-1,0.00011730011429172609,0.24440789460343598,365
transformer,transformer,sphere_ttc,2018,120,q500,kg kg^-1,0.0007532650607323592,0.2529314490704611,365
transformer,transformer,sphere_ttc,2018,120,q700,kg kg^-1,0.0014481016271392227,0.24495416949264762,365
transformer,transformer,sphere_ttc,2018,120,q850,kg kg^-1,0.0016750292202439138,0.2137628766738435,365
transformer,transformer,sphere_ttc,2018,120,q925,kg kg^-1,0.0014179930556687415,0.2081236398287807,365
transformer,transformer,sphere_ttc,2018,120,q1000,kg kg^-1,0.0015471181782406647,0.1883003719808313,365
transformer,transformer,sphere_ttc,2018,120,t50,K,2.4115976062385664,0.6117808793796969,365
transformer,transformer,sphere_ttc,2018,120,t100,K,2.7244319625274143,0.4677445432380123,365
transformer,transformer,sphere_ttc,2018,120,t200,K,3.228959869919384,0.3407787796249419,365
transformer,transformer,sphere_ttc,2018,120,t300,K,2.332042910247206,0.29327757986146663,365
transformer,transformer,sphere_ttc,2018,120,t500,K,2.900408527239314,0.28395444906227396,365
transformer,transformer,sphere_ttc,2018,120,t700,K,3.0016781248206987,0.268223881152775,365
transformer,transformer,sphere_ttc,2018,120,t850,K,3.244652316507774,0.2576632803872234,365
transformer,transformer,sphere_ttc,2018,120,t925,K,3.05407234105217,0.2564272809920984,365
transformer,transformer,sphere_ttc,2018,120,t1000,K,2.773740002847506,0.272617167264116,365
transformer,transformer,sphere_ttc,2018,120,u50,m s^-1,5.174600792828764,0.7697042681733334,365
transformer,transformer,sphere_ttc,2018,120,u100,m s^-1,6.565696223625291,0.39543953602888837,365
transformer,transformer,sphere_ttc,2018,120,u200,m s^-1,10.929623288438837,0.31702977874632976,365
transformer,transformer,sphere_ttc,2018,120,u300,m s^-1,11.17806383046126,0.28668758199620537,365
transformer,transformer,sphere_ttc,2018,120,u500,m s^-1,7.744656277502963,0.2794566249327035,365
transformer,transformer,sphere_ttc,2018,120,u700,m s^-1,5.97630303511538,0.2596159521630096,365
transformer,transformer,sphere_ttc,2018,120,u850,m s^-1,5.3029526850330475,0.2232372927205984,365
transformer,transformer,sphere_ttc,2018,120,u925,m s^-1,5.178312067020986,0.19783874883793331,365
transformer,transformer,sphere_ttc,2018,120,u1000,m s^-1,4.0826211392662515,0.18784834286399432,365
transformer,transformer,sphere_ttc,2018,120,v50,m s^-1,4.487234602031469,0.38554223942906496,365
transformer,transformer,sphere_ttc,2018,120,v100,m s^-1,6.0756344083825535,0.251506227617424,365
transformer,transformer,sphere_ttc,2018,120,v200,m s^-1,10.668584177793822,0.181161406437126,365
transformer,transformer,sphere_ttc,2018,120,v300,m s^-1,10.98676379130468,0.18013907372976087,365
transformer,transformer,sphere_ttc,2018,120,v500,m s^-1,7.365538286794387,0.1842873810053137,365
transformer,transformer,sphere_ttc,2018,120,v700,m s^-1,5.510624733188282,0.16278109827838416,365
transformer,transformer,sphere_ttc,2018,120,v850,m s^-1,4.886959122205208,0.14231738714677522,365
transformer,transformer,sphere_ttc,2018,120,v925,m s^-1,4.981937928575917,0.13773280939010873,365
transformer,transformer,sphere_ttc,2018,120,v1000,m s^-1,4.060368818490665,0.13493384583226864,365
transformer,transformer,sphere_ttc,2018,120,u10,m s^-1,3.629873760585965,0.18611985918506482,365
transformer,transformer,sphere_ttc,2018,120,v10,m s^-1,3.575426988694274,0.13208580130821607,365
transformer,transformer,sphere_ttc,2018,120,t2m,K,2.9790583839864477,0.24883040756487815,365
transformer,transformer,sphere_ttc,2018,120,mslp,Pa,672.7387458143488,0.2549449038049338,365
transformer,transformer,sphere_ttc,2018,168,z50,m^2 s^-2,928.1215396596165,0.4991228747003376,365
transformer,transformer,sphere_ttc,2018,168,z100,m^2 s^-2,839.2017418009693,0.4053399727183175,365
transformer,transformer,sphere_ttc,2018,168,z200,m^2 s^-2,1012.3701869260633,0.2858903708344852,365
transformer,transformer,sphere_ttc,2018,168,z300,m^2 s^-2,1053.5778614334774,0.25577051996887656,365
transformer,transformer,sphere_ttc,2018,168,z500,m^2 s^-2,777.5065949704882,0.2460343233551883,365
transformer,transformer,sphere_ttc,2018,168,z700,m^2 s^-2,596.9416676889691,0.23055847999957574,365
transformer,transformer,sphere_ttc,2018,168,z850,m^2 s^-2,533.7768836866385,0.21197012125706094,365
transformer,transformer,sphere_ttc,2018,168,z925,m^2 s^-2,530.3285718236061,0.20011332129008605,365
transformer,transformer,sphere_ttc,2018,168,z1000,m^2 s^-2,541.714424549883,0.18696891897165455,365
transformer,transformer,sphere_ttc,2018,168,q50,kg kg^-1,9.648351071752501e-08,0.6409521325788834,365
transformer,transformer,sphere_ttc,2018,168,q100,kg kg^-1,3.512325987254688e-07,0.3555564966542293,365
transformer,transformer,sphere_ttc,2018,168,q200,kg kg^-1,1.3260301019139712e-05,0.21112094134807358,365
transformer,transformer,sphere_ttc,2018,168,q300,kg kg^-1,0.00011912029209021992,0.1990458025957641,365
transformer,transformer,sphere_ttc,2018,168,q500,kg kg^-1,0.0007671594915779566,0.2017494668944332,365
transformer,transformer,sphere_ttc,2018,168,q700,kg kg^-1,0.0014722875111516744,0.198068223441123,365
transformer,transformer,sphere_ttc,2018,168,q850,kg kg^-1,0.0017001118534982855,0.17707117662087313,365
transformer,transformer,sphere_ttc,2018,168,q925,kg kg^-1,0.0014446383319339914,0.17124762704556068,365
transformer,transformer,sphere_ttc,2018,168,q1000,kg kg^-1,0.0015791876892084047,0.14760522720875427,365
transformer,transformer,sphere_ttc,2018,168,t50,K,2.6012272430095646,0.5364766132159229,365
transformer,transformer,sphere_ttc,2018,168,t100,K,2.874160880661465,0.3843899288483208,365
transformer,transformer,sphere_ttc,2018,168,t200,K,3.3204453692536218,0.2728737437877778,365
transformer,transformer,sphere_ttc,2018,168,t300,K,2.3834980084949096,0.24064235145299817,365
transformer,transformer,sphere_ttc,2018,168,t500,K,2.967389557012782,0.2168314315466424,365
transformer,transformer,sphere_ttc,2018,168,t700,K,3.0808060876911094,0.19491024009612729,365
transformer,transformer,sphere_ttc,2018,168,t850,K,3.3345909788321566,0.1836457147061199,365
transformer,transformer,sphere_ttc,2018,168,t925,K,3.138022546651536,0.19258339439435762,365
transformer,transformer,sphere_ttc,2018,168,t1000,K,2.8673286182559976,0.21056663777000006,365
transformer,transformer,sphere_ttc,2018,168,u50,m s^-1,5.46414091366941,0.7401523006046467,365
transformer,transformer,sphere_ttc,2018,168,u100,m s^-1,6.877451982309125,0.3021528447172638,365
transformer,transformer,sphere_ttc,2018,168,u200,m s^-1,11.226133573632692,0.245696010590505,365
transformer,transformer,sphere_ttc,2018,168,u300,m s^-1,11.418783216703208,0.21963327508279307,365
transformer,transformer,sphere_ttc,2018,168,u500,m s^-1,7.917328864549506,0.20800214388806834,365
transformer,transformer,sphere_ttc,2018,168,u700,m s^-1,6.107597861714893,0.18932360621168506,365
transformer,transformer,sphere_ttc,2018,168,u850,m s^-1,5.39593197564322,0.16475103779029718,365
transformer,transformer,sphere_ttc,2018,168,u925,m s^-1,5.255711113060571,0.14459965753514586,365
transformer,transformer,sphere_ttc,2018,168,u1000,m s^-1,4.143229094075209,0.13670008708946418,365
transformer,transformer,sphere_ttc,2018,168,v50,m s^-1,4.668164206036981,0.2889008612705107,365
transformer,transformer,sphere_ttc,2018,168,v100,m s^-1,6.2012707144297865,0.17796835384835677,365
transformer,transformer,sphere_ttc,2018,168,v200,m s^-1,10.768263718481993,0.13387940857364605,365
transformer,transformer,sphere_ttc,2018,168,v300,m s^-1,11.068828261709324,0.13875083758290174,365
transformer,transformer,sphere_ttc,2018,168,v500,m s^-1,7.428285945825863,0.1386785462027596,365
transformer,transformer,sphere_ttc,2018,168,v700,m s^-1,5.556127984683285,0.11972748197959909,365
transformer,transformer,sphere_ttc,2018,168,v850,m s^-1,4.9230316537597405,0.10643113173098999,365
transformer,transformer,sphere_ttc,2018,168,v925,m s^-1,5.015198887589278,0.10647937387733244,365
transformer,transformer,sphere_ttc,2018,168,v1000,m s^-1,4.089513881569953,0.10493525384723368,365
transformer,transformer,sphere_ttc,2018,168,u10,m s^-1,3.68425984409931,0.13515041831091584,365
transformer,transformer,sphere_ttc,2018,168,v10,m s^-1,3.60082568696653,0.10312888568245511,365
transformer,transformer,sphere_ttc,2018,168,t2m,K,3.074222951735009,0.19881162516553433,365
transformer,transformer,sphere_ttc,2018,168,mslp,Pa,688.2572163114562,0.18106653955969154,365
transformer,transformer,sphere_ttc,2018,240,z50,m^2 s^-2,1006.8604217587011,0.3926541313064064,365
transformer,transformer,sphere_ttc,2018,240,z100,m^2 s^-2,882.807218925894,0.3161429228809968,365
transformer,transformer,sphere_ttc,2018,240,z200,m^2 s^-2,1043.3028293186899,0.2091063405567403,365
transformer,transformer,sphere_ttc,2018,240,z300,m^2 s^-2,1081.2793898135747,0.18145692964706525,365
transformer,transformer,sphere_ttc,2018,240,z500,m^2 s^-2,796.021792796004,0.1759481694415293,365
transformer,transformer,sphere_ttc,2018,240,z700,m^2 s^-2,609.5579787101852,0.16532492750445213,365
transformer,transformer,sphere_ttc,2018,240,z850,m^2 s^-2,543.6213985067029,0.1509960374765359,365
transformer,transformer,sphere_ttc,2018,240,z925,m^2 s^-2,539.4446590679324,0.14265795114878152,365
transformer,transformer,sphere_ttc,2018,240,z1000,m^2 s^-2,550.6369614874799,0.13168763397003885,365
transformer,transformer,sphere_ttc,2018,240,q50,kg kg^-1,1.0008692719696069e-07,0.6104449309481119,365
transformer,transformer,sphere_ttc,2018,240,q100,kg kg^-1,3.652943235966459e-07,0.27433635665993045,365
transformer,transformer,sphere_ttc,2018,240,q200,kg kg^-1,1.3475914216636807e-05,0.16775510524107304,365
transformer,transformer,sphere_ttc,2018,240,q300,kg kg^-1,0.0001208978733996787,0.15497197085191694,365
transformer,transformer,sphere_ttc,2018,240,q500,kg kg^-1,0.0007784282123134662,0.16082028862340542,365
transformer,transformer,sphere_ttc,2018,240,q700,kg kg^-1,0.0014888210231819908,0.16613876746747058,365
transformer,transformer,sphere_ttc,2018,240,q850,kg kg^-1,0.0017231818792871252,0.1469369455757167,365
transformer,transformer,sphere_ttc,2018,240,q925,kg kg^-1,0.0014684419701673503,0.1410446139234177,365
transformer,transformer,sphere_ttc,2018,240,q1000,kg kg^-1,0.0016060217096665486,0.11902556080424238,365
transformer,transformer,sphere_ttc,2018,240,t50,K,2.827725247137093,0.4399183795762557,365
transformer,transformer,sphere_ttc,2018,240,t100,K,3.0266437283587995,0.29417836315205015,365
transformer,transformer,sphere_ttc,2018,240,t200,K,3.4030964249054305,0.2070694996778324,365
transformer,transformer,sphere_ttc,2018,240,t300,K,2.4351563118825195,0.18314113127256038,365
transformer,transformer,sphere_ttc,2018,240,t500,K,3.023178388814649,0.16138172548213692,365
transformer,transformer,sphere_ttc,2018,240,t700,K,3.148517902558344,0.1368339052381774,365
transformer,transformer,sphere_ttc,2018,240,t850,K,3.401810431245987,0.13083353691406074,365
transformer,transformer,sphere_ttc,2018,240,t925,K,3.208292364381354,0.14351607140162811,365
transformer,transformer,sphere_ttc,2018,240,t1000,K,2.9467626382521206,0.16629086328688955,365
transformer,transformer,sphere_ttc,2018,240,u50,m s^-1,5.726751155512182,0.7131511146639976,365
transformer,transformer,sphere_ttc,2018,240,u100,m s^-1,7.146876403781768,0.2152749708049085,365
transformer,transformer,sphere_ttc,2018,240,u200,m s^-1,11.474706216346668,0.1805444680014143,365
transformer,transformer,sphere_ttc,2018,240,u300,m s^-1,11.589492125174962,0.1665333243220956,365
transformer,transformer,sphere_ttc,2018,240,u500,m s^-1,8.036612978733556,0.1538304404718678,365
transformer,transformer,sphere_ttc,2018,240,u700,m s^-1,6.202053516700854,0.13694289700478648,365
transformer,transformer,sphere_ttc,2018,240,u850,m s^-1,5.472707607304361,0.11770032892086024,365
transformer,transformer,sphere_ttc,2018,240,u925,m s^-1,5.317706801933448,0.1049861769848805,365
transformer,transformer,sphere_ttc,2018,240,u1000,m s^-1,4.189121875200938,0.09942791033481244,365
transformer,transformer,sphere_ttc,2018,240,v50,m s^-1,4.8210564154973135,0.19428123317427518,365
transformer,transformer,sphere_ttc,2018,240,v100,m s^-1,6.277121250953624,0.13092773187697448,365
transformer,transformer,sphere_ttc,2018,240,v200,m s^-1,10.805290254369435,0.11165709000064176,365
transformer,transformer,sphere_ttc,2018,240,v300,m s^-1,11.102799025889766,0.11767568565509505,365
transformer,transformer,sphere_ttc,2018,240,v500,m s^-1,7.458348034475673,0.11539342527480513,365
transformer,transformer,sphere_ttc,2018,240,v700,m s^-1,5.582353348497304,0.09762058135553353,365
transformer,transformer,sphere_ttc,2018,240,v850,m s^-1,4.943297123723628,0.08910255474620031,365
transformer,transformer,sphere_ttc,2018,240,v925,m s^-1,5.0353120744674404,0.09040755665904038,365
transformer,transformer,sphere_ttc,2018,240,v1000,m s^-1,4.109198252069216,0.08822497594403968,365
transformer,transformer,sphere_ttc,2018,240,u10,m s^-1,3.726050061826299,0.09777904929047423,365
transformer,transformer,sphere_ttc,2018,240,v10,m s^-1,3.616887038673344,0.08768256377385628,365
transformer,transformer,sphere_ttc,2018,240,t2m,K,3.172168144458507,0.15868841877219073,365
transformer,transformer,sphere_ttc,2018,240,mslp,Pa,699.8395482082313,0.12564957395413312,365
transformer,transformer,sphere_ttc,2019,24,z50,m^2 s^-2,341.53875310675323,0.961661509366241,365
transformer,transformer,sphere_ttc,2019,24,z100,m^2 s^-2,347.21393243338633,0.938012378501364,365
transformer,transformer,sphere_ttc,2019,24,z200,m^2 s^-2,456.2377487565129,0.9044578718923638,365
transformer,transformer,sphere_ttc,2019,24,z300,m^2 s^-2,496.6203132913817,0.8892398351114379,365
transformer,transformer,sphere_ttc,2019,24,z500,m^2 s^-2,363.0870172057329,0.8897508862579263,365
transformer,transformer,sphere_ttc,2019,24,z700,m^2 s^-2,286.90929859950444,0.8816065749984534,365
transformer,transformer,sphere_ttc,2019,24,z850,m^2 s^-2,271.1295742436403,0.8644630859680561,365
transformer,transformer,sphere_ttc,2019,24,z925,m^2 s^-2,276.49032387652534,0.8552051881121296,365
transformer,transformer,sphere_ttc,2019,24,z1000,m^2 s^-2,286.6817210841443,0.8489579152915888,365
transformer,transformer,sphere_ttc,2019,24,q50,kg kg^-1,8.2648065195536e-08,0.7842383499909517,365
transformer,transformer,sphere_ttc,2019,24,q100,kg kg^-1,2.6980941404565306e-07,0.7147082250322826,365
transformer,transformer,sphere_ttc,2019,24,q200,kg kg^-1,1.1135765718395084e-05,0.6280474749554316,365
transformer,transformer,sphere_ttc,2019,24,q300,kg kg^-1,9.784513039368026e-05,0.6207655052732337,365
transformer,transformer,sphere_ttc,2019,24,q500,kg kg^-1,0.0006121226442351932,0.6203529587500418,365
transformer,transformer,sphere_ttc,2019,24,q700,kg kg^-1,0.0011844422814645795,0.6025819881898483,365
transformer,transformer,sphere_ttc,2019,24,q850,kg kg^-1,0.0014255163559951927,0.554933427925394,365
transformer,transformer,sphere_ttc,2019,24,q925,kg kg^-1,0.0011690872575987532,0.5823267392529078,365
transformer,transformer,sphere_ttc,2019,24,q1000,kg kg^-1,0.001195065755097803,0.6123988310714747,365
transformer,transformer,sphere_ttc,2019,24,t50,K,1.2313192903642718,0.9456295750836674,365
transformer,transformer,sphere_ttc,2019,24,t100,K,1.5039370387233635,0.8949623188708872,365
transformer,transformer,sphere_ttc,2019,24,t200,K,2.010393986152213,0.8295667435764484,365
transformer,transformer,sphere_ttc,2019,24,t300,K,1.609998876083918,0.7646643022152594,365
transformer,transformer,sphere_ttc,2019,24,t500,K,1.7596368808666996,0.8073130597334143,365
transformer,transformer,sphere_ttc,2019,24,t700,K,1.7879123492778648,0.8085147981268533,365
transformer,transformer,sphere_ttc,2019,24,t850,K,1.9984626918540402,0.7945148840436606,365
transformer,transformer,sphere_ttc,2019,24,t925,K,2.012814737345683,0.7517753586771181,365
transformer,transformer,sphere_ttc,2019,24,t1000,K,1.9629277422436169,0.6964041479744923,365
transformer,transformer,sphere_ttc,2019,24,u50,m s^-1,2.7710040886919995,0.9282801339840258,365
transformer,transformer,sphere_ttc,2019,24,u100,m s^-1,3.702637084899836,0.862229898911653,365
transformer,transformer,sphere_ttc,2019,24,u200,m s^-1,6.776585493215909,0.7979302983254671,365
transformer,transformer,sphere_ttc,2019,24,u300,m s^-1,7.410806704838403,0.7593885603178513,365
transformer,transformer,sphere_ttc,2019,24,u500,m s^-1,5.017575176622613,0.7680368982346334,365
transformer,transformer,sphere_ttc,2019,24,u700,m s^-1,3.9868642066453104,0.7493795175934291,365
transformer,transformer,sphere_ttc,2019,24,u850,m s^-1,3.708800550043817,0.71251430798795,365
transformer,transformer,sphere_ttc,2019,24,u925,m s^-1,3.68412582351071,0.6935651097716641,365
transformer,transformer,sphere_ttc,2019,24,u1000,m s^-1,2.8976082538334915,0.6937376143880195,365
transformer,transformer,sphere_ttc,2019,24,v50,m s^-1,2.145467735895844,0.8847299435145188,365
transformer,transformer,sphere_ttc,2019,24,v100,m s^-1,3.1850320629659334,0.8624474666752407,365
transformer,transformer,sphere_ttc,2019,24,v200,m s^-1,5.827436739948775,0.8485507216917718,365
transformer,transformer,sphere_ttc,2019,24,v300,m s^-1,6.295600204864366,0.8302654261396542,365
transformer,transformer,sphere_ttc,2019,24,v500,m s^-1,4.193794796298301,0.8338000758185359,365
transformer,transformer,sphere_ttc,2019,24,v700,m s^-1,3.3640645447697324,0.8036634978281526,365
transformer,transformer,sphere_ttc,2019,24,v850,m s^-1,3.2254851404218785,0.7593967802165075,365
transformer,transformer,sphere_ttc,2019,24,v925,m s^-1,3.326594288695818,0.7498656897724395,365
transformer,transformer,sphere_ttc,2019,24,v1000,m s^-1,2.7309092749699055,0.7412239866303534,365
transformer,transformer,sphere_ttc,2019,24,u10,m s^-1,2.5883838215743333,0.692100630292103,365
transformer,transformer,sphere_ttc,2019,24,v10,m s^-1,2.419433407867936,0.7357480717397515,365
transformer,transformer,sphere_ttc,2019,24,t2m,K,2.3633558517077446,0.5730870687125451,365
transformer,transformer,sphere_ttc,2019,24,mslp,Pa,363.68245133176015,0.848155943679807,365
transformer,transformer,sphere_ttc,2019,72,z50,m^2 s^-2,648.9962247855983,0.8526008394490201,365
transformer,transformer,sphere_ttc,2019,72,z100,m^2 s^-2,665.4955457754153,0.746428159384992,365
transformer,transformer,sphere_ttc,2019,72,z200,m^2 s^-2,869.0208671553116,0.5826637071451944,365
transformer,transformer,sphere_ttc,2019,72,z300,m^2 s^-2,911.6392872559262,0.5427454336699075,365
transformer,transformer,sphere_ttc,2019,72,z500,m^2 s^-2,669.0410345468612,0.5408029103032691,365
transformer,transformer,sphere_ttc,2019,72,z700,m^2 s^-2,518.6855953170317,0.5216799527823905,365
transformer,transformer,sphere_ttc,2019,72,z850,m^2 s^-2,471.3336252152626,0.4876242303846373,365
transformer,transformer,sphere_ttc,2019,72,z925,m^2 s^-2,471.9411004687384,0.46851155184470133,365
transformer,transformer,sphere_ttc,2019,72,z1000,m^2 s^-2,484.6720078801774,0.453386306975727,365
transformer,transformer,sphere_ttc,2019,72,q50,kg kg^-1,9.92094023830911e-08,0.6718741510326911,365
transformer,transformer,sphere_ttc,2019,72,q100,kg kg^-1,3.298664595329103e-07,0.5240459897429426,365
transformer,transformer,sphere_ttc,2019,72,q200,kg kg^-1,1.3307663978298097e-05,0.37323559119791344,365
transformer,transformer,sphere_ttc,2019,72,q300,kg kg^-1,0.0001178811155577856,0.3383547377665005,365
transformer,transformer,sphere_ttc,2019,72,q500,kg kg^-1,0.0007313399917699652,0.362920257916961,365
transformer,transformer,sphere_ttc,2019,72,q700,kg kg^-1,0.0014042510928232441,0.34694976667968747,365
transformer,transformer,sphere_ttc,2019,72,q850,kg kg^-1,0.0016516335598187064,0.31182325281276774,365
transformer,transformer,sphere_ttc,2019,72,q925,kg kg^-1,0.0013872289755467596,0.32907266078100056,365
transformer,transformer,sphere_ttc,2019,72,q1000,kg kg^-1,0.0014784473643631802,0.3170328737693952,365
transformer,transformer,sphere_ttc,2019,72,t50,K,2.0003156439854055,0.8480318407831384,365
transformer,transformer,sphere_ttc,2019,72,t100,K,2.350456932961018,0.7173412901190279,365
transformer,transformer,sphere_ttc,2019,72,t200,K,2.9887974184655675,0.5590193393163309,365
transformer,transformer,sphere_ttc,2019,72,t300,K,2.222206895046344,0.4638818579853925,365
transformer,transformer,sphere_ttc,2019,72,t500,K,2.6767083826357028,0.44653393274202796,365
transformer,transformer,sphere_ttc,2019,72,t700,K,2.7324501687933633,0.44966146663602724,365
transformer,transformer,sphere_ttc,2019,72,t850,K,2.9958529281733677,0.43371990533465626,365
transformer,transformer,sphere_ttc,2019,72,t925,K,2.841249192839748,0.4064934735730421,365
transformer,transformer,sphere_ttc,2019,72,t1000,K,2.58898951669578,0.39407745253269877,365
transformer,transformer,sphere_ttc,2019,72,u50,m s^-1,4.409416966292148,0.8057248179295322,365
transformer,transformer,sphere_ttc,2019,72,u100,m s^-1,5.912324693805221,0.587930328630348,365
transformer,transformer,sphere_ttc,2019,72,u200,m s^-1,10.00772923499389,0.46015918440433523,365
transformer,transformer,sphere_ttc,2019,72,u300,m s^-1,10.32533718574448,0.4258390143386629,365
transformer,transformer,sphere_ttc,2019,72,u500,m s^-1,7.093538651158936,0.42951468506804585,365
transformer,transformer,sphere_ttc,2019,72,u700,m s^-1,5.533119571466779,0.40649954703008956,365
transformer,transformer,sphere_ttc,2019,72,u850,m s^-1,4.974617947246064,0.35987532151130336,365
transformer,transformer,sphere_ttc,2019,72,u925,m s^-1,4.869108239693195,0.33433021340929836,365
transformer,transformer,sphere_ttc,2019,72,u1000,m s^-1,3.8359923227774906,0.33254621588683336,365
transformer,transformer,sphere_ttc,2019,72,v50,m s^-1,3.6853564508144157,0.5976649152466653,365
transformer,transformer,sphere_ttc,2019,72,v100,m s^-1,5.581081965266921,0.461560150377234,365
transformer,transformer,sphere_ttc,2019,72,v200,m s^-1,10.116401124599612,0.39597755785900185,365
transformer,transformer,sphere_ttc,2019,72,v300,m s^-1,10.437958709347324,0.38301792566017534,365
transformer,transformer,sphere_ttc,2019,72,v500,m s^-1,7.015064027671888,0.3838030157056079,365
transformer,transformer,sphere_ttc,2019,72,v700,m s^-1,5.3037786705220515,0.34842837463224674,365
transformer,transformer,sphere_ttc,2019,72,v850,m s^-1,4.749550290536687,0.2973445290261083,365
transformer,transformer,sphere_ttc,2019,72,v925,m s^-1,4.852275301855876,0.27947264374926073,365
transformer,transformer,sphere_ttc,2019,72,v1000,m s^-1,3.953339737519768,0.26545607436067725,365
transformer,transformer,sphere_ttc,2019,72,u10,m s^-1,3.4182170412660664,0.333303707291278,365
transformer,transformer,sphere_ttc,2019,72,v10,m s^-1,3.4807501802918677,0.25944112640209477,365
transformer,transformer,sphere_ttc,2019,72,t2m,K,2.8031367757682166,0.3424254212548582,365
transformer,transformer,sphere_ttc,2019,72,mslp,Pa,614.1729452856829,0.4519834484872382,365
transformer,transformer,sphere_ttc,2019,120,z50,m^2 s^-2,786.2906983063901,0.7732462365864334,365
transformer,transformer,sphere_ttc,2019,120,z100,m^2 s^-2,773.0684426605908,0.6346797029193725,365
transformer,transformer,sphere_ttc,2019,120,z200,m^2 s^-2,980.5293772187762,0.4066171042130164,365
transformer,transformer,sphere_ttc,2019,120,z300,m^2 s^-2,1017.0756571984965,0.35760039471791943,365
transformer,transformer,sphere_ttc,2019,120,z500,m^2 s^-2,748.1068904950444,0.34817584556367637,365
transformer,transformer,sphere_ttc,2019,120,z700,m^2 s^-2,575.2479900380429,0.3327270441278212,365
transformer,transformer,sphere_ttc,2019,120,z850,m^2 s^-2,515.5615218294475,0.30806206775950373,365
transformer,transformer,sphere_ttc,2019,120,z925,m^2 s^-2,513.2227160307697,0.2922006726698359,365
transformer,transformer,sphere_ttc,2019,120,z1000,m^2 s^-2,525.1392916163435,0.27919595541288955,365
transformer,transformer,sphere_ttc,2019,120,q50,kg kg^-1,1.0534918477627891e-07,0.619848281149311,365
transformer,transformer,sphere_ttc,2019,120,q100,kg kg^-1,3.5074236085594354e-07,0.434380552715948,365
transformer,transformer,sphere_ttc,2019,120,q200,kg kg^-1,1.3784313807673056e-05,0.28761244419780096,365
transformer,transformer,sphere_ttc,2019,120,q300,kg kg^-1,0.0001219465779954791,0.24756103175352856,365
transformer,transformer,sphere_ttc,2019,120,q500,kg kg^-1,0.0007644524302131969,0.25536798723487925,365
transformer,transformer,sphere_ttc,2019,120,q700,kg kg^-1,0.0014658278338922012,0.24099389086360018,365
transformer,transformer,sphere_ttc,2019,120,q850,kg kg^-1,0.0017082750431480966,0.23181487141651336,365
transformer,transformer,sphere_ttc,2019,120,q925,kg kg^-1,0.0014470614309622471,0.24198899302984497,365
transformer,transformer,sphere_ttc,2019,120,q1000,kg kg^-1,0.001561982305084591,0.20240219168174567,365
transformer,transformer,sphere_ttc,2019,120,t50,K,2.381322369164839,0.7735823567342862,365
transformer,transformer,sphere_ttc,2019,120,t100,K,2.646113289788159,0.62092764818,365
transformer,transformer,sphere_ttc,2019,120,t200,K,3.2213603634290866,0.4529457672897105,365
transformer,transformer,sphere_ttc,2019,120,t300,K,2.3792141475435695,0.3354573544903674,365
transformer,transformer,sphere_ttc,2019,120,t500,K,2.882897405071173,0.28785549439837127,365
transformer,transformer,sphere_ttc,2019,120,t700,K,2.9744308405887177,0.27645988648699493,365
transformer,transformer,sphere_ttc,2019,120,t850,K,3.250827016410105,0.26403306623294515,365
transformer,transformer,sphere_ttc,2019,120,t925,K,3.0598087377662004,0.2582124645290971,365
transformer,transformer,sphere_ttc,2019,120,t1000,K,2.774870315199234,0.273709372386918,365
transformer,transformer,sphere_ttc,2019,120,u50,m s^-1,5.046136870778835,0.7344027452727327,365
transformer,transformer,sphere_ttc,2019,120,u100,m s^-1,6.600252332808291,0.4366741988968139,365
transformer,transformer,sphere_ttc,2019,120,u200,m s^-1,10.869473978317872,0.29048238994755543,365
transformer,transformer,sphere_ttc,2019,120,u300,m s^-1,11.07396885797609,0.2616714573339133,365
transformer,transformer,sphere_ttc,2019,120,u500,m s^-1,7.642446996353838,0.25406632248815403,365
transformer,transformer,sphere_ttc,2019,120,u700,m s^-1,5.91937956475626,0.2440271017673417,365
transformer,transformer,sphere_ttc,2019,120,u850,m s^-1,5.253699839512361,0.21750713273897665,365
transformer,transformer,sphere_ttc,2019,120,u925,m s^-1,5.11991505209871,0.19764778841010908,365
transformer,transformer,sphere_ttc,2019,120,u1000,m s^-1,4.039459794891544,0.19305866658859405,365
transformer,transformer,sphere_ttc,2019,120,v50,m s^-1,4.155325871892925,0.426033205144268,365
transformer,transformer,sphere_ttc,2019,120,v100,m s^-1,6.0904602342085115,0.2584802060076772,365
transformer,transformer,sphere_ttc,2019,120,v200,m s^-1,10.822891749038998,0.19970057238258204,365
transformer,transformer,sphere_ttc,2019,120,v300,m s^-1,11.078293362684382,0.20240366062519244,365
transformer,transformer,sphere_ttc,2019,120,v500,m s^-1,7.444793712312548,0.2059857117861729,365
transformer,transformer,sphere_ttc,2019,120,v700,m s^-1,5.587722591142124,0.18268279237264104,365
transformer,transformer,sphere_ttc,2019,120,v850,m s^-1,4.947421181019178,0.15597917135498846,365
transformer,transformer,sphere_ttc,2019,120,v925,m s^-1,5.038617111506455,0.146914568712052,365
transformer,transformer,sphere_ttc,2019,120,v1000,m s^-1,4.102051885962164,0.13838570231772357,365
transformer,transformer,sphere_ttc,2019,120,u10,m s^-1,3.6017252006390637,0.19356868386113338,365
transformer,transformer,sphere_ttc,2019,120,v10,m s^-1,3.608547585436185,0.13584434606901533,365
transformer,transformer,sphere_ttc,2019,120,t2m,K,2.973969334859753,0.2467361753153573,365
transformer,transformer,sphere_ttc,2019,120,mslp,Pa,665.8165842685104,0.2772796730569544,365
transformer,transformer,sphere_ttc,2019,168,z50,m^2 s^-2,854.7515189078885,0.7238207981534885,365
transformer,transformer,sphere_ttc,2019,168,z100,m^2 s^-2,818.2773528569822,0.5767523546506509,365
transformer,transformer,sphere_ttc,2019,168,z200,m^2 s^-2,1021.8836847898718,0.3212567633166295,365
transformer,transformer,sphere_ttc,2019,168,z300,m^2 s^-2,1054.7031669511155,0.2678752304981484,365
transformer,transformer,sphere_ttc,2019,168,z500,m^2 s^-2,774.523655477246,0.2594794354344931,365
transformer,transformer,sphere_ttc,2019,168,z700,m^2 s^-2,593.9511486242407,0.24771082325461785,365
transformer,transformer,sphere_ttc,2019,168,z850,m^2 s^-2,529.5648319691949,0.23172632711378385,365
transformer,transformer,sphere_ttc,2019,168,z925,m^2 s^-2,525.5423313470297,0.22208136579794344,365
transformer,transformer,sphere_ttc,2019,168,z1000,m^2 s^-2,536.6152779290293,0.21292858570647555,365
transformer,transformer,sphere_ttc,2019,168,q50,kg kg^-1,1.0948252722751114e-07,0.5796911791310633,365
transformer,transformer,sphere_ttc,2019,168,q100,kg kg^-1,3.6150446444327664e-07,0.3834970508263975,365
transformer,transformer,sphere_ttc,2019,168,q200,kg kg^-1,1.3970691979267528e-05,0.2511770910273964,365
transformer,transformer,sphere_ttc,2019,168,q300,kg kg^-1,0.00012343889975837587,0.20898205845346585,365
transformer,transformer,sphere_ttc,2019,168,q500,kg kg^-1,0.0007771744873018888,0.20860544775380827,365
transformer,transformer,sphere_ttc,2019,168,q700,kg kg^-1,0.0014892794401085022,0.19736789730220872,365
transformer,transformer,sphere_ttc,2019,168,q850,kg kg^-1,0.0017326393374355663,0.197166981831616,365
transformer,transformer,sphere_ttc,2019,168,q925,kg kg^-1,0.0014720519010360425,0.2091933356838073,365
transformer,transformer,sphere_ttc,2019,168,q1000,kg kg^-1,0.0015904100373213626,0.16881690250107118,365
transformer,transformer,sphere_ttc,2019,168,t50,K,2.601149502457326,0.7200987927755487,365
transformer,transformer,sphere_ttc,2019,168,t100,K,2.7821279691532586,0.5666976825132316,365
transformer,transformer,sphere_ttc,2019,168,t200,K,3.3019379922734546,0.4086552817731209,365
transformer,transformer,sphere_ttc,2019,168,t300,K,2.435390144554577,0.2822642070920814,365
transformer,transformer,sphere_ttc,2019,168,t500,K,2.955207600315656,0.21852797337141372,365
transformer,transformer,sphere_ttc,2019,168,t700,K,3.055705294547178,0.20574754069179738,365
transformer,transformer,sphere_ttc,2019,168,t850,K,3.332658260215985,0.19973369041659345,365
transformer,transformer,sphere_ttc,2019,168,t925,K,3.1417731913502953,0.19878376831882275,365
transformer,transformer,sphere_ttc,2019,168,t1000,K,2.861898443623496,0.2169367010678854,365
transformer,transformer,sphere_ttc,2019,168,u50,m s^-1,5.332552423663099,0.6963051830280601,365
transformer,transformer,sphere_ttc,2019,168,u100,m s^-1,6.866587407269884,0.36135161641688596,365
transformer,transformer,sphere_ttc,2019,168,u200,m s^-1,11.171088828767656,0.21548768222098003,365
transformer,transformer,sphere_ttc,2019,168,u300,m s^-1,11.318644376180144,0.19083058009613096,365
transformer,transformer,sphere_ttc,2019,168,u500,m s^-1,7.808251387161385,0.18151389485932085,365
transformer,transformer,sphere_ttc,2019,168,u700,m s^-1,6.039966084124561,0.17897360048479857,365
transformer,transformer,sphere_ttc,2019,168,u850,m s^-1,5.335468221486706,0.16693212494883342,365
transformer,transformer,sphere_ttc,2019,168,u925,m s^-1,5.185220556361084,0.15425487083683775,365
transformer,transformer,sphere_ttc,2019,168,u1000,m s^-1,4.096269394308024,0.14786888574797055,365
transformer,transformer,sphere_ttc,2019,168,v50,m s^-1,4.31851832569275,0.3403940992854442,365
transformer,transformer,sphere_ttc,2019,168,v100,m s^-1,6.211504215255003,0.18348507960277816,365
transformer,transformer,sphere_ttc,2019,168,v200,m s^-1,10.951228298274888,0.14350647862977797,365
transformer,transformer,sphere_ttc,2019,168,v300,m s^-1,11.206773656339596,0.14624311638968454,365
transformer,transformer,sphere_ttc,2019,168,v500,m s^-1,7.5470254005928314,0.144034886536674,365
transformer,transformer,sphere_ttc,2019,168,v700,m s^-1,5.661922707543415,0.1255077446616787,365
transformer,transformer,sphere_ttc,2019,168,v850,m s^-1,5.002825062748579,0.10983028403721828,365
transformer,transformer,sphere_ttc,2019,168,v925,m s^-1,5.086742028271957,0.10854659308219904,365
transformer,transformer,sphere_ttc,2019,168,v1000,m s^-1,4.137592640834905,0.10622937686139358,365
transformer,transformer,sphere_ttc,2019,168,u10,m s^-1,3.6500235311444387,0.15008713910205274,365
transformer,transformer,sphere_ttc,2019,168,v10,m s^-1,3.6399399943604815,0.10447990194042364,365
transformer,transformer,sphere_ttc,2019,168,t2m,K,3.065930289872755,0.20131854521433376,365
transformer,transformer,sphere_ttc,2019,168,mslp,Pa,680.3358823716898,0.21066167630735574,365
transformer,transformer,sphere_ttc,2019,240,z50,m^2 s^-2,924.3216988671072,0.6652788404540206,365
transformer,transformer,sphere_ttc,2019,240,z100,m^2 s^-2,857.0285971615765,0.5201346526870193,365
transformer,transformer,sphere_ttc,2019,240,z200,m^2 s^-2,1045.8657216418749,0.2660181969821722,365
transformer,transformer,sphere_ttc,2019,240,z300,m^2 s^-2,1078.513301306892,0.20450757615908954,365
transformer,transformer,sphere_ttc,2019,240,z500,m^2 s^-2,791.4264109539682,0.19674088699288309,365
transformer,transformer,sphere_ttc,2019,240,z700,m^2 s^-2,605.5966637065183,0.18844781497537966,365
transformer,transformer,sphere_ttc,2019,240,z850,m^2 s^-2,538.0810121553476,0.18052605012319442,365
transformer,transformer,sphere_ttc,2019,240,z925,m^2 s^-2,533.2555494255552,0.17399241449520436,365
transformer,transformer,sphere_ttc,2019,240,z1000,m^2 s^-2,543.76149621763,0.1692554512905919,365
transformer,transformer,sphere_ttc,2019,240,q50,kg kg^-1,1.1511777906831845e-07,0.5247518021434363,365
transformer,transformer,sphere_ttc,2019,240,q100,kg kg^-1,3.7092372650354405e-07,0.33130121877113144,365
transformer,transformer,sphere_ttc,2019,240,q200,kg kg^-1,1.4105535193865333e-05,0.22577466507653277,365
transformer,transformer,sphere_ttc,2019,240,q300,kg kg^-1,0.00012454704361272237,0.1827001856965456,365
transformer,transformer,sphere_ttc,2019,240,q500,kg kg^-1,0.0007860728043251866,0.17757129257810647,365
transformer,transformer,sphere_ttc,2019,240,q700,kg kg^-1,0.0015063205588462683,0.16785879231383863,365
transformer,transformer,sphere_ttc,2019,240,q850,kg kg^-1,0.0017518106829682023,0.17379591201875183,365
transformer,transformer,sphere_ttc,2019,240,q925,kg kg^-1,0.0014934757589763186,0.1842603851812301,365
transformer,transformer,sphere_ttc,2019,240,q1000,kg kg^-1,0.0016132835715049901,0.14808318073865642,365
transformer,transformer,sphere_ttc,2019,240,t50,K,2.8564076878979896,0.6512695525940029,365
transformer,transformer,sphere_ttc,2019,240,t100,K,2.925489779968663,0.5051628139764794,365
transformer,transformer,sphere_ttc,2019,240,t200,K,3.3870902356582193,0.359496411832286,365
transformer,transformer,sphere_ttc,2019,240,t300,K,2.4795745112630803,0.23896797617730528,365
transformer,transformer,sphere_ttc,2019,240,t500,K,3.0041853059030474,0.17082282165149798,365
transformer,transformer,sphere_ttc,2019,240,t700,K,3.1135756072131593,0.15832804753235047,365
transformer,transformer,sphere_ttc,2019,240,t850,K,3.396645316644215,0.15331113102296118,365
transformer,transformer,sphere_ttc,2019,240,t925,K,3.203401246501048,0.1598409557013808,365
transformer,transformer,sphere_ttc,2019,240,t1000,K,2.9394678871764297,0.17798534750716152,365
transformer,transformer,sphere_ttc,2019,240,u50,m s^-1,5.5729257084213915,0.6596737633119646,365
transformer,transformer,sphere_ttc,2019,240,u100,m s^-1,7.092252824320136,0.2927658849337036,365
transformer,transformer,sphere_ttc,2019,240,u200,m s^-1,11.409767867983241,0.156497384130318,365
transformer,transformer,sphere_ttc,2019,240,u300,m s^-1,11.487283429280971,0.14156717104136096,365
transformer,transformer,sphere_ttc,2019,240,u500,m s^-1,7.912379325830307,0.134048552476623,365
transformer,transformer,sphere_ttc,2019,240,u700,m s^-1,6.12482290249201,0.13346446313874435,365
transformer,transformer,sphere_ttc,2019,240,u850,m s^-1,5.397409645281845,0.131793272105848,365
transformer,transformer,sphere_ttc,2019,240,u925,m s^-1,5.239185287124975,0.12288378384837155,365
transformer,transformer,sphere_ttc,2019,240,u1000,m s^-1,4.136936858304015,0.1194507808175868,365
transformer,transformer,sphere_ttc,2019,240,v50,m s^-1,4.437796992395664,0.2646444246517633,365
transformer,transformer,sphere_ttc,2019,240,v100,m s^-1,6.278651694778907,0.13386368912932506,365
transformer,transformer,sphere_ttc,2019,240,v200,m s^-1,11.011582049288586,0.11560548570424262,365
transformer,transformer,sphere_ttc,2019,240,v300,m s^-1,11.264317835529653,0.11927730850181123,365
transformer,transformer,sphere_ttc,2019,240,v500,m s^-1,7.591632184917423,0.11407875489873445,365
transformer,transformer,sphere_ttc,2019,240,v700,m s^-1,5.691246538688991,0.10067132744589445,365
transformer,transformer,sphere_ttc,2019,240,v850,m s^-1,5.019482713135989,0.09426513503540156,365
transformer,transformer,sphere_ttc,2019,240,v925,m s^-1,5.104794680756127,0.09391282491531495,365
transformer,transformer,sphere_ttc,2019,240,v1000,m s^-1,4.153639532486805,0.09228927589967906,365
transformer,transformer,sphere_ttc,2019,240,u10,m s^-1,3.6879379200196247,0.12012769894622641,365
transformer,transformer,sphere_ttc,2019,240,v10,m s^-1,3.654250386045036,0.09107664005936578,365
transformer,transformer,sphere_ttc,2019,240,t2m,K,3.170362315886931,0.15814548107592752,365
transformer,transformer,sphere_ttc,2019,240,mslp,Pa,688.7542168530634,0.1691557733734857,365
fno,fno,raw,2018,24,z50,m^2 s^-2,614.6167940353355,0.8125803661221102,365
fno,fno,raw,2018,24,z100,m^2 s^-2,539.2508727947795,0.8028941487426782,365
fno,fno,raw,2018,24,z200,m^2 s^-2,544.3965938657876,0.8524593919544852,365
fno,fno,raw,2018,24,z300,m^2 s^-2,529.3913749064509,0.8711115841543369,365
fno,fno,raw,2018,24,z500,m^2 s^-2,358.78547901027173,0.8921211317765757,365
fno,fno,raw,2018,24,z700,m^2 s^-2,265.3559136834865,0.8992347687395681,365
fno,fno,raw,2018,24,z850,m^2 s^-2,250.60221811702152,0.8854181301945702,365
fno,fno,raw,2018,24,z925,m^2 s^-2,257.13938623921354,0.8762177336584192,365
fno,fno,raw,2018,24,z1000,m^2 s^-2,273.0713193305453,0.8639514359418294,365
fno,fno,raw,2018,24,q50,kg kg^-1,1.7977930024215922e-07,0.0554042589933082,365
fno,fno,raw,2018,24,q100,kg kg^-1,3.2984521891776964e-07,0.4561197921402479,365
fno,fno,raw,2018,24,q200,kg kg^-1,1.110981895679509e-05,0.5507491435571434,365
fno,fno,raw,2018,24,q300,kg kg^-1,9.387002307174736e-05,0.6197807955079068,365
fno,fno,raw,2018,24,q500,kg kg^-1,0.000579966975013728,0.6539471041344763,365
fno,fno,raw,2018,24,q700,kg kg^-1,0.0011760903776994647,0.5979562048369594,365
fno,fno,raw,2018,24,q850,kg kg^-1,0.0014125124061162714,0.5268275582009081,365
fno,fno,raw,2018,24,q925,kg kg^-1,0.0011684749487073682,0.5274496719764948,365
fno,fno,raw,2018,24,q1000,kg kg^-1,0.0012846815020427945,0.5094037096937198,365
fno,fno,raw,2018,24,t50,K,2.1918529765045807,0.684597018254699,365
fno,fno,raw,2018,24,t100,K,2.1562157618167452,0.7102045139516029,365
fno,fno,raw,2018,24,t200,K,2.4731004283281193,0.6898199062012123,365
fno,fno,raw,2018,24,t300,K,1.9693659194502975,0.573244391702104,365
fno,fno,raw,2018,24,t500,K,2.177590436304574,0.6881003911972589,365
fno,fno,raw,2018,24,t700,K,2.245787747375703,0.6822627401261381,365
fno,fno,raw,2018,24,t850,K,2.4909424964354243,0.6510582461165995,365
fno,fno,raw,2018,24,t925,K,2.472300255834844,0.5884233950474564,365
fno,fno,raw,2018,24,t1000,K,2.437500048236424,0.4994324135661946,365
fno,fno,raw,2018,24,u50,m s^-1,3.718969007498035,0.8875921602799395,365
fno,fno,raw,2018,24,u100,m s^-1,4.335939250834118,0.7885863481340493,365
fno,fno,raw,2018,24,u200,m s^-1,6.006755312043469,0.8499214488030378,365
fno,fno,raw,2018,24,u300,m s^-1,6.208777633209038,0.8445915404733443,365
fno,fno,raw,2018,24,u500,m s^-1,4.336222262625442,0.8409702775260391,365
fno,fno,raw,2018,24,u700,m s^-1,3.4192046028176164,0.829151472904582,365
fno,fno,raw,2018,24,u850,m s^-1,3.1646986137584503,0.8060038392813046,365
fno,fno,raw,2018,24,u925,m s^-1,3.0928838093411546,0.8007931056949429,365
fno,fno,raw,2018,24,u1000,m s^-1,2.443467220310125,0.7969467009278043,365
fno,fno,raw,2018,24,v50,m s^-1,2.341342700302953,0.8756111483295521,365
fno,fno,raw,2018,24,v100,m s^-1,3.3208338104616795,0.8469065036500072,365
fno,fno,raw,2018,24,v200,m s^-1,5.238632251272323,0.8744395288680005,365
fno,fno,raw,2018,24,v300,m s^-1,5.5382380256979,0.867731110209623,365
fno,fno,raw,2018,24,v500,m s^-1,3.8100699399787703,0.8601720641126748,365
fno,fno,raw,2018,24,v700,m s^-1,3.0089631840354425,0.8397207375451371,365
fno,fno,raw,2018,24,v850,m s^-1,2.8351053152522,0.8135840666802008,365
fno,fno,raw,2018,24,v925,m s^-1,2.8444407832137415,0.8186002884888502,365
fno,fno,raw,2018,24,v1000,m s^-1,2.322246673554824,0.8153922749286874,365
fno,fno,raw,2018,24,u10,m s^-1,2.185050750445095,0.7936439567177099,365
fno,fno,raw,2018,24,v10,m s^-1,2.05498553652372,0.8125339449475707,365
fno,fno,raw,2018,24,t2m,K,3.016678274885808,0.3900515057408226,365
fno,fno,raw,2018,24,mslp,Pa,347.5292874718402,0.8623398492532779,365
fno,fno,raw,2018,72,z50,m^2 s^-2,651.9933719145831,0.785864273036127,365
fno,fno,raw,2018,72,z100,m^2 s^-2,613.858222644742,0.734979383001738,365
fno,fno,raw,2018,72,z200,m^2 s^-2,757.8077226582927,0.6864049780366488,365
fno,fno,raw,2018,72,z300,m^2 s^-2,795.6970235293234,0.6752940324406745,365
fno,fno,raw,2018,72,z500,m^2 s^-2,582.7256809715002,0.6793992223175688,365
fno,fno,raw,2018,72,z700,m^2 s^-2,457.01366805251575,0.657536524729871,365
fno,fno,raw,2018,72,z850,m^2 s^-2,421.20763201026955,0.6245530561250546,365
fno,fno,raw,2018,72,z925,m^2 s^-2,424.660623714872,0.6060772633923143,365
fno,fno,raw,2018,72,z1000,m^2 s^-2,438.58778564750077,0.588685978878241,365
fno,fno,raw,2018,72,q50,kg kg^-1,1.7563987140687234e-07,0.06599502115162115,365
fno,fno,raw,2018,72,q100,kg kg^-1,3.371119269371009e-07,0.4179283377515636,365
fno,fno,raw,2018,72,q200,kg kg^-1,1.2345454167277792e-05,0.37835481704629226,365
fno,fno,raw,2018,72,q300,kg kg^-1,0.00011013037533586812,0.39298816908094913,365
fno,fno,raw,2018,72,q500,kg kg^-1,0.0006932442342415772,0.4276273318080397,365
fno,fno,raw,2018,72,q700,kg kg^-1,0.0013538846927666325,0.38723587214793015,365
fno,fno,raw,2018,72,q850,kg kg^-1,0.0015895114040710599,0.32045585328942944,365
fno,fno,raw,2018,72,q925,kg kg^-1,0.0013184773177356609,0.32726487248172803,365
fno,fno,raw,2018,72,q1000,kg kg^-1,0.0014429071715659153,0.32004982307633284,365
fno,fno,raw,2018,72,t50,K,2.305941190280399,0.6453817972918249,365
fno,fno,raw,2018,72,t100,K,2.37920711670771,0.6278225247833544,365
fno,fno,raw,2018,72,t200,K,2.8729317146537303,0.5408741434880908,365
fno,fno,raw,2018,72,t300,K,2.1409876667732197,0.4600773444694649,365
fno,fno,raw,2018,72,t500,K,2.541872779489592,0.5317470399632969,365
fno,fno,raw,2018,72,t700,K,2.643835910345209,0.5123785058157244,365
fno,fno,raw,2018,72,t850,K,2.8707365082468286,0.48779864105433324,365
fno,fno,raw,2018,72,t925,K,2.792910694959094,0.42022036915498134,365
fno,fno,raw,2018,72,t1000,K,2.6772937098337417,0.3532085184784314,365
fno,fno,raw,2018,72,u50,m s^-1,4.114224033921509,0.860755345120392,365
fno,fno,raw,2018,72,u100,m s^-1,5.345335746847449,0.6548094129334098,365
fno,fno,raw,2018,72,u200,m s^-1,8.83358778078897,0.6335780973033831,365
fno,fno,raw,2018,72,u300,m s^-1,9.256979997930864,0.6031102772205418,365
fno,fno,raw,2018,72,u500,m s^-1,6.399672454215548,0.6040792324087999,365
fno,fno,raw,2018,72,u700,m s^-1,4.999598439957232,0.5785488109875709,365
fno,fno,raw,2018,72,u850,m s^-1,4.586914725539753,0.5171690632718137,365
fno,fno,raw,2018,72,u925,m s^-1,4.525655127076299,0.4858675872743846,365
fno,fno,raw,2018,72,u1000,m s^-1,3.565310374520771,0.4765504807084615,365
fno,fno,raw,2018,72,v50,m s^-1,3.412692641406675,0.7104966524158943,365
fno,fno,raw,2018,72,v100,m s^-1,4.712059841084591,0.6575860793377855,365
fno,fno,raw,2018,72,v200,m s^-1,8.596297419274196,0.606211870359162,365
fno,fno,raw,2018,72,v300,m s^-1,9.033692752719775,0.5865717077146487,365
fno,fno,raw,2018,72,v500,m s^-1,6.062290971026782,0.5864900185720163,365
fno,fno,raw,2018,72,v700,m s^-1,4.651695909056697,0.5476056588595183,365
fno,fno,raw,2018,72,v850,m s^-1,4.284411325103759,0.4845268368011443,365
fno,fno,raw,2018,72,v925,m s^-1,4.378753334621658,0.4737465070743737,365
fno,fno,raw,2018,72,v1000,m s^-1,3.5419014169344143,0.4757002555501002,365
fno,fno,raw,2018,72,u10,m s^-1,3.1729775269560694,0.4728341685571507,365
fno,fno,raw,2018,72,v10,m s^-1,3.122795153229438,0.47057009594629134,365
fno,fno,raw,2018,72,t2m,K,3.1949583848892695,0.27148817614030035,365
fno,fno,raw,2018,72,mslp,Pa,556.8633435122147,0.5854211983700917,365
fno,fno,raw,2018,120,z50,m^2 s^-2,768.0279455944564,0.6900724828107951,365
fno,fno,raw,2018,120,z100,m^2 s^-2,729.1362975247843,0.5993106698543885,365
fno,fno,raw,2018,120,z200,m^2 s^-2,891.6757129923474,0.5202941303168703,365
fno,fno,raw,2018,120,z300,m^2 s^-2,939.6658422195875,0.49349839072213275,365
fno,fno,raw,2018,120,z500,m^2 s^-2,689.4380571702272,0.49883380485526485,365
fno,fno,raw,2018,120,z700,m^2 s^-2,533.44651368467,0.4800777768525776,365
fno,fno,raw,2018,120,z850,m^2 s^-2,481.48555220930706,0.4548223940290142,365
fno,fno,raw,2018,120,z925,m^2 s^-2,480.7839186739501,0.4396406776055019,365
fno,fno,raw,2018,120,z1000,m^2 s^-2,493.04017075114183,0.42335165978753186,365
fno,fno,raw,2018,120,q50,kg kg^-1,1.7700414126685264e-07,0.05755438919637752,365
fno,fno,raw,2018,120,q100,kg kg^-1,3.4546409891203464e-07,0.371829866029374,365
fno,fno,raw,2018,120,q200,kg kg^-1,1.2713305502019578e-05,0.3110587200123918,365
fno,fno,raw,2018,120,q300,kg kg^-1,0.0001138522781500164,0.31472837147584465,365
fno,fno,raw,2018,120,q500,kg kg^-1,0.0007236702206001088,0.33542428597455687,365
fno,fno,raw,2018,120,q700,kg kg^-1,0.0014036261896675688,0.29970261013461236,365
fno,fno,raw,2018,120,q850,kg kg^-1,0.0016454536112804616,0.23346030723056366,365
fno,fno,raw,2018,120,q925,kg kg^-1,0.001373255372242605,0.23527072903538004,365
fno,fno,raw,2018,120,q1000,kg kg^-1,0.0015170871074841547,0.21813178625249396,365
fno,fno,raw,2018,120,t50,K,2.551894146785019,0.547662695120138,365
fno,fno,raw,2018,120,t100,K,2.6069752828712147,0.5309273631304173,365
fno,fno,raw,2018,120,t200,K,3.104814511885729,0.41959327504907834,365
fno,fno,raw,2018,120,t300,K,2.2703526865264316,0.3523059387037236,365
fno,fno,raw,2018,120,t500,K,2.7723515759588833,0.38825305341464256,365
fno,fno,raw,2018,120,t700,K,2.8923668278016765,0.3647055720722625,365
fno,fno,raw,2018,120,t850,K,3.1129762508365237,0.344275152811181,365
fno,fno,raw,2018,120,t925,K,2.9844628452509454,0.29269821924295575,365
fno,fno,raw,2018,120,t1000,K,2.8257766703427176,0.2542923149108881,365
fno,fno,raw,2018,120,u50,m s^-1,4.618872019089237,0.8216270354869903,365
fno,fno,raw,2018,120,u100,m s^-1,6.050740869299083,0.523497098149328,365
fno,fno,raw,2018,120,u200,m s^-1,10.073362223454,0.47494269992939664,365
fno,fno,raw,2018,120,u300,m s^-1,10.43640176500762,0.4404496210129198,365
fno,fno,raw,2018,120,u500,m s^-1,7.261885363221533,0.43069837993827514,365
fno,fno,raw,2018,120,u700,m s^-1,5.5996132678850765,0.41051380736159754,365
fno,fno,raw,2018,120,u850,m s^-1,5.02358073000277,0.35608497487283625,365
fno,fno,raw,2018,120,u925,m s^-1,4.909904218442489,0.3279892925482469,365
fno,fno,raw,2018,120,u1000,m s^-1,3.8543816577803685,0.3226682237864037,365
fno,fno,raw,2018,120,v50,m s^-1,4.049430707514905,0.5543760681943996,365
fno,fno,raw,2018,120,v100,m s^-1,5.6376552707208205,0.44689259628091926,365
fno,fno,raw,2018,120,v200,m s^-1,10.171651730863331,0.35621896398023006,365
fno,fno,raw,2018,120,v300,m s^-1,10.530644301259452,0.3462837705660482,365
fno,fno,raw,2018,120,v500,m s^-1,7.039934328293699,0.3584530336151844,365
fno,fno,raw,2018,120,v700,m s^-1,5.271696653258844,0.3397310196644661,365
fno,fno,raw,2018,120,v850,m s^-1,4.704825126387227,0.3017352843583947,365
fno,fno,raw,2018,120,v925,m s^-1,4.791312997264635,0.2899071459772056,365
fno,fno,raw,2018,120,v1000,m s^-1,3.890857103963485,0.2846869002647002,365
fno,fno,raw,2018,120,u10,m s^-1,3.4218520171532485,0.3232190021469437,365
fno,fno,raw,2018,120,v10,m s^-1,3.42045812924919,0.2836857421483495,365
fno,fno,raw,2018,120,t2m,K,3.3694499257778987,0.20502577207145062,365
fno,fno,raw,2018,120,mslp,Pa,625.681124095699,0.418936551375362,365
fno,fno,raw,2018,168,z50,m^2 s^-2,865.3443537934036,0.5905045119316196,365
fno,fno,raw,2018,168,z100,m^2 s^-2,799.0075862340664,0.49328321607848474,365
fno,fno,raw,2018,168,z200,m^2 s^-2,964.6922258327739,0.39650153857230225,365
fno,fno,raw,2018,168,z300,m^2 s^-2,1010.64489354875,0.3680394757836056,365
fno,fno,raw,2018,168,z500,m^2 s^-2,741.4033513898186,0.3753617493280882,365
fno,fno,raw,2018,168,z700,m^2 s^-2,572.2151519264219,0.355280986430885,365
fno,fno,raw,2018,168,z850,m^2 s^-2,513.1579053570932,0.33361391975573546,365
fno,fno,raw,2018,168,z925,m^2 s^-2,508.823689296581,0.3246189726889941,365
fno,fno,raw,2018,168,z1000,m^2 s^-2,520.7472542246711,0.3079654480373723,365
fno,fno,raw,2018,168,q50,kg kg^-1,1.753693656895986e-07,0.04867444487341383,365
fno,fno,raw,2018,168,q100,kg kg^-1,3.536326449483668e-07,0.3240108347548387,365
fno,fno,raw,2018,168,q200,kg kg^-1,1.2993898913206748e-05,0.2550980814707514,365
fno,fno,raw,2018,168,q300,kg kg^-1,0.00011621841820202404,0.2597522795057921,365
fno,fno,raw,2018,168,q500,kg kg^-1,0.0007422590514253862,0.27234675948698356,365
fno,fno,raw,2018,168,q700,kg kg^-1,0.0014296464497237532,0.25063237935950344,365
fno,fno,raw,2018,168,q850,kg kg^-1,0.0016748382809127342,0.189656753990497,365
fno,fno,raw,2018,168,q925,kg kg^-1,0.0014057828614919324,0.17969418567658124,365
fno,fno,raw,2018,168,q1000,kg kg^-1,0.0015603449975826174,0.16106956926571142,365
fno,fno,raw,2018,168,t50,K,2.6914776557077835,0.4882456474525062,365
fno,fno,raw,2018,168,t100,K,2.7903559786241394,0.4432845106066686,365
fno,fno,raw,2018,168,t200,K,3.242977283345062,0.33038187079340625,365
fno,fno,raw,2018,168,t300,K,2.351856553264334,0.2742714083816463,365
fno,fno,raw,2018,168,t500,K,2.893741371247787,0.2894265632621648,365
fno,fno,raw,2018,168,t700,K,3.03616033212916,0.2626806355424831,365
fno,fno,raw,2018,168,t850,K,3.2560221090137174,0.24741868906226802,365
fno,fno,raw,2018,168,t925,K,3.1089989102345705,0.2065968467808096,365
fno,fno,raw,2018,168,t1000,K,2.9095277268538124,0.1913809751506728,365
fno,fno,raw,2018,168,u50,m s^-1,5.015214716166634,0.7865379669613596,365
fno,fno,raw,2018,168,u100,m s^-1,6.4586294579925765,0.4240757481970637,365
fno,fno,raw,2018,168,u200,m s^-1,10.682345284317984,0.36701068862567954,365
fno,fno,raw,2018,168,u300,m s^-1,10.975308343670461,0.3344360728225419,365
fno,fno,raw,2018,168,u500,m s^-1,7.620143788121901,0.3260070198761159,365
fno,fno,raw,2018,168,u700,m s^-1,5.8451629694305325,0.3133684325757643,365
fno,fno,raw,2018,168,u850,m s^-1,5.201388115910558,0.26678290804775406,365
fno,fno,raw,2018,168,u925,m s^-1,5.064510239621066,0.24389949473086092,365
fno,fno,raw,2018,168,u1000,m s^-1,3.973046028494838,0.23960927391731782,365
fno,fno,raw,2018,168,v50,m s^-1,4.453108969918323,0.4155010566848694,365
fno,fno,raw,2018,168,v100,m s^-1,6.051870766090655,0.3072516211686685,365
fno,fno,raw,2018,168,v200,m s^-1,10.652168831582296,0.2334873503883222,365
fno,fno,raw,2018,168,v300,m s^-1,10.980055888868705,0.22896582218574005,365
fno,fno,raw,2018,168,v500,m s^-1,7.3678825900684535,0.23431140001647544,365
fno,fno,raw,2018,168,v700,m s^-1,5.4925668970024395,0.22277274852300363,365
fno,fno,raw,2018,168,v850,m s^-1,4.855495440489685,0.20080445999421148,365
fno,fno,raw,2018,168,v925,m s^-1,4.9296136731835976,0.19435268774501466,365
fno,fno,raw,2018,168,v1000,m s^-1,3.9991633944719567,0.19059904477516176,365
fno,fno,raw,2018,168,u10,m s^-1,3.5348973184182197,0.2363438504832555,365
fno,fno,raw,2018,168,v10,m s^-1,3.5175238172978616,0.1905373362238622,365
fno,fno,raw,2018,168,t2m,K,3.451223495978269,0.15121172802565866,365
fno,fno,raw,2018,168,mslp,Pa,661.2825972751015,0.3016042366559984,365
fno,fno,raw,2018,240,z50,m^2 s^-2,996.1973103579348,0.4398930578878007,365
fno,fno,raw,2018,240,z100,m^2 s^-2,885.2169531788269,0.34224893712555593,365
fno,fno,raw,2018,240,z200,m^2 s^-2,1031.4186771972054,0.2588963553347225,365
fno,fno,raw,2018,240,z300,m^2 s^-2,1065.0165318833936,0.24449311626095607,365
fno,fno,raw,2018,240,z500,m^2 s^-2,784.1540495166034,0.24865817079780803,365
fno,fno,raw,2018,240,z700,m^2 s^-2,600.9739761705548,0.23890424525474088,365
fno,fno,raw,2018,240,z850,m^2 s^-2,535.9399383006956,0.22184446268217928,365
fno,fno,raw,2018,240,z925,m^2 s^-2,532.9079112841604,0.20663397686400636,365
fno,fno,raw,2018,240,z1000,m^2 s^-2,543.2106440900618,0.19607801521945667,365
fno,fno,raw,2018,240,q50,kg kg^-1,1.7713179104530537e-07,0.05231167733795297,365
fno,fno,raw,2018,240,q100,kg kg^-1,3.6783036198185965e-07,0.2389824873176929,365
fno,fno,raw,2018,240,q200,kg kg^-1,1.3327518155469484e-05,0.18275811002406714,365
fno,fno,raw,2018,240,q300,kg kg^-1,0.00011852306018954243,0.2007626557708067,365
fno,fno,raw,2018,240,q500,kg kg^-1,0.0007586584324641644,0.21107114644171665,365
fno,fno,raw,2018,240,q700,kg kg^-1,0.0014564498077325174,0.196709324831682,365
fno,fno,raw,2018,240,q850,kg kg^-1,0.0016981456430441772,0.15400086892122503,365
fno,fno,raw,2018,240,q925,kg kg^-1,0.0014316025113686366,0.14243563088012492,365
fno,fno,raw,2018,240,q1000,kg kg^-1,0.0015949876589669884,0.11609100720362173,365
fno,fno,raw,2018,240,t50,K,2.9020900800503906,0.3928800332535903,365
fno,fno,raw,2018,240,t100,K,2.990920215444235,0.3374670807666485,365
fno,fno,raw,2018,240,t200,K,3.3629687218454487,0.2425450080929093,365
fno,fno,raw,2018,240,t300,K,2.4392310523425023,0.186571346443457,365
fno,fno,raw,2018,240,t500,K,3.012854965538583,0.18211822079806472,365
fno,fno,raw,2018,240,t700,K,3.1712760596118863,0.15984165089539343,365
fno,fno,raw,2018,240,t850,K,3.401895157001133,0.1494087667383592,365
fno,fno,raw,2018,240,t925,K,3.223248278490945,0.1310269839020637,365
fno,fno,raw,2018,240,t1000,K,3.0132739113611655,0.1407719621454802,365
fno,fno,raw,2018,240,u50,m s^-1,5.445885378630434,0.7454420085744841,365
fno,fno,raw,2018,240,u100,m s^-1,6.904759116013164,0.29829830425645143,365
fno,fno,raw,2018,240,u200,m s^-1,11.21392992000079,0.251952977862858,365
fno,fno,raw,2018,240,u300,m s^-1,11.40084749796882,0.23026686919743242,365
fno,fno,raw,2018,240,u500,m s^-1,7.910238327067624,0.22429454002738708,365
fno,fno,raw,2018,240,u700,m s^-1,6.053294991320825,0.21826686890122182,365
fno,fno,raw,2018,240,u850,m s^-1,5.356324884006422,0.18451521166661397,365
fno,fno,raw,2018,240,u925,m s^-1,5.190826873328191,0.16961592252753682,365
fno,fno,raw,2018,240,u1000,m s^-1,4.068098416381135,0.167871008757193,365
fno,fno,raw,2018,240,v50,m s^-1,4.746832763761388,0.26528787283913896,365
fno,fno,raw,2018,240,v100,m s^-1,6.286935290486399,0.17526359044515102,365
fno,fno,raw,2018,240,v200,m s^-1,10.868115788591243,0.12999481796543785,365
fno,fno,raw,2018,240,v300,m s^-1,11.1572484905672,0.1342061430071027,365
fno,fno,raw,2018,240,v500,m s^-1,7.4880037178824885,0.13773020565734745,365
fno,fno,raw,2018,240,v700,m s^-1,5.5830422999382145,0.12903257016014563,365
fno,fno,raw,2018,240,v850,m s^-1,4.93143310832133,0.11785146425112453,365
fno,fno,raw,2018,240,v925,m s^-1,4.998738303704543,0.11940390364140806,365
fno,fno,raw,2018,240,v1000,m s^-1,4.054733601764476,0.11997295703027834,365
fno,fno,raw,2018,240,u10,m s^-1,3.6173108983800404,0.16519663313746297,365
fno,fno,raw,2018,240,v10,m s^-1,3.5653282554348813,0.12036016216451648,365
fno,fno,raw,2018,240,t2m,K,3.586996673952591,0.09975632664801577,365
fno,fno,raw,2018,240,mslp,Pa,690.8768779205203,0.18769649058166055,365
fno,fno,raw,2019,24,z50,m^2 s^-2,610.6663237373729,0.8709230858760285,365
fno,fno,raw,2019,24,z100,m^2 s^-2,553.6879560312917,0.8331799377681977,365
fno,fno,raw,2019,24,z200,m^2 s^-2,551.724833313859,0.8565660642452412,365
fno,fno,raw,2019,24,z300,m^2 s^-2,527.0457433488973,0.8741642373479132,365
fno,fno,raw,2019,24,z500,m^2 s^-2,357.10562303888906,0.8936423204054561,365
fno,fno,raw,2019,24,z700,m^2 s^-2,266.50324639734754,0.8988405200389749,365
fno,fno,raw,2019,24,z850,m^2 s^-2,252.15515746757987,0.8840154053592131,365
fno,fno,raw,2019,24,z925,m^2 s^-2,257.8993851933997,0.8752660693386934,365
fno,fno,raw,2019,24,z1000,m^2 s^-2,272.1698623242843,0.8648369438031567,365
fno,fno,raw,2019,24,q50,kg kg^-1,1.92171688865373e-07,-0.023775181973962948,365
fno,fno,raw,2019,24,q100,kg kg^-1,3.425034824511096e-07,0.4619825158761943,365
fno,fno,raw,2019,24,q200,kg kg^-1,1.1827325986911468e-05,0.5624473132684271,365
fno,fno,raw,2019,24,q300,kg kg^-1,9.718775015304163e-05,0.6266964810159518,365
fno,fno,raw,2019,24,q500,kg kg^-1,0.0005842486681761345,0.6620174095897624,365
fno,fno,raw,2019,24,q700,kg kg^-1,0.0011859611362728113,0.599103922957692,365
fno,fno,raw,2019,24,q850,kg kg^-1,0.001450495461357743,0.5272036992461402,365
fno,fno,raw,2019,24,q925,kg kg^-1,0.0012089497368252132,0.5318008613833018,365
fno,fno,raw,2019,24,q1000,kg kg^-1,0.0013121287072410896,0.5120515552879988,365
fno,fno,raw,2019,24,t50,K,2.318100294738803,0.7955399625886392,365
fno,fno,raw,2019,24,t100,K,2.112642129193899,0.7809795183951043,365
fno,fno,raw,2019,24,t200,K,2.490037550663265,0.7223219346608767,365
fno,fno,raw,2019,24,t300,K,2.0129290868618566,0.5929120779003779,365
fno,fno,raw,2019,24,t500,K,2.1569830629307125,0.6914922264779289,365
fno,fno,raw,2019,24,t700,K,2.2485052816606617,0.6773542857984257,365
fno,fno,raw,2019,24,t850,K,2.495283910676061,0.652517900769848,365
fno,fno,raw,2019,24,t925,K,2.4674408946391972,0.5922955246496241,365
fno,fno,raw,2019,24,t1000,K,2.4337407694387636,0.5032125348708157,365
fno,fno,raw,2019,24,u50,m s^-1,3.7994407441671334,0.8601444371316884,365
fno,fno,raw,2019,24,u100,m s^-1,4.415435748024924,0.7967857303396272,365
fno,fno,raw,2019,24,u200,m s^-1,5.9842815335521635,0.8463751902348257,365
fno,fno,raw,2019,24,u300,m s^-1,6.175093572116106,0.8401783837980963,365
fno,fno,raw,2019,24,u500,m s^-1,4.299578239681317,0.835987145028022,365
fno,fno,raw,2019,24,u700,m s^-1,3.423733518032192,0.8223633809351909,365
fno,fno,raw,2019,24,u850,m s^-1,3.153805333652064,0.8019068342515784,365
fno,fno,raw,2019,24,u925,m s^-1,3.0898150128282307,0.7956796684308353,365
fno,fno,raw,2019,24,u1000,m s^-1,2.4395851946562965,0.7933877140104468,365
fno,fno,raw,2019,24,v50,m s^-1,2.3469311442018523,0.8602940190942202,365
fno,fno,raw,2019,24,v100,m s^-1,3.3541925563076536,0.8460567172192597,365
fno,fno,raw,2019,24,v200,m s^-1,5.2422046336267885,0.8794531722696172,365
fno,fno,raw,2019,24,v300,m s^-1,5.572672761792239,0.869879349325106,365
fno,fno,raw,2019,24,v500,m s^-1,3.8342358159756644,0.86327786686246,365
fno,fno,raw,2019,24,v700,m s^-1,3.03956405703402,0.8431012032455208,365
fno,fno,raw,2019,24,v850,m s^-1,2.8599521278692697,0.8167268462308466,365
fno,fno,raw,2019,24,v925,m s^-1,2.8673103825900403,0.8210744961448111,365
fno,fno,raw,2019,24,v1000,m s^-1,2.335809600624103,0.817797788521988,365
fno,fno,raw,2019,24,u10,m s^-1,2.183160456117442,0.7915148828150111,365
fno,fno,raw,2019,24,v10,m s^-1,2.0670226438074484,0.8145793262251763,365
fno,fno,raw,2019,24,t2m,K,3.0656758212563466,0.38502510670761037,365
fno,fno,raw,2019,24,mslp,Pa,346.44062374252474,0.8629981295593518,365
fno,fno,raw,2019,72,z50,m^2 s^-2,620.0458015147167,0.8666495023582732,365
fno,fno,raw,2019,72,z100,m^2 s^-2,601.8605347199837,0.7986525191864646,365
fno,fno,raw,2019,72,z200,m^2 s^-2,751.1958856128299,0.7115990610494826,365
fno,fno,raw,2019,72,z300,m^2 s^-2,786.7222924329518,0.6889625941719022,365
fno,fno,raw,2019,72,z500,m^2 s^-2,577.1566314494077,0.6876866422027222,365
fno,fno,raw,2019,72,z700,m^2 s^-2,454.87012868325604,0.6624624190052685,365
fno,fno,raw,2019,72,z850,m^2 s^-2,419.05212174179644,0.6283604010469894,365
fno,fno,raw,2019,72,z925,m^2 s^-2,422.39141323155064,0.609430640789164,365
fno,fno,raw,2019,72,z1000,m^2 s^-2,435.81818032451315,0.5938906179770571,365
fno,fno,raw,2019,72,q50,kg kg^-1,1.9107336824250775e-07,-0.04929850773619683,365
fno,fno,raw,2019,72,q100,kg kg^-1,3.4791828416574463e-07,0.4361994185488379,365
fno,fno,raw,2019,72,q200,kg kg^-1,1.3081329863568954e-05,0.4029416606318049,365
fno,fno,raw,2019,72,q300,kg kg^-1,0.00011417335287780938,0.40095854644343154,365
fno,fno,raw,2019,72,q500,kg kg^-1,0.0007009390216357435,0.4371726878487691,365
fno,fno,raw,2019,72,q700,kg kg^-1,0.00136442427203705,0.3914791992469535,365
fno,fno,raw,2019,72,q850,kg kg^-1,0.0016226803126927834,0.3308753546908071,365
fno,fno,raw,2019,72,q925,kg kg^-1,0.0013525992553844709,0.34805462091231293,365
fno,fno,raw,2019,72,q1000,kg kg^-1,0.0014650893136516129,0.33104646557516887,365
fno,fno,raw,2019,72,t50,K,2.3911324558700775,0.7786024850969551,365
fno,fno,raw,2019,72,t100,K,2.3431156539520126,0.719428385335109,365
fno,fno,raw,2019,72,t200,K,2.871477519511165,0.6032287910952113,365
fno,fno,raw,2019,72,t300,K,2.170101052666888,0.49738234954460725,365
fno,fno,raw,2019,72,t500,K,2.50415397633118,0.5431536676472352,365
fno,fno,raw,2019,72,t700,K,2.623824705870908,0.5146237714164301,365
fno,fno,raw,2019,72,t850,K,2.8697492179642428,0.49408051246547025,365
fno,fno,raw,2019,72,t925,K,2.7960445218246295,0.42529300622283733,365
fno,fno,raw,2019,72,t1000,K,2.66885999156927,0.3598960514260589,365
fno,fno,raw,2019,72,u50,m s^-1,4.074022572950735,0.8372036082667723,365
fno,fno,raw,2019,72,u100,m s^-1,5.326223729872441,0.683017809160364,365
fno,fno,raw,2019,72,u200,m s^-1,8.719850332671157,0.630035776294946,365
fno,fno,raw,2019,72,u300,m s^-1,9.129594877440287,0.5979735618620802,365
fno,fno,raw,2019,72,u500,m s^-1,6.307510005527159,0.5958786632698768,365
fno,fno,raw,2019,72,u700,m s^-1,4.965448065665669,0.568497619895242,365
fno,fno,raw,2019,72,u850,m s^-1,4.5524708800656395,0.5109103413513219,365
fno,fno,raw,2019,72,u925,m s^-1,4.49307376431371,0.47916698700982724,365
fno,fno,raw,2019,72,u1000,m s^-1,3.5471927457448476,0.471395825905058,365
fno,fno,raw,2019,72,v50,m s^-1,3.1890106959529922,0.7205543858761262,365
fno,fno,raw,2019,72,v100,m s^-1,4.667668806042258,0.670466492395298,365
fno,fno,raw,2019,72,v200,m s^-1,8.570747994641064,0.6284906917276516,365
fno,fno,raw,2019,72,v300,m s^-1,8.995327361590283,0.605791095481583,365
fno,fno,raw,2019,72,v500,m s^-1,6.056756990609427,0.6046923150292373,365
fno,fno,raw,2019,72,v700,m s^-1,4.671512540798837,0.5657062578417585,365
fno,fno,raw,2019,72,v850,m s^-1,4.29399669732856,0.5040157830559702,365
fno,fno,raw,2019,72,v925,m s^-1,4.384492025524189,0.49227142290041415,365
fno,fno,raw,2019,72,v1000,m s^-1,3.5435149783953435,0.4920522938385225,365
fno,fno,raw,2019,72,u10,m s^-1,3.1631325696914443,0.4705478884112579,365
fno,fno,raw,2019,72,v10,m s^-1,3.123236252416595,0.48639522738880225,365
fno,fno,raw,2019,72,t2m,K,3.2269896305682813,0.2715807879710967,365
fno,fno,raw,2019,72,mslp,Pa,551.9774600430238,0.592344070423569,365
fno,fno,raw,2019,120,z50,m^2 s^-2,719.3751338621444,0.8141236760219959,365
fno,fno,raw,2019,120,z100,m^2 s^-2,715.3352705056924,0.6973319376110906,365
fno,fno,raw,2019,120,z200,m^2 s^-2,891.3844755798671,0.550020332714302,365
fno,fno,raw,2019,120,z300,m^2 s^-2,934.2822984435334,0.5079946449433758,365
fno,fno,raw,2019,120,z500,m^2 s^-2,687.0940740297364,0.5036130411165525,365
fno,fno,raw,2019,120,z700,m^2 s^-2,531.6178366359165,0.4853808290560785,365
fno,fno,raw,2019,120,z850,m^2 s^-2,479.3996695354357,0.45855500220141987,365
fno,fno,raw,2019,120,z925,m^2 s^-2,477.60690485489056,0.44651288428523905,365
fno,fno,raw,2019,120,z1000,m^2 s^-2,489.811709218975,0.43182331969017007,365
fno,fno,raw,2019,120,q50,kg kg^-1,1.935719808027619e-07,-0.06655910406650166,365
fno,fno,raw,2019,120,q100,kg kg^-1,3.524896276818504e-07,0.4136816684315067,365
fno,fno,raw,2019,120,q200,kg kg^-1,1.3420442343767088e-05,0.34275632908376513,365
fno,fno,raw,2019,120,q300,kg kg^-1,0.00011799379375916581,0.32302544912834696,365
fno,fno,raw,2019,120,q500,kg kg^-1,0.0007325614015269124,0.3439208231954223,365
fno,fno,raw,2019,120,q700,kg kg^-1,0.0014180991767728927,0.29957952016344896,365
fno,fno,raw,2019,120,q850,kg kg^-1,0.0016783399774495836,0.2480233465674644,365
fno,fno,raw,2019,120,q925,kg kg^-1,0.0014097904203425392,0.26054607302761307,365
fno,fno,raw,2019,120,q1000,kg kg^-1,0.0015455429235435665,0.22806676216081723,365
fno,fno,raw,2019,120,t50,K,2.5718301731734594,0.731705663700421,365
fno,fno,raw,2019,120,t100,K,2.556583766635748,0.6518278701662946,365
fno,fno,raw,2019,120,t200,K,3.0924100155767418,0.5127979603264584,365
fno,fno,raw,2019,120,t300,K,2.3108334008218154,0.39005066535526417,365
fno,fno,raw,2019,120,t500,K,2.746481814072515,0.39572422898789655,365
fno,fno,raw,2019,120,t700,K,2.8875055501835094,0.3601127331827624,365
fno,fno,raw,2019,120,t850,K,3.125864108034715,0.34691046592191727,365
fno,fno,raw,2019,120,t925,K,3.0048661233174254,0.2925190530869395,365
fno,fno,raw,2019,120,t1000,K,2.831401229068383,0.25874538910534567,365
fno,fno,raw,2019,120,u50,m s^-1,4.550682452139355,0.7902281505947747,365
fno,fno,raw,2019,120,u100,m s^-1,6.011270244418484,0.5650775084729246,365
fno,fno,raw,2019,120,u200,m s^-1,9.92648362909727,0.4697623253265928,365
fno,fno,raw,2019,120,u300,m s^-1,10.288705328974046,0.4324611212561527,365
fno,fno,raw,2019,120,u500,m s^-1,7.14173076947191,0.42084850278018715,365
fno,fno,raw,2019,120,u700,m s^-1,5.547127053570936,0.3988386086210473,365
fno,fno,raw,2019,120,u850,m s^-1,4.9703727758629235,0.35288390605634,365
fno,fno,raw,2019,120,u925,m s^-1,4.855902077246284,0.3268668557214093,365
fno,fno,raw,2019,120,u1000,m s^-1,3.820673472460122,0.3235274797059998,365
fno,fno,raw,2019,120,v50,m s^-1,3.7990935041642415,0.5657478816726629,365
fno,fno,raw,2019,120,v100,m s^-1,5.631553589497523,0.4543129550994492,365
fno,fno,raw,2019,120,v200,m s^-1,10.203810550721887,0.3858903642093705,365
fno,fno,raw,2019,120,v300,m s^-1,10.538955213635434,0.37146518059878314,365
fno,fno,raw,2019,120,v500,m s^-1,7.091464953584206,0.3749788102465054,365
fno,fno,raw,2019,120,v700,m s^-1,5.3403152840662775,0.35229207111087196,365
fno,fno,raw,2019,120,v850,m s^-1,4.760960948938533,0.31059816072669144,365
fno,fno,raw,2019,120,v925,m s^-1,4.84463552245071,0.2965173792951234,365
fno,fno,raw,2019,120,v1000,m s^-1,3.9243871693207257,0.29134019073561307,365
fno,fno,raw,2019,120,u10,m s^-1,3.4003151165854923,0.3274630731787984,365
fno,fno,raw,2019,120,v10,m s^-1,3.449251345359704,0.28921483125902975,365
fno,fno,raw,2019,120,t2m,K,3.4199984654969606,0.19749650334434976,365
fno,fno,raw,2019,120,mslp,Pa,619.3875607631156,0.4322554905711542,365
fno,fno,raw,2019,168,z50,m^2 s^-2,815.1532304321097,0.7519373664447081,365
fno,fno,raw,2019,168,z100,m^2 s^-2,789.0239780438122,0.6135503018141759,365
fno,fno,raw,2019,168,z200,m^2 s^-2,963.6295646369853,0.43479846353733054,365
fno,fno,raw,2019,168,z300,m^2 s^-2,1004.0281929097082,0.3876087647519823,365
fno,fno,raw,2019,168,z500,m^2 s^-2,736.866203806121,0.3858789541799945,365
fno,fno,raw,2019,168,z700,m^2 s^-2,567.6073605525431,0.37106406969591527,365
fno,fno,raw,2019,168,z850,m^2 s^-2,508.35876735252447,0.34952610862396283,365
fno,fno,raw,2019,168,z925,m^2 s^-2,503.2039365457478,0.34339773910261234,365
fno,fno,raw,2019,168,z1000,m^2 s^-2,514.3464065189652,0.3323690096253777,365
fno,fno,raw,2019,168,q50,kg kg^-1,1.897466155609497e-07,-0.0659063050214902,365
fno,fno,raw,2019,168,q100,kg kg^-1,3.5902363728004503e-07,0.37866596921951323,365
fno,fno,raw,2019,168,q200,kg kg^-1,1.3670611661035912e-05,0.2933108457334187,365
fno,fno,raw,2019,168,q300,kg kg^-1,0.00012007672175091838,0.274315214036493,365
fno,fno,raw,2019,168,q500,kg kg^-1,0.0007497665385528322,0.28622388579295155,365
fno,fno,raw,2019,168,q700,kg kg^-1,0.00144477711420593,0.25034778760056303,365
fno,fno,raw,2019,168,q850,kg kg^-1,0.001706657130318014,0.20832877672888522,365
fno,fno,raw,2019,168,q925,kg kg^-1,0.0014413867569134423,0.21082806688374947,365
fno,fno,raw,2019,168,q1000,kg kg^-1,0.001587526064053308,0.17870246636458956,365
fno,fno,raw,2019,168,t50,K,2.676128945567795,0.7001843124365336,365
fno,fno,raw,2019,168,t100,K,2.7262453284870527,0.5915707097187212,365
fno,fno,raw,2019,168,t200,K,3.21769706509043,0.4515212295941928,365
fno,fno,raw,2019,168,t300,K,2.3855417061095965,0.32362315801528274,365
fno,fno,raw,2019,168,t500,K,2.864026648548886,0.30145065320231496,365
fno,fno,raw,2019,168,t700,K,3.0262738953283677,0.2607199537798499,365
fno,fno,raw,2019,168,t850,K,3.2667348437552874,0.2528328999999151,365
fno,fno,raw,2019,168,t925,K,3.126132048731998,0.20993953319029646,365
fno,fno,raw,2019,168,t1000,K,2.9156496023271967,0.19763750469348765,365
fno,fno,raw,2019,168,u50,m s^-1,4.937115921843682,0.7455701287095504,365
fno,fno,raw,2019,168,u100,m s^-1,6.458453889947368,0.46565239276743886,365
fno,fno,raw,2019,168,u200,m s^-1,10.552883117756691,0.35595820436400616,365
fno,fno,raw,2019,168,u300,m s^-1,10.849330562661248,0.3196096518119796,365
fno,fno,raw,2019,168,u500,m s^-1,7.526320417243705,0.3054118768825921,365
fno,fno,raw,2019,168,u700,m s^-1,5.79728783608389,0.29797176514349016,365
fno,fno,raw,2019,168,u850,m s^-1,5.142870763305275,0.26731172612334414,365
fno,fno,raw,2019,168,u925,m s^-1,5.003724993717932,0.24703860000863104,365
fno,fno,raw,2019,168,u1000,m s^-1,3.9319731830696787,0.24638945081243585,365
fno,fno,raw,2019,168,v50,m s^-1,4.160541090400217,0.43787685299850176,365
fno,fno,raw,2019,168,v100,m s^-1,6.0736470204445325,0.3036512347390004,365
fno,fno,raw,2019,168,v200,m s^-1,10.774740979342464,0.2478051865920786,365
fno,fno,raw,2019,168,v300,m s^-1,11.075107163279686,0.23894295044268724,365
fno,fno,raw,2019,168,v500,m s^-1,7.467306532818069,0.23936141752039924,365
fno,fno,raw,2019,168,v700,m s^-1,5.582578401309115,0.22898303616068225,365
fno,fno,raw,2019,168,v850,m s^-1,4.915394871413514,0.20977586271191,365
fno,fno,raw,2019,168,v925,m s^-1,4.9811957462789485,0.20373008566443102,365
fno,fno,raw,2019,168,v1000,m s^-1,4.030368665408279,0.20037615068028541,365
fno,fno,raw,2019,168,u10,m s^-1,3.5066146545086916,0.2484350226569577,365
fno,fno,raw,2019,168,v10,m s^-1,3.543413047681226,0.19918033355782888,365
fno,fno,raw,2019,168,t2m,K,3.48845644043986,0.14712669144411447,365
fno,fno,raw,2019,168,mslp,Pa,650.2908824568486,0.33419906197684884,365
fno,fno,raw,2019,240,z50,m^2 s^-2,944.5866061441106,0.6520399411202314,365
fno,fno,raw,2019,240,z100,m^2 s^-2,876.631260488946,0.4946882179215723,365
fno,fno,raw,2019,240,z200,m^2 s^-2,1030.078948547016,0.3070744726768083,365
fno,fno,raw,2019,240,z300,m^2 s^-2,1060.9617882355096,0.26075287245006773,365
fno,fno,raw,2019,240,z500,m^2 s^-2,780.0476329524099,0.25956894896923616,365
fno,fno,raw,2019,240,z700,m^2 s^-2,597.3207059616701,0.25264306726333086,365
fno,fno,raw,2019,240,z850,m^2 s^-2,530.061200387108,0.24553525726558284,365
fno,fno,raw,2019,240,z925,m^2 s^-2,525.284534074642,0.23863761555886057,365
fno,fno,raw,2019,240,z1000,m^2 s^-2,534.9409626880745,0.2335625536860676,365
fno,fno,raw,2019,240,q50,kg kg^-1,1.95166887266024e-07,-0.11101572663531643,365
fno,fno,raw,2019,240,q100,kg kg^-1,3.6904000782560095e-07,0.3171937892293613,365
fno,fno,raw,2019,240,q200,kg kg^-1,1.395121041400469e-05,0.23888960144275825,365
fno,fno,raw,2019,240,q300,kg kg^-1,0.00012222648700963088,0.22154035949881862,365
fno,fno,raw,2019,240,q500,kg kg^-1,0.0007662640313686574,0.22662615500769695,365
fno,fno,raw,2019,240,q700,kg kg^-1,0.0014739261098242727,0.19603618844945908,365
fno,fno,raw,2019,240,q850,kg kg^-1,0.0017334703200607092,0.1713312437354864,365
fno,fno,raw,2019,240,q925,kg kg^-1,0.001464113564631962,0.18304603896650695,365
fno,fno,raw,2019,240,q1000,kg kg^-1,0.0016210154123781797,0.14119599124780527,365
fno,fno,raw,2019,240,t50,K,2.89204394576816,0.6289947434824389,365
fno,fno,raw,2019,240,t100,K,2.9140605186935638,0.5156598037586465,365
fno,fno,raw,2019,240,t200,K,3.3608802812549765,0.3742648177592468,365
fno,fno,raw,2019,240,t300,K,2.469011868419087,0.24785246095763158,365
fno,fno,raw,2019,240,t500,K,2.977731085402672,0.1997862994901365,365
fno,fno,raw,2019,240,t700,K,3.151049460242326,0.16668712910415578,365
fno,fno,raw,2019,240,t850,K,3.39467393554885,0.16948926958336566,365
fno,fno,raw,2019,240,t925,K,3.2310817270084358,0.14171364122959396,365
fno,fno,raw,2019,240,t1000,K,3.0031347101188417,0.1533434555627461,365
fno,fno,raw,2019,240,u50,m s^-1,5.377028638730105,0.6859959597426417,365
fno,fno,raw,2019,240,u100,m s^-1,6.891722424937525,0.353219945728361,365
fno,fno,raw,2019,240,u200,m s^-1,11.046443754214613,0.24771059336729778,365
fno,fno,raw,2019,240,u300,m s^-1,11.252143151744217,0.2207332706463574,365
fno,fno,raw,2019,240,u500,m s^-1,7.788230003102669,0.20885252001332139,365
fno,fno,raw,2019,240,u700,m s^-1,5.991008225857674,0.2096327130383157,365
fno,fno,raw,2019,240,u850,m s^-1,5.289312873447531,0.19186441665135737,365
fno,fno,raw,2019,240,u925,m s^-1,5.12101895445814,0.18029886206861168,365
fno,fno,raw,2019,240,u1000,m s^-1,4.022570895128194,0.17938129839525097,365
fno,fno,raw,2019,240,v50,m s^-1,4.403799054490597,0.30842387990796627,365
fno,fno,raw,2019,240,v100,m s^-1,6.263627622080698,0.18738719962031422,365
fno,fno,raw,2019,240,v200,m s^-1,10.979199795031224,0.1587736210271003,365
fno,fno,raw,2019,240,v300,m s^-1,11.236780979936192,0.15893126935314852,365
fno,fno,raw,2019,240,v500,m s^-1,7.5751867225336875,0.15511671859927745,365
fno,fno,raw,2019,240,v700,m s^-1,5.664229417765906,0.145448612263186,365
fno,fno,raw,2019,240,v850,m s^-1,4.985779267600668,0.13386995745395133,365
fno,fno,raw,2019,240,v925,m s^-1,5.045101170074874,0.1357262165006276,365
fno,fno,raw,2019,240,v1000,m s^-1,4.079757851903151,0.13775010368090773,365
fno,fno,raw,2019,240,u10,m s^-1,3.5858429060092476,0.182001931154043,365
fno,fno,raw,2019,240,v10,m s^-1,3.5862940673352974,0.13695423249954136,365
fno,fno,raw,2019,240,t2m,K,3.610734196769267,0.09854193288155148,365
fno,fno,raw,2019,240,mslp,Pa,677.19808082112,0.2338475398964074,365
fno,fno,sphere_ttc,2018,24,z50,m^2 s^-2,561.1924590854886,0.8452291043207844,365
fno,fno,sphere_ttc,2018,24,z100,m^2 s^-2,488.5718763502922,0.8404040901044979,365
fno,fno,sphere_ttc,2018,24,z200,m^2 s^-2,508.5556686840536,0.8725313944975692,365
fno,fno,sphere_ttc,2018,24,z300,m^2 s^-2,506.44218455947157,0.8827547686778241,365
fno,fno,sphere_ttc,2018,24,z500,m^2 s^-2,338.78471401264574,0.9043370788954452,365
fno,fno,sphere_ttc,2018,24,z700,m^2 s^-2,254.60692216391968,0.9075538225052351,365
fno,fno,sphere_ttc,2018,24,z850,m^2 s^-2,247.0140803614891,0.8888403524474148,365
fno,fno,sphere_ttc,2018,24,z925,m^2 s^-2,255.54558907371938,0.8778427889018067,365
fno,fno,sphere_ttc,2018,24,z1000,m^2 s^-2,271.05269392735056,0.8661043089083714,365
fno,fno,sphere_ttc,2018,24,q50,kg kg^-1,1.7848403726690016e-07,0.06103278460911946,365
fno,fno,sphere_ttc,2018,24,q100,kg kg^-1,3.297789727697647e-07,0.4564736886048791,365
fno,fno,sphere_ttc,2018,24,q200,kg kg^-1,1.1100480392760384e-05,0.5518024710220121,365
fno,fno,sphere_ttc,2018,24,q300,kg kg^-1,9.387002307174736e-05,0.6197807955079068,365
fno,fno,sphere_ttc,2018,24,q500,kg kg^-1,0.000579966975013728,0.6539471041344763,365
fno,fno,sphere_ttc,2018,24,q700,kg kg^-1,0.0011747839097946216,0.5991497511575701,365
fno,fno,sphere_ttc,2018,24,q850,kg kg^-1,0.0013963337309564616,0.5404207745859723,365
fno,fno,sphere_ttc,2018,24,q925,kg kg^-1,0.001132277121387355,0.5593639213918196,365
fno,fno,sphere_ttc,2018,24,q1000,kg kg^-1,0.0011651261855554946,0.5891919450897907,365
fno,fno,sphere_ttc,2018,24,t50,K,1.9248028118567457,0.7691199341034349,365
fno,fno,sphere_ttc,2018,24,t100,K,2.062253460335462,0.7368635795082414,365
fno,fno,sphere_ttc,2018,24,t200,K,2.3796132481485763,0.7171623879851208,365
fno,fno,sphere_ttc,2018,24,t300,K,1.9095796701389112,0.6063378093262403,365
fno,fno,sphere_ttc,2018,24,t500,K,2.089531494223389,0.7169812027988433,365
fno,fno,sphere_ttc,2018,24,t700,K,2.078339570496133,0.7329546647608189,365
fno,fno,sphere_ttc,2018,24,t850,K,2.3313956629195283,0.7019520113623112,365
fno,fno,sphere_ttc,2018,24,t925,K,2.321166344124594,0.6446793899552642,365
fno,fno,sphere_ttc,2018,24,t1000,K,2.225917331814395,0.5763674186763398,365
fno,fno,sphere_ttc,2018,24,u50,m s^-1,3.6179936286243155,0.8940218409992897,365
fno,fno,sphere_ttc,2018,24,u100,m s^-1,4.304954498639512,0.7918593413131568,365
fno,fno,sphere_ttc,2018,24,u200,m s^-1,5.978424516115521,0.8514556237528995,365
fno,fno,sphere_ttc,2018,24,u300,m s^-1,6.198947004913541,0.845127719531559,365
fno,fno,sphere_ttc,2018,24,u500,m s^-1,4.329156178123368,0.8415348293578361,365
fno,fno,sphere_ttc,2018,24,u700,m s^-1,3.4175309842274677,0.829334729568212,365
fno,fno,sphere_ttc,2018,24,u850,m s^-1,3.1543189690331124,0.8073667661588365,365
fno,fno,sphere_ttc,2018,24,u925,m s^-1,3.090168212356943,0.80116716061133,365
fno,fno,sphere_ttc,2018,24,u1000,m s^-1,2.4428932575503874,0.7970527137258753,365
fno,fno,sphere_ttc,2018,24,v50,m s^-1,2.293828511792625,0.8809175715166213,365
fno,fno,sphere_ttc,2018,24,v100,m s^-1,3.2844309621658065,0.8505249710070156,365
fno,fno,sphere_ttc,2018,24,v200,m s^-1,5.238321186029681,0.8744552153076534,365
fno,fno,sphere_ttc,2018,24,v300,m s^-1,5.535880537053694,0.8678516807308687,365
fno,fno,sphere_ttc,2018,24,v500,m s^-1,3.807546973660218,0.8603703569599562,365
fno,fno,sphere_ttc,2018,24,v700,m s^-1,3.0080419710555404,0.839826141878744,365
fno,fno,sphere_ttc,2018,24,v850,m s^-1,2.8274597288575065,0.8146628466498783,365
fno,fno,sphere_ttc,2018,24,v925,m s^-1,2.8431537136816663,0.818774377192169,365
fno,fno,sphere_ttc,2018,24,v1000,m s^-1,2.322150923018806,0.8154082802691065,365
fno,fno,sphere_ttc,2018,24,u10,m s^-1,2.182551435461181,0.794156578703417,365
fno,fno,sphere_ttc,2018,24,v10,m s^-1,2.05498553652372,0.8125339449475707,365
fno,fno,sphere_ttc,2018,24,t2m,K,2.488616918224759,0.4821264915910048,365
fno,fno,sphere_ttc,2018,24,mslp,Pa,345.27163777631625,0.8642603717805154,365
fno,fno,sphere_ttc,2018,72,z50,m^2 s^-2,643.7789686925335,0.7917597651234851,365
fno,fno,sphere_ttc,2018,72,z100,m^2 s^-2,606.7786648494148,0.741919489937063,365
fno,fno,sphere_ttc,2018,72,z200,m^2 s^-2,755.5194923620708,0.6887227162024029,365
fno,fno,sphere_ttc,2018,72,z300,m^2 s^-2,794.8743331905167,0.6761225158622486,365
fno,fno,sphere_ttc,2018,72,z500,m^2 s^-2,582.114442884495,0.6802309661475268,365
fno,fno,sphere_ttc,2018,72,z700,m^2 s^-2,456.6478225971361,0.6582254450366889,365
fno,fno,sphere_ttc,2018,72,z850,m^2 s^-2,421.2290966471304,0.6245099895428127,365
fno,fno,sphere_ttc,2018,72,z925,m^2 s^-2,424.6928035870921,0.6060053275047514,365
fno,fno,sphere_ttc,2018,72,z1000,m^2 s^-2,438.556419555753,0.5887698818074978,365
fno,fno,sphere_ttc,2018,72,q50,kg kg^-1,1.744372356659937e-07,0.07136238510645006,365
fno,fno,sphere_ttc,2018,72,q100,kg kg^-1,3.3704874542863606e-07,0.41828374574121996,365
fno,fno,sphere_ttc,2018,72,q200,kg kg^-1,1.2343988808234516e-05,0.37861576576322453,365
fno,fno,sphere_ttc,2018,72,q300,kg kg^-1,0.00011013037533586812,0.39298816908094913,365
fno,fno,sphere_ttc,2018,72,q500,kg kg^-1,0.0006932442342415772,0.4276273318080397,365
fno,fno,sphere_ttc,2018,72,q700,kg kg^-1,0.0013535346357616623,0.3877488921757363,365
fno,fno,sphere_ttc,2018,72,q850,kg kg^-1,0.001582596252976764,0.32793877900142954,365
fno,fno,sphere_ttc,2018,72,q925,kg kg^-1,0.0013034489056921261,0.34286276754732276,365
fno,fno,sphere_ttc,2018,72,q1000,kg kg^-1,0.001366600403996622,0.3740268417504703,365
fno,fno,sphere_ttc,2018,72,t50,K,2.121984476239872,0.7111853502137142,365
fno,fno,sphere_ttc,2018,72,t100,K,2.359766199569929,0.6352696020955159,365
fno,fno,sphere_ttc,2018,72,t200,K,2.8604951788987543,0.5463524077927215,365
fno,fno,sphere_ttc,2018,72,t300,K,2.1286035342970338,0.46893171653527876,365
fno,fno,sphere_ttc,2018,72,t500,K,2.529096847649124,0.5379296128619842,365
fno,fno,sphere_ttc,2018,72,t700,K,2.590240700942003,0.5356631231286181,365
fno,fno,sphere_ttc,2018,72,t850,K,2.826954097955916,0.5084417166624279,365
fno,fno,sphere_ttc,2018,72,t925,K,2.7216724863074333,0.45608161079499965,365
fno,fno,sphere_ttc,2018,72,t1000,K,2.519527347687657,0.4151947180145197,365
fno,fno,sphere_ttc,2018,72,u50,m s^-1,4.107097458855878,0.8612747505442458,365
fno,fno,sphere_ttc,2018,72,u100,m s^-1,5.338864356603147,0.6557851413530758,365
fno,fno,sphere_ttc,2018,72,u200,m s^-1,8.83358778078897,0.6335780973033831,365
fno,fno,sphere_ttc,2018,72,u300,m s^-1,9.256562947952755,0.6031561449294687,365
fno,fno,sphere_ttc,2018,72,u500,m s^-1,6.397070930589135,0.604459998876092,365
fno,fno,sphere_ttc,2018,72,u700,m s^-1,4.999109505562571,0.5786322292279704,365
fno,fno,sphere_ttc,2018,72,u850,m s^-1,4.586080819206563,0.5173420436839257,365
fno,fno,sphere_ttc,2018,72,u925,m s^-1,4.524622969213171,0.48612764729659785,365
fno,fno,sphere_ttc,2018,72,u1000,m s^-1,3.564505057442101,0.47684157303594704,365
fno,fno,sphere_ttc,2018,72,v50,m s^-1,3.4106095705144397,0.7109175907071108,365
fno,fno,sphere_ttc,2018,72,v100,m s^-1,4.712343088345034,0.6575337820937397,365
fno,fno,sphere_ttc,2018,72,v200,m s^-1,8.596297419274196,0.606211870359162,365
fno,fno,sphere_ttc,2018,72,v300,m s^-1,9.033692752719775,0.5865717077146487,365
fno,fno,sphere_ttc,2018,72,v500,m s^-1,6.062290971026782,0.5864900185720163,365
fno,fno,sphere_ttc,2018,72,v700,m s^-1,4.651695909056697,0.5476056588595183,365
fno,fno,sphere_ttc,2018,72,v850,m s^-1,4.2838072851821805,0.4846681824053406,365
fno,fno,sphere_ttc,2018,72,v925,m s^-1,4.378670758186392,0.47376866230222475,365
fno,fno,sphere_ttc,2018,72,v1000,m s^-1,3.5419014169344143,0.4757002555501002,365
fno,fno,sphere_ttc,2018,72,u10,m s^-1,3.171786892578033,0.4733227109075855,365
fno,fno,sphere_ttc,2018,72,v10,m s^-1,3.122795153229438,0.47057009594629134,365
fno,fno,sphere_ttc,2018,72,t2m,K,2.7225605994248476,0.3535297479667038,365
fno,fno,sphere_ttc,2018,72,mslp,Pa,556.8425202311051,0.5854633396802045,365
fno,fno,sphere_ttc,2018,120,z50,m^2 s^-2,767.328668714052,0.69107011852672,365
fno,fno,sphere_ttc,2018,120,z100,m^2 s^-2,724.7290103492345,0.6049673203833755,365
fno,fno,sphere_ttc,2018,120,z200,m^2 s^-2,891.5962341651052,0.5204130568323276,365
fno,fno,sphere_ttc,2018,120,z300,m^2 s^-2,939.4389857125966,0.4938433491655044,365
fno,fno,sphere_ttc,2018,120,z500,m^2 s^-2,689.3301027059354,0.4990876544402872,365
fno,fno,sphere_ttc,2018,120,z700,m^2 s^-2,533.538825000144,0.47982726510777685,365
fno,fno,sphere_ttc,2018,120,z850,m^2 s^-2,481.70841891767304,0.4541325747790961,365
fno,fno,sphere_ttc,2018,120,z925,m^2 s^-2,480.9142720164474,0.43924396317545966,365
fno,fno,sphere_ttc,2018,120,z1000,m^2 s^-2,493.07892161925304,0.4232130500006094,365
fno,fno,sphere_ttc,2018,120,q50,kg kg^-1,1.7576069627039358e-07,0.06294605503743775,365
fno,fno,sphere_ttc,2018,120,q100,kg kg^-1,3.454033143485446e-07,0.37219494640931217,365
fno,fno,sphere_ttc,2018,120,q200,kg kg^-1,1.2712199820163267e-05,0.3112849260972844,365
fno,fno,sphere_ttc,2018,120,q300,kg kg^-1,0.0001138522781500164,0.31472837147584465,365
fno,fno,sphere_ttc,2018,120,q500,kg kg^-1,0.0007236702206001088,0.33542428597455687,365
fno,fno,sphere_ttc,2018,120,q700,kg kg^-1,0.0014034109353523133,0.30005403966281624,365
fno,fno,sphere_ttc,2018,120,q850,kg kg^-1,0.0016384628962314188,0.24075781132188237,365
fno,fno,sphere_ttc,2018,120,q925,kg kg^-1,0.0013598223131259552,0.24828424720203793,365
fno,fno,sphere_ttc,2018,120,q1000,kg kg^-1,0.0014524158840843223,0.25573963958064677,365
fno,fno,sphere_ttc,2018,120,t50,K,2.3854702522508737,0.620287825959347,365
fno,fno,sphere_ttc,2018,120,t100,K,2.604904552262038,0.5321412650103775,365
fno,fno,sphere_ttc,2018,120,t200,K,3.0993937825489892,0.42275916809301434,365
fno,fno,sphere_ttc,2018,120,t300,K,2.26721225657771,0.3551183833671016,365
fno,fno,sphere_ttc,2018,120,t500,K,2.7669679315683577,0.39168957241095287,365
fno,fno,sphere_ttc,2018,120,t700,K,2.8630352016705842,0.3786628459306894,365
fno,fno,sphere_ttc,2018,120,t850,K,3.0855917282690304,0.3588717412292507,365
fno,fno,sphere_ttc,2018,120,t925,K,2.9366949796745954,0.31856999761733684,365
fno,fno,sphere_ttc,2018,120,t1000,K,2.6883511090312227,0.3050339702234598,365
fno,fno,sphere_ttc,2018,120,u50,m s^-1,4.618164149628168,0.8216862326045319,365
fno,fno,sphere_ttc,2018,120,u100,m s^-1,6.0467443961883305,0.5243437755198659,365
fno,fno,sphere_ttc,2018,120,u200,m s^-1,10.073362223454,0.47494269992939664,365
fno,fno,sphere_ttc,2018,120,u300,m s^-1,10.435647763361734,0.4405455968434499,365
fno,fno,sphere_ttc,2018,120,u500,m s^-1,7.259645767907019,0.43112182966433144,365
fno,fno,sphere_ttc,2018,120,u700,m s^-1,5.5991538938956085,0.41054682644164897,365
fno,fno,sphere_ttc,2018,120,u850,m s^-1,5.0225469368675135,0.3563003390844432,365
fno,fno,sphere_ttc,2018,120,u925,m s^-1,4.9083947633117235,0.3284580507010546,365
fno,fno,sphere_ttc,2018,120,u1000,m s^-1,3.85377468277148,0.3229085865998172,365
fno,fno,sphere_ttc,2018,120,v50,m s^-1,4.051965895573279,0.5535267945873676,365
fno,fno,sphere_ttc,2018,120,v100,m s^-1,5.6374458003798145,0.4469241210282199,365
fno,fno,sphere_ttc,2018,120,v200,m s^-1,10.169311286152139,0.3564696534851463,365
fno,fno,sphere_ttc,2018,120,v300,m s^-1,10.52913765368313,0.34642170153025004,365
fno,fno,sphere_ttc,2018,120,v500,m s^-1,7.0397016993806,0.3584117453860077,365
fno,fno,sphere_ttc,2018,120,v700,m s^-1,5.271799849664941,0.3395300612856544,365
fno,fno,sphere_ttc,2018,120,v850,m s^-1,4.704806904335279,0.30145720307388485,365
fno,fno,sphere_ttc,2018,120,v925,m s^-1,4.791050129240603,0.28996357308707876,365
fno,fno,sphere_ttc,2018,120,v1000,m s^-1,3.890364210269087,0.2848219209058146,365
fno,fno,sphere_ttc,2018,120,u10,m s^-1,3.420688757641528,0.32380096406494996,365
fno,fno,sphere_ttc,2018,120,v10,m s^-1,3.41990808427291,0.28385846946551524,365
fno,fno,sphere_ttc,2018,120,t2m,K,2.8679591857149624,0.2765542225386617,365
fno,fno,sphere_ttc,2018,120,mslp,Pa,625.6992651582073,0.4188645664702143,365
fno,fno,sphere_ttc,2018,168,z50,m^2 s^-2,862.9010321889409,0.5927413085633751,365
fno,fno,sphere_ttc,2018,168,z100,m^2 s^-2,797.1397457880697,0.4957796071890502,365
fno,fno,sphere_ttc,2018,168,z200,m^2 s^-2,964.2988085252867,0.39719375275190066,365
fno,fno,sphere_ttc,2018,168,z300,m^2 s^-2,1009.6611958019478,0.3697217192510662,365
fno,fno,sphere_ttc,2018,168,z500,m^2 s^-2,741.0410401026642,0.3761770292397804,365
fno,fno,sphere_ttc,2018,168,z700,m^2 s^-2,572.007205618172,0.3553852454635868,365
fno,fno,sphere_ttc,2018,168,z850,m^2 s^-2,513.1470033908812,0.332995081151714,365
fno,fno,sphere_ttc,2018,168,z925,m^2 s^-2,508.58401780611257,0.32522867402825995,365
fno,fno,sphere_ttc,2018,168,z1000,m^2 s^-2,520.6383433719044,0.30798376356790563,365
fno,fno,sphere_ttc,2018,168,q50,kg kg^-1,1.743174615120875e-07,0.05345171797861974,365
fno,fno,sphere_ttc,2018,168,q100,kg kg^-1,3.535710897017062e-07,0.32440825832454423,365
fno,fno,sphere_ttc,2018,168,q200,kg kg^-1,1.2992105832808222e-05,0.2555133040831571,365
fno,fno,sphere_ttc,2018,168,q300,kg kg^-1,0.00011621841009907006,0.2597521950376388,365
fno,fno,sphere_ttc,2018,168,q500,kg kg^-1,0.0007422939170753317,0.2722283493619383,365
fno,fno,sphere_ttc,2018,168,q700,kg kg^-1,0.0014293893193699251,0.2510423544798291,365
fno,fno,sphere_ttc,2018,168,q850,kg kg^-1,0.001667998533761248,0.1963171688863191,365
fno,fno,sphere_ttc,2018,168,q925,kg kg^-1,0.0013904048406558202,0.19489868915131037,365
fno,fno,sphere_ttc,2018,168,q1000,kg kg^-1,0.0014972437396434633,0.1939709498433977,365
fno,fno,sphere_ttc,2018,168,t50,K,2.5770267044544766,0.5461429592795621,365
fno,fno,sphere_ttc,2018,168,t100,K,2.7903924298756233,0.4435171258068451,365
fno,fno,sphere_ttc,2018,168,t200,K,3.240136831583795,0.33266243638884974,365
fno,fno,sphere_ttc,2018,168,t300,K,2.346956085996962,0.27906268279828045,365
fno,fno,sphere_ttc,2018,168,t500,K,2.8906615230169495,0.29161332428090425,365
fno,fno,sphere_ttc,2018,168,t700,K,3.0081681229382027,0.2745239173693619,365
fno,fno,sphere_ttc,2018,168,t850,K,3.2344963727005256,0.2574933314762666,365
fno,fno,sphere_ttc,2018,168,t925,K,3.061966300704165,0.23014840248497975,365
fno,fno,sphere_ttc,2018,168,t1000,K,2.7926854380208357,0.23551601287283566,365
fno,fno,sphere_ttc,2018,168,u50,m s^-1,5.0156371335649705,0.7865259502374651,365
fno,fno,sphere_ttc,2018,168,u100,m s^-1,6.4567442417687015,0.42458693155085103,365
fno,fno,sphere_ttc,2018,168,u200,m s^-1,10.682345284317984,0.36701068862567954,365
fno,fno,sphere_ttc,2018,168,u300,m s^-1,10.975011153237336,0.3344942240727535,365
fno,fno,sphere_ttc,2018,168,u500,m s^-1,7.6173618886726695,0.32667748737747415,365
fno,fno,sphere_ttc,2018,168,u700,m s^-1,5.845326945771479,0.313178060801969,365
fno,fno,sphere_ttc,2018,168,u850,m s^-1,5.200609320082673,0.26691372449490947,365
fno,fno,sphere_ttc,2018,168,u925,m s^-1,5.0633741424385725,0.24401566022821403,365
fno,fno,sphere_ttc,2018,168,u1000,m s^-1,3.972557570462398,0.23965714561104515,365
fno,fno,sphere_ttc,2018,168,v50,m s^-1,4.4539428470381175,0.41409616806817723,365
fno,fno,sphere_ttc,2018,168,v100,m s^-1,6.045110781469146,0.30762072527423445,365
fno,fno,sphere_ttc,2018,168,v200,m s^-1,10.649087126513875,0.23365613725723056,365
fno,fno,sphere_ttc,2018,168,v300,m s^-1,10.974860239515381,0.22930616068811044,365
fno,fno,sphere_ttc,2018,168,v500,m s^-1,7.363901137592202,0.23450336066528718,365
fno,fno,sphere_ttc,2018,168,v700,m s^-1,5.490947410206628,0.22238670555353812,365
fno,fno,sphere_ttc,2018,168,v850,m s^-1,4.855138991963131,0.20004883387173977,365
fno,fno,sphere_ttc,2018,168,v925,m s^-1,4.92923269363275,0.1942960589901353,365
fno,fno,sphere_ttc,2018,168,v1000,m s^-1,3.9988985481893096,0.1906520751100218,365
fno,fno,sphere_ttc,2018,168,u10,m s^-1,3.5341763894971874,0.23647758748741188,365
fno,fno,sphere_ttc,2018,168,v10,m s^-1,3.517336817252965,0.1905188431249326,365
fno,fno,sphere_ttc,2018,168,t2m,K,2.976524989245926,0.22166610424152297,365
fno,fno,sphere_ttc,2018,168,mslp,Pa,661.1624253840549,0.30158979223773474,365
fno,fno,sphere_ttc,2018,240,z50,m^2 s^-2,989.0453889590876,0.4468945028344562,365
fno,fno,sphere_ttc,2018,240,z100,m^2 s^-2,879.5490929159754,0.3505991131892366,365
fno,fno,sphere_ttc,2018,240,z200,m^2 s^-2,1030.007248777525,0.2612508519356233,365
fno,fno,sphere_ttc,2018,240,z300,m^2 s^-2,1063.5650215035062,0.24708836898436598,365
fno,fno,sphere_ttc,2018,240,z500,m^2 s^-2,783.4140258339058,0.24939561746737854,365
fno,fno,sphere_ttc,2018,240,z700,m^2 s^-2,600.6213741640732,0.23818203941242613,365
fno,fno,sphere_ttc,2018,240,z850,m^2 s^-2,535.8554127098834,0.21999902384793238,365
fno,fno,sphere_ttc,2018,240,z925,m^2 s^-2,532.8124521853512,0.20482563830143263,365
fno,fno,sphere_ttc,2018,240,z1000,m^2 s^-2,543.2782845236237,0.1936706192377416,365
fno,fno,sphere_ttc,2018,240,q50,kg kg^-1,1.760726845883175e-07,0.05686500647888415,365
fno,fno,sphere_ttc,2018,240,q100,kg kg^-1,3.6776095414190515e-07,0.23949138267089776,365
fno,fno,sphere_ttc,2018,240,q200,kg kg^-1,1.331998388596737e-05,0.18526031187853437,365
fno,fno,sphere_ttc,2018,240,q300,kg kg^-1,0.00011852275774063471,0.20077162581004543,365
fno,fno,sphere_ttc,2018,240,q500,kg kg^-1,0.0007587020053337646,0.21095849263873784,365
fno,fno,sphere_ttc,2018,240,q700,kg kg^-1,0.0014558162543492948,0.19795460518835697,365
fno,fno,sphere_ttc,2018,240,q850,kg kg^-1,0.0016914422907244038,0.16056354690360736,365
fno,fno,sphere_ttc,2018,240,q925,kg kg^-1,0.0014154122592223315,0.15902220266215816,365
fno,fno,sphere_ttc,2018,240,q1000,kg kg^-1,0.0015359678616711579,0.14466938172895955,365
fno,fno,sphere_ttc,2018,240,t50,K,2.8338346629393,0.4391224515240538,365
fno,fno,sphere_ttc,2018,240,t100,K,2.990412766675908,0.3392531297713561,365
fno,fno,sphere_ttc,2018,240,t200,K,3.3636879539879483,0.24277191064689477,365
fno,fno,sphere_ttc,2018,240,t300,K,2.4278343920579557,0.1983613141956296,365
fno,fno,sphere_ttc,2018,240,t500,K,3.0031555574005013,0.18888152419818632,365
fno,fno,sphere_ttc,2018,240,t700,K,3.1323684195718706,0.17427879044745154,365
fno,fno,sphere_ttc,2018,240,t850,K,3.3635387798917575,0.16534103193028157,365
fno,fno,sphere_ttc,2018,240,t925,K,3.167443398934024,0.15772805412182941,365
fno,fno,sphere_ttc,2018,240,t1000,K,2.8986410036238226,0.18061774993508925,365
fno,fno,sphere_ttc,2018,240,u50,m s^-1,5.451958984308591,0.745019511138932,365
fno,fno,sphere_ttc,2018,240,u100,m s^-1,6.90459723858807,0.2983295100547276,365
fno,fno,sphere_ttc,2018,240,u200,m s^-1,11.211857082955321,0.2523700999180659,365
fno,fno,sphere_ttc,2018,240,u300,m s^-1,11.4013983186349,0.23019982942431652,365
fno,fno,sphere_ttc,2018,240,u500,m s^-1,7.911514196447172,0.2236560508933873,365
fno,fno,sphere_ttc,2018,240,u700,m s^-1,6.055948621354282,0.21682870854399086,365
fno,fno,sphere_ttc,2018,240,u850,m s^-1,5.357047553362478,0.18304390262719122,365
fno,fno,sphere_ttc,2018,240,u925,m s^-1,5.191798647872253,0.16812340324355776,365
fno,fno,sphere_ttc,2018,240,u1000,m s^-1,4.06983619859774,0.16586788442218064,365
fno,fno,sphere_ttc,2018,240,v50,m s^-1,4.751843793323161,0.2629130603487453,365
fno,fno,sphere_ttc,2018,240,v100,m s^-1,6.282663596183524,0.17587208060466,365
fno,fno,sphere_ttc,2018,240,v200,m s^-1,10.863416080237823,0.13062341793167248,365
fno,fno,sphere_ttc,2018,240,v300,m s^-1,11.15411516861425,0.13467149101212722,365
fno,fno,sphere_ttc,2018,240,v500,m s^-1,7.487100426324715,0.1375733823689521,365
fno,fno,sphere_ttc,2018,240,v700,m s^-1,5.582397815169833,0.128361822614183,365
fno,fno,sphere_ttc,2018,240,v850,m s^-1,4.931000949778955,0.11598119049002002,365
fno,fno,sphere_ttc,2018,240,v925,m s^-1,4.998634201481668,0.11878860287488217,365
fno,fno,sphere_ttc,2018,240,v1000,m s^-1,4.054762138863589,0.11956787305162424,365
fno,fno,sphere_ttc,2018,240,u10,m s^-1,3.618260467087269,0.16348114894676283,365
fno,fno,sphere_ttc,2018,240,v10,m s^-1,3.5652086429848535,0.11985732915689876,365
fno,fno,sphere_ttc,2018,240,t2m,K,3.103468417777927,0.16629446522004387,365
fno,fno,sphere_ttc,2018,240,mslp,Pa,690.813541021674,0.18552420736029915,365
fno,fno,sphere_ttc,2019,24,z50,m^2 s^-2,543.2199603682341,0.8993887866669037,365
fno,fno,sphere_ttc,2019,24,z100,m^2 s^-2,484.44537504667085,0.8751636332745225,365
fno,fno,sphere_ttc,2019,24,z200,m^2 s^-2,512.5760361236362,0.8775905608349205,365
fno,fno,sphere_ttc,2019,24,z300,m^2 s^-2,504.1974327568816,0.8855394034864069,365
fno,fno,sphere_ttc,2019,24,z500,m^2 s^-2,335.6251593071227,0.906602054586948,365
fno,fno,sphere_ttc,2019,24,z700,m^2 s^-2,253.74706859009243,0.9086703783651894,365
fno,fno,sphere_ttc,2019,24,z850,m^2 s^-2,244.94802148594738,0.8908599656168605,365
fno,fno,sphere_ttc,2019,24,z925,m^2 s^-2,255.00525268226917,0.878208727338145,365
fno,fno,sphere_ttc,2019,24,z1000,m^2 s^-2,270.283394406597,0.8668336668574878,365
fno,fno,sphere_ttc,2019,24,q50,kg kg^-1,1.906274532987527e-07,-0.01889010723490095,365
fno,fno,sphere_ttc,2019,24,q100,kg kg^-1,3.423258530672847e-07,0.4627825431647728,365
fno,fno,sphere_ttc,2019,24,q200,kg kg^-1,1.1823413427550651e-05,0.5628526114057022,365
fno,fno,sphere_ttc,2019,24,q300,kg kg^-1,9.718682889606907e-05,0.6267057307930965,365
fno,fno,sphere_ttc,2019,24,q500,kg kg^-1,0.0005842486681761345,0.6620174095897624,365
fno,fno,sphere_ttc,2019,24,q700,kg kg^-1,0.001183419611266514,0.6013626292181824,365
fno,fno,sphere_ttc,2019,24,q850,kg kg^-1,0.0014285048721886108,0.5451111296446889,365
fno,fno,sphere_ttc,2019,24,q925,kg kg^-1,0.0011669489479108073,0.5678508045566949,365
fno,fno,sphere_ttc,2019,24,q1000,kg kg^-1,0.001185836476917883,0.5910314929812858,365
fno,fno,sphere_ttc,2019,24,t50,K,1.9224647290135306,0.8649828737398719,365
fno,fno,sphere_ttc,2019,24,t100,K,1.993120501685267,0.806755941440953,365
fno,fno,sphere_ttc,2019,24,t200,K,2.4348644201377843,0.7365934169777405,365
fno,fno,sphere_ttc,2019,24,t300,K,1.9569462049666206,0.6216348318848424,365
fno,fno,sphere_ttc,2019,24,t500,K,2.068933642833843,0.7199398080693423,365
fno,fno,sphere_ttc,2019,24,t700,K,2.066936949842417,0.7323500191183976,365
fno,fno,sphere_ttc,2019,24,t850,K,2.340812251064004,0.7011027317348797,365
fno,fno,sphere_ttc,2019,24,t925,K,2.3249538469306112,0.6441604054928576,365
fno,fno,sphere_ttc,2019,24,t1000,K,2.223284068602254,0.5769239773546199,365
fno,fno,sphere_ttc,2019,24,u50,m s^-1,3.6353963567745877,0.8728687262231829,365
fno,fno,sphere_ttc,2019,24,u100,m s^-1,4.356008898522943,0.8028445238880788,365
fno,fno,sphere_ttc,2019,24,u200,m s^-1,5.940346451522955,0.8488063833823123,365
fno,fno,sphere_ttc,2019,24,u300,m s^-1,6.16753957309778,0.8406069875179903,365
fno,fno,sphere_ttc,2019,24,u500,m s^-1,4.293037297318776,0.8365231549061191,365
fno,fno,sphere_ttc,2019,24,u700,m s^-1,3.422228046133393,0.8225335489869795,365
fno,fno,sphere_ttc,2019,24,u850,m s^-1,3.1340479044255325,0.804564978212583,365
fno,fno,sphere_ttc,2019,24,u925,m s^-1,3.083662572195487,0.7965436210773841,365
fno,fno,sphere_ttc,2019,24,u1000,m s^-1,2.43950161150979,0.7934031652760446,365
fno,fno,sphere_ttc,2019,24,v50,m s^-1,2.330541609549056,0.8623700354652781,365
fno,fno,sphere_ttc,2019,24,v100,m s^-1,3.3084995562438784,0.8505884238310839,365
fno,fno,sphere_ttc,2019,24,v200,m s^-1,5.241473274100819,0.8794888613300276,365
fno,fno,sphere_ttc,2019,24,v300,m s^-1,5.570609816968139,0.8699814458209937,365
fno,fno,sphere_ttc,2019,24,v500,m s^-1,3.830960719755782,0.863528174517733,365
fno,fno,sphere_ttc,2019,24,v700,m s^-1,3.037675793383902,0.8433142561633019,365
fno,fno,sphere_ttc,2019,24,v850,m s^-1,2.852024115653107,0.8178298394349326,365
fno,fno,sphere_ttc,2019,24,v925,m s^-1,2.864691269022008,0.82143629169398,365
fno,fno,sphere_ttc,2019,24,v1000,m s^-1,2.335809600624103,0.817797788521988,365
fno,fno,sphere_ttc,2019,24,u10,m s^-1,2.1809579985822243,0.791964852139325,365
fno,fno,sphere_ttc,2019,24,v10,m s^-1,2.0670226438074484,0.8145793262251763,365
fno,fno,sphere_ttc,2019,24,t2m,K,2.4801965449961294,0.48473373016651633,365
fno,fno,sphere_ttc,2019,24,mslp,Pa,342.7360540724161,0.8661043852744706,365
fno,fno,sphere_ttc,2019,72,z50,m^2 s^-2,597.8212380849976,0.8764933437889282,365
fno,fno,sphere_ttc,2019,72,z100,m^2 s^-2,584.4202442744504,0.8113713190711558,365
fno,fno,sphere_ttc,2019,72,z200,m^2 s^-2,746.9367428769247,0.7152979886571798,365
fno,fno,sphere_ttc,2019,72,z300,m^2 s^-2,785.226279390782,0.6903193253345387,365
fno,fno,sphere_ttc,2019,72,z500,m^2 s^-2,575.6043319136925,0.6897001275607153,365
fno,fno,sphere_ttc,2019,72,z700,m^2 s^-2,453.24863237804533,0.6654781405506621,365
fno,fno,sphere_ttc,2019,72,z850,m^2 s^-2,418.4194611163834,0.6298234379968273,365
fno,fno,sphere_ttc,2019,72,z925,m^2 s^-2,422.0588528355368,0.6102517059538257,365
fno,fno,sphere_ttc,2019,72,z1000,m^2 s^-2,435.61590245212363,0.5944128406255084,365
fno,fno,sphere_ttc,2019,72,q50,kg kg^-1,1.896043948423976e-07,-0.044977969388087416,365
fno,fno,sphere_ttc,2019,72,q100,kg kg^-1,3.478087705257566e-07,0.4367191984159866,365
fno,fno,sphere_ttc,2019,72,q200,kg kg^-1,1.307889298844976e-05,0.40332913763378464,365
fno,fno,sphere_ttc,2019,72,q300,kg kg^-1,0.00011417335287780938,0.40095854644343154,365
fno,fno,sphere_ttc,2019,72,q500,kg kg^-1,0.0007009390216357435,0.4371726878487691,365
fno,fno,sphere_ttc,2019,72,q700,kg kg^-1,0.00136442427203705,0.3914791992469535,365
fno,fno,sphere_ttc,2019,72,q850,kg kg^-1,0.0016169104739527664,0.33729565698581915,365
fno,fno,sphere_ttc,2019,72,q925,kg kg^-1,0.00133416737869993,0.3683786120880758,365
fno,fno,sphere_ttc,2019,72,q1000,kg kg^-1,0.0013830762027544558,0.3860809713215114,365
fno,fno,sphere_ttc,2019,72,t50,K,2.090613729846205,0.8345681959239097,365
fno,fno,sphere_ttc,2019,72,t100,K,2.290840711604351,0.7336003593751379,365
fno,fno,sphere_ttc,2019,72,t200,K,2.8611241278431407,0.607002825887082,365
fno,fno,sphere_ttc,2019,72,t300,K,2.158390172680487,0.5050168924032066,365
fno,fno,sphere_ttc,2019,72,t500,K,2.491167178937068,0.5495030909760098,365
fno,fno,sphere_ttc,2019,72,t700,K,2.5486218594064463,0.547801070824259,365
fno,fno,sphere_ttc,2019,72,t850,K,2.823336905666849,0.515469059049552,365
fno,fno,sphere_ttc,2019,72,t925,K,2.7269929151671177,0.45806157878463133,365
fno,fno,sphere_ttc,2019,72,t1000,K,2.5143791897787198,0.41843297505534477,365
fno,fno,sphere_ttc,2019,72,u50,m s^-1,4.005718589597698,0.8429722274916572,365
fno,fno,sphere_ttc,2019,72,u100,m s^-1,5.320656052761141,0.6838350207120455,365
fno,fno,sphere_ttc,2019,72,u200,m s^-1,8.719850332671157,0.630035776294946,365
fno,fno,sphere_ttc,2019,72,u300,m s^-1,9.129594877440287,0.5979735618620802,365
fno,fno,sphere_ttc,2019,72,u500,m s^-1,6.307488167723765,0.5958796726317311,365
fno,fno,sphere_ttc,2019,72,u700,m s^-1,4.964721332687584,0.5686443086442283,365
fno,fno,sphere_ttc,2019,72,u850,m s^-1,4.5524708800656395,0.5109103413513219,365
fno,fno,sphere_ttc,2019,72,u925,m s^-1,4.491543997517923,0.4795308400637706,365
fno,fno,sphere_ttc,2019,72,u1000,m s^-1,3.5465911827187195,0.47159189855589595,365
fno,fno,sphere_ttc,2019,72,v50,m s^-1,3.1827650858286534,0.7218206165172287,365
fno,fno,sphere_ttc,2019,72,v100,m s^-1,4.665011799288598,0.6709461288875501,365
fno,fno,sphere_ttc,2019,72,v200,m s^-1,8.570747994641064,0.6284906917276516,365
fno,fno,sphere_ttc,2019,72,v300,m s^-1,8.995327361590283,0.605791095481583,365
fno,fno,sphere_ttc,2019,72,v500,m s^-1,6.056613518215179,0.604709756165102,365
fno,fno,sphere_ttc,2019,72,v700,m s^-1,4.671445223327395,0.5657202624405112,365
fno,fno,sphere_ttc,2019,72,v850,m s^-1,4.293545478309415,0.504128334276904,365
fno,fno,sphere_ttc,2019,72,v925,m s^-1,4.38446686869058,0.49227822664883586,365
fno,fno,sphere_ttc,2019,72,v1000,m s^-1,3.543469321466495,0.4920690478199023,365
fno,fno,sphere_ttc,2019,72,u10,m s^-1,3.1629100068432887,0.47062091614203616,365
fno,fno,sphere_ttc,2019,72,v10,m s^-1,3.123208526684281,0.48640625451764774,365
fno,fno,sphere_ttc,2019,72,t2m,K,2.7102852602539302,0.35953785272445965,365
fno,fno,sphere_ttc,2019,72,mslp,Pa,551.6989951504353,0.5929214579428308,365
fno,fno,sphere_ttc,2019,120,z50,m^2 s^-2,709.4010506652295,0.8197847914611928,365
fno,fno,sphere_ttc,2019,120,z100,m^2 s^-2,704.3756153137545,0.7084766147996107,365
fno,fno,sphere_ttc,2019,120,z200,m^2 s^-2,889.9153135694106,0.5521308791212328,365
fno,fno,sphere_ttc,2019,120,z300,m^2 s^-2,932.4078550823015,0.5109027084572809,365
fno,fno,sphere_ttc,2019,120,z500,m^2 s^-2,685.6224305967015,0.5067469412453766,365
fno,fno,sphere_ttc,2019,120,z700,m^2 s^-2,530.7857816660462,0.48784524150203523,365
fno,fno,sphere_ttc,2019,120,z850,m^2 s^-2,479.2343944193911,0.45918674718825797,365
fno,fno,sphere_ttc,2019,120,z925,m^2 s^-2,477.65502266423397,0.4464501021422165,365
fno,fno,sphere_ttc,2019,120,z1000,m^2 s^-2,489.96213816191124,0.43145518253182097,365
fno,fno,sphere_ttc,2019,120,q50,kg kg^-1,1.9202482359336087e-07,-0.062486606655303124,365
fno,fno,sphere_ttc,2019,120,q100,kg kg^-1,3.524587612894973e-07,0.4138340867795209,365
fno,fno,sphere_ttc,2019,120,q200,kg kg^-1,1.3419029534333395e-05,0.3430227274420759,365
fno,fno,sphere_ttc,2019,120,q300,kg kg^-1,0.00011799312529928648,0.32303895816508144,365
fno,fno,sphere_ttc,2019,120,q500,kg kg^-1,0.0007325360971130076,0.3439967313726927,365
fno,fno,sphere_ttc,2019,120,q700,kg kg^-1,0.001418066410333671,0.29963709249862397,365
fno,fno,sphere_ttc,2019,120,q850,kg kg^-1,0.0016709517491609017,0.25629922443249664,365
fno,fno,sphere_ttc,2019,120,q925,kg kg^-1,0.001391564722083002,0.2804821887854534,365
fno,fno,sphere_ttc,2019,120,q1000,kg kg^-1,0.0014717192313550027,0.26782677559479934,365
fno,fno,sphere_ttc,2019,120,t50,K,2.347198117760869,0.7819302104862877,365
fno,fno,sphere_ttc,2019,120,t100,K,2.5391994715446358,0.6575564237687958,365
fno,fno,sphere_ttc,2019,120,t200,K,3.088754574488236,0.5145247510838323,365
fno,fno,sphere_ttc,2019,120,t300,K,2.306566722095222,0.393216246201168,365
fno,fno,sphere_ttc,2019,120,t500,K,2.739792947621404,0.39998971212833534,365
fno,fno,sphere_ttc,2019,120,t700,K,2.8447045174400136,0.3801586120397484,365
fno,fno,sphere_ttc,2019,120,t850,K,3.1020698973427083,0.35915689290204444,365
fno,fno,sphere_ttc,2019,120,t925,K,2.954440759246747,0.3163784396595541,365
fno,fno,sphere_ttc,2019,120,t1000,K,2.690090557875496,0.30739189209713025,365
fno,fno,sphere_ttc,2019,120,u50,m s^-1,4.525084165533654,0.7928366062939798,365
fno,fno,sphere_ttc,2019,120,u100,m s^-1,6.011977848968879,0.5649679466363023,365
fno,fno,sphere_ttc,2019,120,u200,m s^-1,9.92648362909727,0.4697623253265928,365
fno,fno,sphere_ttc,2019,120,u300,m s^-1,10.288705328974046,0.4324611212561527,365
fno,fno,sphere_ttc,2019,120,u500,m s^-1,7.14173076947191,0.42084850278018715,365
fno,fno,sphere_ttc,2019,120,u700,m s^-1,5.546574863775605,0.39898212037649655,365
fno,fno,sphere_ttc,2019,120,u850,m s^-1,4.9703727758629235,0.35288390605634,365
fno,fno,sphere_ttc,2019,120,u925,m s^-1,4.85529307610107,0.32694152233527757,365
fno,fno,sphere_ttc,2019,120,u1000,m s^-1,3.8203929546948685,0.3235706761217406,365
fno,fno,sphere_ttc,2019,120,v50,m s^-1,3.792855229265269,0.5671181562762844,365
fno,fno,sphere_ttc,2019,120,v100,m s^-1,5.632203186058637,0.45389636241751175,365
fno,fno,sphere_ttc,2019,120,v200,m s^-1,10.20324031378392,0.3858789444472224,365
fno,fno,sphere_ttc,2019,120,v300,m s^-1,10.538218800302415,0.3715538294309804,365
fno,fno,sphere_ttc,2019,120,v500,m s^-1,7.089474908312389,0.37523765270211873,365
fno,fno,sphere_ttc,2019,120,v700,m s^-1,5.337496775930613,0.35286084184080796,365
fno,fno,sphere_ttc,2019,120,v850,m s^-1,4.759724025081471,0.31051183288655193,365
fno,fno,sphere_ttc,2019,120,v925,m s^-1,4.844099285159611,0.2964195746011285,365
fno,fno,sphere_ttc,2019,120,v1000,m s^-1,3.924046061445979,0.291405056589038,365
fno,fno,sphere_ttc,2019,120,u10,m s^-1,3.400217165147816,0.32748341829408717,365
fno,fno,sphere_ttc,2019,120,v10,m s^-1,3.4489640043426446,0.2892294719965996,365
fno,fno,sphere_ttc,2019,120,t2m,K,2.863782400487593,0.2768686123740292,365
fno,fno,sphere_ttc,2019,120,mslp,Pa,619.671170808766,0.4316711905310017,365
fno,fno,sphere_ttc,2019,168,z50,m^2 s^-2,808.5303120191395,0.7564633093777773,365
fno,fno,sphere_ttc,2019,168,z100,m^2 s^-2,780.8286685788743,0.6239007359780029,365
fno,fno,sphere_ttc,2019,168,z200,m^2 s^-2,962.4732753806298,0.4369524128569299,365
fno,fno,sphere_ttc,2019,168,z300,m^2 s^-2,1002.3633362592191,0.3907628556688402,365
fno,fno,sphere_ttc,2019,168,z500,m^2 s^-2,736.0573022707046,0.3878800938980177,365
fno,fno,sphere_ttc,2019,168,z700,m^2 s^-2,567.3100084778852,0.37189986663777047,365
fno,fno,sphere_ttc,2019,168,z850,m^2 s^-2,508.3815980857886,0.34925027482478765,365
fno,fno,sphere_ttc,2019,168,z925,m^2 s^-2,503.4094201606748,0.3424919016497517,365
fno,fno,sphere_ttc,2019,168,z1000,m^2 s^-2,514.4885459489562,0.3317107828746662,365
fno,fno,sphere_ttc,2019,168,q50,kg kg^-1,1.8851124337496594e-07,-0.06252345959493705,365
fno,fno,sphere_ttc,2019,168,q100,kg kg^-1,3.5899749020990384e-07,0.3788081990806815,365
fno,fno,sphere_ttc,2019,168,q200,kg kg^-1,1.3667221154589013e-05,0.2940700352766412,365
fno,fno,sphere_ttc,2019,168,q300,kg kg^-1,0.00012007506490628649,0.2743453912475375,365
fno,fno,sphere_ttc,2019,168,q500,kg kg^-1,0.0007495978766703693,0.2866830219652882,365
fno,fno,sphere_ttc,2019,168,q700,kg kg^-1,0.0014446248334007935,0.2505655348482076,365
fno,fno,sphere_ttc,2019,168,q850,kg kg^-1,0.0016966123422271404,0.2190886602548289,365
fno,fno,sphere_ttc,2019,168,q925,kg kg^-1,0.0014204719256139197,0.23480899117177928,365
fno,fno,sphere_ttc,2019,168,q1000,kg kg^-1,0.0015107917697604282,0.21670532920812913,365
fno,fno,sphere_ttc,2019,168,t50,K,2.5386907719030183,0.7350613338393217,365
fno,fno,sphere_ttc,2019,168,t100,K,2.716226935849324,0.5952287173205665,365
fno,fno,sphere_ttc,2019,168,t200,K,3.215308090798378,0.4528699914126796,365
fno,fno,sphere_ttc,2019,168,t300,K,2.38130858256719,0.3264812339282954,365
fno,fno,sphere_ttc,2019,168,t500,K,2.8598070884007805,0.3045086066537408,365
fno,fno,sphere_ttc,2019,168,t700,K,2.990031877324092,0.27655157602091174,365
fno,fno,sphere_ttc,2019,168,t850,K,3.247031454353763,0.260984618201918,365
fno,fno,sphere_ttc,2019,168,t925,K,3.075670676904262,0.23016716548554458,365
fno,fno,sphere_ttc,2019,168,t1000,K,2.78988401207922,0.24161943218189785,365
fno,fno,sphere_ttc,2019,168,u50,m s^-1,4.927423475378678,0.7467089134638035,365
fno,fno,sphere_ttc,2019,168,u100,m s^-1,6.462511893685695,0.4648365943957877,365
fno,fno,sphere_ttc,2019,168,u200,m s^-1,10.55200349769224,0.35611494584930536,365
fno,fno,sphere_ttc,2019,168,u300,m s^-1,10.849094222589432,0.31965162330333347,365
fno,fno,sphere_ttc,2019,168,u500,m s^-1,7.525846029065565,0.3054398123983971,365
fno,fno,sphere_ttc,2019,168,u700,m s^-1,5.796248300508343,0.29829195889805954,365
fno,fno,sphere_ttc,2019,168,u850,m s^-1,5.142549639286654,0.2673596905342024,365
fno,fno,sphere_ttc,2019,168,u925,m s^-1,5.002784528983698,0.24705095844248243,365
fno,fno,sphere_ttc,2019,168,u1000,m s^-1,3.93161787841585,0.24641137763619822,365
fno,fno,sphere_ttc,2019,168,v50,m s^-1,4.149211491447402,0.440768875251766,365
fno,fno,sphere_ttc,2019,168,v100,m s^-1,6.070021814144106,0.303352095262394,365
fno,fno,sphere_ttc,2019,168,v200,m s^-1,10.773006313615982,0.24754972026899322,365
fno,fno,sphere_ttc,2019,168,v300,m s^-1,11.071734391347347,0.23916664391085232,365
fno,fno,sphere_ttc,2019,168,v500,m s^-1,7.4642448624269955,0.23935395336520002,365
fno,fno,sphere_ttc,2019,168,v700,m s^-1,5.579780473888345,0.2289380042399311,365
fno,fno,sphere_ttc,2019,168,v850,m s^-1,4.914651994837824,0.20904277248191488,365
fno,fno,sphere_ttc,2019,168,v925,m s^-1,4.98146717786611,0.20292300541434968,365
fno,fno,sphere_ttc,2019,168,v1000,m s^-1,4.030815834662122,0.1995720063081662,365
fno,fno,sphere_ttc,2019,168,u10,m s^-1,3.506498031258382,0.24836889315945185,365
fno,fno,sphere_ttc,2019,168,v10,m s^-1,3.5437549588541373,0.19828373462523488,365
fno,fno,sphere_ttc,2019,168,t2m,K,2.9692701361253637,0.22400589920212763,365
fno,fno,sphere_ttc,2019,168,mslp,Pa,650.6539257054851,0.3329770880024332,365
fno,fno,sphere_ttc,2019,240,z50,m^2 s^-2,929.2216904485172,0.6631848551641009,365
fno,fno,sphere_ttc,2019,240,z100,m^2 s^-2,857.6559878489456,0.5232924819986379,365
fno,fno,sphere_ttc,2019,240,z200,m^2 s^-2,1028.8874212465205,0.3097991579649826,365
fno,fno,sphere_ttc,2019,240,z300,m^2 s^-2,1059.9601169319067,0.263153183978256,365
fno,fno,sphere_ttc,2019,240,z500,m^2 s^-2,780.2769252331956,0.2587081792003027,365
fno,fno,sphere_ttc,2019,240,z700,m^2 s^-2,597.6438886468984,0.25073394969823665,365
fno,fno,sphere_ttc,2019,240,z850,m^2 s^-2,530.3506597151303,0.24343556611136943,365
fno,fno,sphere_ttc,2019,240,z925,m^2 s^-2,525.4740535869975,0.2369496479327332,365
fno,fno,sphere_ttc,2019,240,z1000,m^2 s^-2,534.9959417654301,0.23267751537410747,365
fno,fno,sphere_ttc,2019,240,q50,kg kg^-1,1.9386198878471377e-07,-0.1081400499692591,365
fno,fno,sphere_ttc,2019,240,q100,kg kg^-1,3.690256680103841e-07,0.3173015995367181,365
fno,fno,sphere_ttc,2019,240,q200,kg kg^-1,1.393200411018217e-05,0.24355858073239137,365
fno,fno,sphere_ttc,2019,240,q300,kg kg^-1,0.00012221999983962571,0.22167467065369742,365
fno,fno,sphere_ttc,2019,240,q500,kg kg^-1,0.0007661510775725181,0.2268907346873628,365
fno,fno,sphere_ttc,2019,240,q700,kg kg^-1,0.0014730998249400352,0.19750843651990604,365
fno,fno,sphere_ttc,2019,240,q850,kg kg^-1,0.0017216202124669924,0.1836788304496041,365
fno,fno,sphere_ttc,2019,240,q925,kg kg^-1,0.0014452730078395387,0.20441828646826127,365
fno,fno,sphere_ttc,2019,240,q1000,kg kg^-1,0.0015457604558222014,0.17735721317632971,365
fno,fno,sphere_ttc,2019,240,t50,K,2.829297326536766,0.6516673914385408,365
fno,fno,sphere_ttc,2019,240,t100,K,2.9117783732966704,0.5162632156408482,365
fno,fno,sphere_ttc,2019,240,t200,K,3.3566623988564235,0.3767990886502322,365
fno,fno,sphere_ttc,2019,240,t300,K,2.463395263819754,0.25227851775383003,365
fno,fno,sphere_ttc,2019,240,t500,K,2.9705160110321174,0.2049065016686958,365
fno,fno,sphere_ttc,2019,240,t700,K,3.100900185728954,0.185991134330966,365
fno,fno,sphere_ttc,2019,240,t850,K,3.357384096580723,0.18428932820258362,365
fno,fno,sphere_ttc,2019,240,t925,K,3.159337911846484,0.1719606899161091,365
fno,fno,sphere_ttc,2019,240,t1000,K,2.8831105431183084,0.19352072228872508,365
fno,fno,sphere_ttc,2019,240,u50,m s^-1,5.373575209732071,0.6866494023910845,365
fno,fno,sphere_ttc,2019,240,u100,m s^-1,6.9012418678673955,0.3513160373834612,365
fno,fno,sphere_ttc,2019,240,u200,m s^-1,11.046632900254497,0.24803767583908784,365
fno,fno,sphere_ttc,2019,240,u300,m s^-1,11.254752746612173,0.22026619301742692,365
fno,fno,sphere_ttc,2019,240,u500,m s^-1,7.785412840020075,0.20917073263468405,365
fno,fno,sphere_ttc,2019,240,u700,m s^-1,5.989431047652576,0.20979541349360986,365
fno,fno,sphere_ttc,2019,240,u850,m s^-1,5.287422108296535,0.19217492291092983,365
fno,fno,sphere_ttc,2019,240,u925,m s^-1,5.119100035836536,0.18050425696580794,365
fno,fno,sphere_ttc,2019,240,u1000,m s^-1,4.022311478475545,0.17904927172605392,365
fno,fno,sphere_ttc,2019,240,v50,m s^-1,4.383757233069277,0.31612122539494836,365
fno,fno,sphere_ttc,2019,240,v100,m s^-1,6.261031994097316,0.18724225435871084,365
fno,fno,sphere_ttc,2019,240,v200,m s^-1,10.974410974271368,0.15956216323095548,365
fno,fno,sphere_ttc,2019,240,v300,m s^-1,11.23462974862307,0.1594183342305521,365
fno,fno,sphere_ttc,2019,240,v500,m s^-1,7.5738683461891085,0.15547132732954977,365
fno,fno,sphere_ttc,2019,240,v700,m s^-1,5.6631108256283085,0.14535959060499712,365
fno,fno,sphere_ttc,2019,240,v850,m s^-1,4.984611838142643,0.1337968812138284,365
fno,fno,sphere_ttc,2019,240,v925,m s^-1,5.044926127542339,0.13558028694444343,365
fno,fno,sphere_ttc,2019,240,v1000,m s^-1,4.080049165567289,0.1374490581236215,365
fno,fno,sphere_ttc,2019,240,u10,m s^-1,3.5853316161889217,0.18180930247689694,365
fno,fno,sphere_ttc,2019,240,v10,m s^-1,3.5860693464103357,0.13686402174752638,365
fno,fno,sphere_ttc,2019,240,t2m,K,3.076185258909648,0.1786871594032132,365
fno,fno,sphere_ttc,2019,240,mslp,Pa,677.6117210619574,0.23164881139965898,365
vit,vit,raw,2018,24,z50,m^2 s^-2,454.6254489387654,0.9017641392490057,365
vit,vit,raw,2018,24,z100,m^2 s^-2,401.200068773767,0.8955206853352643,365
vit,vit,raw,2018,24,z200,m^2 s^-2,474.15679186377577,0.8902372124573789,365
vit,vit,raw,2018,24,z300,m^2 s^-2,492.9317025704196,0.8893121764788708,365
vit,vit,raw,2018,24,z500,m^2 s^-2,350.7362791939383,0.8970500548865963,365
vit,vit,raw,2018,24,z700,m^2 s^-2,270.93241299280294,0.8945292475534634,365
vit,vit,raw,2018,24,z850,m^2 s^-2,256.43249966328693,0.8795066909066362,365
vit,vit,raw,2018,24,z925,m^2 s^-2,262.5538582427762,0.8704758354829925,365
vit,vit,raw,2018,24,z1000,m^2 s^-2,274.8393360063991,0.8619238185857699,365
vit,vit,raw,2018,24,q50,kg kg^-1,9.050152936936874e-08,0.6957143197660494,365
vit,vit,raw,2018,24,q100,kg kg^-1,2.8910092855172216e-07,0.6269101560858151,365
vit,vit,raw,2018,24,q200,kg kg^-1,1.089646295279463e-05,0.574258427590975,365
vit,vit,raw,2018,24,q300,kg kg^-1,9.672391614290686e-05,0.5883039868470921,365
vit,vit,raw,2018,24,q500,kg kg^-1,0.0006162186569303032,0.5948320707212477,365
vit,vit,raw,2018,24,q700,kg kg^-1,0.0012127681456392508,0.562942801366336,365
vit,vit,raw,2018,24,q850,kg kg^-1,0.0014427414803410293,0.49627446814372717,365
vit,vit,raw,2018,24,q925,kg kg^-1,0.0011750885945910861,0.5197760164502546,365
vit,vit,raw,2018,24,q1000,kg kg^-1,0.0012129375856302234,0.5531843356672745,365
vit,vit,raw,2018,24,t50,K,1.5992726040789387,0.8468920086161602,365
vit,vit,raw,2018,24,t100,K,1.8325383584858252,0.7989518790974148,365
vit,vit,raw,2018,24,t200,K,2.1441167272079555,0.7782690958620526,365
vit,vit,raw,2018,24,t300,K,1.7662973278813383,0.6777523504736392,365
vit,vit,raw,2018,24,t500,K,1.8795478648090804,0.7789960468646053,365
vit,vit,raw,2018,24,t700,K,1.959814363159625,0.7674863188739844,365
vit,vit,raw,2018,24,t850,K,2.2274857530433994,0.7337376326384879,365
vit,vit,raw,2018,24,t925,K,2.2292394143269623,0.6824753853432965,365
vit,vit,raw,2018,24,t1000,K,2.225482067413885,0.6032289613272319,365
vit,vit,raw,2018,24,u50,m s^-1,3.1371218064444393,0.9213877941111138,365
vit,vit,raw,2018,24,u100,m s^-1,3.86531624701521,0.8361431450935263,365
vit,vit,raw,2018,24,u200,m s^-1,6.3266617554768345,0.8318673089744864,365
vit,vit,raw,2018,24,u300,m s^-1,6.695836163717942,0.8163591739819344,365
vit,vit,raw,2018,24,u500,m s^-1,4.601870486063152,0.8186823492362242,365
vit,vit,raw,2018,24,u700,m s^-1,3.6479278571046034,0.8026324906463628,365
vit,vit,raw,2018,24,u850,m s^-1,3.38745667241335,0.7732359087643587,365
vit,vit,raw,2018,24,u925,m s^-1,3.373941624642486,0.7567810291022138,365
vit,vit,raw,2018,24,u1000,m s^-1,2.6842003033119743,0.7481073689312545,365
vit,vit,raw,2018,24,v50,m s^-1,2.2788328743230912,0.8826524297049495,365
vit,vit,raw,2018,24,v100,m s^-1,3.2397425642676665,0.8549091584229024,365
vit,vit,raw,2018,24,v200,m s^-1,5.769717882176415,0.8452586420712346,365
vit,vit,raw,2018,24,v300,m s^-1,6.15749477616388,0.8334170111066221,365
vit,vit,raw,2018,24,v500,m s^-1,4.127519130805357,0.8334874199684441,365
vit,vit,raw,2018,24,v700,m s^-1,3.2508437071486234,0.8097107736468558,365
vit,vit,raw,2018,24,v850,m s^-1,3.080479231678587,0.7747607169285352,365
vit,vit,raw,2018,24,v925,m s^-1,3.153412756606216,0.7708120556595304,365
vit,vit,raw,2018,24,v1000,m s^-1,2.5877427920831018,0.7640950037935432,365
vit,vit,raw,2018,24,u10,m s^-1,2.3918898131577793,0.745749978664551,365
vit,vit,raw,2018,24,v10,m s^-1,2.292168581365932,0.7597457747139558,365
vit,vit,raw,2018,24,t2m,K,2.502031896595621,0.49922502668794516,365
vit,vit,raw,2018,24,mslp,Pa,350.2246839053604,0.8599509422517614,365
vit,vit,raw,2018,72,z50,m^2 s^-2,648.9918563283205,0.7873973109006197,365
vit,vit,raw,2018,72,z100,m^2 s^-2,623.0674126327997,0.7242373311322564,365
vit,vit,raw,2018,72,z200,m^2 s^-2,800.2751647389448,0.6406508415074147,365
vit,vit,raw,2018,72,z300,m^2 s^-2,846.9498013015043,0.6192721092838658,365
vit,vit,raw,2018,72,z500,m^2 s^-2,621.721746518632,0.6222152491904821,365
vit,vit,raw,2018,72,z700,m^2 s^-2,482.8242296863946,0.6054266323507774,365
vit,vit,raw,2018,72,z850,m^2 s^-2,442.28762043598357,0.572509180684114,365
vit,vit,raw,2018,72,z925,m^2 s^-2,444.1817898034311,0.5552698634233387,365
vit,vit,raw,2018,72,z1000,m^2 s^-2,456.43922898453104,0.5412858853670044,365
vit,vit,raw,2018,72,q50,kg kg^-1,9.76021604523122e-08,0.6372853957095541,365
vit,vit,raw,2018,72,q100,kg kg^-1,3.175441080582966e-07,0.5174765007458252,365
vit,vit,raw,2018,72,q200,kg kg^-1,1.232934010901131e-05,0.3827853283880306,365
vit,vit,raw,2018,72,q300,kg kg^-1,0.00011091181125266866,0.3786389361130129,365
vit,vit,raw,2018,72,q500,kg kg^-1,0.0007010740035902456,0.4064016344758428,365
vit,vit,raw,2018,72,q700,kg kg^-1,0.0013599771551818744,0.3794133679876395,365
vit,vit,raw,2018,72,q850,kg kg^-1,0.0015902131627002322,0.31512334421289384,365
vit,vit,raw,2018,72,q925,kg kg^-1,0.0013220321828033969,0.32096922360602675,365
vit,vit,raw,2018,72,q1000,kg kg^-1,0.0013886286953803389,0.35255419496502804,365
vit,vit,raw,2018,72,t50,K,2.019363486673455,0.7433941707888021,365
vit,vit,raw,2018,72,t100,K,2.3453727313443733,0.6400577579281573,365
vit,vit,raw,2018,72,t200,K,2.8661723877374645,0.5439210938352448,365
vit,vit,raw,2018,72,t300,K,2.1166195451123526,0.4773172038736378,365
vit,vit,raw,2018,72,t500,K,2.557824683354501,0.5221885816083984,365
vit,vit,raw,2018,72,t700,K,2.6194834199682955,0.5184015793805836,365
vit,vit,raw,2018,72,t850,K,2.8557811993245084,0.49742294560915373,365
vit,vit,raw,2018,72,t925,K,2.747519225925167,0.4528439025684324,365
vit,vit,raw,2018,72,t1000,K,2.601437208069656,0.40322800439546314,365
vit,vit,raw,2018,72,u50,m s^-1,4.271441252768338,0.8489479980806601,365
vit,vit,raw,2018,72,u100,m s^-1,5.514635049728689,0.6253781657773468,365
vit,vit,raw,2018,72,u200,m s^-1,9.317646752632662,0.577713614852386,365
vit,vit,raw,2018,72,u300,m s^-1,9.72774407261766,0.5450068408919088,365
vit,vit,raw,2018,72,u500,m s^-1,6.734894170870314,0.5426218009168722,365
vit,vit,raw,2018,72,u700,m s^-1,5.228151686501842,0.5196422577034207,365
vit,vit,raw,2018,72,u850,m s^-1,4.729969935370376,0.46662587985518694,365
vit,vit,raw,2018,72,u925,m s^-1,4.648091571873319,0.43792023372019767,365
vit,vit,raw,2018,72,u1000,m s^-1,3.667309640381692,0.42708625708327214,365
vit,vit,raw,2018,72,v50,m s^-1,3.6550404527323272,0.6572876317942487,365
vit,vit,raw,2018,72,v100,m s^-1,5.223778311851189,0.5497231899648587,365
vit,vit,raw,2018,72,v200,m s^-1,9.56341247822709,0.46576968407485764,365
vit,vit,raw,2018,72,v300,m s^-1,9.922723000482335,0.45567287523907446,365
vit,vit,raw,2018,72,v500,m s^-1,6.616697108260785,0.46529487093981214,365
vit,vit,raw,2018,72,v700,m s^-1,4.98919619439489,0.43733266313455404,365
vit,vit,raw,2018,72,v850,m s^-1,4.502652993398588,0.38723565615229616,365
vit,vit,raw,2018,72,v925,m s^-1,4.589607363131396,0.3803385807315311,365
vit,vit,raw,2018,72,v1000,m s^-1,3.7201469902040136,0.38174813243328043,365
vit,vit,raw,2018,72,u10,m s^-1,3.260428536142913,0.42420120911582326,365
vit,vit,raw,2018,72,v10,m s^-1,3.2797459536855653,0.3752418817939413,365
vit,vit,raw,2018,72,t2m,K,2.7718268193615407,0.34138255439472753,365
vit,vit,raw,2018,72,mslp,Pa,579.3941600694666,0.5378930570794168,365
vit,vit,raw,2018,120,z50,m^2 s^-2,795.4304902989703,0.6602370100760502,365
vit,vit,raw,2018,120,z100,m^2 s^-2,752.4986819039109,0.5599031829712363,365
vit,vit,raw,2018,120,z200,m^2 s^-2,939.0217712602221,0.4399810131841693,365
vit,vit,raw,2018,120,z300,m^2 s^-2,984.6195585967369,0.4124103757391665,365
vit,vit,raw,2018,120,z500,m^2 s^-2,724.0551645075118,0.4144522101985801,365
vit,vit,raw,2018,120,z700,m^2 s^-2,556.7118050698311,0.40162081729302906,365
vit,vit,raw,2018,120,z850,m^2 s^-2,500.7568842751666,0.3770709969096698,365
vit,vit,raw,2018,120,z925,m^2 s^-2,499.0922723061187,0.361909910424643,365
vit,vit,raw,2018,120,z1000,m^2 s^-2,510.3991595776807,0.34786451531425416,365
vit,vit,raw,2018,120,q50,kg kg^-1,1.0081330867544543e-07,0.6081835967576498,365
vit,vit,raw,2018,120,q100,kg kg^-1,3.3515010492373044e-07,0.4366411051336618,365
vit,vit,raw,2018,120,q200,kg kg^-1,1.2811884249302221e-05,0.2928854786791668,365
vit,vit,raw,2018,120,q300,kg kg^-1,0.00011504137255433306,0.28800978798938925,365
vit,vit,raw,2018,120,q500,kg kg^-1,0.0007325044734454202,0.3060390832430687,365
vit,vit,raw,2018,120,q700,kg kg^-1,0.0014170406600785802,0.2776435462935365,365
vit,vit,raw,2018,120,q850,kg kg^-1,0.0016460194448273413,0.22382174607041516,365
vit,vit,raw,2018,120,q925,kg kg^-1,0.001382002901181485,0.21275301556510043,365
vit,vit,raw,2018,120,q1000,kg kg^-1,0.0014816195837651495,0.20963304965630095,365
vit,vit,raw,2018,120,t50,K,2.306410584766304,0.6506439715838085,365
vit,vit,raw,2018,120,t100,K,2.639983492156737,0.5099511633297863,365
vit,vit,raw,2018,120,t200,K,3.148435333820709,0.3920569107552234,365
vit,vit,raw,2018,120,t300,K,2.2900202911843937,0.32845638037395664,365
vit,vit,raw,2018,120,t500,K,2.8303564388287907,0.33812431189877756,365
vit,vit,raw,2018,120,t700,K,2.9117258340994683,0.3276508179507202,365
vit,vit,raw,2018,120,t850,K,3.1571535595654368,0.3087453326075303,365
vit,vit,raw,2018,120,t925,K,2.9946048358002613,0.28658260426372323,365
vit,vit,raw,2018,120,t1000,K,2.790636208232063,0.27251840426475005,365
vit,vit,raw,2018,120,u50,m s^-1,4.919550772617923,0.7944849927008928,365
vit,vit,raw,2018,120,u100,m s^-1,6.305233013062701,0.4592986524093502,365
vit,vit,raw,2018,120,u200,m s^-1,10.471227113817015,0.4024994012886003,365
vit,vit,raw,2018,120,u300,m s^-1,10.801124039310054,0.36769099670372396,365
vit,vit,raw,2018,120,u500,m s^-1,7.49186880717759,0.359072091488392,365
vit,vit,raw,2018,120,u700,m s^-1,5.752667632654627,0.3456297507078421,365
vit,vit,raw,2018,120,u850,m s^-1,5.105788870705087,0.3063291716960658,365
vit,vit,raw,2018,120,u925,m s^-1,4.983186334691854,0.27976341212073097,365
vit,vit,raw,2018,120,u1000,m s^-1,3.930981029959012,0.2662315985850396,365
vit,vit,raw,2018,120,v50,m s^-1,4.281221904420241,0.4727972757927241,365
vit,vit,raw,2018,120,v100,m s^-1,5.911717157933008,0.33254498684871986,365
vit,vit,raw,2018,120,v200,m s^-1,10.499329825138496,0.24444079290071455,365
vit,vit,raw,2018,120,v300,m s^-1,10.82984617791521,0.2412515172562311,365
vit,vit,raw,2018,120,v500,m s^-1,7.254387917963117,0.246694107040277,365
vit,vit,raw,2018,120,v700,m s^-1,5.412023861198937,0.23074336196174206,365
vit,vit,raw,2018,120,v850,m s^-1,4.796938305003408,0.20570603348192262,365
vit,vit,raw,2018,120,v925,m s^-1,4.879451571795018,0.20162324383266422,365
vit,vit,raw,2018,120,v1000,m s^-1,3.966621698426378,0.19773604117183607,365
vit,vit,raw,2018,120,u10,m s^-1,3.4908302315566258,0.26527489417762645,365
vit,vit,raw,2018,120,v10,m s^-1,3.488188784384283,0.1963900360230692,365
vit,vit,raw,2018,120,t2m,K,2.934132196257754,0.23215468721403704,365
vit,vit,raw,2018,120,mslp,Pa,647.1519641676346,0.3444235787663979,365
vit,vit,raw,2018,168,z50,m^2 s^-2,887.1474675583567,0.5578000380269272,365
vit,vit,raw,2018,168,z100,m^2 s^-2,815.3576357303804,0.4533053965876853,365
vit,vit,raw,2018,168,z200,m^2 s^-2,991.6353248375904,0.3302351933036714,365
vit,vit,raw,2018,168,z300,m^2 s^-2,1034.7497650150156,0.3000106618377561,365
vit,vit,raw,2018,168,z500,m^2 s^-2,761.8677707355893,0.2987800877378883,365
vit,vit,raw,2018,168,z700,m^2 s^-2,583.9686948443548,0.2888596965342182,365
vit,vit,raw,2018,168,z850,m^2 s^-2,522.2644183633001,0.2707249120057347,365
vit,vit,raw,2018,168,z925,m^2 s^-2,519.0858948423806,0.25838039526854334,365
vit,vit,raw,2018,168,z1000,m^2 s^-2,530.0834342847191,0.24490845598291472,365
vit,vit,raw,2018,168,q50,kg kg^-1,1.0356011122757883e-07,0.5830680479217843,365
vit,vit,raw,2018,168,q100,kg kg^-1,3.477272027533246e-07,0.3719264349623039,365
vit,vit,raw,2018,168,q200,kg kg^-1,1.306026157754725e-05,0.24200668249865592,365
vit,vit,raw,2018,168,q300,kg kg^-1,0.00011699592977135942,0.23918244475417827,365
vit,vit,raw,2018,168,q500,kg kg^-1,0.0007472910298550189,0.25159265364798594,365
vit,vit,raw,2018,168,q700,kg kg^-1,0.0014411726390707348,0.22836804485199286,365
vit,vit,raw,2018,168,q850,kg kg^-1,0.0016692208221567948,0.18422445257334533,365
vit,vit,raw,2018,168,q925,kg kg^-1,0.00140590243457531,0.1676055470379736,365
vit,vit,raw,2018,168,q1000,kg kg^-1,0.0015158173404331207,0.15268630292330818,365
vit,vit,raw,2018,168,t50,K,2.4983380539119544,0.5778598816881901,365
vit,vit,raw,2018,168,t100,K,2.798614625613667,0.4250795099947867,365
vit,vit,raw,2018,168,t200,K,3.2781896935028567,0.3015833802816132,365
vit,vit,raw,2018,168,t300,K,2.3563997052499284,0.2572813068539133,365
vit,vit,raw,2018,168,t500,K,2.929864097310191,0.24307715484798706,365
vit,vit,raw,2018,168,t700,K,3.023578130794672,0.2279781781313707,365
vit,vit,raw,2018,168,t850,K,3.278107807898383,0.20879884526235334,365
vit,vit,raw,2018,168,t925,K,3.1041650140165284,0.20010716649060256,365
vit,vit,raw,2018,168,t1000,K,2.8899718095788027,0.20166551036936115,365
vit,vit,raw,2018,168,u50,m s^-1,5.26722947056498,0.7610923897216517,365
vit,vit,raw,2018,168,u100,m s^-1,6.6623849770166945,0.3585273849319038,365
vit,vit,raw,2018,168,u200,m s^-1,10.912470378529354,0.3065587174535352,365
vit,vit,raw,2018,168,u300,m s^-1,11.183767061762063,0.27460722995544284,365
vit,vit,raw,2018,168,u500,m s^-1,7.758100574459197,0.26354250672830604,365
vit,vit,raw,2018,168,u700,m s^-1,5.942229084112338,0.2559929996088423,365
vit,vit,raw,2018,168,u850,m s^-1,5.239566076718064,0.2283145739433729,365
vit,vit,raw,2018,168,u925,m s^-1,5.099336923369409,0.20562715458045974,365
vit,vit,raw,2018,168,u1000,m s^-1,4.022303276241693,0.19160959258232074,365
vit,vit,raw,2018,168,v50,m s^-1,4.564013646854048,0.34989366267980715,365
vit,vit,raw,2018,168,v100,m s^-1,6.12293215626159,0.22707637367842412,365
vit,vit,raw,2018,168,v200,m s^-1,10.693898265589567,0.16465974258247063,365
vit,vit,raw,2018,168,v300,m s^-1,11.014122346095235,0.16458878186965825,365
vit,vit,raw,2018,168,v500,m s^-1,7.38676175016223,0.16663280665348673,365
vit,vit,raw,2018,168,v700,m s^-1,5.506307698433701,0.15314460952999517,365
vit,vit,raw,2018,168,v850,m s^-1,4.866157692982706,0.13942715044826265,365
vit,vit,raw,2018,168,v925,m s^-1,4.944790539117216,0.14001222849658965,365
vit,vit,raw,2018,168,v1000,m s^-1,4.0202822029167145,0.13780433322959748,365
vit,vit,raw,2018,168,u10,m s^-1,3.5714911337895163,0.19108359612339623,365
vit,vit,raw,2018,168,v10,m s^-1,3.5349081953091654,0.13761252477164942,365
vit,vit,raw,2018,168,t2m,K,3.027588309476306,0.17106166663358327,365
vit,vit,raw,2018,168,mslp,Pa,671.927998897244,0.24161929128821721,365
vit,vit,raw,2018,240,z50,m^2 s^-2,983.8878494304365,0.43233255047373575,365
vit,vit,raw,2018,240,z100,m^2 s^-2,870.2009164653432,0.3459781957541935,365
vit,vit,raw,2018,240,z200,m^2 s^-2,1026.3924113225644,0.24405784735441755,365
vit,vit,raw,2018,240,z300,m^2 s^-2,1064.6794069365644,0.217571088042399,365
vit,vit,raw,2018,240,z500,m^2 s^-2,784.5049895289962,0.2125938858708061,365
vit,vit,raw,2018,240,z700,m^2 s^-2,600.6292417494511,0.20326295975361253,365
vit,vit,raw,2018,240,z850,m^2 s^-2,535.8240340868791,0.18866497277109542,365
vit,vit,raw,2018,240,z925,m^2 s^-2,531.9310989280937,0.17802566047665977,365
vit,vit,raw,2018,240,z1000,m^2 s^-2,542.9103021981409,0.16547373147528371,365
vit,vit,raw,2018,240,q50,kg kg^-1,1.0641895698720905e-07,0.5576615548158464,365
vit,vit,raw,2018,240,q100,kg kg^-1,3.628908929715392e-07,0.28817578248025827,365
vit,vit,raw,2018,240,q200,kg kg^-1,1.3294308466931092e-05,0.19140354863558495,365
vit,vit,raw,2018,240,q300,kg kg^-1,0.00011887565098848065,0.18988505423664762,365
vit,vit,raw,2018,240,q500,kg kg^-1,0.0007591696494728886,0.20505443739484888,365
vit,vit,raw,2018,240,q700,kg kg^-1,0.001458585991985113,0.19022423277435863,365
vit,vit,raw,2018,240,q850,kg kg^-1,0.0016876089103310787,0.1529444798782499,365
vit,vit,raw,2018,240,q925,kg kg^-1,0.0014260814820270264,0.13398292699676365,365
vit,vit,raw,2018,240,q1000,kg kg^-1,0.001540648967555049,0.11662395145588729,365
vit,vit,raw,2018,240,t50,K,2.722147807779786,0.4840061098828946,365
vit,vit,raw,2018,240,t100,K,2.961379853043349,0.32953192224798084,365
vit,vit,raw,2018,240,t200,K,3.367895619972271,0.2294276504306217,365
vit,vit,raw,2018,240,t300,K,2.408867108766564,0.19565405855135679,365
vit,vit,raw,2018,240,t500,K,2.9885480703042187,0.17798803661024545,365
vit,vit,raw,2018,240,t700,K,3.095122017670485,0.15816784687191893,365
vit,vit,raw,2018,240,t850,K,3.3606630591876554,0.13879718430899754,365
vit,vit,raw,2018,240,t925,K,3.190700977313379,0.13653453516488653,365
vit,vit,raw,2018,240,t1000,K,2.9817771284998353,0.14529338007074033,365
vit,vit,raw,2018,240,u50,m s^-1,5.5825512125255505,0.7291440558263639,365
vit,vit,raw,2018,240,u100,m s^-1,6.938913702626182,0.2680418771013381,365
vit,vit,raw,2018,240,u200,m s^-1,11.200464955848242,0.22912470017197714,365
vit,vit,raw,2018,240,u300,m s^-1,11.399432622958678,0.20722827069171398,365
vit,vit,raw,2018,240,u500,m s^-1,7.9087707093454025,0.1952635523126574,365
vit,vit,raw,2018,240,u700,m s^-1,6.058764026976351,0.18974597599686382,365
vit,vit,raw,2018,240,u850,m s^-1,5.329650052579436,0.1689383577038309,365
vit,vit,raw,2018,240,u925,m s^-1,5.174585348540369,0.1523774663718152,365
vit,vit,raw,2018,240,u1000,m s^-1,4.075968485373962,0.14281842738175127,365
vit,vit,raw,2018,240,v50,m s^-1,4.760328869099433,0.23658392627352015,365
vit,vit,raw,2018,240,v100,m s^-1,6.229749181877939,0.15888576999261822,365
vit,vit,raw,2018,240,v200,m s^-1,10.758174459631809,0.12631052169463547,365
vit,vit,raw,2018,240,v300,m s^-1,11.067546753369951,0.13098569326122542,365
vit,vit,raw,2018,240,v500,m s^-1,7.432084579661944,0.1290470959828379,365
vit,vit,raw,2018,240,v700,m s^-1,5.542070273526211,0.11656221926904782,365
vit,vit,raw,2018,240,v850,m s^-1,4.895953144122169,0.10763012141404622,365
vit,vit,raw,2018,240,v925,m s^-1,4.973098667387947,0.11132351665841549,365
vit,vit,raw,2018,240,v1000,m s^-1,4.044098968448193,0.1108086717442478,365
vit,vit,raw,2018,240,u10,m s^-1,3.620423515084087,0.1416314711106409,365
vit,vit,raw,2018,240,v10,m s^-1,3.556356242227362,0.11038310816283044,365
vit,vit,raw,2018,240,t2m,K,3.113405240344407,0.12409285879940783,365
vit,vit,raw,2018,240,mslp,Pa,688.2880546928566,0.1620533955770809,365
vit,vit,raw,2019,24,z50,m^2 s^-2,437.7785961787765,0.936042169955666,365
vit,vit,raw,2019,24,z100,m^2 s^-2,399.46868820385436,0.9169191095261295,365
vit,vit,raw,2019,24,z200,m^2 s^-2,477.0257324751917,0.8949509257940824,365
vit,vit,raw,2019,24,z300,m^2 s^-2,492.08670949955143,0.8913080905398143,365
vit,vit,raw,2019,24,z500,m^2 s^-2,349.07862263633115,0.8985284519896011,365
vit,vit,raw,2019,24,z700,m^2 s^-2,270.3688833230431,0.895574356214226,365
vit,vit,raw,2019,24,z850,m^2 s^-2,255.04983453665415,0.8810004683162823,365
vit,vit,raw,2019,24,z925,m^2 s^-2,260.93436826518666,0.8720256965182271,365
vit,vit,raw,2019,24,z1000,m^2 s^-2,273.30149257426666,0.8635449043429592,365
vit,vit,raw,2019,24,q50,kg kg^-1,1.0164994498059968e-07,0.6576229947096094,365
vit,vit,raw,2019,24,q100,kg kg^-1,2.9896903304358066e-07,0.6327042932662529,365
vit,vit,raw,2019,24,q200,kg kg^-1,1.1551138590971434e-05,0.589892917701373,365
vit,vit,raw,2019,24,q300,kg kg^-1,9.986478102950627e-05,0.5990472647455772,365
vit,vit,raw,2019,24,q500,kg kg^-1,0.0006231923553001687,0.6006598472104993,365
vit,vit,raw,2019,24,q700,kg kg^-1,0.001223959645702583,0.5631306366336224,365
vit,vit,raw,2019,24,q850,kg kg^-1,0.00148062798035283,0.49638561629507777,365
vit,vit,raw,2019,24,q925,kg kg^-1,0.0012094171886962892,0.527797891796975,365
vit,vit,raw,2019,24,q1000,kg kg^-1,0.0012382660397019642,0.5516139037113742,365
vit,vit,raw,2019,24,t50,K,1.626149424036297,0.90351637583054,365
vit,vit,raw,2019,24,t100,K,1.8151922084330723,0.8428191044545436,365
vit,vit,raw,2019,24,t200,K,2.1733933903322273,0.797240576354875,365
vit,vit,raw,2019,24,t300,K,1.7953702182883955,0.6954148083030637,365
vit,vit,raw,2019,24,t500,K,1.869630932623863,0.7789194010539785,365
vit,vit,raw,2019,24,t700,K,1.9501895556823274,0.766505331072784,365
vit,vit,raw,2019,24,t850,K,2.2474730513921446,0.7296818197607592,365
vit,vit,raw,2019,24,t925,K,2.252576373694517,0.675067724039739,365
vit,vit,raw,2019,24,t1000,K,2.240698402607467,0.5928577196049916,365
vit,vit,raw,2019,24,u50,m s^-1,3.160381218919739,0.9055280464066761,365
vit,vit,raw,2019,24,u100,m s^-1,3.917174145220511,0.84413425766257,365
vit,vit,raw,2019,24,u200,m s^-1,6.321312972817623,0.8267130607408705,365
vit,vit,raw,2019,24,u300,m s^-1,6.687703823528618,0.8093632816927522,365
vit,vit,raw,2019,24,u500,m s^-1,4.574012773647871,0.8118304321427134,365
vit,vit,raw,2019,24,u700,m s^-1,3.6496067774484087,0.7949679674347947,365
vit,vit,raw,2019,24,u850,m s^-1,3.381660557394688,0.7672839642269073,365
vit,vit,raw,2019,24,u925,m s^-1,3.361185894962909,0.7517667158719461,365
vit,vit,raw,2019,24,u1000,m s^-1,2.6740797907562284,0.7447629778629112,365
vit,vit,raw,2019,24,v50,m s^-1,2.282434210467677,0.8684410650565213,365
vit,vit,raw,2019,24,v100,m s^-1,3.2765727003800986,0.8537399528916649,365
vit,vit,raw,2019,24,v200,m s^-1,5.769904889601899,0.8517642443797697,365
vit,vit,raw,2019,24,v300,m s^-1,6.170610632270789,0.8375643777162127,365
vit,vit,raw,2019,24,v500,m s^-1,4.140420381563458,0.8383845722405981,365
vit,vit,raw,2019,24,v700,m s^-1,3.2746329150794105,0.8150393849242715,365
vit,vit,raw,2019,24,v850,m s^-1,3.108822479389001,0.778552618954319,365
vit,vit,raw,2019,24,v925,m s^-1,3.185325189247436,0.7730733267449088,365
vit,vit,raw,2019,24,v1000,m s^-1,2.614650079391911,0.7649355326174159,365
vit,vit,raw,2019,24,u10,m s^-1,2.384993409680416,0.7441226447364948,365
vit,vit,raw,2019,24,v10,m s^-1,2.3137342933437917,0.7605890066072349,365
vit,vit,raw,2019,24,t2m,K,2.516803230738508,0.4910258726187827,365
vit,vit,raw,2019,24,mslp,Pa,347.464777244419,0.8620403025401961,365
vit,vit,raw,2019,72,z50,m^2 s^-2,602.3507313104832,0.8743773987235436,365
vit,vit,raw,2019,72,z100,m^2 s^-2,605.6844538016927,0.7955890069831681,365
vit,vit,raw,2019,72,z200,m^2 s^-2,793.2431643627439,0.6696473239576372,365
vit,vit,raw,2019,72,z300,m^2 s^-2,835.6604257047483,0.6373884356100239,365
vit,vit,raw,2019,72,z500,m^2 s^-2,612.6066030378847,0.6371750264626895,365
vit,vit,raw,2019,72,z700,m^2 s^-2,476.6558713493214,0.6197111975940397,365
vit,vit,raw,2019,72,z850,m^2 s^-2,436.87076450119224,0.5855687905667342,365
vit,vit,raw,2019,72,z925,m^2 s^-2,438.9394378432839,0.5675828285162272,365
vit,vit,raw,2019,72,z1000,m^2 s^-2,451.5391359197155,0.5536590926382893,365
vit,vit,raw,2019,72,q50,kg kg^-1,1.0831783209740446e-07,0.5981195572496206,365
vit,vit,raw,2019,72,q100,kg kg^-1,3.2874136974396085e-07,0.5252001690605003,365
vit,vit,raw,2019,72,q200,kg kg^-1,1.306209621653877e-05,0.40634525415139705,365
vit,vit,raw,2019,72,q300,kg kg^-1,0.00011488976770151934,0.3883640323808175,365
vit,vit,raw,2019,72,q500,kg kg^-1,0.0007102923609182853,0.41252655114939046,365
vit,vit,raw,2019,72,q700,kg kg^-1,0.0013720500846847135,0.3815286008781702,365
vit,vit,raw,2019,72,q850,kg kg^-1,0.001625041691994146,0.3248359083088553,365
vit,vit,raw,2019,72,q925,kg kg^-1,0.0013551212262199461,0.3426584218534589,365
vit,vit,raw,2019,72,q1000,kg kg^-1,0.0014129599966012799,0.35913812002541445,365
vit,vit,raw,2019,72,t50,K,2.015668378924012,0.8463314616515084,365
vit,vit,raw,2019,72,t100,K,2.3046161546507244,0.729491998907442,365
vit,vit,raw,2019,72,t200,K,2.878990924043991,0.6005646013108941,365
vit,vit,raw,2019,72,t300,K,2.1508980020748365,0.5097185862733175,365
vit,vit,raw,2019,72,t500,K,2.529322255193318,0.5296631461921029,365
vit,vit,raw,2019,72,t700,K,2.5933019124777887,0.5236386322395071,365
vit,vit,raw,2019,72,t850,K,2.8579770546231615,0.5014559827564334,365
vit,vit,raw,2019,72,t925,K,2.762782689480256,0.449468454059933,365
vit,vit,raw,2019,72,t1000,K,2.6217079436864896,0.3906881886186915,365
vit,vit,raw,2019,72,u50,m s^-1,4.182999820617892,0.8269546474230577,365
vit,vit,raw,2019,72,u100,m s^-1,5.541722482791841,0.6499545533876007,365
vit,vit,raw,2019,72,u200,m s^-1,9.256094609453239,0.5659446498711059,365
vit,vit,raw,2019,72,u300,m s^-1,9.646481418879228,0.5310588723172108,365
vit,vit,raw,2019,72,u500,m s^-1,6.656867952959207,0.5273982611180614,365
vit,vit,raw,2019,72,u700,m s^-1,5.194466436694743,0.5056330278240271,365
vit,vit,raw,2019,72,u850,m s^-1,4.687846007514591,0.46033090728284437,365
vit,vit,raw,2019,72,u925,m s^-1,4.5996667842923,0.43458728199833296,365
vit,vit,raw,2019,72,u1000,m s^-1,3.633762588767145,0.4273771969688095,365
vit,vit,raw,2019,72,v50,m s^-1,3.431839655862088,0.6656403773601164,365
vit,vit,raw,2019,72,v100,m s^-1,5.217856004962099,0.5584613622459125,365
vit,vit,raw,2019,72,v200,m s^-1,9.587761945498642,0.49245747542797513,365
vit,vit,raw,2019,72,v300,m s^-1,9.93183456338625,0.47693774437418784,365
vit,vit,raw,2019,72,v500,m s^-1,6.653471475735932,0.48265248690869716,365
vit,vit,raw,2019,72,v700,m s^-1,5.034600268210403,0.4552275769807963,365
vit,vit,raw,2019,72,v850,m s^-1,4.540667708296516,0.4027079804626587,365
vit,vit,raw,2019,72,v925,m s^-1,4.6246535000872955,0.39342026556041587,365
vit,vit,raw,2019,72,v1000,m s^-1,3.7449773608694694,0.39154324133606466,365
vit,vit,raw,2019,72,u10,m s^-1,3.236922995301927,0.4278447696714364,365
vit,vit,raw,2019,72,v10,m s^-1,3.3001061059038275,0.3841721281912466,365
vit,vit,raw,2019,72,t2m,K,2.787204439423995,0.3342740115312351,365
vit,vit,raw,2019,72,mslp,Pa,572.1677466140599,0.5515556435283948,365
vit,vit,raw,2019,120,z50,m^2 s^-2,736.595276359971,0.8038892521227686,365
vit,vit,raw,2019,120,z100,m^2 s^-2,731.1062210834,0.6806867463107621,365
vit,vit,raw,2019,120,z200,m^2 s^-2,935.7317609361443,0.48315430468438103,365
vit,vit,raw,2019,120,z300,m^2 s^-2,976.3790164341287,0.43695627010534427,365
vit,vit,raw,2019,120,z500,m^2 s^-2,717.019761124103,0.43366791983314695,365
vit,vit,raw,2019,120,z700,m^2 s^-2,552.2309369713795,0.41890692828458864,365
vit,vit,raw,2019,120,z850,m^2 s^-2,496.73456777429715,0.3916951090436038,365
vit,vit,raw,2019,120,z925,m^2 s^-2,495.075300286499,0.3758085595715176,365
vit,vit,raw,2019,120,z1000,m^2 s^-2,506.4596953243305,0.36337250497941664,365
vit,vit,raw,2019,120,q50,kg kg^-1,1.1272838533722538e-07,0.5534432160585488,365
vit,vit,raw,2019,120,q100,kg kg^-1,3.4613458215036946e-07,0.4508718650087727,365
vit,vit,raw,2019,120,q200,kg kg^-1,1.3533009194662812e-05,0.3238323832686665,365
vit,vit,raw,2019,120,q300,kg kg^-1,0.00011926770477351842,0.29562544412512987,365
vit,vit,raw,2019,120,q500,kg kg^-1,0.0007428439655215408,0.3105226325587689,365
vit,vit,raw,2019,120,q700,kg kg^-1,0.0014330056408716405,0.27607295149290245,365
vit,vit,raw,2019,120,q850,kg kg^-1,0.001683485892223004,0.2352375180628387,365
vit,vit,raw,2019,120,q925,kg kg^-1,0.001417911404958488,0.23856456736940976,365
vit,vit,raw,2019,120,q1000,kg kg^-1,0.001507225823622085,0.22107755132781617,365
vit,vit,raw,2019,120,t50,K,2.3151147515745696,0.7885828449432543,365
vit,vit,raw,2019,120,t100,K,2.593192215544354,0.6374344943185141,365
vit,vit,raw,2019,120,t200,K,3.1559523857734315,0.4827666393027233,365
vit,vit,raw,2019,120,t300,K,2.3287998942191135,0.3715205884880245,365
vit,vit,raw,2019,120,t500,K,2.8010936445136876,0.3503437074738654,365
vit,vit,raw,2019,120,t700,K,2.8808276677207987,0.3396974629553335,365
vit,vit,raw,2019,120,t850,K,3.1601180302706626,0.31831399839129004,365
vit,vit,raw,2019,120,t925,K,3.0143677724083897,0.2842800736805703,365
vit,vit,raw,2019,120,t1000,K,2.8164661295215896,0.2580060849853549,365
vit,vit,raw,2019,120,u50,m s^-1,4.806017401358622,0.7620416015789193,365
vit,vit,raw,2019,120,u100,m s^-1,6.322732774997579,0.49742575733570377,365
vit,vit,raw,2019,120,u200,m s^-1,10.397594667971754,0.38110318883141125,365
vit,vit,raw,2019,120,u300,m s^-1,10.688730090511253,0.3477755179640619,365
vit,vit,raw,2019,120,u500,m s^-1,7.389935650453143,0.33756395118783444,365
vit,vit,raw,2019,120,u700,m s^-1,5.704353637637907,0.3274520331355957,365
vit,vit,raw,2019,120,u850,m s^-1,5.055829012179702,0.29951822538542827,365
vit,vit,raw,2019,120,u925,m s^-1,4.925225456525221,0.27884489563472387,365
vit,vit,raw,2019,120,u1000,m s^-1,3.8884700552673435,0.2714070432033235,365
vit,vit,raw,2019,120,v50,m s^-1,3.99511842176117,0.49406596647896894,365
vit,vit,raw,2019,120,v100,m s^-1,5.920450234923391,0.33948936131550134,365
vit,vit,raw,2019,120,v200,m s^-1,10.62042495580756,0.2683822421156119,365
vit,vit,raw,2019,120,v300,m s^-1,10.902328599929103,0.2643943501796961,365
vit,vit,raw,2019,120,v500,m s^-1,7.318859321250167,0.2700464817020997,365
vit,vit,raw,2019,120,v700,m s^-1,5.480170442604212,0.252842242847683,365
vit,vit,raw,2019,120,v850,m s^-1,4.849680631175316,0.22296251091258742,365
vit,vit,raw,2019,120,v925,m s^-1,4.927865741713888,0.21532572761108668,365
vit,vit,raw,2019,120,v1000,m s^-1,4.001090937279951,0.20607901594137862,365
vit,vit,raw,2019,120,u10,m s^-1,3.4634561274173916,0.27311942343434487,365
vit,vit,raw,2019,120,v10,m s^-1,3.517289551359968,0.20326651654891859,365
vit,vit,raw,2019,120,t2m,K,2.94637669247348,0.22866072854013936,365
vit,vit,raw,2019,120,mslp,Pa,640.9927906145771,0.36257355289445975,365
vit,vit,raw,2019,168,z50,m^2 s^-2,823.1181246787471,0.7462959471866281,365
vit,vit,raw,2019,168,z100,m^2 s^-2,795.0546175345526,0.6043650060759495,365
vit,vit,raw,2019,168,z200,m^2 s^-2,992.358114189603,0.37758760119089146,365
vit,vit,raw,2019,168,z300,m^2 s^-2,1030.0746099457042,0.32368270834132634,365
vit,vit,raw,2019,168,z500,m^2 s^-2,757.7176338658306,0.315112173499622,365
vit,vit,raw,2019,168,z700,m^2 s^-2,581.5463771936463,0.3030290193452599,365
vit,vit,raw,2019,168,z850,m^2 s^-2,519.3469268578026,0.28410511591692195,365
vit,vit,raw,2019,168,z925,m^2 s^-2,515.5141336601981,0.2737783914466635,365
vit,vit,raw,2019,168,z1000,m^2 s^-2,525.8843599689303,0.26557389518088204,365
vit,vit,raw,2019,168,q50,kg kg^-1,1.1611843433147568e-07,0.5167009636706399,365
vit,vit,raw,2019,168,q100,kg kg^-1,3.568730023064716e-07,0.3999274768521404,365
vit,vit,raw,2019,168,q200,kg kg^-1,1.374317547079276e-05,0.2814674224857484,365
vit,vit,raw,2019,168,q300,kg kg^-1,0.0001210097715120362,0.2512170438047671,365
vit,vit,raw,2019,168,q500,kg kg^-1,0.0007561982314788393,0.2608128303352436,365
vit,vit,raw,2019,168,q700,kg kg^-1,0.0014574054287726517,0.22770375004832605,365
vit,vit,raw,2019,168,q850,kg kg^-1,0.0017080005962500317,0.19624153512112485,365
vit,vit,raw,2019,168,q925,kg kg^-1,0.0014421098154692464,0.19815354867756788,365
vit,vit,raw,2019,168,q1000,kg kg^-1,0.0015404186804515879,0.17137425328876207,365
vit,vit,raw,2019,168,t50,K,2.5008940992174087,0.7442058526602908,365
vit,vit,raw,2019,168,t100,K,2.734728799942272,0.5820821681200153,365
vit,vit,raw,2019,168,t200,K,3.267160283556221,0.4242565211823184,365
vit,vit,raw,2019,168,t300,K,2.3947880750398323,0.306945619171595,365
vit,vit,raw,2019,168,t500,K,2.8975745251229013,0.26173597836777984,365
vit,vit,raw,2019,168,t700,K,2.985468832285663,0.2497780912856211,365
vit,vit,raw,2019,168,t850,K,3.269111405136422,0.23211642554334225,365
vit,vit,raw,2019,168,t925,K,3.1126303869667247,0.20933442155529244,365
vit,vit,raw,2019,168,t1000,K,2.905775527555471,0.19579911628446842,365
vit,vit,raw,2019,168,u50,m s^-1,5.135883988022809,0.7206524146363656,365
vit,vit,raw,2019,168,u100,m s^-1,6.663126731802623,0.40846121122809614,365
vit,vit,raw,2019,168,u200,m s^-1,10.828110023097125,0.28171364346680217,365
vit,vit,raw,2019,168,u300,m s^-1,11.059283305063047,0.2525663618481726,365
vit,vit,raw,2019,168,u500,m s^-1,7.640767805576974,0.24192876388424023,365
vit,vit,raw,2019,168,u700,m s^-1,5.881182949531432,0.24067873130822284,365
vit,vit,raw,2019,168,u850,m s^-1,5.180418156781483,0.22678524582432144,365
vit,vit,raw,2019,168,u925,m s^-1,5.032339135050353,0.21128809451340852,365
vit,vit,raw,2019,168,u1000,m s^-1,3.973214244177794,0.20371874535090162,365
vit,vit,raw,2019,168,v50,m s^-1,4.235716582274137,0.3879196738475442,365
vit,vit,raw,2019,168,v100,m s^-1,6.123484979175493,0.2358371068071716,365
vit,vit,raw,2019,168,v200,m s^-1,10.839061113260758,0.18604312567338122,365
vit,vit,raw,2019,168,v300,m s^-1,11.109872731296063,0.1865658746064928,365
vit,vit,raw,2019,168,v500,m s^-1,7.4738396459351755,0.18753111692527996,365
vit,vit,raw,2019,168,v700,m s^-1,5.589451263976009,0.17342380266692872,365
vit,vit,raw,2019,168,v850,m s^-1,4.9271217227515445,0.1557464771768233,365
vit,vit,raw,2019,168,v925,m s^-1,4.998243917106238,0.1547417149884792,365
vit,vit,raw,2019,168,v1000,m s^-1,4.055710371879529,0.14911176105562848,365
vit,vit,raw,2019,168,u10,m s^-1,3.5404605496455153,0.20465803275848182,365
vit,vit,raw,2019,168,v10,m s^-1,3.56533483667623,0.14696129220110865,365
vit,vit,raw,2019,168,t2m,K,3.029363981177353,0.17679012115456355,365
vit,vit,raw,2019,168,mslp,Pa,665.2451022455135,0.26612621718015816,365
vit,vit,raw,2019,240,z50,m^2 s^-2,901.491945845695,0.6834406873312979,365
vit,vit,raw,2019,240,z100,m^2 s^-2,844.0033508016325,0.5344304577177696,365
vit,vit,raw,2019,240,z200,m^2 s^-2,1028.5236826410098,0.294991902975694,365
vit,vit,raw,2019,240,z300,m^2 s^-2,1062.0716773240742,0.2384545075161524,365
vit,vit,raw,2019,240,z500,m^2 s^-2,781.1384024403891,0.22708527263646255,365
vit,vit,raw,2019,240,z700,m^2 s^-2,597.9051516201413,0.2193296788465657,365
vit,vit,raw,2019,240,z850,m^2 s^-2,531.8160977396872,0.20832277006782368,365
vit,vit,raw,2019,240,z925,m^2 s^-2,526.8609762266967,0.2024572980770481,365
vit,vit,raw,2019,240,z1000,m^2 s^-2,536.8374446653876,0.19775888547561626,365
vit,vit,raw,2019,240,q50,kg kg^-1,1.2053793322422274e-07,0.46714548552309515,365
vit,vit,raw,2019,240,q100,kg kg^-1,3.6726688049821556e-07,0.34471594875699396,365
vit,vit,raw,2019,240,q200,kg kg^-1,1.3918235434389765e-05,0.24746629124505684,365
vit,vit,raw,2019,240,q300,kg kg^-1,0.00012252142685818742,0.2125831443360768,365
vit,vit,raw,2019,240,q500,kg kg^-1,0.0007676834745581471,0.21702599283790505,365
vit,vit,raw,2019,240,q700,kg kg^-1,0.001477423250158473,0.1891149761085437,365
vit,vit,raw,2019,240,q850,kg kg^-1,0.0017264806019982191,0.16822538122167946,365
vit,vit,raw,2019,240,q925,kg kg^-1,0.0014614650230906018,0.16991938854194008,365
vit,vit,raw,2019,240,q1000,kg kg^-1,0.001562589052871106,0.14488670746497423,365
vit,vit,raw,2019,240,t50,K,2.6972122839610018,0.6886278145231352,365
vit,vit,raw,2019,240,t100,K,2.8668852792864636,0.5237336580572421,365
vit,vit,raw,2019,240,t200,K,3.3496715442350333,0.3769748054608878,365
vit,vit,raw,2019,240,t300,K,2.44526180415293,0.2563016697015117,365
vit,vit,raw,2019,240,t500,K,2.959387054575521,0.1959218420628387,365
vit,vit,raw,2019,240,t700,K,3.05724909656487,0.18304904192584423,365
vit,vit,raw,2019,240,t850,K,3.344172523184124,0.1718573449152935,365
vit,vit,raw,2019,240,t925,K,3.180955477035967,0.16096057627835417,365
vit,vit,raw,2019,240,t1000,K,2.977823421848965,0.15272805518505486,365
vit,vit,raw,2019,240,u50,m s^-1,5.446421227291247,0.6755003282611073,365
vit,vit,raw,2019,240,u100,m s^-1,6.937059992470615,0.32536225135989766,365
vit,vit,raw,2019,240,u200,m s^-1,11.115351065053378,0.20559295160494656,365
vit,vit,raw,2019,240,u300,m s^-1,11.277720012511566,0.1853842314896543,365
vit,vit,raw,2019,240,u500,m s^-1,7.781161087685765,0.1759332297680049,365
vit,vit,raw,2019,240,u700,m s^-1,5.992636958980122,0.1769059365096376,365
vit,vit,raw,2019,240,u850,m s^-1,5.262114598416049,0.1748671630017596,365
vit,vit,raw,2019,240,u925,m s^-1,5.1017859839805215,0.1648054090961491,365
vit,vit,raw,2019,240,u1000,m s^-1,4.027338300680768,0.15843779146202233,365
vit,vit,raw,2019,240,v50,m s^-1,4.389337358427863,0.2971470593225806,365
vit,vit,raw,2019,240,v100,m s^-1,6.223297608374497,0.1662771338945506,365
vit,vit,raw,2019,240,v200,m s^-1,10.941402019420757,0.1392646350918196,365
vit,vit,raw,2019,240,v300,m s^-1,11.208121815216222,0.14147268061323712,365
vit,vit,raw,2019,240,v500,m s^-1,7.548414823312031,0.1378647227636569,365
vit,vit,raw,2019,240,v700,m s^-1,5.643292422034679,0.12595301427625336,365
vit,vit,raw,2019,240,v850,m s^-1,4.968708750748383,0.11534439907966292,365
vit,vit,raw,2019,240,v925,m s^-1,5.040379189375275,0.11653263215480779,365
vit,vit,raw,2019,240,v1000,m s^-1,4.088755623702422,0.11466794392320234,365
vit,vit,raw,2019,240,u10,m s^-1,3.5887642901362375,0.15923704878472972,365
vit,vit,raw,2019,240,v10,m s^-1,3.5948079979346272,0.11279618178349361,365
vit,vit,raw,2019,240,t2m,K,3.1098783182181555,0.13498134220896518,365
vit,vit,raw,2019,240,mslp,Pa,678.8294930619064,0.19926531168737188,365
vit,vit,sphere_ttc,2018,24,z50,m^2 s^-2,415.5258514193479,0.9186630962702255,365
vit,vit,sphere_ttc,2018,24,z100,m^2 s^-2,379.3989810693653,0.907203635539679,365
vit,vit,sphere_ttc,2018,24,z200,m^2 s^-2,459.7236085689802,0.8972495615694374,365
vit,vit,sphere_ttc,2018,24,z300,m^2 s^-2,481.45865610954405,0.8947263993035687,365
vit,vit,sphere_ttc,2018,24,z500,m^2 s^-2,344.4292405945539,0.9009377486762348,365
vit,vit,sphere_ttc,2018,24,z700,m^2 s^-2,267.73837973453993,0.8971672460001368,365
vit,vit,sphere_ttc,2018,24,z850,m^2 s^-2,254.50645918630704,0.8814592060948317,365
vit,vit,sphere_ttc,2018,24,z925,m^2 s^-2,260.8955371475531,0.8722525034978567,365
vit,vit,sphere_ttc,2018,24,z1000,m^2 s^-2,273.1209014300173,0.8638111081564501,365
vit,vit,sphere_ttc,2018,24,q50,kg kg^-1,9.049187786172418e-08,0.6957838705847232,365
vit,vit,sphere_ttc,2018,24,q100,kg kg^-1,2.8909924081971376e-07,0.6269161092430278,365
vit,vit,sphere_ttc,2018,24,q200,kg kg^-1,1.0895077892793608e-05,0.5744068732686456,365
vit,vit,sphere_ttc,2018,24,q300,kg kg^-1,9.668625619308685e-05,0.5887360586868863,365
vit,vit,sphere_ttc,2018,24,q500,kg kg^-1,0.0006162089582470247,0.5948491805667147,365
vit,vit,sphere_ttc,2018,24,q700,kg kg^-1,0.0012102707228092795,0.5654234088727567,365
vit,vit,sphere_ttc,2018,24,q850,kg kg^-1,0.0014322139799945932,0.5060889596684378,365
vit,vit,sphere_ttc,2018,24,q925,kg kg^-1,0.001139790947805767,0.5526258241597869,365
vit,vit,sphere_ttc,2018,24,q1000,kg kg^-1,0.0011398046694347905,0.6063682547071176,365
vit,vit,sphere_ttc,2018,24,t50,K,1.493547774537576,0.867955283195878,365
vit,vit,sphere_ttc,2018,24,t100,K,1.7791989138282023,0.8116568434446829,365
vit,vit,sphere_ttc,2018,24,t200,K,2.119983684744951,0.783907339150227,365
vit,vit,sphere_ttc,2018,24,t300,K,1.7506009094769024,0.6847064183681438,365
vit,vit,sphere_ttc,2018,24,t500,K,1.8702940225613431,0.7814762045353737,365
vit,vit,sphere_ttc,2018,24,t700,K,1.9110126105492447,0.780428209462487,365
vit,vit,sphere_ttc,2018,24,t850,K,2.17284480110562,0.7486765125851783,365
vit,vit,sphere_ttc,2018,24,t925,K,2.1624640282141563,0.7039005418886705,365
vit,vit,sphere_ttc,2018,24,t1000,K,2.0632191990377433,0.6550717562462639,365
vit,vit,sphere_ttc,2018,24,u50,m s^-1,2.9856363272445563,0.9290766815269077,365
vit,vit,sphere_ttc,2018,24,u100,m s^-1,3.816724929536773,0.8406308349525644,365
vit,vit,sphere_ttc,2018,24,u200,m s^-1,6.3100526735287685,0.8328372197710922,365
vit,vit,sphere_ttc,2018,24,u300,m s^-1,6.69473531967533,0.8164262733997357,365
vit,vit,sphere_ttc,2018,24,u500,m s^-1,4.597484672378929,0.8190657187310865,365
vit,vit,sphere_ttc,2018,24,u700,m s^-1,3.645247745155475,0.8029593186617803,365
vit,vit,sphere_ttc,2018,24,u850,m s^-1,3.386448707922173,0.7733912173286448,365
vit,vit,sphere_ttc,2018,24,u925,m s^-1,3.373288084385176,0.7568919368950214,365
vit,vit,sphere_ttc,2018,24,u1000,m s^-1,2.6809369434543435,0.7488268264960404,365
vit,vit,sphere_ttc,2018,24,v50,m s^-1,2.2108482182905607,0.8898540517074585,365
vit,vit,sphere_ttc,2018,24,v100,m s^-1,3.1854036167619015,0.8601218786475623,365
vit,vit,sphere_ttc,2018,24,v200,m s^-1,5.713798801445337,0.8485032042258616,365
vit,vit,sphere_ttc,2018,24,v300,m s^-1,6.151424273284938,0.8337767378115627,365
vit,vit,sphere_ttc,2018,24,v500,m s^-1,4.123312919701546,0.8338597049741769,365
vit,vit,sphere_ttc,2018,24,v700,m s^-1,3.2433764543543524,0.8106897808878964,365
vit,vit,sphere_ttc,2018,24,v850,m s^-1,3.072722731978155,0.7760725741922494,365
vit,vit,sphere_ttc,2018,24,v925,m s^-1,3.1500424852303506,0.7713837086398916,365
vit,vit,sphere_ttc,2018,24,v1000,m s^-1,2.5825426001808243,0.7651967844564239,365
vit,vit,sphere_ttc,2018,24,u10,m s^-1,2.388330179476222,0.7466390608874001,365
vit,vit,sphere_ttc,2018,24,v10,m s^-1,2.2879618838816373,0.7607728949546683,365
vit,vit,sphere_ttc,2018,24,t2m,K,2.2373553770202887,0.5735016568154373,365
vit,vit,sphere_ttc,2018,24,mslp,Pa,347.74203376387055,0.8621275227715046,365
vit,vit,sphere_ttc,2018,72,z50,m^2 s^-2,644.4890758410298,0.7918181998167048,365
vit,vit,sphere_ttc,2018,72,z100,m^2 s^-2,620.4930901768302,0.7271128613986366,365
vit,vit,sphere_ttc,2018,72,z200,m^2 s^-2,800.2153742086333,0.6407275658510583,365
vit,vit,sphere_ttc,2018,72,z300,m^2 s^-2,846.3669852467979,0.6199619279964069,365
vit,vit,sphere_ttc,2018,72,z500,m^2 s^-2,621.1891106361614,0.6230613166649126,365
vit,vit,sphere_ttc,2018,72,z700,m^2 s^-2,482.5717964185538,0.605974381761641,365
vit,vit,sphere_ttc,2018,72,z850,m^2 s^-2,442.1123784512197,0.5729729419532613,365
vit,vit,sphere_ttc,2018,72,z925,m^2 s^-2,443.970427333563,0.5558703688169476,365
vit,vit,sphere_ttc,2018,72,z1000,m^2 s^-2,456.2676699759032,0.5417903408347403,365
vit,vit,sphere_ttc,2018,72,q50,kg kg^-1,9.759384725867975e-08,0.6373529033795008,365
vit,vit,sphere_ttc,2018,72,q100,kg kg^-1,3.175433887376391e-07,0.5174797249287687,365
vit,vit,sphere_ttc,2018,72,q200,kg kg^-1,1.2329089756644732e-05,0.382827049201596,365
vit,vit,sphere_ttc,2018,72,q300,kg kg^-1,0.00011091181125266866,0.3786389361130129,365
vit,vit,sphere_ttc,2018,72,q500,kg kg^-1,0.0007010740035902456,0.4064016344758428,365
vit,vit,sphere_ttc,2018,72,q700,kg kg^-1,0.001359894966085967,0.37953902851567795,365
vit,vit,sphere_ttc,2018,72,q850,kg kg^-1,0.0015872232346177812,0.3186056081139942,365
vit,vit,sphere_ttc,2018,72,q925,kg kg^-1,0.0013080264283500764,0.3357583862080138,365
vit,vit,sphere_ttc,2018,72,q1000,kg kg^-1,0.001350222779379982,0.3820826393164157,365
vit,vit,sphere_ttc,2018,72,t50,K,1.9905126675522657,0.7518614529285711,365
vit,vit,sphere_ttc,2018,72,t100,K,2.3385952576707894,0.6426693727206506,365
vit,vit,sphere_ttc,2018,72,t200,K,2.864508696144711,0.5446908165142811,365
vit,vit,sphere_ttc,2018,72,t300,K,2.114844237914262,0.47870062259995266,365
vit,vit,sphere_ttc,2018,72,t500,K,2.5571328897582943,0.5225717325509334,365
vit,vit,sphere_ttc,2018,72,t700,K,2.6131649435512276,0.5216518406344948,365
vit,vit,sphere_ttc,2018,72,t850,K,2.836110457381144,0.5066909959860391,365
vit,vit,sphere_ttc,2018,72,t925,K,2.7234797794175623,0.46448041380555966,365
vit,vit,sphere_ttc,2018,72,t1000,K,2.4984854486900443,0.43959227283452956,365
vit,vit,sphere_ttc,2018,72,u50,m s^-1,4.243952487153145,0.8511100023483513,365
vit,vit,sphere_ttc,2018,72,u100,m s^-1,5.51301749963004,0.6256703935520648,365
vit,vit,sphere_ttc,2018,72,u200,m s^-1,9.317190629919763,0.5777693753843007,365
vit,vit,sphere_ttc,2018,72,u300,m s^-1,9.727204513989914,0.5450781542794534,365
vit,vit,sphere_ttc,2018,72,u500,m s^-1,6.734127623729709,0.5427704608902094,365
vit,vit,sphere_ttc,2018,72,u700,m s^-1,5.228066549174387,0.5196642602913063,365
vit,vit,sphere_ttc,2018,72,u850,m s^-1,4.729942902794842,0.46663303799120764,365
vit,vit,sphere_ttc,2018,72,u925,m s^-1,4.647937614654001,0.437973681741252,365
vit,vit,sphere_ttc,2018,72,u1000,m s^-1,3.666885119787691,0.42727871711600224,365
vit,vit,sphere_ttc,2018,72,v50,m s^-1,3.653147631222552,0.6578039631191867,365
vit,vit,sphere_ttc,2018,72,v100,m s^-1,5.193166714064311,0.5569242706688278,365
vit,vit,sphere_ttc,2018,72,v200,m s^-1,9.511476156376206,0.4744940812177269,365
vit,vit,sphere_ttc,2018,72,v300,m s^-1,9.875453180134558,0.4637010908852384,365
vit,vit,sphere_ttc,2018,72,v500,m s^-1,6.5938926058740694,0.47094073758810984,365
vit,vit,sphere_ttc,2018,72,v700,m s^-1,4.979517435858408,0.44072197009292324,365
vit,vit,sphere_ttc,2018,72,v850,m s^-1,4.498759458997766,0.3889491269122437,365
vit,vit,sphere_ttc,2018,72,v925,m s^-1,4.588160596492412,0.38098349848417246,365
vit,vit,sphere_ttc,2018,72,v1000,m s^-1,3.718847416791481,0.38242160285198773,365
vit,vit,sphere_ttc,2018,72,u10,m s^-1,3.260013053937475,0.4244163302916537,365
vit,vit,sphere_ttc,2018,72,v10,m s^-1,3.2786522207884454,0.375887075032413,365
vit,vit,sphere_ttc,2018,72,t2m,K,2.572049855679428,0.3964037484147732,365
vit,vit,sphere_ttc,2018,72,mslp,Pa,579.040141738777,0.5387013611349077,365
vit,vit,sphere_ttc,2018,120,z50,m^2 s^-2,793.3957362003468,0.6640613634707828,365
vit,vit,sphere_ttc,2018,120,z100,m^2 s^-2,750.751429220103,0.5630887772063242,365
vit,vit,sphere_ttc,2018,120,z200,m^2 s^-2,938.8036078577417,0.4403754915043815,365
vit,vit,sphere_ttc,2018,120,z300,m^2 s^-2,984.1723823870616,0.4132792000511314,365
vit,vit,sphere_ttc,2018,120,z500,m^2 s^-2,723.8474872238446,0.41504257117845667,365
vit,vit,sphere_ttc,2018,120,z700,m^2 s^-2,556.5991212387049,0.40206034026451937,365
vit,vit,sphere_ttc,2018,120,z850,m^2 s^-2,500.6407266269238,0.3775535022476862,365
vit,vit,sphere_ttc,2018,120,z925,m^2 s^-2,498.9929223957264,0.3623478065214261,365
vit,vit,sphere_ttc,2018,120,z1000,m^2 s^-2,510.30453924492247,0.3483044164335434,365
vit,vit,sphere_ttc,2018,120,q50,kg kg^-1,1.008053612399611e-07,0.6082520735636522,365
vit,vit,sphere_ttc,2018,120,q100,kg kg^-1,3.3514975328620733e-07,0.43664360002337527,365
vit,vit,sphere_ttc,2018,120,q200,kg kg^-1,1.28117974345205e-05,0.29291072964537124,365
vit,vit,sphere_ttc,2018,120,q300,kg kg^-1,0.00011504137255433306,0.28800978798938925,365
vit,vit,sphere_ttc,2018,120,q500,kg kg^-1,0.0007325044734454202,0.3060390832430687,365
vit,vit,sphere_ttc,2018,120,q700,kg kg^-1,0.0014169756609835218,0.2777528900649661,365
vit,vit,sphere_ttc,2018,120,q850,kg kg^-1,0.0016430114342236737,0.22737884846062556,365
vit,vit,sphere_ttc,2018,120,q925,kg kg^-1,0.0013712455216394932,0.22415178227805294,365
vit,vit,sphere_ttc,2018,120,q1000,kg kg^-1,0.0014567967971261956,0.2262982571405068,365
vit,vit,sphere_ttc,2018,120,t50,K,2.2991044344603515,0.6535887918416655,365
vit,vit,sphere_ttc,2018,120,t100,K,2.637991664218142,0.5110716440664252,365
vit,vit,sphere_ttc,2018,120,t200,K,3.1470530238983616,0.39311701286575146,365
vit,vit,sphere_ttc,2018,120,t300,K,2.2899435603575626,0.3288997256100849,365
vit,vit,sphere_ttc,2018,120,t500,K,2.8295624738512015,0.3387536311768673,365
vit,vit,sphere_ttc,2018,120,t700,K,2.9092019207183277,0.32942019979091924,365
vit,vit,sphere_ttc,2018,120,t850,K,3.1499634294570584,0.31325737142471644,365
vit,vit,sphere_ttc,2018,120,t925,K,2.9800363540431,0.2943123268101126,365
vit,vit,sphere_ttc,2018,120,t1000,K,2.7156762285131744,0.2962070665729318,365
vit,vit,sphere_ttc,2018,120,u50,m s^-1,4.912302378936755,0.7952640220642786,365
vit,vit,sphere_ttc,2018,120,u100,m s^-1,6.30375202857278,0.4597208565258661,365
vit,vit,sphere_ttc,2018,120,u200,m s^-1,10.471227113817015,0.4024994012886003,365
vit,vit,sphere_ttc,2018,120,u300,m s^-1,10.80096956678488,0.3677222843230637,365
vit,vit,sphere_ttc,2018,120,u500,m s^-1,7.492470672943525,0.358906129639487,365
vit,vit,sphere_ttc,2018,120,u700,m s^-1,5.753065982439339,0.3454645167909101,365
vit,vit,sphere_ttc,2018,120,u850,m s^-1,5.105856065557761,0.30626640800093324,365
vit,vit,sphere_ttc,2018,120,u925,m s^-1,4.983017377192743,0.2798091120047965,365
vit,vit,sphere_ttc,2018,120,u1000,m s^-1,3.9306132187694796,0.26637850786563266,365
vit,vit,sphere_ttc,2018,120,v50,m s^-1,4.280150791092239,0.4730241628905736,365
vit,vit,sphere_ttc,2018,120,v100,m s^-1,5.909369161105854,0.33342085078983,365
vit,vit,sphere_ttc,2018,120,v200,m s^-1,10.497284938202707,0.2450029619404522,365
vit,vit,sphere_ttc,2018,120,v300,m s^-1,10.829902518683424,0.24121330955100845,365
vit,vit,sphere_ttc,2018,120,v500,m s^-1,7.254363854305492,0.24666992505910781,365
vit,vit,sphere_ttc,2018,120,v700,m s^-1,5.411278143670242,0.23110302377488692,365
vit,vit,sphere_ttc,2018,120,v850,m s^-1,4.796846530096703,0.20570056745572962,365
vit,vit,sphere_ttc,2018,120,v925,m s^-1,4.879435536009217,0.20161310009135497,365
vit,vit,sphere_ttc,2018,120,v1000,m s^-1,3.9665770311951167,0.19775083541257835,365
vit,vit,sphere_ttc,2018,120,u10,m s^-1,3.4903980517389206,0.26550194202437116,365
vit,vit,sphere_ttc,2018,120,v10,m s^-1,3.488151975800908,0.19640699125800518,365
vit,vit,sphere_ttc,2018,120,t2m,K,2.7603376200908674,0.27932024336038497,365
vit,vit,sphere_ttc,2018,120,mslp,Pa,646.9359047828929,0.3451699344807114,365
vit,vit,sphere_ttc,2018,168,z50,m^2 s^-2,886.0540757118702,0.5598401918413967,365
vit,vit,sphere_ttc,2018,168,z100,m^2 s^-2,814.2658005877745,0.4560580891456193,365
vit,vit,sphere_ttc,2018,168,z200,m^2 s^-2,991.018088834538,0.33164981029531015,365
vit,vit,sphere_ttc,2018,168,z300,m^2 s^-2,1033.956899919146,0.30204180148280246,365
vit,vit,sphere_ttc,2018,168,z500,m^2 s^-2,761.7573403870564,0.299380457643837,365
vit,vit,sphere_ttc,2018,168,z700,m^2 s^-2,583.9401863779572,0.2892391889255721,365
vit,vit,sphere_ttc,2018,168,z850,m^2 s^-2,522.0461120512983,0.27200768961012695,365
vit,vit,sphere_ttc,2018,168,z925,m^2 s^-2,518.8683854021779,0.2596834858459783,365
vit,vit,sphere_ttc,2018,168,z1000,m^2 s^-2,529.9126661778192,0.24593735612058065,365
vit,vit,sphere_ttc,2018,168,q50,kg kg^-1,1.0355244940095398e-07,0.5831375888461479,365
vit,vit,sphere_ttc,2018,168,q100,kg kg^-1,3.477272277397768e-07,0.37192857141775393,365
vit,vit,sphere_ttc,2018,168,q200,kg kg^-1,1.3059497875871417e-05,0.24222593900205236,365
vit,vit,sphere_ttc,2018,168,q300,kg kg^-1,0.00011699592977135942,0.23918244475417827,365
vit,vit,sphere_ttc,2018,168,q500,kg kg^-1,0.0007472910298550189,0.25159265364798594,365
vit,vit,sphere_ttc,2018,168,q700,kg kg^-1,0.0014409793966631906,0.228734267355767,365
vit,vit,sphere_ttc,2018,168,q850,kg kg^-1,0.001666362946859028,0.18773426731096943,365
vit,vit,sphere_ttc,2018,168,q925,kg kg^-1,0.0013969312777485907,0.1774289803114203,365
vit,vit,sphere_ttc,2018,168,q1000,kg kg^-1,0.0014926979041486673,0.16838930241249564,365
vit,vit,sphere_ttc,2018,168,t50,K,2.500990408192829,0.5774724740686561,365
vit,vit,sphere_ttc,2018,168,t100,K,2.7969599182451623,0.4266120832686835,365
vit,vit,sphere_ttc,2018,168,t200,K,3.277653454379071,0.3027902649562699,365
vit,vit,sphere_ttc,2018,168,t300,K,2.355775182319474,0.2585170542948857,365
vit,vit,sphere_ttc,2018,168,t500,K,2.928728259370366,0.2441717264177847,365
vit,vit,sphere_ttc,2018,168,t700,K,3.021477569035462,0.22966258547853263,365
vit,vit,sphere_ttc,2018,168,t850,K,3.2716194910425176,0.21314398937214335,365
vit,vit,sphere_ttc,2018,168,t925,K,3.0881262205049005,0.2089763920805936,365
vit,vit,sphere_ttc,2018,168,t1000,K,2.819826829054083,0.22356202956803353,365
vit,vit,sphere_ttc,2018,168,u50,m s^-1,5.268369878171152,0.7611339479491775,365
vit,vit,sphere_ttc,2018,168,u100,m s^-1,6.660995679145898,0.3590339738858845,365
vit,vit,sphere_ttc,2018,168,u200,m s^-1,10.912470378529354,0.3065587174535352,365
vit,vit,sphere_ttc,2018,168,u300,m s^-1,11.183765114264814,0.2746076705256778,365
vit,vit,sphere_ttc,2018,168,u500,m s^-1,7.757751609595807,0.26366636953717143,365
vit,vit,sphere_ttc,2018,168,u700,m s^-1,5.942310762479891,0.25590259596799364,365
vit,vit,sphere_ttc,2018,168,u850,m s^-1,5.239193540182617,0.22847087379257008,365
vit,vit,sphere_ttc,2018,168,u925,m s^-1,5.098616337899137,0.20600505867099328,365
vit,vit,sphere_ttc,2018,168,u1000,m s^-1,4.021658353369369,0.19192886715695515,365
vit,vit,sphere_ttc,2018,168,v50,m s^-1,4.562601284421167,0.3507368794479548,365
vit,vit,sphere_ttc,2018,168,v100,m s^-1,6.121887588063903,0.2276258589223379,365
vit,vit,sphere_ttc,2018,168,v200,m s^-1,10.693907754262428,0.16463847769556325,365
vit,vit,sphere_ttc,2018,168,v300,m s^-1,11.014432422935922,0.16446220831992778,365
vit,vit,sphere_ttc,2018,168,v500,m s^-1,7.38730694449349,0.16636400952510222,365
vit,vit,sphere_ttc,2018,168,v700,m s^-1,5.506165631652844,0.1532162479445841,365
vit,vit,sphere_ttc,2018,168,v850,m s^-1,4.866160756728121,0.1393856334640201,365
vit,vit,sphere_ttc,2018,168,v925,m s^-1,4.944809609411753,0.13999337460340816,365
vit,vit,sphere_ttc,2018,168,v1000,m s^-1,4.020227754056117,0.1378065963723648,365
vit,vit,sphere_ttc,2018,168,u10,m s^-1,3.570848608252336,0.1914571667426637,365
vit,vit,sphere_ttc,2018,168,v10,m s^-1,3.534890024514804,0.13761084696882814,365
vit,vit,sphere_ttc,2018,168,t2m,K,2.867298539414213,0.2149784795966986,365
vit,vit,sphere_ttc,2018,168,mslp,Pa,671.6547991178818,0.24289345863952921,365
vit,vit,sphere_ttc,2018,240,z50,m^2 s^-2,984.1750334184004,0.4324497308635481,365
vit,vit,sphere_ttc,2018,240,z100,m^2 s^-2,870.8224248568486,0.34490910712906736,365
vit,vit,sphere_ttc,2018,240,z200,m^2 s^-2,1026.5273278361958,0.24412867920860062,365
vit,vit,sphere_ttc,2018,240,z300,m^2 s^-2,1065.1949663973992,0.21701032862148087,365
vit,vit,sphere_ttc,2018,240,z500,m^2 s^-2,785.202376572217,0.21082395522240102,365
vit,vit,sphere_ttc,2018,240,z700,m^2 s^-2,601.0132150582527,0.20191465351922613,365
vit,vit,sphere_ttc,2018,240,z850,m^2 s^-2,536.0797010217816,0.18744058309590675,365
vit,vit,sphere_ttc,2018,240,z925,m^2 s^-2,532.1887010519833,0.17662854008902737,365
vit,vit,sphere_ttc,2018,240,z1000,m^2 s^-2,543.23948980087,0.16359897598487377,365
vit,vit,sphere_ttc,2018,240,q50,kg kg^-1,1.0641150143917532e-07,0.5577331917174242,365
vit,vit,sphere_ttc,2018,240,q100,kg kg^-1,3.6289112574454465e-07,0.2881830205626759,365
vit,vit,sphere_ttc,2018,240,q200,kg kg^-1,1.3292138528522936e-05,0.19245360685759727,365
vit,vit,sphere_ttc,2018,240,q300,kg kg^-1,0.00011887565098848065,0.18988505423664762,365
vit,vit,sphere_ttc,2018,240,q500,kg kg^-1,0.0007591763600567065,0.20500140378055856,365
vit,vit,sphere_ttc,2018,240,q700,kg kg^-1,0.0014584121514532762,0.19060614397943368,365
vit,vit,sphere_ttc,2018,240,q850,kg kg^-1,0.0016845090917477121,0.1571380554013111,365
vit,vit,sphere_ttc,2018,240,q925,kg kg^-1,0.001418045134289036,0.14326460369880537,365
vit,vit,sphere_ttc,2018,240,q1000,kg kg^-1,0.0015176668598079518,0.13339752155804868,365
vit,vit,sphere_ttc,2018,240,t50,K,2.741388203614047,0.4770243909508622,365
vit,vit,sphere_ttc,2018,240,t100,K,2.9637747461785633,0.3298399877928342,365
vit,vit,sphere_ttc,2018,240,t200,K,3.3692418280815914,0.22971157440635293,365
vit,vit,sphere_ttc,2018,240,t300,K,2.4061763918438714,0.19993221027440428,365
vit,vit,sphere_ttc,2018,240,t500,K,2.988565528607149,0.1782594951348039,365
vit,vit,sphere_ttc,2018,240,t700,K,3.0962591485157804,0.1576945322368232,365
vit,vit,sphere_ttc,2018,240,t850,K,3.3562583358247364,0.14218319424981743,365
vit,vit,sphere_ttc,2018,240,t925,K,3.1724700808156365,0.147027948907402,365
vit,vit,sphere_ttc,2018,240,t1000,K,2.9136586346474926,0.16763980474525167,365
vit,vit,sphere_ttc,2018,240,u50,m s^-1,5.586991831907164,0.7290952633589693,365
vit,vit,sphere_ttc,2018,240,u100,m s^-1,6.93911422936744,0.26807355159977064,365
vit,vit,sphere_ttc,2018,240,u200,m s^-1,11.200464955848242,0.22912470017197714,365
vit,vit,sphere_ttc,2018,240,u300,m s^-1,11.399432622958678,0.20722827069171398,365
vit,vit,sphere_ttc,2018,240,u500,m s^-1,7.90943605811065,0.19500163850301774,365
vit,vit,sphere_ttc,2018,240,u700,m s^-1,6.059696159294381,0.18918544445236748,365
vit,vit,sphere_ttc,2018,240,u850,m s^-1,5.329995796680202,0.16865886829043836,365
vit,vit,sphere_ttc,2018,240,u925,m s^-1,5.174339268308774,0.1524084643945058,365
vit,vit,sphere_ttc,2018,240,u1000,m s^-1,4.076802871449714,0.14191457714627292,365
vit,vit,sphere_ttc,2018,240,v50,m s^-1,4.763900235151559,0.23566297182245313,365
vit,vit,sphere_ttc,2018,240,v100,m s^-1,6.2330308096937594,0.15738285084095957,365
vit,vit,sphere_ttc,2018,240,v200,m s^-1,10.757674588722912,0.12649092494125433,365
vit,vit,sphere_ttc,2018,240,v300,m s^-1,11.069406307771354,0.1303336230460318,365
vit,vit,sphere_ttc,2018,240,v500,m s^-1,7.433963158543956,0.12817918145839685,365
vit,vit,sphere_ttc,2018,240,v700,m s^-1,5.5428146206387225,0.11607468683202886,365
vit,vit,sphere_ttc,2018,240,v850,m s^-1,4.896296529417704,0.1072718295984637,365
vit,vit,sphere_ttc,2018,240,v925,m s^-1,4.97313288106199,0.11124815544063231,365
vit,vit,sphere_ttc,2018,240,v1000,m s^-1,4.044288755761082,0.11052405401712889,365
vit,vit,sphere_ttc,2018,240,u10,m s^-1,3.6213550880378413,0.14059499552954727,365
vit,vit,sphere_ttc,2018,240,v10,m s^-1,3.5563913240616825,0.11023065955455671,365
vit,vit,sphere_ttc,2018,240,t2m,K,2.970706573613781,0.16433122424904817,365
vit,vit,sphere_ttc,2018,240,mslp,Pa,688.8287224110891,0.15977109647504106,365
vit,vit,sphere_ttc,2019,24,z50,m^2 s^-2,404.9749984884066,0.9455096168978279,365
vit,vit,sphere_ttc,2019,24,z100,m^2 s^-2,370.5902496760617,0.9290056363275335,365
vit,vit,sphere_ttc,2019,24,z200,m^2 s^-2,454.006192534407,0.9054642087316287,365
vit,vit,sphere_ttc,2019,24,z300,m^2 s^-2,475.3969854237614,0.8990406471776757,365
vit,vit,sphere_ttc,2019,24,z500,m^2 s^-2,339.2172085496233,0.9045448940913787,365
vit,vit,sphere_ttc,2019,24,z700,m^2 s^-2,264.78433849420753,0.9001431731670609,365
vit,vit,sphere_ttc,2019,24,z850,m^2 s^-2,252.25053368089138,0.8838185860055964,365
vit,vit,sphere_ttc,2019,24,z925,m^2 s^-2,258.8624843807565,0.8742388268032648,365
vit,vit,sphere_ttc,2019,24,z1000,m^2 s^-2,271.4223176892638,0.8656072948954944,365
vit,vit,sphere_ttc,2019,24,q50,kg kg^-1,1.0164340362029939e-07,0.6576668888100301,365
vit,vit,sphere_ttc,2019,24,q100,kg kg^-1,2.989665435299977e-07,0.632712625632357,365
vit,vit,sphere_ttc,2019,24,q200,kg kg^-1,1.1540485653186779e-05,0.5909128381516974,365
vit,vit,sphere_ttc,2019,24,q300,kg kg^-1,9.986379065617522e-05,0.599057992868369,365
vit,vit,sphere_ttc,2019,24,q500,kg kg^-1,0.0006231212701112237,0.6007815287039446,365
vit,vit,sphere_ttc,2019,24,q700,kg kg^-1,0.0012197911900104664,0.5672196096164376,365
vit,vit,sphere_ttc,2019,24,q850,kg kg^-1,0.0014642470051347762,0.5115215115194514,365
vit,vit,sphere_ttc,2019,24,q925,kg kg^-1,0.001166378105584564,0.5675678526605838,365
vit,vit,sphere_ttc,2019,24,q1000,kg kg^-1,0.0011557340152175354,0.6113241934841248,365
vit,vit,sphere_ttc,2019,24,t50,K,1.4887418833236978,0.9194893971661919,365
vit,vit,sphere_ttc,2019,24,t100,K,1.7488411128765458,0.8550093681687758,365
vit,vit,sphere_ttc,2019,24,t200,K,2.146336673315224,0.8028548035437412,365
vit,vit,sphere_ttc,2019,24,t300,K,1.779559159903601,0.7018909822112273,365
vit,vit,sphere_ttc,2019,24,t500,K,1.8510426555707196,0.783877543864952,365
vit,vit,sphere_ttc,2019,24,t700,K,1.8919927409973332,0.7820358298654524,365
vit,vit,sphere_ttc,2019,24,t850,K,2.176837390023261,0.7490233960463202,365
vit,vit,sphere_ttc,2019,24,t925,K,2.157255441866959,0.7056241466336105,365
vit,vit,sphere_ttc,2019,24,t1000,K,2.045380664071509,0.6589007460389539,365
vit,vit,sphere_ttc,2019,24,u50,m s^-1,3.0085332185424023,0.9148340139680452,365
vit,vit,sphere_ttc,2019,24,u100,m s^-1,3.841472214490496,0.8506278322015022,365
vit,vit,sphere_ttc,2019,24,u200,m s^-1,6.30165625389997,0.8279033099924749,365
vit,vit,sphere_ttc,2019,24,u300,m s^-1,6.68479359924843,0.809549053787577,365
vit,vit,sphere_ttc,2019,24,u500,m s^-1,4.571628807820886,0.8120501867575545,365
vit,vit,sphere_ttc,2019,24,u700,m s^-1,3.6449499137366574,0.7955628096079868,365
vit,vit,sphere_ttc,2019,24,u850,m s^-1,3.3775947126645836,0.767937882133938,365
vit,vit,sphere_ttc,2019,24,u925,m s^-1,3.357860541094399,0.7523454955514717,365
vit,vit,sphere_ttc,2019,24,u1000,m s^-1,2.66941960746183,0.7458198528709038,365
vit,vit,sphere_ttc,2019,24,v50,m s^-1,2.2292632750332597,0.8750011748112123,365
vit,vit,sphere_ttc,2019,24,v100,m s^-1,3.19939652114483,0.8610674777770911,365
vit,vit,sphere_ttc,2019,24,v200,m s^-1,5.711722078929458,0.8549817236811376,365
vit,vit,sphere_ttc,2019,24,v300,m s^-1,6.159156708031209,0.8382262928350583,365
vit,vit,sphere_ttc,2019,24,v500,m s^-1,4.13854753939711,0.8385447630178188,365
vit,vit,sphere_ttc,2019,24,v700,m s^-1,3.270182134578552,0.815601494581604,365
vit,vit,sphere_ttc,2019,24,v850,m s^-1,3.1003397583463173,0.7799496981387309,365
vit,vit,sphere_ttc,2019,24,v925,m s^-1,3.1814275199310074,0.7737192032140944,365
vit,vit,sphere_ttc,2019,24,v1000,m s^-1,2.6081518601290363,0.7662910656721443,365
vit,vit,sphere_ttc,2019,24,u10,m s^-1,2.380887962384965,0.7451750200392312,365
vit,vit,sphere_ttc,2019,24,v10,m s^-1,2.3068013107898544,0.7622640240493419,365
vit,vit,sphere_ttc,2019,24,t2m,K,2.232217789283956,0.5720732464525194,365
vit,vit,sphere_ttc,2019,24,mslp,Pa,344.7241299821526,0.8644418200484167,365
vit,vit,sphere_ttc,2019,72,z50,m^2 s^-2,596.9641589974799,0.8767672763745868,365
vit,vit,sphere_ttc,2019,72,z100,m^2 s^-2,600.3865792665224,0.7995087357268637,365
vit,vit,sphere_ttc,2019,72,z200,m^2 s^-2,790.6975971055516,0.672303112902389,365
vit,vit,sphere_ttc,2019,72,z300,m^2 s^-2,833.8453302383326,0.6394260847512271,365
vit,vit,sphere_ttc,2019,72,z500,m^2 s^-2,611.4931068227841,0.6388816285407681,365
vit,vit,sphere_ttc,2019,72,z700,m^2 s^-2,476.27642692651756,0.6205148817685715,365
vit,vit,sphere_ttc,2019,72,z850,m^2 s^-2,436.66264830981174,0.586115707455714,365
vit,vit,sphere_ttc,2019,72,z925,m^2 s^-2,438.79717212168345,0.5679891061180253,365
vit,vit,sphere_ttc,2019,72,z1000,m^2 s^-2,451.47269260288147,0.5538844091128601,365
vit,vit,sphere_ttc,2019,72,q50,kg kg^-1,1.0831312266770054e-07,0.5981557180271669,365
vit,vit,sphere_ttc,2019,72,q100,kg kg^-1,3.287406935321279e-07,0.5252029321093157,365
vit,vit,sphere_ttc,2019,72,q200,kg kg^-1,1.306209621653877e-05,0.40634525415139705,365
vit,vit,sphere_ttc,2019,72,q300,kg kg^-1,0.00011488976770151934,0.3883640323808175,365
vit,vit,sphere_ttc,2019,72,q500,kg kg^-1,0.0007102923609182853,0.41252655114939046,365
vit,vit,sphere_ttc,2019,72,q700,kg kg^-1,0.0013720500846847135,0.3815286008781702,365
vit,vit,sphere_ttc,2019,72,q850,kg kg^-1,0.0016205941188205605,0.329971550060336,365
vit,vit,sphere_ttc,2019,72,q925,kg kg^-1,0.0013369375852508828,0.3631243070587603,365
vit,vit,sphere_ttc,2019,72,q1000,kg kg^-1,0.001362543550048818,0.39882735833859306,365
vit,vit,sphere_ttc,2019,72,t50,K,1.9715011078398903,0.8529076659883099,365
vit,vit,sphere_ttc,2019,72,t100,K,2.2824044644906816,0.7356038949678158,365
vit,vit,sphere_ttc,2019,72,t200,K,2.877709006809119,0.6010402310510986,365
vit,vit,sphere_ttc,2019,72,t300,K,2.148422914448369,0.5114127332396238,365
vit,vit,sphere_ttc,2019,72,t500,K,2.5270010050074587,0.5308818614369645,365
vit,vit,sphere_ttc,2019,72,t700,K,2.5821002184386366,0.5292660718637637,365
vit,vit,sphere_ttc,2019,72,t850,K,2.838695292275389,0.5104895897328469,365
vit,vit,sphere_ttc,2019,72,t925,K,2.724087327709018,0.4672231092429431,365
vit,vit,sphere_ttc,2019,72,t1000,K,2.492030973077439,0.440080806065318,365
vit,vit,sphere_ttc,2019,72,u50,m s^-1,4.141045485793185,0.8307177643315231,365
vit,vit,sphere_ttc,2019,72,u100,m s^-1,5.536961215620973,0.6507250599063746,365
vit,vit,sphere_ttc,2019,72,u200,m s^-1,9.25220117348067,0.5664544060890391,365
vit,vit,sphere_ttc,2019,72,u300,m s^-1,9.645573078208297,0.5311898790548268,365
vit,vit,sphere_ttc,2019,72,u500,m s^-1,6.655880050491082,0.5275982106864091,365
vit,vit,sphere_ttc,2019,72,u700,m s^-1,5.194466436694743,0.5056330278240271,365
vit,vit,sphere_ttc,2019,72,u850,m s^-1,4.687846007514591,0.46033090728284437,365
vit,vit,sphere_ttc,2019,72,u925,m s^-1,4.599402077378242,0.4346696308491695,365
vit,vit,sphere_ttc,2019,72,u1000,m s^-1,3.6334072809371665,0.4275175862084506,365
vit,vit,sphere_ttc,2019,72,v50,m s^-1,3.419909045956512,0.6684746808778814,365
vit,vit,sphere_ttc,2019,72,v100,m s^-1,5.173155665823165,0.5688797654573886,365
vit,vit,sphere_ttc,2019,72,v200,m s^-1,9.507469256944487,0.5051161264355847,365
vit,vit,sphere_ttc,2019,72,v300,m s^-1,9.859513902067718,0.4885292531367815,365
vit,vit,sphere_ttc,2019,72,v500,m s^-1,6.614303614268048,0.4918517795914861,365
vit,vit,sphere_ttc,2019,72,v700,m s^-1,5.019266026711583,0.46035540068937697,365
vit,vit,sphere_ttc,2019,72,v850,m s^-1,4.535050149431092,0.4051122076989486,365
vit,vit,sphere_ttc,2019,72,v925,m s^-1,4.621733684948594,0.3946704994051206,365
vit,vit,sphere_ttc,2019,72,v1000,m s^-1,3.742480725720924,0.39280781124141834,365
vit,vit,sphere_ttc,2019,72,u10,m s^-1,3.236823680155955,0.4278846967212431,365
vit,vit,sphere_ttc,2019,72,v10,m s^-1,3.298089721561991,0.3853490881541806,365
vit,vit,sphere_ttc,2019,72,t2m,K,2.565008289782455,0.39602225847978145,365
vit,vit,sphere_ttc,2019,72,mslp,Pa,571.8815624670252,0.5522396483232951,365
vit,vit,sphere_ttc,2019,120,z50,m^2 s^-2,735.2858345405733,0.804668707803343,365
vit,vit,sphere_ttc,2019,120,z100,m^2 s^-2,729.7665098537406,0.6821789231484845,365
vit,vit,sphere_ttc,2019,120,z200,m^2 s^-2,935.4472505500478,0.4838181613920682,365
vit,vit,sphere_ttc,2019,120,z300,m^2 s^-2,975.9406225797602,0.4378898934651881,365
vit,vit,sphere_ttc,2019,120,z500,m^2 s^-2,716.7413587497695,0.4344674518553433,365
vit,vit,sphere_ttc,2019,120,z700,m^2 s^-2,552.1840432266928,0.4191075443075225,365
vit,vit,sphere_ttc,2019,120,z850,m^2 s^-2,496.71240279192625,0.39179362399749595,365
vit,vit,sphere_ttc,2019,120,z925,m^2 s^-2,495.07885510691386,0.37583414241234875,365
vit,vit,sphere_ttc,2019,120,z1000,m^2 s^-2,506.51632103618084,0.3632046160083871,365
vit,vit,sphere_ttc,2019,120,q50,kg kg^-1,1.1272447957621661e-07,0.5534773243802968,365
vit,vit,sphere_ttc,2019,120,q100,kg kg^-1,3.461341696393973e-07,0.4508742266052103,365
vit,vit,sphere_ttc,2019,120,q200,kg kg^-1,1.3533009194662812e-05,0.3238323832686665,365
vit,vit,sphere_ttc,2019,120,q300,kg kg^-1,0.00011926770477351842,0.29562544412512987,365
vit,vit,sphere_ttc,2019,120,q500,kg kg^-1,0.0007428372220736706,0.310543911937834,365
vit,vit,sphere_ttc,2019,120,q700,kg kg^-1,0.0014329914020991899,0.2760957789515654,365
vit,vit,sphere_ttc,2019,120,q850,kg kg^-1,0.0016792082184508967,0.24043075541373546,365
vit,vit,sphere_ttc,2019,120,q925,kg kg^-1,0.0014032306204513592,0.25597060696777785,365
vit,vit,sphere_ttc,2019,120,q1000,kg kg^-1,0.001468663894914338,0.2487513225410658,365
vit,vit,sphere_ttc,2019,120,t50,K,2.306260479156481,0.7896196769023733,365
vit,vit,sphere_ttc,2019,120,t100,K,2.5858074102307174,0.6400075058634147,365
vit,vit,sphere_ttc,2019,120,t200,K,3.155133633429528,0.4831865391485793,365
vit,vit,sphere_ttc,2019,120,t300,K,2.3289986673742358,0.37162428177833695,365
vit,vit,sphere_ttc,2019,120,t500,K,2.8000983729503526,0.35112217120530326,365
vit,vit,sphere_ttc,2019,120,t700,K,2.876479985614379,0.3427686090003642,365
vit,vit,sphere_ttc,2019,120,t850,K,3.1558767075471104,0.32088806160659245,365
vit,vit,sphere_ttc,2019,120,t925,K,2.9935862056605034,0.2934990671444953,365
vit,vit,sphere_ttc,2019,120,t1000,K,2.7229818507682353,0.2909141861884334,365
vit,vit,sphere_ttc,2019,120,u50,m s^-1,4.784628085095061,0.7644687773490014,365
vit,vit,sphere_ttc,2019,120,u100,m s^-1,6.322734722184349,0.4974940484778512,365
vit,vit,sphere_ttc,2019,120,u200,m s^-1,10.396855368088081,0.3812599919399614,365
vit,vit,sphere_ttc,2019,120,u300,m s^-1,10.688730090511253,0.3477755179640619,365
vit,vit,sphere_ttc,2019,120,u500,m s^-1,7.389935650453143,0.33756395118783444,365
vit,vit,sphere_ttc,2019,120,u700,m s^-1,5.704305502760223,0.32747334612644646,365
vit,vit,sphere_ttc,2019,120,u850,m s^-1,5.055829012179702,0.29951822538542827,365
vit,vit,sphere_ttc,2019,120,u925,m s^-1,4.925087346641368,0.2788927397188162,365
vit,vit,sphere_ttc,2019,120,u1000,m s^-1,3.8882082907663205,0.27151127486028864,365
vit,vit,sphere_ttc,2019,120,v50,m s^-1,3.987359274355198,0.49679837336222216,365
vit,vit,sphere_ttc,2019,120,v100,m s^-1,5.920107483536,0.33966160805449497,365
vit,vit,sphere_ttc,2019,120,v200,m s^-1,10.618492839115312,0.268979179116104,365
vit,vit,sphere_ttc,2019,120,v300,m s^-1,10.90261313380271,0.2643279130074044,365
vit,vit,sphere_ttc,2019,120,v500,m s^-1,7.318647748566365,0.27018868412526365,365
vit,vit,sphere_ttc,2019,120,v700,m s^-1,5.480183188206117,0.2528474880550542,365
vit,vit,sphere_ttc,2019,120,v850,m s^-1,4.849078139522249,0.22328210460206432,365
vit,vit,sphere_ttc,2019,120,v925,m s^-1,4.927192239760937,0.21568711233923138,365
vit,vit,sphere_ttc,2019,120,v1000,m s^-1,4.000068863837688,0.2067486078238392,365
vit,vit,sphere_ttc,2019,120,u10,m s^-1,3.4633816816275593,0.27315159850058646,365
vit,vit,sphere_ttc,2019,120,v10,m s^-1,3.516316575308708,0.20398215414167728,365
vit,vit,sphere_ttc,2019,120,t2m,K,2.757834983366021,0.2774577299112771,365
vit,vit,sphere_ttc,2019,120,mslp,Pa,641.133807198526,0.36226433265603186,365
vit,vit,sphere_ttc,2019,168,z50,m^2 s^-2,822.6014364471187,0.7465884831720577,365
vit,vit,sphere_ttc,2019,168,z100,m^2 s^-2,794.7523027799118,0.604929111164682,365
vit,vit,sphere_ttc,2019,168,z200,m^2 s^-2,992.6201633979871,0.3775601896032548,365
vit,vit,sphere_ttc,2019,168,z300,m^2 s^-2,1030.490054321144,0.3231396256206489,365
vit,vit,sphere_ttc,2019,168,z500,m^2 s^-2,758.1237516788332,0.3142729284312789,365
vit,vit,sphere_ttc,2019,168,z700,m^2 s^-2,581.8439694578956,0.30214413828902664,365
vit,vit,sphere_ttc,2019,168,z850,m^2 s^-2,519.7170684612927,0.28258731894901135,365
vit,vit,sphere_ttc,2019,168,z925,m^2 s^-2,515.8201941040579,0.27255335230239514,365
vit,vit,sphere_ttc,2019,168,z1000,m^2 s^-2,526.0784229619804,0.2649464936397228,365
vit,vit,sphere_ttc,2019,168,q50,kg kg^-1,1.1611497438993112e-07,0.5167352511972447,365
vit,vit,sphere_ttc,2019,168,q100,kg kg^-1,3.568728706397698e-07,0.3999292053096986,365
vit,vit,sphere_ttc,2019,168,q200,kg kg^-1,1.3742582110829682e-05,0.2815965823695332,365
vit,vit,sphere_ttc,2019,168,q300,kg kg^-1,0.0001210097715120362,0.2512170438047671,365
vit,vit,sphere_ttc,2019,168,q500,kg kg^-1,0.0007561793435969999,0.2608764237800066,365
vit,vit,sphere_ttc,2019,168,q700,kg kg^-1,0.0014572622382484936,0.2279467219127609,365
vit,vit,sphere_ttc,2019,168,q850,kg kg^-1,0.001702796428964876,0.20283800693189138,365
vit,vit,sphere_ttc,2019,168,q925,kg kg^-1,0.0014282720707537986,0.21527527336197264,365
vit,vit,sphere_ttc,2019,168,q1000,kg kg^-1,0.0015038966603093777,0.19789191518078283,365
vit,vit,sphere_ttc,2019,168,t50,K,2.517144726345645,0.7400405307057518,365
vit,vit,sphere_ttc,2019,168,t100,K,2.730569106234401,0.583748626666625,365
vit,vit,sphere_ttc,2019,168,t200,K,3.2664849976067156,0.4246449771187519,365
vit,vit,sphere_ttc,2019,168,t300,K,2.3959798674978043,0.30648716635416456,365
vit,vit,sphere_ttc,2019,168,t500,K,2.8973204951017824,0.2620099452561024,365
vit,vit,sphere_ttc,2019,168,t700,K,2.9832659081743196,0.25162972511192144,365
vit,vit,sphere_ttc,2019,168,t850,K,3.266728074454906,0.2334576946117935,365
vit,vit,sphere_ttc,2019,168,t925,K,3.095469771952946,0.2159213069443166,365
vit,vit,sphere_ttc,2019,168,t1000,K,2.8216343456326634,0.2244892361709377,365
vit,vit,sphere_ttc,2019,168,u50,m s^-1,5.118733978233649,0.7228914845352057,365
vit,vit,sphere_ttc,2019,168,u100,m s^-1,6.667012050034208,0.4075585707497024,365
vit,vit,sphere_ttc,2019,168,u200,m s^-1,10.827984437134035,0.2817980809696818,365
vit,vit,sphere_ttc,2019,168,u300,m s^-1,11.059283305063047,0.2525663618481726,365
vit,vit,sphere_ttc,2019,168,u500,m s^-1,7.640767805576974,0.24192876388424023,365
vit,vit,sphere_ttc,2019,168,u700,m s^-1,5.881071335665167,0.24074857858204327,365
vit,vit,sphere_ttc,2019,168,u850,m s^-1,5.180418156781483,0.22678524582432144,365
vit,vit,sphere_ttc,2019,168,u925,m s^-1,5.032252477221157,0.21132218375147774,365
vit,vit,sphere_ttc,2019,168,u1000,m s^-1,3.973127851670652,0.20375811194528845,365
vit,vit,sphere_ttc,2019,168,v50,m s^-1,4.230771583903996,0.39026309052100444,365
vit,vit,sphere_ttc,2019,168,v100,m s^-1,6.125308282488203,0.23493555703952268,365
vit,vit,sphere_ttc,2019,168,v200,m s^-1,10.839405562382444,0.18591310645374093,365
vit,vit,sphere_ttc,2019,168,v300,m s^-1,11.11059509424999,0.18631406820429375,365
vit,vit,sphere_ttc,2019,168,v500,m s^-1,7.475775598957279,0.18662219258729457,365
vit,vit,sphere_ttc,2019,168,v700,m s^-1,5.590713213581706,0.17265003604949156,365
vit,vit,sphere_ttc,2019,168,v850,m s^-1,4.928373711839944,0.15486506189241037,365
vit,vit,sphere_ttc,2019,168,v925,m s^-1,4.999164237626848,0.15411231977214757,365
vit,vit,sphere_ttc,2019,168,v1000,m s^-1,4.056424974731762,0.14850114092131783,365
vit,vit,sphere_ttc,2019,168,u10,m s^-1,3.540438653197486,0.20466519972985736,365
vit,vit,sphere_ttc,2019,168,v10,m s^-1,3.56584448304723,0.14647810023700553,365
vit,vit,sphere_ttc,2019,168,t2m,K,2.8656387418354003,0.21706448832600667,365
vit,vit,sphere_ttc,2019,168,mslp,Pa,665.6297855960194,0.2650422691958916,365
vit,vit,sphere_ttc,2019,240,z50,m^2 s^-2,905.0602433971355,0.6809294385708164,365
vit,vit,sphere_ttc,2019,240,z100,m^2 s^-2,844.2860191853119,0.5346436689958455,365
vit,vit,sphere_ttc,2019,240,z200,m^2 s^-2,1030.2073016717598,0.2925886361633984,365
vit,vit,sphere_ttc,2019,240,z300,m^2 s^-2,1063.7831727841112,0.2354386926203552,365
vit,vit,sphere_ttc,2019,240,z500,m^2 s^-2,782.2952134759596,0.22436070352655405,365
vit,vit,sphere_ttc,2019,240,z700,m^2 s^-2,598.708241530069,0.21664228586998235,365
vit,vit,sphere_ttc,2019,240,z850,m^2 s^-2,532.4898120689181,0.20534674480331377,365
vit,vit,sphere_ttc,2019,240,z925,m^2 s^-2,527.4878254048547,0.1994571710251822,365
vit,vit,sphere_ttc,2019,240,z1000,m^2 s^-2,537.2685600403923,0.1958738685224785,365
vit,vit,sphere_ttc,2019,240,q50,kg kg^-1,1.2053484916080317e-07,0.4671833221233322,365
vit,vit,sphere_ttc,2019,240,q100,kg kg^-1,3.6726695116621384e-07,0.3447170787115224,365
vit,vit,sphere_ttc,2019,240,q200,kg kg^-1,1.3916212842237752e-05,0.24804168180295677,365
vit,vit,sphere_ttc,2019,240,q300,kg kg^-1,0.00012252142685818742,0.2125831443360768,365
vit,vit,sphere_ttc,2019,240,q500,kg kg^-1,0.0007676059618625398,0.21730081742409496,365
vit,vit,sphere_ttc,2019,240,q700,kg kg^-1,0.0014769280703916228,0.18997699364036735,365
vit,vit,sphere_ttc,2019,240,q850,kg kg^-1,0.0017205671363759098,0.1753929581812504,365
vit,vit,sphere_ttc,2019,240,q925,kg kg^-1,0.0014485694930350824,0.18672635379960648,365
vit,vit,sphere_ttc,2019,240,q1000,kg kg^-1,0.001528199443201377,0.17007841231441057,365
vit,vit,sphere_ttc,2019,240,t50,K,2.7386700331509073,0.6798001576402323,365
vit,vit,sphere_ttc,2019,240,t100,K,2.8662583862260034,0.5246695003839712,365
vit,vit,sphere_ttc,2019,240,t200,K,3.349398126391692,0.37713070132624926,365
vit,vit,sphere_ttc,2019,240,t300,K,2.4452497961177304,0.2571260692523674,365
vit,vit,sphere_ttc,2019,240,t500,K,2.9604393294161704,0.19528504457304813,365
vit,vit,sphere_ttc,2019,240,t700,K,3.056349081823926,0.18456759045367133,365
vit,vit,sphere_ttc,2019,240,t850,K,3.342099731850945,0.17313504423019976,365
vit,vit,sphere_ttc,2019,240,t925,K,3.1660453235166592,0.16748785768313315,365
vit,vit,sphere_ttc,2019,240,t1000,K,2.9022829457936012,0.17851171479852063,365
vit,vit,sphere_ttc,2019,240,u50,m s^-1,5.427542950364981,0.6783691113059174,365
vit,vit,sphere_ttc,2019,240,u100,m s^-1,6.9456796454881085,0.32331708378396246,365
vit,vit,sphere_ttc,2019,240,u200,m s^-1,11.117558737778971,0.2054543502601332,365
vit,vit,sphere_ttc,2019,240,u300,m s^-1,11.278212010201777,0.18528690529799433,365
vit,vit,sphere_ttc,2019,240,u500,m s^-1,7.782523821032983,0.1755180513788979,365
vit,vit,sphere_ttc,2019,240,u700,m s^-1,5.993069772897525,0.1767204932455912,365
vit,vit,sphere_ttc,2019,240,u850,m s^-1,5.262114598416049,0.1748671630017596,365
vit,vit,sphere_ttc,2019,240,u925,m s^-1,5.1017859839805215,0.1648054090961491,365
vit,vit,sphere_ttc,2019,240,u1000,m s^-1,4.027470685359572,0.1583177257912704,365
vit,vit,sphere_ttc,2019,240,v50,m s^-1,4.385203362925073,0.2993480858878904,365
vit,vit,sphere_ttc,2019,240,v100,m s^-1,6.22478527557731,0.1653991809737684,365
vit,vit,sphere_ttc,2019,240,v200,m s^-1,10.94084826460195,0.13949074782975332,365
vit,vit,sphere_ttc,2019,240,v300,m s^-1,11.20718416915915,0.14189152719285836,365
vit,vit,sphere_ttc,2019,240,v500,m s^-1,7.548289511378545,0.13812079888343118,365
vit,vit,sphere_ttc,2019,240,v700,m s^-1,5.6435392665846535,0.12586945003179031,365
vit,vit,sphere_ttc,2019,240,v850,m s^-1,4.969466328726054,0.11485377653536943,365
vit,vit,sphere_ttc,2019,240,v925,m s^-1,5.040491926373675,0.1165124293605852,365
vit,vit,sphere_ttc,2019,240,v1000,m s^-1,4.0885934822978065,0.11482156831688656,365
vit,vit,sphere_ttc,2019,240,u10,m s^-1,3.588773511992673,0.1592235866630658,365
vit,vit,sphere_ttc,2019,240,v10,m s^-1,3.5947289716244724,0.1128987286998912,365
vit,vit,sphere_ttc,2019,240,t2m,K,2.96484859760209,0.16972256546801967,365
vit,vit,sphere_ttc,2019,240,mslp,Pa,679.5442673596547,0.19679970665463287,365
cirt,cirt,raw,2018,24,z50,m^2 s^-2,626.7378087767983,0.8026957689941642,365
cirt,cirt,raw,2018,24,z100,m^2 s^-2,576.9251977855511,0.7687268448075517,365
cirt,cirt,raw,2018,24,z200,m^2 s^-2,692.687803091241,0.7467141084548887,365
cirt,cirt,raw,2018,24,z300,m^2 s^-2,708.517918079512,0.753681406073959,365
cirt,cirt,raw,2018,24,z500,m^2 s^-2,500.4366158306575,0.7761876947798314,365
cirt,cirt,raw,2018,24,z700,m^2 s^-2,376.97146284180326,0.7830893258229882,365
cirt,cirt,raw,2018,24,z850,m^2 s^-2,346.66031688045507,0.7655924283483958,365
cirt,cirt,raw,2018,24,z925,m^2 s^-2,351.9549569732094,0.7514163847986814,365
cirt,cirt,raw,2018,24,z1000,m^2 s^-2,365.70550211412063,0.7380924701100143,365
cirt,cirt,raw,2018,24,q50,kg kg^-1,9.498250210352012e-08,0.6478511162026033,365
cirt,cirt,raw,2018,24,q100,kg kg^-1,3.306022424803997e-07,0.45207825454163225,365
cirt,cirt,raw,2018,24,q200,kg kg^-1,1.1963513114386918e-05,0.43881292113441805,365
cirt,cirt,raw,2018,24,q300,kg kg^-1,0.00010684102834549471,0.4503750640069254,365
cirt,cirt,raw,2018,24,q500,kg kg^-1,0.0006813930707344238,0.45887150470427046,365
cirt,cirt,raw,2018,24,q700,kg kg^-1,0.0013300940264697587,0.4222416701670641,365
cirt,cirt,raw,2018,24,q850,kg kg^-1,0.0015512146782656324,0.3604287161234219,365
cirt,cirt,raw,2018,24,q925,kg kg^-1,0.0012784394132229519,0.3754913199244292,365
cirt,cirt,raw,2018,24,q1000,kg kg^-1,0.0013453244063905009,0.39354867931662973,365
cirt,cirt,raw,2018,24,t50,K,2.0233339326465254,0.7397346039205475,365
cirt,cirt,raw,2018,24,t100,K,2.3178111657237843,0.6484247399488183,365
cirt,cirt,raw,2018,24,t200,K,2.6912161946880224,0.61552646693885,365
cirt,cirt,raw,2018,24,t300,K,2.047899074963793,0.5233833062190468,365
cirt,cirt,raw,2018,24,t500,K,2.3684454305260254,0.6129652346159777,365
cirt,cirt,raw,2018,24,t700,K,2.4070409726525575,0.6157768861875474,365
cirt,cirt,raw,2018,24,t850,K,2.6486319497793724,0.5891917877245373,365
cirt,cirt,raw,2018,24,t925,K,2.581966405419563,0.5329939835002856,365
cirt,cirt,raw,2018,24,t1000,K,2.462871693439995,0.4538312606409787,365
cirt,cirt,raw,2018,24,u50,m s^-1,3.991343116784131,0.8692014622143842,365
cirt,cirt,raw,2018,24,u100,m s^-1,4.967831267337465,0.7092540842129516,365
cirt,cirt,raw,2018,24,u200,m s^-1,8.144943459236437,0.6998771987024991,365
cirt,cirt,raw,2018,24,u300,m s^-1,8.423753709038733,0.6871715452104254,365
cirt,cirt,raw,2018,24,u500,m s^-1,5.654628497739667,0.7086247478644206,365
cirt,cirt,raw,2018,24,u700,m s^-1,4.362877464681864,0.7007486772061399,365
cirt,cirt,raw,2018,24,u850,m s^-1,3.9977667685079936,0.6632656307287222,365
cirt,cirt,raw,2018,24,u925,m s^-1,3.9886704160573894,0.6348030816066058,365
cirt,cirt,raw,2018,24,u1000,m s^-1,3.171231474704399,0.6209994380798566,365
cirt,cirt,raw,2018,24,v50,m s^-1,3.0038146520527587,0.7850917516123631,365
cirt,cirt,raw,2018,24,v100,m s^-1,4.2269564921379645,0.7361606042053918,365
cirt,cirt,raw,2018,24,v200,m s^-1,7.785370854654205,0.6929247779151677,365
cirt,cirt,raw,2018,24,v300,m s^-1,7.943967089393988,0.7011719704801235,365
cirt,cirt,raw,2018,24,v500,m s^-1,5.177765237680144,0.7208246086836271,365
cirt,cirt,raw,2018,24,v700,m s^-1,3.982573519546914,0.6952224116285415,365
cirt,cirt,raw,2018,24,v850,m s^-1,3.72551729328503,0.644624032544492,365
cirt,cirt,raw,2018,24,v925,m s^-1,3.84184354386385,0.6307324362825028,365
cirt,cirt,raw,2018,24,v1000,m s^-1,3.147239613557963,0.6201708326427675,365
cirt,cirt,raw,2018,24,u10,m s^-1,2.8191693908888236,0.6193777224637409,365
cirt,cirt,raw,2018,24,v10,m s^-1,2.7818085525160265,0.6144017151627432,365
cirt,cirt,raw,2018,24,t2m,K,2.7212807516020727,0.3563628937338017,365
cirt,cirt,raw,2018,24,mslp,Pa,464.8349386208735,0.735584957820234,365
cirt,cirt,raw,2018,72,z50,m^2 s^-2,687.6340195337964,0.7591653762306947,365
cirt,cirt,raw,2018,72,z100,m^2 s^-2,666.1257988720638,0.67922992958996,365
cirt,cirt,raw,2018,72,z200,m^2 s^-2,844.272294966467,0.591753210103309,365
cirt,cirt,raw,2018,72,z300,m^2 s^-2,884.3097915114441,0.5771455195408489,365
cirt,cirt,raw,2018,72,z500,m^2 s^-2,647.3299002718467,0.5840170552557679,365
cirt,cirt,raw,2018,72,z700,m^2 s^-2,500.13616155420925,0.5713896983556817,365
cirt,cirt,raw,2018,72,z850,m^2 s^-2,455.2181270249341,0.5421776887343045,365
cirt,cirt,raw,2018,72,z925,m^2 s^-2,456.04811244508625,0.5261251139643784,365
cirt,cirt,raw,2018,72,z1000,m^2 s^-2,467.6323972841553,0.513654447200477,365
cirt,cirt,raw,2018,72,q50,kg kg^-1,9.706542073297822e-08,0.6285845305215164,365
cirt,cirt,raw,2018,72,q100,kg kg^-1,3.344495875603871e-07,0.4327670455119014,365
cirt,cirt,raw,2018,72,q200,kg kg^-1,1.247923990813957e-05,0.3526204754895854,365
cirt,cirt,raw,2018,72,q300,kg kg^-1,0.00011189128369562526,0.3560627670529926,365
cirt,cirt,raw,2018,72,q500,kg kg^-1,0.000712308183663694,0.37027238061851897,365
cirt,cirt,raw,2018,72,q700,kg kg^-1,0.001383135092247069,0.3351462444986916,365
cirt,cirt,raw,2018,72,q850,kg kg^-1,0.0016055855605801813,0.2741472034495948,365
cirt,cirt,raw,2018,72,q925,kg kg^-1,0.0013389804905307042,0.27155498917627835,365
cirt,cirt,raw,2018,72,q1000,kg kg^-1,0.0014203156286069281,0.28526604470034933,365
cirt,cirt,raw,2018,72,t50,K,2.0934003284876357,0.7207024039818111,365
cirt,cirt,raw,2018,72,t100,K,2.4559807406136684,0.5938118563078437,365
cirt,cirt,raw,2018,72,t200,K,2.9654285256082114,0.4968689915129487,365
cirt,cirt,raw,2018,72,t300,K,2.1796778873987015,0.42889963987313195,365
cirt,cirt,raw,2018,72,t500,K,2.637882488799027,0.47878400031353374,365
cirt,cirt,raw,2018,72,t700,K,2.6855969375295667,0.48262968798929723,365
cirt,cirt,raw,2018,72,t850,K,2.925956933145091,0.45948458639216433,365
cirt,cirt,raw,2018,72,t925,K,2.802822463039784,0.41060074942702074,365
cirt,cirt,raw,2018,72,t1000,K,2.6184518891906103,0.35018337484821077,365
cirt,cirt,raw,2018,72,u50,m s^-1,4.345639393796379,0.8431682030532157,365
cirt,cirt,raw,2018,72,u100,m s^-1,5.682831369163287,0.5952400124722858,365
cirt,cirt,raw,2018,72,u200,m s^-1,9.633224174210257,0.5370087191186693,365
cirt,cirt,raw,2018,72,u300,m s^-1,10.040943617982256,0.5018569210035874,365
cirt,cirt,raw,2018,72,u500,m s^-1,6.935764739464816,0.5028541403126081,365
cirt,cirt,raw,2018,72,u700,m s^-1,5.357192637680692,0.48522098127585966,365
cirt,cirt,raw,2018,72,u850,m s^-1,4.815696431432236,0.4383353040740883,365
cirt,cirt,raw,2018,72,u925,m s^-1,4.738028415481233,0.4051991902927875,365
cirt,cirt,raw,2018,72,u1000,m s^-1,3.7330596869107833,0.39594971304173743,365
cirt,cirt,raw,2018,72,v50,m s^-1,3.653138885852514,0.6587420734663684,365
cirt,cirt,raw,2018,72,v100,m s^-1,5.287447573033349,0.536281150093127,365
cirt,cirt,raw,2018,72,v200,m s^-1,9.70502403252048,0.44318352825007545,365
cirt,cirt,raw,2018,72,v300,m s^-1,10.027067043137903,0.44103237094052455,365
cirt,cirt,raw,2018,72,v500,m s^-1,6.6716516049643255,0.45620843343982864,365
cirt,cirt,raw,2018,72,v700,m s^-1,5.0173920228555415,0.43290782622159074,365
cirt,cirt,raw,2018,72,v850,m s^-1,4.517332586735909,0.38665272245496646,365
cirt,cirt,raw,2018,72,v925,m s^-1,4.616746301254857,0.373364879579859,365
cirt,cirt,raw,2018,72,v1000,m s^-1,3.7526810851952077,0.3676276553216104,365
cirt,cirt,raw,2018,72,u10,m s^-1,3.315610490948722,0.39533512466035947,365
cirt,cirt,raw,2018,72,v10,m s^-1,3.3038998846168477,0.36383957355734486,365
cirt,cirt,raw,2018,72,t2m,K,2.8376998471412906,0.27812661719061227,365
cirt,cirt,raw,2018,72,mslp,Pa,593.0769156065194,0.5112950747614006,365
cirt,cirt,raw,2018,120,z50,m^2 s^-2,793.0097777850355,0.668074248562517,365
cirt,cirt,raw,2018,120,z100,m^2 s^-2,757.6219278595559,0.5617689558328787,365
cirt,cirt,raw,2018,120,z200,m^2 s^-2,947.2842419343432,0.44324866905522564,365
cirt,cirt,raw,2018,120,z300,m^2 s^-2,990.923526191741,0.4201326067757603,365
cirt,cirt,raw,2018,120,z500,m^2 s^-2,728.5080096470202,0.42471120101348864,365
cirt,cirt,raw,2018,120,z700,m^2 s^-2,559.0045647236249,0.4171925984075374,365
cirt,cirt,raw,2018,120,z850,m^2 s^-2,501.5243257887664,0.3970508927573797,365
cirt,cirt,raw,2018,120,z925,m^2 s^-2,499.16085229517057,0.3844890653366164,365
cirt,cirt,raw,2018,120,z1000,m^2 s^-2,509.50437540971507,0.37433099926601504,365
cirt,cirt,raw,2018,120,q50,kg kg^-1,9.868508648912849e-08,0.6129818894710772,365
cirt,cirt,raw,2018,120,q100,kg kg^-1,3.3906999381871077e-07,0.40889282504471897,365
cirt,cirt,raw,2018,120,q200,kg kg^-1,1.2736435539339567e-05,0.30317050661214173,365
cirt,cirt,raw,2018,120,q300,kg kg^-1,0.00011421552464476711,0.3036634589995847,365
cirt,cirt,raw,2018,120,q500,kg kg^-1,0.0007292028227518951,0.3125822905619834,365
cirt,cirt,raw,2018,120,q700,kg kg^-1,0.0014100286973043174,0.28097033066157245,365
cirt,cirt,raw,2018,120,q850,kg kg^-1,0.0016308192542697835,0.22534573422588922,365
cirt,cirt,raw,2018,120,q925,kg kg^-1,0.0013698206735548541,0.206901147382145,365
cirt,cirt,raw,2018,120,q1000,kg kg^-1,0.0014659396741586997,0.20233829677014126,365
cirt,cirt,raw,2018,120,t50,K,2.2696365195679666,0.6656898904277658,365
cirt,cirt,raw,2018,120,t100,K,2.6285853466740443,0.5153424907489206,365
cirt,cirt,raw,2018,120,t200,K,3.138789556479243,0.3997330917107313,365
cirt,cirt,raw,2018,120,t300,K,2.2785066073072615,0.3416575914225919,365
cirt,cirt,raw,2018,120,t500,K,2.8270038185889605,0.350454620305306,365
cirt,cirt,raw,2018,120,t700,K,2.894271510416684,0.3473441529371869,365
cirt,cirt,raw,2018,120,t850,K,3.1278527561378087,0.33236577468968237,365
cirt,cirt,raw,2018,120,t925,K,2.958869522151195,0.2982081951906344,365
cirt,cirt,raw,2018,120,t1000,K,2.72929672321715,0.2604137263581857,365
cirt,cirt,raw,2018,120,u50,m s^-1,4.753320185139082,0.8097838947131538,365
cirt,cirt,raw,2018,120,u100,m s^-1,6.190904938030767,0.4908489836643478,365
cirt,cirt,raw,2018,120,u200,m s^-1,10.40670049593697,0.41753707565565584,365
cirt,cirt,raw,2018,120,u300,m s^-1,10.7797560689825,0.37728382939856814,365
cirt,cirt,raw,2018,120,u500,m s^-1,7.4718299726808395,0.3719478347611028,365
cirt,cirt,raw,2018,120,u700,m s^-1,5.737957735485371,0.36023731124358777,365
cirt,cirt,raw,2018,120,u850,m s^-1,5.097582025481611,0.3224690389723208,365
cirt,cirt,raw,2018,120,u925,m s^-1,4.982844484409336,0.29368164173928984,365
cirt,cirt,raw,2018,120,u1000,m s^-1,3.922574842214883,0.2849869558468656,365
cirt,cirt,raw,2018,120,v50,m s^-1,4.168403497988977,0.524444514394905,365
cirt,cirt,raw,2018,120,v100,m s^-1,5.813163498068826,0.3872170150690339,365
cirt,cirt,raw,2018,120,v200,m s^-1,10.396740747171457,0.2919522939627123,365
cirt,cirt,raw,2018,120,v300,m s^-1,10.737534878371312,0.28987090787574793,365
cirt,cirt,raw,2018,120,v500,m s^-1,7.1814539310922,0.30358602222771724,365
cirt,cirt,raw,2018,120,v700,m s^-1,5.350934223209571,0.2942894098399437,365
cirt,cirt,raw,2018,120,v850,m s^-1,4.747263696023139,0.2674577930780784,365
cirt,cirt,raw,2018,120,v925,m s^-1,4.836783218225088,0.2570072114531001,365
cirt,cirt,raw,2018,120,v1000,m s^-1,3.930393451396892,0.2499854491128464,365
cirt,cirt,raw,2018,120,u10,m s^-1,3.4844261287066542,0.28489131698489084,365
cirt,cirt,raw,2018,120,v10,m s^-1,3.458580156571762,0.24725233758090934,365
cirt,cirt,raw,2018,120,t2m,K,2.9326345279492716,0.20676753712612306,365
cirt,cirt,raw,2018,120,mslp,Pa,645.5975655232825,0.37238575523789075,365
cirt,cirt,raw,2018,168,z50,m^2 s^-2,877.2141998135073,0.576836114711321,365
cirt,cirt,raw,2018,168,z100,m^2 s^-2,815.8812715013404,0.46549108565336744,365
cirt,cirt,raw,2018,168,z200,m^2 s^-2,997.4178474942184,0.3450670441202214,365
cirt,cirt,raw,2018,168,z300,m^2 s^-2,1040.0091863562934,0.319837240808464,365
cirt,cirt,raw,2018,168,z500,m^2 s^-2,765.7979984867428,0.32252890048403077,365
cirt,cirt,raw,2018,168,z700,m^2 s^-2,585.4932207985224,0.32016835068488403,365
cirt,cirt,raw,2018,168,z850,m^2 s^-2,522.6175364294253,0.30550169075165134,365
cirt,cirt,raw,2018,168,z925,m^2 s^-2,518.403611740983,0.29692306065563095,365
cirt,cirt,raw,2018,168,z1000,m^2 s^-2,528.4054608309408,0.28783363584568405,365
cirt,cirt,raw,2018,168,q50,kg kg^-1,1.0023780624106698e-07,0.5978894206336716,365
cirt,cirt,raw,2018,168,q100,kg kg^-1,3.4437697559402135e-07,0.37955944535392644,365
cirt,cirt,raw,2018,168,q200,kg kg^-1,1.2903730811530419e-05,0.268571190621198,365
cirt,cirt,raw,2018,168,q300,kg kg^-1,0.0001155842931753347,0.2694553548612012,365
cirt,cirt,raw,2018,168,q500,kg kg^-1,0.0007393639276819765,0.27397967512391597,365
cirt,cirt,raw,2018,168,q700,kg kg^-1,0.0014248080750020873,0.2477926956977521,365
cirt,cirt,raw,2018,168,q850,kg kg^-1,0.0016442604646490588,0.1978648280577978,365
cirt,cirt,raw,2018,168,q925,kg kg^-1,0.0013842771922795137,0.1729435848784942,365
cirt,cirt,raw,2018,168,q1000,kg kg^-1,0.001486468133830075,0.1591143403666132,365
cirt,cirt,raw,2018,168,t50,K,2.4383277559489707,0.606116722196777,365
cirt,cirt,raw,2018,168,t100,K,2.750674102651078,0.4503558427053345,365
cirt,cirt,raw,2018,168,t200,K,3.2371972898722943,0.3325944404106092,365
cirt,cirt,raw,2018,168,t300,K,2.3327780781277263,0.2835315354994577,365
cirt,cirt,raw,2018,168,t500,K,2.919324211675639,0.26754422549714735,365
cirt,cirt,raw,2018,168,t700,K,2.9938764759634098,0.2618540394828279,365
cirt,cirt,raw,2018,168,t850,K,3.228281763603151,0.2501368325904511,365
cirt,cirt,raw,2018,168,t925,K,3.038327447408087,0.22708476852446832,365
cirt,cirt,raw,2018,168,t1000,K,2.792283102406729,0.2019123203270003,365
cirt,cirt,raw,2018,168,u50,m s^-1,5.062281134222711,0.7818607251172767,365
cirt,cirt,raw,2018,168,u100,m s^-1,6.505784284278707,0.41074289126608066,365
cirt,cirt,raw,2018,168,u200,m s^-1,10.78023484679954,0.34202717225404805,365
cirt,cirt,raw,2018,168,u300,m s^-1,11.11451891133626,0.30219938018843057,365
cirt,cirt,raw,2018,168,u500,m s^-1,7.707395606891648,0.2954239238197223,365
cirt,cirt,raw,2018,168,u700,m s^-1,5.908062057408927,0.2874861615313209,365
cirt,cirt,raw,2018,168,u850,m s^-1,5.225879501007167,0.2551804607065474,365
cirt,cirt,raw,2018,168,u925,m s^-1,5.093760770264904,0.22958656297720412,365
cirt,cirt,raw,2018,168,u1000,m s^-1,4.009188241327273,0.22090226217384146,365
cirt,cirt,raw,2018,168,v50,m s^-1,4.480872512922706,0.4138532694220837,365
cirt,cirt,raw,2018,168,v100,m s^-1,6.034057849507425,0.29918163257401137,365
cirt,cirt,raw,2018,168,v200,m s^-1,10.601461087293252,0.22217289055262507,365
cirt,cirt,raw,2018,168,v300,m s^-1,10.958657649900651,0.21631750496838612,365
cirt,cirt,raw,2018,168,v500,m s^-1,7.3507840058439955,0.22439213322493315,365
cirt,cirt,raw,2018,168,v700,m s^-1,5.472738159064442,0.21711500963965807,365
cirt,cirt,raw,2018,168,v850,m s^-1,4.834124667984169,0.1997388428979378,365
cirt,cirt,raw,2018,168,v925,m s^-1,4.917160288985441,0.19295148248292898,365
cirt,cirt,raw,2018,168,v1000,m s^-1,3.9937543969049707,0.1867062250154667,365
cirt,cirt,raw,2018,168,u10,m s^-1,3.5619799985508975,0.220554068734295,365
cirt,cirt,raw,2018,168,v10,m s^-1,3.51344621181983,0.1852898739228484,365
cirt,cirt,raw,2018,168,t2m,K,2.9908124967941276,0.1603055081916385,365
cirt,cirt,raw,2018,168,mslp,Pa,669.3599616833939,0.28599199008023546,365
cirt,cirt,raw,2018,240,z50,m^2 s^-2,973.0423152904967,0.44873020248708745,365
cirt,cirt,raw,2018,240,z100,m^2 s^-2,871.8322588089982,0.3471718663349728,365
cirt,cirt,raw,2018,240,z200,m^2 s^-2,1032.660801684472,0.24470012174972328,365
cirt,cirt,raw,2018,240,z300,m^2 s^-2,1068.7807382425808,0.22713832387616215,365
cirt,cirt,raw,2018,240,z500,m^2 s^-2,786.1674603320412,0.23011958121766093,365
cirt,cirt,raw,2018,240,z700,m^2 s^-2,599.6451288953132,0.23218891413404932,365
cirt,cirt,raw,2018,240,z850,m^2 s^-2,533.315176297127,0.22520099318588663,365
cirt,cirt,raw,2018,240,z925,m^2 s^-2,528.6176187141973,0.2183472537705292,365
cirt,cirt,raw,2018,240,z1000,m^2 s^-2,538.3125158151342,0.21115461384443807,365
cirt,cirt,raw,2018,240,q50,kg kg^-1,1.0233686032041245e-07,0.5771405222097862,365
cirt,cirt,raw,2018,240,q100,kg kg^-1,3.5339226009914204e-07,0.32673086295031295,365
cirt,cirt,raw,2018,240,q200,kg kg^-1,1.3083612325840736e-05,0.2260761098795565,365
cirt,cirt,raw,2018,240,q300,kg kg^-1,0.00011716248558283314,0.22566082848520533,365
cirt,cirt,raw,2018,240,q500,kg kg^-1,0.000748876159535779,0.23354191496177998,365
cirt,cirt,raw,2018,240,q700,kg kg^-1,0.0014382334492556133,0.2138999575266791,365
cirt,cirt,raw,2018,240,q850,kg kg^-1,0.0016566761748515854,0.17038933535850487,365
cirt,cirt,raw,2018,240,q925,kg kg^-1,0.0013978507801230859,0.1409568016757995,365
cirt,cirt,raw,2018,240,q1000,kg kg^-1,0.0015033299256183967,0.12072414713364951,365
cirt,cirt,raw,2018,240,t50,K,2.6702667976539507,0.5115846465136571,365
cirt,cirt,raw,2018,240,t100,K,2.8905428018079182,0.3639487296825579,365
cirt,cirt,raw,2018,240,t200,K,3.3177154272740887,0.26516620872823526,365
cirt,cirt,raw,2018,240,t300,K,2.3876970205331087,0.21306768635378978,365
cirt,cirt,raw,2018,240,t500,K,2.9793396367827523,0.19135064006806637,365
cirt,cirt,raw,2018,240,t700,K,3.0615226064691172,0.1809807306491432,365
cirt,cirt,raw,2018,240,t850,K,3.3001744749929496,0.1712044232364735,365
cirt,cirt,raw,2018,240,t925,K,3.100446168463496,0.15844955560894827,365
cirt,cirt,raw,2018,240,t1000,K,2.8474950379373793,0.1440431228468885,365
cirt,cirt,raw,2018,240,u50,m s^-1,5.398206803887196,0.7493271397139947,365
cirt,cirt,raw,2018,240,u100,m s^-1,6.800914499573142,0.3159794101377122,365
cirt,cirt,raw,2018,240,u200,m s^-1,11.093911135410593,0.2588243408877455,365
cirt,cirt,raw,2018,240,u300,m s^-1,11.352791613799509,0.2283954720979564,365
cirt,cirt,raw,2018,240,u500,m s^-1,7.867855962780129,0.222440162537727,365
cirt,cirt,raw,2018,240,u700,m s^-1,6.028256718112208,0.21637780673777024,365
cirt,cirt,raw,2018,240,u850,m s^-1,5.3168069795708055,0.18971506180853717,365
cirt,cirt,raw,2018,240,u925,m s^-1,5.167395298771706,0.16941686912713416,365
cirt,cirt,raw,2018,240,u1000,m s^-1,4.059538836314122,0.1648573757412097,365
cirt,cirt,raw,2018,240,v50,m s^-1,4.718323481166011,0.280929173616132,365
cirt,cirt,raw,2018,240,v100,m s^-1,6.174848725418312,0.20632275992735247,365
cirt,cirt,raw,2018,240,v200,m s^-1,10.693831487924395,0.16165379576566133,365
cirt,cirt,raw,2018,240,v300,m s^-1,11.03502302092566,0.15914425626203862,365
cirt,cirt,raw,2018,240,v500,m s^-1,7.407842669586336,0.16193693240878393,365
cirt,cirt,raw,2018,240,v700,m s^-1,5.513799472212215,0.15446731957150597,365
cirt,cirt,raw,2018,240,v850,m s^-1,4.864102953332469,0.14434965596564506,365
cirt,cirt,raw,2018,240,v925,m s^-1,4.944489817833311,0.14163700190730352,365
cirt,cirt,raw,2018,240,v1000,m s^-1,4.016812161148834,0.13687187502304807,365
cirt,cirt,raw,2018,240,u10,m s^-1,3.606343059408217,0.1644900183985063,365
cirt,cirt,raw,2018,240,v10,m s^-1,3.533061760318642,0.13566387622734566,365
cirt,cirt,raw,2018,240,t2m,K,3.0482521759166796,0.11380449001247359,365
cirt,cirt,raw,2018,240,mslp,Pa,681.7492384622337,0.21041632381304387,365
cirt,cirt,raw,2019,24,z50,m^2 s^-2,610.1242914933034,0.87119550053302,365
cirt,cirt,raw,2019,24,z100,m^2 s^-2,579.8998884358202,0.8152365480211546,365
cirt,cirt,raw,2019,24,z200,m^2 s^-2,696.963686567554,0.7586281602744739,365
cirt,cirt,raw,2019,24,z300,m^2 s^-2,704.7446229998923,0.760705544456362,365
cirt,cirt,raw,2019,24,z500,m^2 s^-2,493.3470447359116,0.7846065281839133,365
cirt,cirt,raw,2019,24,z700,m^2 s^-2,372.1679533329189,0.7908560580893288,365
cirt,cirt,raw,2019,24,z850,m^2 s^-2,342.9189037520587,0.7719939087538379,365
cirt,cirt,raw,2019,24,z925,m^2 s^-2,348.7827063087192,0.7566821768753473,365
cirt,cirt,raw,2019,24,z1000,m^2 s^-2,363.6719993865935,0.741871912174645,365
cirt,cirt,raw,2019,24,q50,kg kg^-1,1.0948364442444962e-07,0.5719838478064577,365
cirt,cirt,raw,2019,24,q100,kg kg^-1,3.42757171739454e-07,0.4598546359307068,365
cirt,cirt,raw,2019,24,q200,kg kg^-1,1.2768829437359177e-05,0.45224250297744145,365
cirt,cirt,raw,2019,24,q300,kg kg^-1,0.00011105226215876458,0.4560197968864533,365
cirt,cirt,raw,2019,24,q500,kg kg^-1,0.0006922767838372099,0.45984519921676587,365
cirt,cirt,raw,2019,24,q700,kg kg^-1,0.0013478613033928695,0.41461541039807825,365
cirt,cirt,raw,2019,24,q850,kg kg^-1,0.0015941811388210196,0.3589720948850202,365
cirt,cirt,raw,2019,24,q925,kg kg^-1,0.0013148120051703564,0.38890971837562965,365
cirt,cirt,raw,2019,24,q1000,kg kg^-1,0.0013599942135401016,0.4022692642286057,365
cirt,cirt,raw,2019,24,t50,K,2.0773531978390976,0.8389106384081356,365
cirt,cirt,raw,2019,24,t100,K,2.2983506053207217,0.7316141402625985,365
cirt,cirt,raw,2019,24,t200,K,2.7111029753755793,0.6579457306818335,365
cirt,cirt,raw,2019,24,t300,K,2.1096368594040182,0.5363638947609856,365
cirt,cirt,raw,2019,24,t500,K,2.3567994227853,0.6124430131377828,365
cirt,cirt,raw,2019,24,t700,K,2.379720661596299,0.6203623592818451,365
cirt,cirt,raw,2019,24,t850,K,2.6540899199339782,0.589731809038546,365
cirt,cirt,raw,2019,24,t925,K,2.588565431816974,0.5311826041867511,365
cirt,cirt,raw,2019,24,t1000,K,2.4696025293834647,0.4518695304287933,365
cirt,cirt,raw,2019,24,u50,m s^-1,4.056259155714004,0.8389167784151276,365
cirt,cirt,raw,2019,24,u100,m s^-1,5.09157702605386,0.7171981819292481,365
cirt,cirt,raw,2019,24,u200,m s^-1,8.111192751123415,0.6920529689895464,365
cirt,cirt,raw,2019,24,u300,m s^-1,8.329716313666838,0.6818217717965674,365
cirt,cirt,raw,2019,24,u500,m s^-1,5.593173272352951,0.7001014083833998,365
cirt,cirt,raw,2019,24,u700,m s^-1,4.361664479696821,0.688813609138862,365
cirt,cirt,raw,2019,24,u850,m s^-1,4.001950364937028,0.6515153688978512,365
cirt,cirt,raw,2019,24,u925,m s^-1,3.990164649298985,0.6229741667109575,365
cirt,cirt,raw,2019,24,u1000,m s^-1,3.173829375287886,0.6112747187705357,365
cirt,cirt,raw,2019,24,v50,m s^-1,2.9039941746453097,0.7759246481649448,365
cirt,cirt,raw,2019,24,v100,m s^-1,4.273945375071215,0.7339226718534129,365
cirt,cirt,raw,2019,24,v200,m s^-1,7.870376434664468,0.6995383628896825,365
cirt,cirt,raw,2019,24,v300,m s^-1,7.965971661595388,0.7089086541661647,365
cirt,cirt,raw,2019,24,v500,m s^-1,5.196755481755535,0.7293503534700831,365
cirt,cirt,raw,2019,24,v700,m s^-1,4.021414779205739,0.7026967546796531,365
cirt,cirt,raw,2019,24,v850,m s^-1,3.7673311495838577,0.6494330132905576,365
cirt,cirt,raw,2019,24,v925,m s^-1,3.887659724510154,0.6331936844688036,365
cirt,cirt,raw,2019,24,v1000,m s^-1,3.1759110726996185,0.6230364861236272,365
cirt,cirt,raw,2019,24,u10,m s^-1,2.8283160909090794,0.611136324776976,365
cirt,cirt,raw,2019,24,v10,m s^-1,2.8089405553080464,0.61573429443966,365
cirt,cirt,raw,2019,24,t2m,K,2.73316320632707,0.3550024622997748,365
cirt,cirt,raw,2019,24,mslp,Pa,461.4104845730888,0.7400125073335474,365
cirt,cirt,raw,2019,72,z50,m^2 s^-2,656.8423970377011,0.8488907803984491,365
cirt,cirt,raw,2019,72,z100,m^2 s^-2,656.1562070286772,0.7554670939138162,365
cirt,cirt,raw,2019,72,z200,m^2 s^-2,837.6770708333851,0.6241776308346746,365
cirt,cirt,raw,2019,72,z300,m^2 s^-2,871.8716664884474,0.5989196757620157,365
cirt,cirt,raw,2019,72,z500,m^2 s^-2,633.8955652717826,0.6078657751170597,365
cirt,cirt,raw,2019,72,z700,m^2 s^-2,489.1513368590823,0.5980201739337027,365
cirt,cirt,raw,2019,72,z850,m^2 s^-2,445.15446038445043,0.5693716769410077,365
cirt,cirt,raw,2019,72,z925,m^2 s^-2,446.6976962899173,0.5517034029648462,365
cirt,cirt,raw,2019,72,z1000,m^2 s^-2,459.2141552116469,0.5376238857404265,365
cirt,cirt,raw,2019,72,q50,kg kg^-1,1.1150856381492303e-07,0.550474664277008,365
cirt,cirt,raw,2019,72,q100,kg kg^-1,3.4734577121848686e-07,0.4381723453550257,365
cirt,cirt,raw,2019,72,q200,kg kg^-1,1.3271461437459125e-05,0.37125535058413783,365
cirt,cirt,raw,2019,72,q300,kg kg^-1,0.00011610308333909872,0.3632226478277796,365
cirt,cirt,raw,2019,72,q500,kg kg^-1,0.0007229850876042766,0.3735926254674013,365
cirt,cirt,raw,2019,72,q700,kg kg^-1,0.0014015574190711995,0.327137941521687,365
cirt,cirt,raw,2019,72,q850,kg kg^-1,0.001648645222309017,0.2751698453064365,365
cirt,cirt,raw,2019,72,q925,kg kg^-1,0.0013753601583674916,0.291704580007624,365
cirt,cirt,raw,2019,72,q1000,kg kg^-1,0.0014361241163522178,0.2964549411226574,365
cirt,cirt,raw,2019,72,t50,K,2.1192198671944737,0.8291421265248885,365
cirt,cirt,raw,2019,72,t100,K,2.425598295426943,0.6943107846280608,365
cirt,cirt,raw,2019,72,t200,K,2.9760749664231967,0.5638717025880375,365
cirt,cirt,raw,2019,72,t300,K,2.223908936981181,0.45895099851878507,365
cirt,cirt,raw,2019,72,t500,K,2.6092987016849296,0.4872506799460412,365
cirt,cirt,raw,2019,72,t700,K,2.646060748286579,0.49533297102173207,365
cirt,cirt,raw,2019,72,t850,K,2.9135791179132267,0.4706542697287083,365
cirt,cirt,raw,2019,72,t925,K,2.7963832851252612,0.41861269348085306,365
cirt,cirt,raw,2019,72,t1000,K,2.6178140442886764,0.35651407932737933,365
cirt,cirt,raw,2019,72,u50,m s^-1,4.346633804391929,0.8119430854190195,365
cirt,cirt,raw,2019,72,u100,m s^-1,5.7674365045068186,0.6131047441996056,365
cirt,cirt,raw,2019,72,u200,m s^-1,9.545929374736374,0.5273861515787216,365
cirt,cirt,raw,2019,72,u300,m s^-1,9.915239202897572,0.49323524703137717,365
cirt,cirt,raw,2019,72,u500,m s^-1,6.8338602779048045,0.4920066836895158,365
cirt,cirt,raw,2019,72,u700,m s^-1,5.304213669595303,0.4765914454671929,365
cirt,cirt,raw,2019,72,u850,m s^-1,4.76909164377141,0.43463384309257114,365
cirt,cirt,raw,2019,72,u925,m s^-1,4.686813148656379,0.4041737382766663,365
cirt,cirt,raw,2019,72,u1000,m s^-1,3.6986094483407066,0.3977410407179168,365
cirt,cirt,raw,2019,72,v50,m s^-1,3.4814382475231036,0.6565468873880967,365
cirt,cirt,raw,2019,72,v100,m s^-1,5.286815245877945,0.5439142733366478,365
cirt,cirt,raw,2019,72,v200,m s^-1,9.716206292392554,0.4726698287700817,365
cirt,cirt,raw,2019,72,v300,m s^-1,10.0189950392373,0.46499312785367825,365
cirt,cirt,raw,2019,72,v500,m s^-1,6.701219212943868,0.4749294080385706,365
cirt,cirt,raw,2019,72,v700,m s^-1,5.067175076955085,0.4492484027633172,365
cirt,cirt,raw,2019,72,v850,m s^-1,4.562874705711533,0.3995224438065426,365
cirt,cirt,raw,2019,72,v925,m s^-1,4.658141699119444,0.384902157560234,365
cirt,cirt,raw,2019,72,v1000,m s^-1,3.775143827785175,0.3802264271658802,365
cirt,cirt,raw,2019,72,u10,m s^-1,3.2929647147087397,0.39996079688772596,365
cirt,cirt,raw,2019,72,v10,m s^-1,3.324066576871865,0.37457770190010886,365
cirt,cirt,raw,2019,72,t2m,K,2.8438664722723255,0.28322783428398635,365
cirt,cirt,raw,2019,72,mslp,Pa,581.3012931411165,0.5367979423086388,365
cirt,cirt,raw,2019,120,z50,m^2 s^-2,737.9558176079638,0.8043035462310468,365
cirt,cirt,raw,2019,120,z100,m^2 s^-2,740.5152809024268,0.6742625846862942,365
cirt,cirt,raw,2019,120,z200,m^2 s^-2,943.0549485363534,0.4849433578417199,365
cirt,cirt,raw,2019,120,z300,m^2 s^-2,979.984814409184,0.4475106903150855,365
cirt,cirt,raw,2019,120,z500,m^2 s^-2,716.4526833763157,0.45399529224801133,365
cirt,cirt,raw,2019,120,z700,m^2 s^-2,548.5281032466521,0.45086776267873174,365
cirt,cirt,raw,2019,120,z850,m^2 s^-2,491.42547525658904,0.4318142212103403,365
cirt,cirt,raw,2019,120,z925,m^2 s^-2,489.22087913208196,0.4186719008165593,365
cirt,cirt,raw,2019,120,z1000,m^2 s^-2,500.3235985801918,0.40704063466380225,365
cirt,cirt,raw,2019,120,q50,kg kg^-1,1.1365112302199292e-07,0.5265110630640092,365
cirt,cirt,raw,2019,120,q100,kg kg^-1,3.5181378392731154e-07,0.4151367142502963,365
cirt,cirt,raw,2019,120,q200,kg kg^-1,1.3522947425427852e-05,0.32204334362933545,365
cirt,cirt,raw,2019,120,q300,kg kg^-1,0.00011863289658543983,0.30655359021599415,365
cirt,cirt,raw,2019,120,q500,kg kg^-1,0.0007402994915388812,0.31494106019092805,365
cirt,cirt,raw,2019,120,q700,kg kg^-1,0.0014309648637933592,0.26862840593760434,365
cirt,cirt,raw,2019,120,q850,kg kg^-1,0.0016778911590936071,0.22248359950529437,365
cirt,cirt,raw,2019,120,q925,kg kg^-1,0.0014087212631956336,0.22705831991625816,365
cirt,cirt,raw,2019,120,q1000,kg kg^-1,0.0014872260917195251,0.2096524521207972,365
cirt,cirt,raw,2019,120,t50,K,2.259434038952517,0.7997750177207236,365
cirt,cirt,raw,2019,120,t100,K,2.580730139330005,0.6426041729368379,365
cirt,cirt,raw,2019,120,t200,K,3.1434741604880285,0.49157013887011797,365
cirt,cirt,raw,2019,120,t300,K,2.324059900841048,0.3767605282179377,365
cirt,cirt,raw,2019,120,t500,K,2.795831647918274,0.3635110594075832,365
cirt,cirt,raw,2019,120,t700,K,2.858376045638697,0.3625539400595633,365
cirt,cirt,raw,2019,120,t850,K,3.1260162176911215,0.3430778422476705,365
cirt,cirt,raw,2019,120,t925,K,2.963808449254414,0.3052823647629529,365
cirt,cirt,raw,2019,120,t1000,K,2.7398944709514694,0.26625092580768006,365
cirt,cirt,raw,2019,120,u50,m s^-1,4.643377729140751,0.7808178459389928,365
cirt,cirt,raw,2019,120,u100,m s^-1,6.22959859289091,0.5221528634115055,365
cirt,cirt,raw,2019,120,u200,m s^-1,10.292685611772399,0.40620736964297666,365
cirt,cirt,raw,2019,120,u300,m s^-1,10.606452845000788,0.3729904789969808,365
cirt,cirt,raw,2019,120,u500,m s^-1,7.32820818005082,0.3674612148661352,365
cirt,cirt,raw,2019,120,u700,m s^-1,5.649686994147488,0.36059290430180074,365
cirt,cirt,raw,2019,120,u850,m s^-1,5.02284867355403,0.3294184316297143,365
cirt,cirt,raw,2019,120,u925,m s^-1,4.907083748954805,0.30370329874757834,365
cirt,cirt,raw,2019,120,u1000,m s^-1,3.872628062615756,0.2955921557099192,365
cirt,cirt,raw,2019,120,v50,m s^-1,3.930546498503764,0.53442064367252,365
cirt,cirt,raw,2019,120,v100,m s^-1,5.867128701640181,0.3795770995590615,365
cirt,cirt,raw,2019,120,v200,m s^-1,10.552364516260319,0.30332364279559243,365
cirt,cirt,raw,2019,120,v300,m s^-1,10.83893514506974,0.3014735912802809,365
cirt,cirt,raw,2019,120,v500,m s^-1,7.269316093318859,0.31369636889205965,365
cirt,cirt,raw,2019,120,v700,m s^-1,5.436783795466562,0.303445553132847,365
cirt,cirt,raw,2019,120,v850,m s^-1,4.811528606337723,0.2754943204909095,365
cirt,cirt,raw,2019,120,v925,m s^-1,4.892899978177522,0.26452677409940517,365
cirt,cirt,raw,2019,120,v1000,m s^-1,3.9654984129353945,0.25782487280957506,365
cirt,cirt,raw,2019,120,u10,m s^-1,3.449472751585048,0.29850067916702416,365
cirt,cirt,raw,2019,120,v10,m s^-1,3.4869693087301687,0.2548811961259251,365
cirt,cirt,raw,2019,120,t2m,K,2.9467330641089373,0.21104040311227237,365
cirt,cirt,raw,2019,120,mslp,Pa,632.4723048785268,0.40819801991284693,365
cirt,cirt,raw,2019,168,z50,m^2 s^-2,809.7443086411366,0.7575829739910058,365
cirt,cirt,raw,2019,168,z100,m^2 s^-2,793.7140253955381,0.6112167703236254,365
cirt,cirt,raw,2019,168,z200,m^2 s^-2,991.8187094841863,0.3972399285883914,365
cirt,cirt,raw,2019,168,z300,m^2 s^-2,1027.6654762929343,0.35434874620672147,365
cirt,cirt,raw,2019,168,z500,m^2 s^-2,753.1193583316231,0.3581164282307046,365
cirt,cirt,raw,2019,168,z700,m^2 s^-2,575.6844393552369,0.3571272793516998,365
cirt,cirt,raw,2019,168,z850,m^2 s^-2,512.8545517242828,0.343909314999927,365
cirt,cirt,raw,2019,168,z925,m^2 s^-2,508.99261821994753,0.3336615226230541,365
cirt,cirt,raw,2019,168,z1000,m^2 s^-2,519.4145207751928,0.3240547442839406,365
cirt,cirt,raw,2019,168,q50,kg kg^-1,1.1592792611244046e-07,0.5004853877967042,365
cirt,cirt,raw,2019,168,q100,kg kg^-1,3.557405255627847e-07,0.39321707821032587,365
cirt,cirt,raw,2019,168,q200,kg kg^-1,1.3656962353349238e-05,0.29219503894384136,365
cirt,cirt,raw,2019,168,q300,kg kg^-1,0.00011998766199598962,0.2703354996907524,365
cirt,cirt,raw,2019,168,q500,kg kg^-1,0.0007508932383648067,0.2729510529153516,365
cirt,cirt,raw,2019,168,q700,kg kg^-1,0.0014469244293177556,0.23195954919518202,365
cirt,cirt,raw,2019,168,q850,kg kg^-1,0.0016912751369156478,0.19464968625521661,365
cirt,cirt,raw,2019,168,q925,kg kg^-1,0.0014235087964606335,0.19416908828854473,365
cirt,cirt,raw,2019,168,q1000,kg kg^-1,0.0015073789903206555,0.16925738863954584,365
cirt,cirt,raw,2019,168,t50,K,2.411114277940361,0.7649076465505154,365
cirt,cirt,raw,2019,168,t100,K,2.685248183498455,0.602327074998186,365
cirt,cirt,raw,2019,168,t200,K,3.2341632645722593,0.44578436069766453,365
cirt,cirt,raw,2019,168,t300,K,2.378417305089586,0.3223719744239022,365
cirt,cirt,raw,2019,168,t500,K,2.88041503926019,0.28861171781495887,365
cirt,cirt,raw,2019,168,t700,K,2.9576311368707744,0.28080737948986756,365
cirt,cirt,raw,2019,168,t850,K,3.2292882629461843,0.2630567580406159,365
cirt,cirt,raw,2019,168,t925,K,3.05358909245767,0.23149675884637955,365
cirt,cirt,raw,2019,168,t1000,K,2.8176695067957196,0.20264823056137712,365
cirt,cirt,raw,2019,168,u50,m s^-1,4.889101997549654,0.7521538543978833,365
cirt,cirt,raw,2019,168,u100,m s^-1,6.512009538703294,0.45436465619678834,365
cirt,cirt,raw,2019,168,u200,m s^-1,10.668346793093315,0.327427598515524,365
cirt,cirt,raw,2019,168,u300,m s^-1,10.93908278722336,0.29793306207138415,365
cirt,cirt,raw,2019,168,u500,m s^-1,7.559040490895179,0.29188128733259194,365
cirt,cirt,raw,2019,168,u700,m s^-1,5.815445590273407,0.29001219107754794,365
cirt,cirt,raw,2019,168,u850,m s^-1,5.142625232827273,0.26737665183315645,365
cirt,cirt,raw,2019,168,u925,m s^-1,5.0119468266183445,0.24430161075079482,365
cirt,cirt,raw,2019,168,u1000,m s^-1,3.9563163313406506,0.23446145105091099,365
cirt,cirt,raw,2019,168,v50,m s^-1,4.185221962575288,0.44186451715902425,365
cirt,cirt,raw,2019,168,v100,m s^-1,6.065437071112082,0.2949829527728914,365
cirt,cirt,raw,2019,168,v200,m s^-1,10.763990724416107,0.2329556103096953,365
cirt,cirt,raw,2019,168,v300,m s^-1,11.0444277124148,0.23377128752864315,365
cirt,cirt,raw,2019,168,v500,m s^-1,7.428745040461224,0.24076313548840908,365
cirt,cirt,raw,2019,168,v700,m s^-1,5.546119995430796,0.23440921794201747,365
cirt,cirt,raw,2019,168,v850,m s^-1,4.889491780109947,0.21401370782140658,365
cirt,cirt,raw,2019,168,v925,m s^-1,4.9658999277306215,0.20602386345675416,365
cirt,cirt,raw,2019,168,v1000,m s^-1,4.020094128335189,0.20198607721340944,365
cirt,cirt,raw,2019,168,u10,m s^-1,3.5245500280897812,0.2374154577754745,365
cirt,cirt,raw,2019,168,v10,m s^-1,3.534839453505332,0.19969908309830334,365
cirt,cirt,raw,2019,168,t2m,K,3.0199055979627585,0.15889026107394244,365
cirt,cirt,raw,2019,168,mslp,Pa,656.4828467213622,0.32566529866267,365
cirt,cirt,raw,2019,240,z50,m^2 s^-2,899.2435865275653,0.6876300325666176,365
cirt,cirt,raw,2019,240,z100,m^2 s^-2,843.4845759586461,0.5386791430383356,365
cirt,cirt,raw,2019,240,z200,m^2 s^-2,1024.6599402488052,0.31259895988652486,365
cirt,cirt,raw,2019,240,z300,m^2 s^-2,1056.5827718485302,0.2677015924145123,365
cirt,cirt,raw,2019,240,z500,m^2 s^-2,775.3217870952167,0.2678839601427971,365
cirt,cirt,raw,2019,240,z700,m^2 s^-2,592.3668940063465,0.2667965027020369,365
cirt,cirt,raw,2019,240,z850,m^2 s^-2,526.3449143654992,0.2578624311092146,365
cirt,cirt,raw,2019,240,z925,m^2 s^-2,521.3486034821036,0.2514795318727668,365
cirt,cirt,raw,2019,240,z1000,m^2 s^-2,531.3853248272677,0.24391501235033083,365
cirt,cirt,raw,2019,240,q50,kg kg^-1,1.196705338487143e-07,0.45612285048113466,365
cirt,cirt,raw,2019,240,q100,kg kg^-1,3.613336091795045e-07,0.3570499284996853,365
cirt,cirt,raw,2019,240,q200,kg kg^-1,1.3801354982043162e-05,0.2599384051624927,365
cirt,cirt,raw,2019,240,q300,kg kg^-1,0.00012137101928912382,0.23026071236412163,365
cirt,cirt,raw,2019,240,q500,kg kg^-1,0.0007608327884189531,0.22843047177850917,365
cirt,cirt,raw,2019,240,q700,kg kg^-1,0.0014612653619152495,0.19635248902678165,365
cirt,cirt,raw,2019,240,q850,kg kg^-1,0.001702082567068353,0.17045452518092993,365
cirt,cirt,raw,2019,240,q925,kg kg^-1,0.0014342190779957967,0.1673368053609792,365
cirt,cirt,raw,2019,240,q1000,kg kg^-1,0.0015209629856546016,0.13759818188071568,365
cirt,cirt,raw,2019,240,t50,K,2.619885994792213,0.7098708174680699,365
cirt,cirt,raw,2019,240,t100,K,2.810597182434639,0.5477650964763969,365
cirt,cirt,raw,2019,240,t200,K,3.308042811673626,0.4037723384547314,365
cirt,cirt,raw,2019,240,t300,K,2.4198683873486058,0.27379945673324924,365
cirt,cirt,raw,2019,240,t500,K,2.929827086919721,0.22458032994278534,365
cirt,cirt,raw,2019,240,t700,K,3.0113671438555762,0.21552132515702144,365
cirt,cirt,raw,2019,240,t850,K,3.2888940477508277,0.19782148389670243,365
cirt,cirt,raw,2019,240,t925,K,3.1118641267335003,0.169538392111628,365
cirt,cirt,raw,2019,240,t1000,K,2.8755857521875514,0.14592109430753977,365
cirt,cirt,raw,2019,240,u50,m s^-1,5.187936907544288,0.7125924348731247,365
cirt,cirt,raw,2019,240,u100,m s^-1,6.771763209568152,0.3772042101070057,365
cirt,cirt,raw,2019,240,u200,m s^-1,10.943366982280727,0.2522625324885706,365
cirt,cirt,raw,2019,240,u300,m s^-1,11.173019679538934,0.22675101371654008,365
cirt,cirt,raw,2019,240,u500,m s^-1,7.7165577822183264,0.21912157930716616,365
cirt,cirt,raw,2019,240,u700,m s^-1,5.937861252007637,0.2181996590085576,365
cirt,cirt,raw,2019,240,u850,m s^-1,5.236105594074813,0.20286838416429892,365
cirt,cirt,raw,2019,240,u925,m s^-1,5.089068068610071,0.18491215412425765,365
cirt,cirt,raw,2019,240,u1000,m s^-1,4.015303660029708,0.17485898763317476,365
cirt,cirt,raw,2019,240,v50,m s^-1,4.359654118496207,0.3391930802739782,365
cirt,cirt,raw,2019,240,v100,m s^-1,6.167456142465894,0.214908199676405,365
cirt,cirt,raw,2019,240,v200,m s^-1,10.865669156274409,0.17578219833485345,365
cirt,cirt,raw,2019,240,v300,m s^-1,11.149282033190415,0.17615392469274838,365
cirt,cirt,raw,2019,240,v500,m s^-1,7.503680657349704,0.1781221167617108,365
cirt,cirt,raw,2019,240,v700,m s^-1,5.5999342137221975,0.17081158016781728,365
cirt,cirt,raw,2019,240,v850,m s^-1,4.928304632043475,0.15680034309351215,365
cirt,cirt,raw,2019,240,v925,m s^-1,5.001097813628607,0.1534897345769431,365
cirt,cirt,raw,2019,240,v1000,m s^-1,4.049246784142489,0.15059293775067253,365
cirt,cirt,raw,2019,240,u10,m s^-1,3.578608229840796,0.17655170475912293,365
cirt,cirt,raw,2019,240,v10,m s^-1,3.5592787370950405,0.1492132484547322,365
cirt,cirt,raw,2019,240,t2m,K,3.080107475559299,0.1115284035487326,365
cirt,cirt,raw,2019,240,mslp,Pa,671.9614064540452,0.2445946445582851,365
cirt,cirt,sphere_ttc,2018,24,z50,m^2 s^-2,587.9085637076755,0.828806545740718,365
cirt,cirt,sphere_ttc,2018,24,z100,m^2 s^-2,548.5223403039297,0.793624162005559,365
cirt,cirt,sphere_ttc,2018,24,z200,m^2 s^-2,679.0434680540336,0.7580207834358558,365
cirt,cirt,sphere_ttc,2018,24,z300,m^2 s^-2,700.4641530506069,0.7600892556262198,365
cirt,cirt,sphere_ttc,2018,24,z500,m^2 s^-2,494.63235058288564,0.7820392258514026,365
cirt,cirt,sphere_ttc,2018,24,z700,m^2 s^-2,373.4124602856409,0.7876894641945856,365
cirt,cirt,sphere_ttc,2018,24,z850,m^2 s^-2,344.7472743256511,0.7685528090039325,365
cirt,cirt,sphere_ttc,2018,24,z925,m^2 s^-2,350.54267973030045,0.7537270414789189,365
cirt,cirt,sphere_ttc,2018,24,z1000,m^2 s^-2,364.6046717956388,0.7399360678128433,365
cirt,cirt,sphere_ttc,2018,24,q50,kg kg^-1,9.497546829012711e-08,0.6479159119161371,365
cirt,cirt,sphere_ttc,2018,24,q100,kg kg^-1,3.305542058397189e-07,0.4523357921439425,365
cirt,cirt,sphere_ttc,2018,24,q200,kg kg^-1,1.1952832920341299e-05,0.4404965546538917,365
cirt,cirt,sphere_ttc,2018,24,q300,kg kg^-1,0.00010684102834549471,0.4503750640069254,365
cirt,cirt,sphere_ttc,2018,24,q500,kg kg^-1,0.0006813930707344238,0.45887150470427046,365
cirt,cirt,sphere_ttc,2018,24,q700,kg kg^-1,0.0013295386231128741,0.42305708517122176,365
cirt,cirt,sphere_ttc,2018,24,q850,kg kg^-1,0.0015490606208361634,0.3631111252984365,365
cirt,cirt,sphere_ttc,2018,24,q925,kg kg^-1,0.0012605648335810107,0.3973454810742742,365
cirt,cirt,sphere_ttc,2018,24,q1000,kg kg^-1,0.0013167210187569132,0.42167932858550855,365
cirt,cirt,sphere_ttc,2018,24,t50,K,1.9476722323691837,0.7619435771750566,365
cirt,cirt,sphere_ttc,2018,24,t100,K,2.271214003627288,0.6657527423533431,365
cirt,cirt,sphere_ttc,2018,24,t200,K,2.682674887444237,0.6187303718524956,365
cirt,cirt,sphere_ttc,2018,24,t300,K,2.04073144453882,0.5279936801926328,365
cirt,cirt,sphere_ttc,2018,24,t500,K,2.360050968019911,0.6165106577123899,365
cirt,cirt,sphere_ttc,2018,24,t700,K,2.3893276279415305,0.6228625486415695,365
cirt,cirt,sphere_ttc,2018,24,t850,K,2.6233612041235967,0.599029929220092,365
cirt,cirt,sphere_ttc,2018,24,t925,K,2.531381194574154,0.5549862815283808,365
cirt,cirt,sphere_ttc,2018,24,t1000,K,2.3222153625178747,0.5187403085752518,365
cirt,cirt,sphere_ttc,2018,24,u50,m s^-1,3.929446014503529,0.8735242238853783,365
cirt,cirt,sphere_ttc,2018,24,u100,m s^-1,4.953284325544283,0.7113012598464971,365
cirt,cirt,sphere_ttc,2018,24,u200,m s^-1,8.133549904069081,0.7009043989758011,365
cirt,cirt,sphere_ttc,2018,24,u300,m s^-1,8.414737681769203,0.6880059903308137,365
cirt,cirt,sphere_ttc,2018,24,u500,m s^-1,5.649096922439107,0.7093148162023053,365
cirt,cirt,sphere_ttc,2018,24,u700,m s^-1,4.362877464681864,0.7007486772061399,365
cirt,cirt,sphere_ttc,2018,24,u850,m s^-1,3.9977667685079936,0.6632656307287222,365
cirt,cirt,sphere_ttc,2018,24,u925,m s^-1,3.9886704160573894,0.6348030816066058,365
cirt,cirt,sphere_ttc,2018,24,u1000,m s^-1,3.171231474704399,0.6209994380798566,365
cirt,cirt,sphere_ttc,2018,24,v50,m s^-1,2.9750058136421345,0.789630010271983,365
cirt,cirt,sphere_ttc,2018,24,v100,m s^-1,4.225061331736155,0.7364404562645956,365
cirt,cirt,sphere_ttc,2018,24,v200,m s^-1,7.785370854654205,0.6929247779151677,365
cirt,cirt,sphere_ttc,2018,24,v300,m s^-1,7.943967089393988,0.7011719704801235,365
cirt,cirt,sphere_ttc,2018,24,v500,m s^-1,5.17762138503729,0.720843006200221,365
cirt,cirt,sphere_ttc,2018,24,v700,m s^-1,3.9825003288442176,0.6952358028293788,365
cirt,cirt,sphere_ttc,2018,24,v850,m s^-1,3.72551729328503,0.644624032544492,365
cirt,cirt,sphere_ttc,2018,24,v925,m s^-1,3.84184354386385,0.6307324362825028,365
cirt,cirt,sphere_ttc,2018,24,v1000,m s^-1,3.147239613557963,0.6201708326427675,365
cirt,cirt,sphere_ttc,2018,24,u10,m s^-1,2.8191693908888236,0.6193777224637409,365
cirt,cirt,sphere_ttc,2018,24,v10,m s^-1,2.7818085525160265,0.6144017151627432,365
cirt,cirt,sphere_ttc,2018,24,t2m,K,2.52227043590633,0.4334853405598157,365
cirt,cirt,sphere_ttc,2018,24,mslp,Pa,463.5973455965619,0.7372362681392615,365
cirt,cirt,sphere_ttc,2018,72,z50,m^2 s^-2,680.0890622389503,0.7654906188708412,365
cirt,cirt,sphere_ttc,2018,72,z100,m^2 s^-2,659.8900223594754,0.686545395290177,365
cirt,cirt,sphere_ttc,2018,72,z200,m^2 s^-2,841.4440645605902,0.5952714486013561,365
cirt,cirt,sphere_ttc,2018,72,z300,m^2 s^-2,882.5364226641115,0.5793023109233761,365
cirt,cirt,sphere_ttc,2018,72,z500,m^2 s^-2,646.0516849804634,0.5860367705682494,365
cirt,cirt,sphere_ttc,2018,72,z700,m^2 s^-2,499.33145703146363,0.5730742984544759,365
cirt,cirt,sphere_ttc,2018,72,z850,m^2 s^-2,454.89616478992457,0.5430513102676632,365
cirt,cirt,sphere_ttc,2018,72,z925,m^2 s^-2,455.8189392193214,0.5267982824886821,365
cirt,cirt,sphere_ttc,2018,72,z1000,m^2 s^-2,467.43113454217354,0.5142438018115619,365
cirt,cirt,sphere_ttc,2018,72,q50,kg kg^-1,9.706010014695569e-08,0.628635834822713,365
cirt,cirt,sphere_ttc,2018,72,q100,kg kg^-1,3.344193406312042e-07,0.43293646403170044,365
cirt,cirt,sphere_ttc,2018,72,q200,kg kg^-1,1.247627838864136e-05,0.35324810271117707,365
cirt,cirt,sphere_ttc,2018,72,q300,kg kg^-1,0.00011189128369562526,0.3560627670529926,365
cirt,cirt,sphere_ttc,2018,72,q500,kg kg^-1,0.0007123042235196158,0.3702852051266431,365
cirt,cirt,sphere_ttc,2018,72,q700,kg kg^-1,0.0013828973194046027,0.33558326803305527,365
cirt,cirt,sphere_ttc,2018,72,q850,kg kg^-1,0.0016041184386342072,0.2762766309248945,365
cirt,cirt,sphere_ttc,2018,72,q925,kg kg^-1,0.0013283673034916038,0.2863843324744552,365
cirt,cirt,sphere_ttc,2018,72,q1000,kg kg^-1,0.0014039560550273135,0.303114000441896,365
cirt,cirt,sphere_ttc,2018,72,t50,K,2.076346185706021,0.7260325768606103,365
cirt,cirt,sphere_ttc,2018,72,t100,K,2.4415515074777896,0.6003361378302328,365
cirt,cirt,sphere_ttc,2018,72,t200,K,2.964789749252164,0.4971705958462892,365
cirt,cirt,sphere_ttc,2018,72,t300,K,2.178131686134938,0.43025099361248265,365
cirt,cirt,sphere_ttc,2018,72,t500,K,2.6358775120839044,0.4798715151722778,365
cirt,cirt,sphere_ttc,2018,72,t700,K,2.6811255476715576,0.4850475507875827,365
cirt,cirt,sphere_ttc,2018,72,t850,K,2.9190408770804206,0.4631058237010465,365
cirt,cirt,sphere_ttc,2018,72,t925,K,2.779501831440172,0.4231045244764229,365
cirt,cirt,sphere_ttc,2018,72,t1000,K,2.5297951617787158,0.3968260670882514,365
cirt,cirt,sphere_ttc,2018,72,u50,m s^-1,4.330992405798808,0.8443249218451672,365
cirt,cirt,sphere_ttc,2018,72,u100,m s^-1,5.682703371814226,0.5954021835502554,365
cirt,cirt,sphere_ttc,2018,72,u200,m s^-1,9.630048085032438,0.5374365268970043,365
cirt,cirt,sphere_ttc,2018,72,u300,m s^-1,10.037270511061548,0.5023890276767252,365
cirt,cirt,sphere_ttc,2018,72,u500,m s^-1,6.9335707480806965,0.5033284034471346,365
cirt,cirt,sphere_ttc,2018,72,u700,m s^-1,5.355539599905224,0.4856926285744536,365
cirt,cirt,sphere_ttc,2018,72,u850,m s^-1,4.814400335685644,0.4387826499075589,365
cirt,cirt,sphere_ttc,2018,72,u925,m s^-1,4.736938284314892,0.40559912033556295,365
cirt,cirt,sphere_ttc,2018,72,u1000,m s^-1,3.732130049890689,0.3963728688230446,365
cirt,cirt,sphere_ttc,2018,72,v50,m s^-1,3.653045292095625,0.6588741099250632,365
cirt,cirt,sphere_ttc,2018,72,v100,m s^-1,5.287057235583227,0.5363599855667464,365
cirt,cirt,sphere_ttc,2018,72,v200,m s^-1,9.702670449303636,0.44355487378666175,365
cirt,cirt,sphere_ttc,2018,72,v300,m s^-1,10.026052610612041,0.4412014284637231,365
cirt,cirt,sphere_ttc,2018,72,v500,m s^-1,6.671277740807086,0.4562679703538714,365
cirt,cirt,sphere_ttc,2018,72,v700,m s^-1,5.017273932575433,0.4329091280903365,365
cirt,cirt,sphere_ttc,2018,72,v850,m s^-1,4.5172996394539,0.38662190081805564,365
cirt,cirt,sphere_ttc,2018,72,v925,m s^-1,4.616746184105053,0.3733639283757201,365
cirt,cirt,sphere_ttc,2018,72,v1000,m s^-1,3.7526862259577736,0.3675733783059387,365
cirt,cirt,sphere_ttc,2018,72,u10,m s^-1,3.3143929833366963,0.3959844570932502,365
cirt,cirt,sphere_ttc,2018,72,v10,m s^-1,3.3038884899964067,0.3638015461658479,365
cirt,cirt,sphere_ttc,2018,72,t2m,K,2.697525975420248,0.3349450602282294,365
cirt,cirt,sphere_ttc,2018,72,mslp,Pa,592.9135176259365,0.5116992262459344,365
cirt,cirt,sphere_ttc,2018,120,z50,m^2 s^-2,792.5812943374084,0.669657618612539,365
cirt,cirt,sphere_ttc,2018,120,z100,m^2 s^-2,756.8406058155847,0.5643294623785887,365
cirt,cirt,sphere_ttc,2018,120,z200,m^2 s^-2,947.0872589299241,0.44422665208110385,365
cirt,cirt,sphere_ttc,2018,120,z300,m^2 s^-2,991.1714600334957,0.42020813240963123,365
cirt,cirt,sphere_ttc,2018,120,z500,m^2 s^-2,728.2392141299281,0.4253930339165019,365
cirt,cirt,sphere_ttc,2018,120,z700,m^2 s^-2,558.8890940382819,0.41733177034927355,365
cirt,cirt,sphere_ttc,2018,120,z850,m^2 s^-2,501.81456412075033,0.39596640619688217,365
cirt,cirt,sphere_ttc,2018,120,z925,m^2 s^-2,499.4717318488564,0.3833077714475216,365
cirt,cirt,sphere_ttc,2018,120,z1000,m^2 s^-2,509.71282414641587,0.37355730320673847,365
cirt,cirt,sphere_ttc,2018,120,q50,kg kg^-1,9.868058723656585e-08,0.6130271332506286,365
cirt,cirt,sphere_ttc,2018,120,q100,kg kg^-1,3.3904688851692816e-07,0.4090298599848073,365
cirt,cirt,sphere_ttc,2018,120,q200,kg kg^-1,1.273902306895173e-05,0.3028361331340014,365
cirt,cirt,sphere_ttc,2018,120,q300,kg kg^-1,0.00011421552464476711,0.3036634589995847,365
cirt,cirt,sphere_ttc,2018,120,q500,kg kg^-1,0.0007292028227518951,0.3125822905619834,365
cirt,cirt,sphere_ttc,2018,120,q700,kg kg^-1,0.001409944720453784,0.28118083416728135,365
cirt,cirt,sphere_ttc,2018,120,q850,kg kg^-1,0.0016293659663703026,0.22764443462534883,365
cirt,cirt,sphere_ttc,2018,120,q925,kg kg^-1,0.0013617661706456972,0.21904168191469756,365
cirt,cirt,sphere_ttc,2018,120,q1000,kg kg^-1,0.0014552147082584658,0.21622600031787798,365
cirt,cirt,sphere_ttc,2018,120,t50,K,2.2664808272330657,0.666934173503321,365
cirt,cirt,sphere_ttc,2018,120,t100,K,2.622322400909357,0.5187092882957935,365
cirt,cirt,sphere_ttc,2018,120,t200,K,3.1377613042715597,0.400631580390508,365
cirt,cirt,sphere_ttc,2018,120,t300,K,2.2760318801054207,0.34409518621098323,365
cirt,cirt,sphere_ttc,2018,120,t500,K,2.826590645073388,0.35086765251192265,365
cirt,cirt,sphere_ttc,2018,120,t700,K,2.8921982846055787,0.34922734453128096,365
cirt,cirt,sphere_ttc,2018,120,t850,K,3.125411492415678,0.33439680645239,365
cirt,cirt,sphere_ttc,2018,120,t925,K,2.9442114873213185,0.30795119596953113,365
cirt,cirt,sphere_ttc,2018,120,t1000,K,2.6589762878672687,0.30374248829094364,365
cirt,cirt,sphere_ttc,2018,120,u50,m s^-1,4.750373585262695,0.8101118785283196,365
cirt,cirt,sphere_ttc,2018,120,u100,m s^-1,6.195691190858051,0.49000912557147697,365
cirt,cirt,sphere_ttc,2018,120,u200,m s^-1,10.40598446192074,0.41766924565521535,365
cirt,cirt,sphere_ttc,2018,120,u300,m s^-1,10.776706047317123,0.3779290901481365,365
cirt,cirt,sphere_ttc,2018,120,u500,m s^-1,7.4694995484114575,0.37275015296920244,365
cirt,cirt,sphere_ttc,2018,120,u700,m s^-1,5.73763134385042,0.3604969465291116,365
cirt,cirt,sphere_ttc,2018,120,u850,m s^-1,5.0968981826747255,0.3228155516658893,365
cirt,cirt,sphere_ttc,2018,120,u925,m s^-1,4.982040991469982,0.29407501791706414,365
cirt,cirt,sphere_ttc,2018,120,u1000,m s^-1,3.922370357799159,0.2851002906915564,365
cirt,cirt,sphere_ttc,2018,120,v50,m s^-1,4.173821975664646,0.5237150864409482,365
cirt,cirt,sphere_ttc,2018,120,v100,m s^-1,5.813748793128052,0.3870943560599051,365
cirt,cirt,sphere_ttc,2018,120,v200,m s^-1,10.395535092273326,0.29228441190013654,365
cirt,cirt,sphere_ttc,2018,120,v300,m s^-1,10.737352402668318,0.28992646205562245,365
cirt,cirt,sphere_ttc,2018,120,v500,m s^-1,7.181747812831715,0.303253266317289,365
cirt,cirt,sphere_ttc,2018,120,v700,m s^-1,5.352053969787192,0.2935246065284118,365
cirt,cirt,sphere_ttc,2018,120,v850,m s^-1,4.748196225966967,0.26680395970417387,365
cirt,cirt,sphere_ttc,2018,120,v925,m s^-1,4.8372711291154,0.2566621237656524,365
cirt,cirt,sphere_ttc,2018,120,v1000,m s^-1,3.930430070728184,0.24976471461470948,365
cirt,cirt,sphere_ttc,2018,120,u10,m s^-1,3.484148890384947,0.2850800992519859,365
cirt,cirt,sphere_ttc,2018,120,v10,m s^-1,3.4584232700370436,0.24719220781527054,365
cirt,cirt,sphere_ttc,2018,120,t2m,K,2.8154777526051484,0.2599693819799857,365
cirt,cirt,sphere_ttc,2018,120,mslp,Pa,645.8308065203183,0.3717128881162834,365
cirt,cirt,sphere_ttc,2018,168,z50,m^2 s^-2,880.9008284253954,0.5779032143663373,365
cirt,cirt,sphere_ttc,2018,168,z100,m^2 s^-2,815.5127777202513,0.47106795838751664,365
cirt,cirt,sphere_ttc,2018,168,z200,m^2 s^-2,999.0146637000236,0.3436362455641915,365
cirt,cirt,sphere_ttc,2018,168,z300,m^2 s^-2,1041.762209362657,0.31753468680054037,365
cirt,cirt,sphere_ttc,2018,168,z500,m^2 s^-2,766.7502387322031,0.3207455992333589,365
cirt,cirt,sphere_ttc,2018,168,z700,m^2 s^-2,586.032420850307,0.31868545675738014,365
cirt,cirt,sphere_ttc,2018,168,z850,m^2 s^-2,523.3746123436734,0.3028074179444047,365
cirt,cirt,sphere_ttc,2018,168,z925,m^2 s^-2,519.167939578612,0.29416663188938713,365
cirt,cirt,sphere_ttc,2018,168,z1000,m^2 s^-2,529.0224199048527,0.28577650383666625,365
cirt,cirt,sphere_ttc,2018,168,q50,kg kg^-1,1.0023398060519907e-07,0.5979297563461381,365
cirt,cirt,sphere_ttc,2018,168,q100,kg kg^-1,3.443571264434727e-07,0.37968834405033663,365
cirt,cirt,sphere_ttc,2018,168,q200,kg kg^-1,1.2906424651922855e-05,0.2682232018861434,365
cirt,cirt,sphere_ttc,2018,168,q300,kg kg^-1,0.0001155842931753347,0.2694553548612012,365
cirt,cirt,sphere_ttc,2018,168,q500,kg kg^-1,0.0007393639276819765,0.27397967512391597,365
cirt,cirt,sphere_ttc,2018,168,q700,kg kg^-1,0.001424775858754989,0.2479376205132653,365
cirt,cirt,sphere_ttc,2018,168,q850,kg kg^-1,0.001643224660942732,0.19958591621995966,365
cirt,cirt,sphere_ttc,2018,168,q925,kg kg^-1,0.0013783342092885363,0.18273878482654862,365
cirt,cirt,sphere_ttc,2018,168,q1000,kg kg^-1,0.0014792762583119951,0.170918461302727,365
cirt,cirt,sphere_ttc,2018,168,t50,K,2.449245819424264,0.6026879354583076,365
cirt,cirt,sphere_ttc,2018,168,t100,K,2.747541799940908,0.45325574384984363,365
cirt,cirt,sphere_ttc,2018,168,t200,K,3.2372325495201326,0.3351766442466356,365
cirt,cirt,sphere_ttc,2018,168,t300,K,2.3310770717018348,0.285918899023428,365
cirt,cirt,sphere_ttc,2018,168,t500,K,2.920408309760256,0.26729796387435206,365
cirt,cirt,sphere_ttc,2018,168,t700,K,2.993696776868902,0.2631347565928694,365
cirt,cirt,sphere_ttc,2018,168,t850,K,3.226088008428278,0.25329082799043595,365
cirt,cirt,sphere_ttc,2018,168,t925,K,3.0277566634296336,0.23656295805163374,365
cirt,cirt,sphere_ttc,2018,168,t1000,K,2.7390581212848164,0.24044645274332388,365
cirt,cirt,sphere_ttc,2018,168,u50,m s^-1,5.072664823339131,0.7813619974715639,365
cirt,cirt,sphere_ttc,2018,168,u100,m s^-1,6.510303870669568,0.40997134053770734,365
cirt,cirt,sphere_ttc,2018,168,u200,m s^-1,10.782581638225718,0.34170581086596813,365
cirt,cirt,sphere_ttc,2018,168,u300,m s^-1,11.11785072088496,0.3018494880859468,365
cirt,cirt,sphere_ttc,2018,168,u500,m s^-1,7.709811678482322,0.29515888984309524,365
cirt,cirt,sphere_ttc,2018,168,u700,m s^-1,5.914256930130873,0.28542605531688514,365
cirt,cirt,sphere_ttc,2018,168,u850,m s^-1,5.231385871257865,0.2528273939891984,365
cirt,cirt,sphere_ttc,2018,168,u925,m s^-1,5.098172620543006,0.22753586640989945,365
cirt,cirt,sphere_ttc,2018,168,u1000,m s^-1,4.012269455754268,0.21914832748298083,365
cirt,cirt,sphere_ttc,2018,168,v50,m s^-1,4.48818773950194,0.4131711689027392,365
cirt,cirt,sphere_ttc,2018,168,v100,m s^-1,6.033879115559003,0.29921604778709504,365
cirt,cirt,sphere_ttc,2018,168,v200,m s^-1,10.602904287733331,0.22202509122436928,365
cirt,cirt,sphere_ttc,2018,168,v300,m s^-1,10.960628986807608,0.21566520756533394,365
cirt,cirt,sphere_ttc,2018,168,v500,m s^-1,7.35469190916795,0.2227722889052793,365
cirt,cirt,sphere_ttc,2018,168,v700,m s^-1,5.475999139897521,0.21518660653234412,365
cirt,cirt,sphere_ttc,2018,168,v850,m s^-1,4.834817949146181,0.19904316831155866,365
cirt,cirt,sphere_ttc,2018,168,v925,m s^-1,4.917305378685482,0.19268167381497442,365
cirt,cirt,sphere_ttc,2018,168,v1000,m s^-1,3.9937380095642547,0.18655878106384474,365
cirt,cirt,sphere_ttc,2018,168,u10,m s^-1,3.5643930676412143,0.21910969772032032,365
cirt,cirt,sphere_ttc,2018,168,v10,m s^-1,3.5135625468123277,0.18509201057452998,365
cirt,cirt,sphere_ttc,2018,168,t2m,K,2.893024505708692,0.21114769018001486,365
cirt,cirt,sphere_ttc,2018,168,mslp,Pa,670.1407339159623,0.2839287122549866,365
cirt,cirt,sphere_ttc,2018,240,z50,m^2 s^-2,989.1799402078416,0.4502803797853506,365
cirt,cirt,sphere_ttc,2018,240,z100,m^2 s^-2,877.5151313919994,0.35144212164748384,365
cirt,cirt,sphere_ttc,2018,240,z200,m^2 s^-2,1035.5571863983996,0.24563681415417335,365
cirt,cirt,sphere_ttc,2018,240,z300,m^2 s^-2,1072.419575009247,0.22356344620464738,365
cirt,cirt,sphere_ttc,2018,240,z500,m^2 s^-2,788.8442766530155,0.22535082280303578,365
cirt,cirt,sphere_ttc,2018,240,z700,m^2 s^-2,600.7574595575499,0.22987365618015695,365
cirt,cirt,sphere_ttc,2018,240,z850,m^2 s^-2,533.9775379587802,0.22339635288282791,365
cirt,cirt,sphere_ttc,2018,240,z925,m^2 s^-2,529.241019256861,0.21637174579777574,365
cirt,cirt,sphere_ttc,2018,240,z1000,m^2 s^-2,538.9049538390423,0.20928194348299015,365
cirt,cirt,sphere_ttc,2018,240,q50,kg kg^-1,1.0233311117448652e-07,0.5771825482696269,365
cirt,cirt,sphere_ttc,2018,240,q100,kg kg^-1,3.5337518146396504e-07,0.3268816534586394,365
cirt,cirt,sphere_ttc,2018,240,q200,kg kg^-1,1.3086014743377808e-05,0.2259182318027544,365
cirt,cirt,sphere_ttc,2018,240,q300,kg kg^-1,0.00011716575962782994,0.22559188572155067,365
cirt,cirt,sphere_ttc,2018,240,q500,kg kg^-1,0.0007488637190245609,0.23363760199157763,365
cirt,cirt,sphere_ttc,2018,240,q700,kg kg^-1,0.0014381909377083825,0.2142370341366096,365
cirt,cirt,sphere_ttc,2018,240,q850,kg kg^-1,0.0016558801824582586,0.1718750319461755,365
cirt,cirt,sphere_ttc,2018,240,q925,kg kg^-1,0.001393509265203611,0.14983694532281366,365
cirt,cirt,sphere_ttc,2018,240,q1000,kg kg^-1,0.0014982121497021702,0.13248474073323907,365
cirt,cirt,sphere_ttc,2018,240,t50,K,2.7070965429189258,0.5001754731647297,365
cirt,cirt,sphere_ttc,2018,240,t100,K,2.8998961051201917,0.366578184181106,365
cirt,cirt,sphere_ttc,2018,240,t200,K,3.3250374929310382,0.266146393873985,365
cirt,cirt,sphere_ttc,2018,240,t300,K,2.386168620714704,0.2181341731750846,365
cirt,cirt,sphere_ttc,2018,240,t500,K,2.983757138391189,0.19034136348447714,365
cirt,cirt,sphere_ttc,2018,240,t700,K,3.064790745061167,0.18285583859942786,365
cirt,cirt,sphere_ttc,2018,240,t850,K,3.2999396934636183,0.17622181032660889,365
cirt,cirt,sphere_ttc,2018,240,t925,K,3.0922317237772847,0.17258312002773876,365
cirt,cirt,sphere_ttc,2018,240,t1000,K,2.8143769788222035,0.18163750221016906,365
cirt,cirt,sphere_ttc,2018,240,u50,m s^-1,5.465724338299298,0.7435528018885729,365
cirt,cirt,sphere_ttc,2018,240,u100,m s^-1,6.804912445625338,0.31542515922400416,365
cirt,cirt,sphere_ttc,2018,240,u200,m s^-1,11.101508916166004,0.2576247147246835,365
cirt,cirt,sphere_ttc,2018,240,u300,m s^-1,11.36579730449797,0.2257717963144623,365
cirt,cirt,sphere_ttc,2018,240,u500,m s^-1,7.881082456638985,0.21841119348992022,365
cirt,cirt,sphere_ttc,2018,240,u700,m s^-1,6.037412718351312,0.21240540348144707,365
cirt,cirt,sphere_ttc,2018,240,u850,m s^-1,5.323460844041427,0.18620189613581045,365
cirt,cirt,sphere_ttc,2018,240,u925,m s^-1,5.1719609107588065,0.1668710351829116,365
cirt,cirt,sphere_ttc,2018,240,u1000,m s^-1,4.062724134012475,0.1626687071269881,365
cirt,cirt,sphere_ttc,2018,240,v50,m s^-1,4.734801190894267,0.28474262575428205,365
cirt,cirt,sphere_ttc,2018,240,v100,m s^-1,6.178667293742247,0.2050803926220905,365
cirt,cirt,sphere_ttc,2018,240,v200,m s^-1,10.699801875946587,0.16027245721029879,365
cirt,cirt,sphere_ttc,2018,240,v300,m s^-1,11.043947338002559,0.15658892420778553,365
cirt,cirt,sphere_ttc,2018,240,v500,m s^-1,7.414748163830958,0.15911987488820373,365
cirt,cirt,sphere_ttc,2018,240,v700,m s^-1,5.517284941996269,0.15263971809074994,365
cirt,cirt,sphere_ttc,2018,240,v850,m s^-1,4.864407545768088,0.1441718990801141,365
cirt,cirt,sphere_ttc,2018,240,v925,m s^-1,4.944545091610608,0.141599713591761,365
cirt,cirt,sphere_ttc,2018,240,v1000,m s^-1,4.01701186861485,0.13676294782135934,365
cirt,cirt,sphere_ttc,2018,240,u10,m s^-1,3.609034561021338,0.16246559254858295,365
cirt,cirt,sphere_ttc,2018,240,v10,m s^-1,3.533303653150014,0.13551336134211242,365
cirt,cirt,sphere_ttc,2018,240,t2m,K,2.9768845784784577,0.16502894510268437,365
cirt,cirt,sphere_ttc,2018,240,mslp,Pa,682.595391748008,0.2083070685220112,365
cirt,cirt,sphere_ttc,2019,24,z50,m^2 s^-2,565.0613527802286,0.8906323629352706,365
cirt,cirt,sphere_ttc,2019,24,z100,m^2 s^-2,549.969935744312,0.8355478983006785,365
cirt,cirt,sphere_ttc,2019,24,z200,m^2 s^-2,679.9811283012863,0.7718190170472639,365
cirt,cirt,sphere_ttc,2019,24,z300,m^2 s^-2,694.124429316018,0.768852359790971,365
cirt,cirt,sphere_ttc,2019,24,z500,m^2 s^-2,487.88590986471473,0.7899007903920254,365
cirt,cirt,sphere_ttc,2019,24,z700,m^2 s^-2,370.06850844374856,0.7934784099361598,365
cirt,cirt,sphere_ttc,2019,24,z850,m^2 s^-2,342.13565584303524,0.7731717984668223,365
cirt,cirt,sphere_ttc,2019,24,z925,m^2 s^-2,348.21332460853864,0.7575922410998555,365
cirt,cirt,sphere_ttc,2019,24,z1000,m^2 s^-2,363.2408865962166,0.7425819475999638,365
cirt,cirt,sphere_ttc,2019,24,q50,kg kg^-1,1.0946087927391135e-07,0.5721973858460561,365
cirt,cirt,sphere_ttc,2019,24,q100,kg kg^-1,3.4267558803964996e-07,0.46023579517721397,365
cirt,cirt,sphere_ttc,2019,24,q200,kg kg^-1,1.2759946058000077e-05,0.4535354340754419,365
cirt,cirt,sphere_ttc,2019,24,q300,kg kg^-1,0.00011105226215876458,0.4560197968864533,365
cirt,cirt,sphere_ttc,2019,24,q500,kg kg^-1,0.0006922767838372099,0.45984519921676587,365
cirt,cirt,sphere_ttc,2019,24,q700,kg kg^-1,0.001346987651100019,0.4158819996882907,365
cirt,cirt,sphere_ttc,2019,24,q850,kg kg^-1,0.00158851772315936,0.36610671847685855,365
cirt,cirt,sphere_ttc,2019,24,q925,kg kg^-1,0.0012992518785938216,0.40850840508402364,365
cirt,cirt,sphere_ttc,2019,24,q1000,kg kg^-1,0.0013333512374015639,0.4292197530711192,365
cirt,cirt,sphere_ttc,2019,24,t50,K,1.9674421333793388,0.855489165266295,365
cirt,cirt,sphere_ttc,2019,24,t100,K,2.230210036308035,0.749864254765381,365
cirt,cirt,sphere_ttc,2019,24,t200,K,2.709505399031233,0.6584521410025154,365
cirt,cirt,sphere_ttc,2019,24,t300,K,2.0940196206671335,0.5458003376827597,365
cirt,cirt,sphere_ttc,2019,24,t500,K,2.346182135061659,0.6169066338227019,365
cirt,cirt,sphere_ttc,2019,24,t700,K,2.360218586581315,0.6281101135147796,365
cirt,cirt,sphere_ttc,2019,24,t850,K,2.6311339000138507,0.5986710221277183,365
cirt,cirt,sphere_ttc,2019,24,t925,K,2.5327466251406623,0.5552661311303239,365
cirt,cirt,sphere_ttc,2019,24,t1000,K,2.320550841571999,0.5191855875742477,365
cirt,cirt,sphere_ttc,2019,24,u50,m s^-1,3.9694173377511084,0.8463062927789432,365
cirt,cirt,sphere_ttc,2019,24,u100,m s^-1,5.066546077182494,0.720510083475784,365
cirt,cirt,sphere_ttc,2019,24,u200,m s^-1,8.103808077423203,0.6927396782284941,365
cirt,cirt,sphere_ttc,2019,24,u300,m s^-1,8.32475477523839,0.6822903937524675,365
cirt,cirt,sphere_ttc,2019,24,u500,m s^-1,5.590692877849041,0.700421335001894,365
cirt,cirt,sphere_ttc,2019,24,u700,m s^-1,4.361429849049144,0.6888533872305368,365
cirt,cirt,sphere_ttc,2019,24,u850,m s^-1,4.001950364937028,0.6515153688978512,365
cirt,cirt,sphere_ttc,2019,24,u925,m s^-1,3.990164649298985,0.6229741667109575,365
cirt,cirt,sphere_ttc,2019,24,u1000,m s^-1,3.173829375287886,0.6112747187705357,365
cirt,cirt,sphere_ttc,2019,24,v50,m s^-1,2.880815624350353,0.7799479477490728,365
cirt,cirt,sphere_ttc,2019,24,v100,m s^-1,4.260245506125314,0.7359438525756898,365
cirt,cirt,sphere_ttc,2019,24,v200,m s^-1,7.868103175150543,0.6997515615234658,365
cirt,cirt,sphere_ttc,2019,24,v300,m s^-1,7.964024914770449,0.7090802382122008,365
cirt,cirt,sphere_ttc,2019,24,v500,m s^-1,5.19623266245566,0.7294148375493363,365
cirt,cirt,sphere_ttc,2019,24,v700,m s^-1,4.021414779205739,0.7026967546796531,365
cirt,cirt,sphere_ttc,2019,24,v850,m s^-1,3.7672772629838986,0.6494452403830591,365
cirt,cirt,sphere_ttc,2019,24,v925,m s^-1,3.887659724510154,0.6331936844688036,365
cirt,cirt,sphere_ttc,2019,24,v1000,m s^-1,3.1759110726996185,0.6230364861236272,365
cirt,cirt,sphere_ttc,2019,24,u10,m s^-1,2.8283160909090794,0.611136324776976,365
cirt,cirt,sphere_ttc,2019,24,v10,m s^-1,2.8089152565263813,0.615742436071911,365
cirt,cirt,sphere_ttc,2019,24,t2m,K,2.520625637565612,0.4320581878177974,365
cirt,cirt,sphere_ttc,2019,24,mslp,Pa,460.7457048963988,0.7408869325741715,365
cirt,cirt,sphere_ttc,2019,72,z50,m^2 s^-2,642.8599410524282,0.8557845741052196,365
cirt,cirt,sphere_ttc,2019,72,z100,m^2 s^-2,648.04517295484,0.7625372595390505,365
cirt,cirt,sphere_ttc,2019,72,z200,m^2 s^-2,834.5944289220191,0.6279318642196188,365
cirt,cirt,sphere_ttc,2019,72,z300,m^2 s^-2,870.3210976986109,0.6008923566338547,365
cirt,cirt,sphere_ttc,2019,72,z500,m^2 s^-2,633.40226538474,0.6087532926341175,365
cirt,cirt,sphere_ttc,2019,72,z700,m^2 s^-2,488.9693123722396,0.5984706383487607,365
cirt,cirt,sphere_ttc,2019,72,z850,m^2 s^-2,445.28577073109153,0.5691033952362714,365
cirt,cirt,sphere_ttc,2019,72,z925,m^2 s^-2,446.8897039203681,0.5512649088561435,365
cirt,cirt,sphere_ttc,2019,72,z1000,m^2 s^-2,459.40220311310134,0.537171589062431,365
cirt,cirt,sphere_ttc,2019,72,q50,kg kg^-1,1.1149102576748974e-07,0.5506468757769727,365
cirt,cirt,sphere_ttc,2019,72,q100,kg kg^-1,3.4729043167241494e-07,0.4384425459673972,365
cirt,cirt,sphere_ttc,2019,72,q200,kg kg^-1,1.326640377170201e-05,0.3721441830125168,365
cirt,cirt,sphere_ttc,2019,72,q300,kg kg^-1,0.00011610205559501409,0.3632434067014162,365
cirt,cirt,sphere_ttc,2019,72,q500,kg kg^-1,0.0007229850876042766,0.3735926254674013,365
cirt,cirt,sphere_ttc,2019,72,q700,kg kg^-1,0.0014013333020455336,0.3275543396870973,365
cirt,cirt,sphere_ttc,2019,72,q850,kg kg^-1,0.00164610664536049,0.27917293931650533,365
cirt,cirt,sphere_ttc,2019,72,q925,kg kg^-1,0.0013657990105979403,0.3066360037579213,365
cirt,cirt,sphere_ttc,2019,72,q1000,kg kg^-1,0.0014219381756042666,0.31328264291092367,365
cirt,cirt,sphere_ttc,2019,72,t50,K,2.0760048730000475,0.8351805391080503,365
cirt,cirt,sphere_ttc,2019,72,t100,K,2.4021280090752923,0.7013859758813985,365
cirt,cirt,sphere_ttc,2019,72,t200,K,2.975911001902914,0.5639320092076033,365
cirt,cirt,sphere_ttc,2019,72,t300,K,2.2196473431337354,0.46218067905635546,365
cirt,cirt,sphere_ttc,2019,72,t500,K,2.6074354587079953,0.48834371449580716,365
cirt,cirt,sphere_ttc,2019,72,t700,K,2.6423553101268387,0.49732255099379286,365
cirt,cirt,sphere_ttc,2019,72,t850,K,2.9090238988716806,0.47295385079410174,365
cirt,cirt,sphere_ttc,2019,72,t925,K,2.7697033513639115,0.43296864205446184,365
cirt,cirt,sphere_ttc,2019,72,t1000,K,2.518737630905485,0.40635257674948444,365
cirt,cirt,sphere_ttc,2019,72,u50,m s^-1,4.320408391366723,0.8145181633463993,365
cirt,cirt,sphere_ttc,2019,72,u100,m s^-1,5.765404237343733,0.6134731245912755,365
cirt,cirt,sphere_ttc,2019,72,u200,m s^-1,9.54584937255832,0.5273970593856843,365
cirt,cirt,sphere_ttc,2019,72,u300,m s^-1,9.915239202897572,0.49323524703137717,365
cirt,cirt,sphere_ttc,2019,72,u500,m s^-1,6.8338283240156645,0.4920219008399563,365
cirt,cirt,sphere_ttc,2019,72,u700,m s^-1,5.304213669595303,0.4765914454671929,365
cirt,cirt,sphere_ttc,2019,72,u850,m s^-1,4.76909164377141,0.43463384309257114,365
cirt,cirt,sphere_ttc,2019,72,u925,m s^-1,4.686813148656379,0.4041737382766663,365
cirt,cirt,sphere_ttc,2019,72,u1000,m s^-1,3.6985745053532337,0.39775653015736767,365
cirt,cirt,sphere_ttc,2019,72,v50,m s^-1,3.4799915183187253,0.656895847506496,365
cirt,cirt,sphere_ttc,2019,72,v100,m s^-1,5.283805438560834,0.5446480209343153,365
cirt,cirt,sphere_ttc,2019,72,v200,m s^-1,9.713258189941063,0.47315215434388924,365
cirt,cirt,sphere_ttc,2019,72,v300,m s^-1,10.015473582415098,0.4655228482598537,365
cirt,cirt,sphere_ttc,2019,72,v500,m s^-1,6.698002851131876,0.4756484226957978,365
cirt,cirt,sphere_ttc,2019,72,v700,m s^-1,5.0667325732581885,0.4493790643953472,365
cirt,cirt,sphere_ttc,2019,72,v850,m s^-1,4.562607910059832,0.3995985896448567,365
cirt,cirt,sphere_ttc,2019,72,v925,m s^-1,4.657396924920823,0.38514665575926676,365
cirt,cirt,sphere_ttc,2019,72,v1000,m s^-1,3.7742987447134824,0.38057919966034526,365
cirt,cirt,sphere_ttc,2019,72,u10,m s^-1,3.2929647147087397,0.39996079688772596,365
cirt,cirt,sphere_ttc,2019,72,v10,m s^-1,3.3234040798497873,0.37488525884492513,365
cirt,cirt,sphere_ttc,2019,72,t2m,K,2.6874620333466166,0.34078616058573735,365
cirt,cirt,sphere_ttc,2019,72,mslp,Pa,581.5731183932689,0.5362903693332525,365
cirt,cirt,sphere_ttc,2019,120,z50,m^2 s^-2,731.9133437541708,0.8079635643024028,365
cirt,cirt,sphere_ttc,2019,120,z100,m^2 s^-2,737.3494007195221,0.6783023221146947,365
cirt,cirt,sphere_ttc,2019,120,z200,m^2 s^-2,943.1338453110634,0.48599010179454427,365
cirt,cirt,sphere_ttc,2019,120,z300,m^2 s^-2,980.3568297811926,0.44756807872136695,365
cirt,cirt,sphere_ttc,2019,120,z500,m^2 s^-2,717.0032929415604,0.453257741405855,365
cirt,cirt,sphere_ttc,2019,120,z700,m^2 s^-2,549.2268362705836,0.4491235332332442,365
cirt,cirt,sphere_ttc,2019,120,z850,m^2 s^-2,492.2303031725103,0.4292306058049592,365
cirt,cirt,sphere_ttc,2019,120,z925,m^2 s^-2,490.06767140868567,0.4157864627843931,365
cirt,cirt,sphere_ttc,2019,120,z1000,m^2 s^-2,501.272713633227,0.4038483205104584,365
cirt,cirt,sphere_ttc,2019,120,q50,kg kg^-1,1.1363288790391691e-07,0.5266991565152239,365
cirt,cirt,sphere_ttc,2019,120,q100,kg kg^-1,3.5177123357212396e-07,0.4153555745062059,365
cirt,cirt,sphere_ttc,2019,120,q200,kg kg^-1,1.3519643903011985e-05,0.32271445165177415,365
cirt,cirt,sphere_ttc,2019,120,q300,kg kg^-1,0.00011863219964620414,0.30657129621389545,365
cirt,cirt,sphere_ttc,2019,120,q500,kg kg^-1,0.0007402994915388812,0.31494106019092805,365
cirt,cirt,sphere_ttc,2019,120,q700,kg kg^-1,0.0014308594535185082,0.2689561636709832,365
cirt,cirt,sphere_ttc,2019,120,q850,kg kg^-1,0.0016756819346820254,0.22661635279671885,365
cirt,cirt,sphere_ttc,2019,120,q925,kg kg^-1,0.0013995509400483769,0.2441055100107564,365
cirt,cirt,sphere_ttc,2019,120,q1000,kg kg^-1,0.0014761134421792143,0.22539561442432487,365
cirt,cirt,sphere_ttc,2019,120,t50,K,2.229387484839496,0.8054150114879388,365
cirt,cirt,sphere_ttc,2019,120,t100,K,2.5730101325766146,0.6461451920173458,365
cirt,cirt,sphere_ttc,2019,120,t200,K,3.142916257693735,0.49181829146278383,365
cirt,cirt,sphere_ttc,2019,120,t300,K,2.3228599205688414,0.37822857896709033,365
cirt,cirt,sphere_ttc,2019,120,t500,K,2.795682101745899,0.3638243602710347,365
cirt,cirt,sphere_ttc,2019,120,t700,K,2.8577856636414434,0.363433159162164,365
cirt,cirt,sphere_ttc,2019,120,t850,K,3.123103346401463,0.3452091048649614,365
cirt,cirt,sphere_ttc,2019,120,t925,K,2.9449907547871526,0.31814289936897744,365
cirt,cirt,sphere_ttc,2019,120,t1000,K,2.6588514805604904,0.3127113488081102,365
cirt,cirt,sphere_ttc,2019,120,u50,m s^-1,4.634167357365129,0.78193167093058,365
cirt,cirt,sphere_ttc,2019,120,u100,m s^-1,6.228342658482217,0.5224271941543311,365
cirt,cirt,sphere_ttc,2019,120,u200,m s^-1,10.294045660526692,0.4059922096164789,365
cirt,cirt,sphere_ttc,2019,120,u300,m s^-1,10.607021946885792,0.37290140917099807,365
cirt,cirt,sphere_ttc,2019,120,u500,m s^-1,7.32792406345666,0.36757264311573495,365
cirt,cirt,sphere_ttc,2019,120,u700,m s^-1,5.649860224137666,0.3605408626170436,365
cirt,cirt,sphere_ttc,2019,120,u850,m s^-1,5.022982837662216,0.32934374527286986,365
cirt,cirt,sphere_ttc,2019,120,u925,m s^-1,4.907929471834976,0.30337557381468383,365
cirt,cirt,sphere_ttc,2019,120,u1000,m s^-1,3.8733927493060496,0.29517201765822704,365
cirt,cirt,sphere_ttc,2019,120,v50,m s^-1,3.9353882940085243,0.5319691456331782,365
cirt,cirt,sphere_ttc,2019,120,v100,m s^-1,5.866189388373353,0.37981080047368443,365
cirt,cirt,sphere_ttc,2019,120,v200,m s^-1,10.553661082636866,0.3031623524107537,365
cirt,cirt,sphere_ttc,2019,120,v300,m s^-1,10.838125614908353,0.3016898712919821,365
cirt,cirt,sphere_ttc,2019,120,v500,m s^-1,7.268848442579526,0.31395413773675557,365
cirt,cirt,sphere_ttc,2019,120,v700,m s^-1,5.436291746869959,0.30371072058022897,365
cirt,cirt,sphere_ttc,2019,120,v850,m s^-1,4.810893475693538,0.27576242106074045,365
cirt,cirt,sphere_ttc,2019,120,v925,m s^-1,4.892376470420792,0.26473906273640785,365
cirt,cirt,sphere_ttc,2019,120,v1000,m s^-1,3.965237773291027,0.25798381166878104,365
cirt,cirt,sphere_ttc,2019,120,u10,m s^-1,3.450027977892646,0.29817455872448745,365
cirt,cirt,sphere_ttc,2019,120,v10,m s^-1,3.4868502296408836,0.2549444115455852,365
cirt,cirt,sphere_ttc,2019,120,t2m,K,2.813118205648547,0.2647013325983739,365
cirt,cirt,sphere_ttc,2019,120,mslp,Pa,633.8866031076182,0.4045614206557814,365
cirt,cirt,sphere_ttc,2019,168,z50,m^2 s^-2,812.1434489271425,0.7567229203039083,365
cirt,cirt,sphere_ttc,2019,168,z100,m^2 s^-2,795.7526027569878,0.6107805731961419,365
cirt,cirt,sphere_ttc,2019,168,z200,m^2 s^-2,994.6872491542942,0.3945401621284752,365
cirt,cirt,sphere_ttc,2019,168,z300,m^2 s^-2,1030.1839093858603,0.35104069643079616,365
cirt,cirt,sphere_ttc,2019,168,z500,m^2 s^-2,755.3738916467174,0.35342219113742024,365
cirt,cirt,sphere_ttc,2019,168,z700,m^2 s^-2,577.549873646993,0.3514489072966036,365
cirt,cirt,sphere_ttc,2019,168,z850,m^2 s^-2,514.230634587191,0.338727501091813,365
cirt,cirt,sphere_ttc,2019,168,z925,m^2 s^-2,510.36572482253365,0.3283001244556956,365
cirt,cirt,sphere_ttc,2019,168,z1000,m^2 s^-2,520.8611851411505,0.31852521483175295,365
cirt,cirt,sphere_ttc,2019,168,q50,kg kg^-1,1.1590760618305266e-07,0.5007052762905341,365
cirt,cirt,sphere_ttc,2019,168,q100,kg kg^-1,3.5570450412637077e-07,0.3934134059911211,365
cirt,cirt,sphere_ttc,2019,168,q200,kg kg^-1,1.3655156216849983e-05,0.29268870103044553,365
cirt,cirt,sphere_ttc,2019,168,q300,kg kg^-1,0.00011999108756546048,0.27026840881309055,365
cirt,cirt,sphere_ttc,2019,168,q500,kg kg^-1,0.0007508944791353692,0.272955093934928,365
cirt,cirt,sphere_ttc,2019,168,q700,kg kg^-1,0.0014468927567433845,0.23228377229025365,365
cirt,cirt,sphere_ttc,2019,168,q850,kg kg^-1,0.0016892026083478943,0.19912764181576784,365
cirt,cirt,sphere_ttc,2019,168,q925,kg kg^-1,0.0014159014675261226,0.211057753931132,365
cirt,cirt,sphere_ttc,2019,168,q1000,kg kg^-1,0.001497941676160606,0.1851862786850928,365
cirt,cirt,sphere_ttc,2019,168,t50,K,2.402672469700055,0.769755028916387,365
cirt,cirt,sphere_ttc,2019,168,t100,K,2.6897893025897575,0.6026018906504587,365
cirt,cirt,sphere_ttc,2019,168,t200,K,3.231997417501111,0.4469922844595933,365
cirt,cirt,sphere_ttc,2019,168,t300,K,2.377436696621381,0.3241940404931148,365
cirt,cirt,sphere_ttc,2019,168,t500,K,2.8804554942214184,0.2889063164145361,365
cirt,cirt,sphere_ttc,2019,168,t700,K,2.9570307174154467,0.28208102524402784,365
cirt,cirt,sphere_ttc,2019,168,t850,K,3.22531013739397,0.2668320946648306,365
cirt,cirt,sphere_ttc,2019,168,t925,K,3.038149969195379,0.2456491847229503,365
cirt,cirt,sphere_ttc,2019,168,t1000,K,2.7504918937610867,0.24810332298386942,365
cirt,cirt,sphere_ttc,2019,168,u50,m s^-1,4.898033402087533,0.7513960040833333,365
cirt,cirt,sphere_ttc,2019,168,u100,m s^-1,6.514599478543665,0.45388732522664077,365
cirt,cirt,sphere_ttc,2019,168,u200,m s^-1,10.669420695876873,0.327209246903902,365
cirt,cirt,sphere_ttc,2019,168,u300,m s^-1,10.941873412801472,0.2974203818381095,365
cirt,cirt,sphere_ttc,2019,168,u500,m s^-1,7.560636944792388,0.2914729202954213,365
cirt,cirt,sphere_ttc,2019,168,u700,m s^-1,5.818090606301236,0.2892581265909295,365
cirt,cirt,sphere_ttc,2019,168,u850,m s^-1,5.144465744190809,0.2667319113659433,365
cirt,cirt,sphere_ttc,2019,168,u925,m s^-1,5.014260744746686,0.24344453183238615,365
cirt,cirt,sphere_ttc,2019,168,u1000,m s^-1,3.958763325133518,0.23325800946732078,365
cirt,cirt,sphere_ttc,2019,168,v50,m s^-1,4.197001222321256,0.43610724537693957,365
cirt,cirt,sphere_ttc,2019,168,v100,m s^-1,6.071787588527516,0.2930831078657077,365
cirt,cirt,sphere_ttc,2019,168,v200,m s^-1,10.765781284396743,0.2327736284873764,365
cirt,cirt,sphere_ttc,2019,168,v300,m s^-1,11.04286420477743,0.2343072364029017,365
cirt,cirt,sphere_ttc,2019,168,v500,m s^-1,7.430841831187447,0.2401080482540586,365
cirt,cirt,sphere_ttc,2019,168,v700,m s^-1,5.550029922060084,0.23245442032077235,365
cirt,cirt,sphere_ttc,2019,168,v850,m s^-1,4.891927543673116,0.21250157676523876,365
cirt,cirt,sphere_ttc,2019,168,v925,m s^-1,4.967314759275672,0.2051593671063042,365
cirt,cirt,sphere_ttc,2019,168,v1000,m s^-1,4.020860600903066,0.2015036458956026,365
cirt,cirt,sphere_ttc,2019,168,u10,m s^-1,3.526156867031564,0.23658856758505117,365
cirt,cirt,sphere_ttc,2019,168,v10,m s^-1,3.535844165917184,0.1989652636262281,365
cirt,cirt,sphere_ttc,2019,168,t2m,K,2.902913952680829,0.21311097321869618,365
cirt,cirt,sphere_ttc,2019,168,mslp,Pa,658.622597145657,0.319312784527611,365
cirt,cirt,sphere_ttc,2019,240,z50,m^2 s^-2,910.1697068630091,0.6848126499352989,365
cirt,cirt,sphere_ttc,2019,240,z100,m^2 s^-2,851.7646269918237,0.5339923096298748,365
cirt,cirt,sphere_ttc,2019,240,z200,m^2 s^-2,1029.2171160245093,0.3083328893161956,365
cirt,cirt,sphere_ttc,2019,240,z300,m^2 s^-2,1059.9800048191655,0.26360366597795176,365
cirt,cirt,sphere_ttc,2019,240,z500,m^2 s^-2,777.3447109600311,0.26446166624067596,365
cirt,cirt,sphere_ttc,2019,240,z700,m^2 s^-2,594.0122073877649,0.2623392866966225,365
cirt,cirt,sphere_ttc,2019,240,z850,m^2 s^-2,527.7116040311314,0.25306421539496454,365
cirt,cirt,sphere_ttc,2019,240,z925,m^2 s^-2,522.68367634134,0.24666041400232924,365
cirt,cirt,sphere_ttc,2019,240,z1000,m^2 s^-2,532.886337399758,0.2383863281466655,365
cirt,cirt,sphere_ttc,2019,240,q50,kg kg^-1,1.1964561842679862e-07,0.45641346827747437,365
cirt,cirt,sphere_ttc,2019,240,q100,kg kg^-1,3.613057885500534e-07,0.35722926036840863,365
cirt,cirt,sphere_ttc,2019,240,q200,kg kg^-1,1.3803056481733908e-05,0.2603785910021972,365
cirt,cirt,sphere_ttc,2019,240,q300,kg kg^-1,0.00012137459048177621,0.2302151044765851,365
cirt,cirt,sphere_ttc,2019,240,q500,kg kg^-1,0.0007608790195810956,0.22830818313483878,365
cirt,cirt,sphere_ttc,2019,240,q700,kg kg^-1,0.0014609809621079566,0.19761375115759727,365
cirt,cirt,sphere_ttc,2019,240,q850,kg kg^-1,0.001700414514657747,0.1750826084145032,365
cirt,cirt,sphere_ttc,2019,240,q925,kg kg^-1,0.0014280372126412974,0.18490467014832743,365
cirt,cirt,sphere_ttc,2019,240,q1000,kg kg^-1,0.0015132125221321918,0.15458155949437216,365
cirt,cirt,sphere_ttc,2019,240,t50,K,2.707913972513636,0.7022970734160076,365
cirt,cirt,sphere_ttc,2019,240,t100,K,2.838091465557759,0.5430695516502206,365
cirt,cirt,sphere_ttc,2019,240,t200,K,3.3096367512566576,0.4039697479137456,365
cirt,cirt,sphere_ttc,2019,240,t300,K,2.423963630267868,0.27211695482928894,365
cirt,cirt,sphere_ttc,2019,240,t500,K,2.9325784058818822,0.22306863723039863,365
cirt,cirt,sphere_ttc,2019,240,t700,K,3.0147861765068495,0.21546884719311132,365
cirt,cirt,sphere_ttc,2019,240,t850,K,3.290011685027383,0.20008243327140282,365
cirt,cirt,sphere_ttc,2019,240,t925,K,3.1064372251794787,0.18333120917489318,365
cirt,cirt,sphere_ttc,2019,240,t1000,K,2.82899997612185,0.18967621777706134,365
cirt,cirt,sphere_ttc,2019,240,u50,m s^-1,5.21449889669738,0.7099691553847687,365
cirt,cirt,sphere_ttc,2019,240,u100,m s^-1,6.7826879257579336,0.3749111109741008,365
cirt,cirt,sphere_ttc,2019,240,u200,m s^-1,10.94530461763971,0.2518512327102965,365
cirt,cirt,sphere_ttc,2019,240,u300,m s^-1,11.176784778816916,0.22594159926592794,365
cirt,cirt,sphere_ttc,2019,240,u500,m s^-1,7.719623957983154,0.21839252248999813,365
cirt,cirt,sphere_ttc,2019,240,u700,m s^-1,5.943070809050446,0.2169203047788279,365
cirt,cirt,sphere_ttc,2019,240,u850,m s^-1,5.238637503683357,0.2023353741218161,365
cirt,cirt,sphere_ttc,2019,240,u925,m s^-1,5.091011732334447,0.18467660161864774,365
cirt,cirt,sphere_ttc,2019,240,u1000,m s^-1,4.0175715692056775,0.17434696875015387,365
cirt,cirt,sphere_ttc,2019,240,v50,m s^-1,4.379073642725676,0.33188344441703727,365
cirt,cirt,sphere_ttc,2019,240,v100,m s^-1,6.178957474170262,0.21097529605517965,365
cirt,cirt,sphere_ttc,2019,240,v200,m s^-1,10.870399726703795,0.1746403565451094,365
cirt,cirt,sphere_ttc,2019,240,v300,m s^-1,11.15321849434358,0.17510924179922918,365
cirt,cirt,sphere_ttc,2019,240,v500,m s^-1,7.5068872985206925,0.17713263476200455,365
cirt,cirt,sphere_ttc,2019,240,v700,m s^-1,5.602579618747758,0.1696593352274012,365
cirt,cirt,sphere_ttc,2019,240,v850,m s^-1,4.930773521271935,0.1554468729040776,365
cirt,cirt,sphere_ttc,2019,240,v925,m s^-1,5.002139137127436,0.15293363309860433,365
cirt,cirt,sphere_ttc,2019,240,v1000,m s^-1,4.050064171112212,0.15004921371662333,365
cirt,cirt,sphere_ttc,2019,240,u10,m s^-1,3.580002779230814,0.17641982373108786,365
cirt,cirt,sphere_ttc,2019,240,v10,m s^-1,3.5599336617465585,0.14872454886192715,365
cirt,cirt,sphere_ttc,2019,240,t2m,K,2.9904995763749174,0.1632629049098616,365
cirt,cirt,sphere_ttc,2019,240,mslp,Pa,674.4328674056346,0.23727217896494818,365
climode,ClimODE-style adapter,raw,2018,24,z50,m^2 s^-2,410.6991152802159,0.9205767208268728,365
climode,ClimODE-style adapter,raw,2018,24,z100,m^2 s^-2,406.8553243932756,0.8932500672865427,365
climode,ClimODE-style adapter,raw,2018,24,z200,m^2 s^-2,523.2256238227038,0.869304673625017,365
climode,ClimODE-style adapter,raw,2018,24,z300,m^2 s^-2,572.5103898530804,0.8545621041158541,365
climode,ClimODE-style adapter,raw,2018,24,z500,m^2 s^-2,420.7436338126052,0.8557768426148553,365
climode,ClimODE-style adapter,raw,2018,24,z700,m^2 s^-2,330.73742291316194,0.8464264248991009,365
climode,ClimODE-style adapter,raw,2018,24,z850,m^2 s^-2,310.51102354116546,0.8263620475118312,365
climode,ClimODE-style adapter,raw,2018,24,z925,m^2 s^-2,315.1366994508152,0.8161462735013787,365
climode,ClimODE-style adapter,raw,2018,24,z1000,m^2 s^-2,325.59223581647734,0.8081014881520968,365
climode,ClimODE-style adapter,raw,2018,24,q50,kg kg^-1,6.917089141212255e-08,0.8516893477641221,365
climode,ClimODE-style adapter,raw,2018,24,q100,kg kg^-1,2.4699048676563486e-07,0.7566640929560172,365
climode,ClimODE-style adapter,raw,2018,24,q200,kg kg^-1,1.0815263843703283e-05,0.6157763605742227,365
climode,ClimODE-style adapter,raw,2018,24,q300,kg kg^-1,9.38752462102408e-05,0.6286733980717082,365
climode,ClimODE-style adapter,raw,2018,24,q500,kg kg^-1,0.0005628885229201999,0.6807730480431968,365
climode,ClimODE-style adapter,raw,2018,24,q700,kg kg^-1,0.0010895166713900245,0.671702980272868,365
climode,ClimODE-style adapter,raw,2018,24,q850,kg kg^-1,0.0012833602583803175,0.6359251564956764,365
climode,ClimODE-style adapter,raw,2018,24,q925,kg kg^-1,0.001031946091006714,0.6687131274894365,365
climode,ClimODE-style adapter,raw,2018,24,q1000,kg kg^-1,0.0009672089157516303,0.7334025352460292,365
climode,ClimODE-style adapter,raw,2018,24,t50,K,1.3928046564244796,0.8862953631203311,365
climode,ClimODE-style adapter,raw,2018,24,t100,K,1.6471058178584694,0.8413387157838386,365
climode,ClimODE-style adapter,raw,2018,24,t200,K,2.2085416471099966,0.771878375867318,365
climode,ClimODE-style adapter,raw,2018,24,t300,K,1.6644875690765168,0.7227574061423881,365
climode,ClimODE-style adapter,raw,2018,24,t500,K,1.9402047572763048,0.7624910403001264,365
climode,ClimODE-style adapter,raw,2018,24,t700,K,1.9179971078175224,0.7779919590441907,365
climode,ClimODE-style adapter,raw,2018,24,t850,K,2.053774576654323,0.7784726630102019,365
climode,ClimODE-style adapter,raw,2018,24,t925,K,1.925199757445451,0.7722829534826681,365
climode,ClimODE-style adapter,raw,2018,24,t1000,K,1.6900267928690438,0.7775119532697595,365
climode,ClimODE-style adapter,raw,2018,24,u50,m s^-1,2.9316404371703766,0.9317141182912284,365
climode,ClimODE-style adapter,raw,2018,24,u100,m s^-1,3.7858270825178284,0.8448642107556381,365
climode,ClimODE-style adapter,raw,2018,24,u200,m s^-1,6.734636255586016,0.8142078819219587,365
climode,ClimODE-style adapter,raw,2018,24,u300,m s^-1,7.365366226767494,0.7845165288691727,365
climode,ClimODE-style adapter,raw,2018,24,u500,m s^-1,4.953533629881126,0.7966548480084048,365
climode,ClimODE-style adapter,raw,2018,24,u700,m s^-1,3.84097585649236,0.7861348659773458,365
climode,ClimODE-style adapter,raw,2018,24,u850,m s^-1,3.617022445065445,0.7405726516906996,365
climode,ClimODE-style adapter,raw,2018,24,u925,m s^-1,3.628207986065402,0.7158225053020344,365
climode,ClimODE-style adapter,raw,2018,24,u1000,m s^-1,2.8732119897833877,0.7072317437026555,365
climode,ClimODE-style adapter,raw,2018,24,v50,m s^-1,2.812963200345198,0.8252748994972494,365
climode,ClimODE-style adapter,raw,2018,24,v100,m s^-1,3.982205195797367,0.7888858111351507,365
climode,ClimODE-style adapter,raw,2018,24,v200,m s^-1,7.422401485105894,0.7576229199339481,365
climode,ClimODE-style adapter,raw,2018,24,v300,m s^-1,7.929166039073212,0.7413364964283314,365
climode,ClimODE-style adapter,raw,2018,24,v500,m s^-1,5.247709984949928,0.7470286480442564,365
climode,ClimODE-style adapter,raw,2018,24,v700,m s^-1,4.016570531169888,0.714278528757669,365
climode,ClimODE-style adapter,raw,2018,24,v850,m s^-1,3.74493389253595,0.6548708794258143,365
climode,ClimODE-style adapter,raw,2018,24,v925,m s^-1,3.822725722433804,0.6493655754907917,365
climode,ClimODE-style adapter,raw,2018,24,v1000,m s^-1,3.0662351736061524,0.654730820716007,365
climode,ClimODE-style adapter,raw,2018,24,u10,m s^-1,2.565893776620727,0.7026079526345148,365
climode,ClimODE-style adapter,raw,2018,24,v10,m s^-1,2.694653600387486,0.6535372555360754,365
climode,ClimODE-style adapter,raw,2018,24,t2m,K,1.5415231935363933,0.797470618776811,365
climode,ClimODE-style adapter,raw,2018,24,mslp,Pa,412.2766148201575,0.8070619669476581,365
climode,ClimODE-style adapter,raw,2018,72,z50,m^2 s^-2,780.0864462161906,0.6927150191709824,365
climode,ClimODE-style adapter,raw,2018,72,z100,m^2 s^-2,741.0949811626389,0.6071638201009519,365
climode,ClimODE-style adapter,raw,2018,72,z200,m^2 s^-2,910.2875297011665,0.5097407920703144,365
climode,ClimODE-style adapter,raw,2018,72,z300,m^2 s^-2,959.2928207407045,0.47714282780558054,365
climode,ClimODE-style adapter,raw,2018,72,z500,m^2 s^-2,706.1672319666388,0.47980320887882166,365
climode,ClimODE-style adapter,raw,2018,72,z700,m^2 s^-2,544.8260658967039,0.4622113115795863,365
climode,ClimODE-style adapter,raw,2018,72,z850,m^2 s^-2,497.4924203921129,0.4234868094889555,365
climode,ClimODE-style adapter,raw,2018,72,z925,m^2 s^-2,500.56423138609364,0.39862749694879435,365
climode,ClimODE-style adapter,raw,2018,72,z1000,m^2 s^-2,517.2713065918964,0.37670515293236845,365
climode,ClimODE-style adapter,raw,2018,72,q50,kg kg^-1,1.0293114487433381e-07,0.6489585468146969,365
climode,ClimODE-style adapter,raw,2018,72,q100,kg kg^-1,3.688964809933622e-07,0.4370618092666373,365
climode,ClimODE-style adapter,raw,2018,72,q200,kg kg^-1,1.4688970804015712e-05,0.24876947382444226,365
climode,ClimODE-style adapter,raw,2018,72,q300,kg kg^-1,0.00012698618185079527,0.24274939598502848,365
climode,ClimODE-style adapter,raw,2018,72,q500,kg kg^-1,0.0008036854265756789,0.2812662614942911,365
climode,ClimODE-style adapter,raw,2018,72,q700,kg kg^-1,0.0015785806378174382,0.26254244098953383,365
climode,ClimODE-style adapter,raw,2018,72,q850,kg kg^-1,0.001827637959395875,0.23419451655686024,365
climode,ClimODE-style adapter,raw,2018,72,q925,kg kg^-1,0.0014749255731037717,0.2930280599105288,365
climode,ClimODE-style adapter,raw,2018,72,q1000,kg kg^-1,0.0014910826331199954,0.3280629180634353,365
climode,ClimODE-style adapter,raw,2018,72,t50,K,2.4230894491879003,0.6395969500555759,365
climode,ClimODE-style adapter,raw,2018,72,t100,K,2.708219074924908,0.5353764961731027,365
climode,ClimODE-style adapter,raw,2018,72,t200,K,3.258988202989858,0.38575894469200583,365
climode,ClimODE-style adapter,raw,2018,72,t300,K,2.425501649167386,0.3398405848232711,365
climode,ClimODE-style adapter,raw,2018,72,t500,K,2.946173576614089,0.3485029182251825,365
climode,ClimODE-style adapter,raw,2018,72,t700,K,2.9809524790385526,0.36890263645703336,365
climode,ClimODE-style adapter,raw,2018,72,t850,K,3.21279586609687,0.37037651619458,365
climode,ClimODE-style adapter,raw,2018,72,t925,K,3.0142657488818028,0.37248079378613635,365
climode,ClimODE-style adapter,raw,2018,72,t1000,K,2.6569289790085184,0.4072924669854391,365
climode,ClimODE-style adapter,raw,2018,72,u50,m s^-1,5.038549922244958,0.7910131442822248,365
climode,ClimODE-style adapter,raw,2018,72,u100,m s^-1,6.282478127910262,0.5113856868368045,365
climode,ClimODE-style adapter,raw,2018,72,u200,m s^-1,10.6123786240676,0.4370450735035401,365
climode,ClimODE-style adapter,raw,2018,72,u300,m s^-1,10.965230304874865,0.3984646201711454,365
climode,ClimODE-style adapter,raw,2018,72,u500,m s^-1,7.558921673756344,0.4024807579801544,365
climode,ClimODE-style adapter,raw,2018,72,u700,m s^-1,5.850895437927616,0.3854232656339836,365
climode,ClimODE-style adapter,raw,2018,72,u850,m s^-1,5.26912494449085,0.3314894565965853,365
climode,ClimODE-style adapter,raw,2018,72,u925,m s^-1,5.175294566825831,0.3002805421938761,365
climode,ClimODE-style adapter,raw,2018,72,u1000,m s^-1,4.08078096027219,0.29293342199534,365
climode,ClimODE-style adapter,raw,2018,72,v50,m s^-1,4.497959751071407,0.44058005775187253,365
climode,ClimODE-style adapter,raw,2018,72,v100,m s^-1,6.20661040049565,0.31719877969316085,365
climode,ClimODE-style adapter,raw,2018,72,v200,m s^-1,10.958546526614157,0.23776487173743271,365
climode,ClimODE-style adapter,raw,2018,72,v300,m s^-1,11.252611735831278,0.2260411414953102,365
climode,ClimODE-style adapter,raw,2018,72,v500,m s^-1,7.564887890044733,0.23007175381879563,365
climode,ClimODE-style adapter,raw,2018,72,v700,m s^-1,5.708850390420258,0.20915727649433719,365
climode,ClimODE-style adapter,raw,2018,72,v850,m s^-1,5.109207776634581,0.17284823023287585,365
climode,ClimODE-style adapter,raw,2018,72,v925,m s^-1,5.204000175910588,0.16582542419539864,365
climode,ClimODE-style adapter,raw,2018,72,v1000,m s^-1,4.221979265706803,0.17014079031488125,365
climode,ClimODE-style adapter,raw,2018,72,u10,m s^-1,3.623911280479646,0.2910615273781158,365
climode,ClimODE-style adapter,raw,2018,72,v10,m s^-1,3.7136421972797184,0.17197568197030028,365
climode,ClimODE-style adapter,raw,2018,72,t2m,K,2.480692975168863,0.45830049612568075,365
climode,ClimODE-style adapter,raw,2018,72,mslp,Pa,657.0403918968027,0.3745028115253747,365
climode,ClimODE-style adapter,raw,2018,120,z50,m^2 s^-2,919.6148984383597,0.5379893758859073,365
climode,ClimODE-style adapter,raw,2018,120,z100,m^2 s^-2,835.7802108136273,0.44607560387143286,365
climode,ClimODE-style adapter,raw,2018,120,z200,m^2 s^-2,1000.2804646937503,0.3381386080090072,365
climode,ClimODE-style adapter,raw,2018,120,z300,m^2 s^-2,1041.783996752883,0.30881814254904677,365
climode,ClimODE-style adapter,raw,2018,120,z500,m^2 s^-2,766.8409681131495,0.30689363383365237,365
climode,ClimODE-style adapter,raw,2018,120,z700,m^2 s^-2,587.1620950072954,0.29620725029635453,365
climode,ClimODE-style adapter,raw,2018,120,z850,m^2 s^-2,526.5431291607919,0.27256824615240655,365
climode,ClimODE-style adapter,raw,2018,120,z925,m^2 s^-2,524.9636086131596,0.25360720062003167,365
climode,ClimODE-style adapter,raw,2018,120,z1000,m^2 s^-2,538.0479291857068,0.23671905397232723,365
climode,ClimODE-style adapter,raw,2018,120,q50,kg kg^-1,1.0860979194778484e-07,0.6242969740074107,365
climode,ClimODE-style adapter,raw,2018,120,q100,kg kg^-1,3.8136386964319884e-07,0.33813834076167815,365
climode,ClimODE-style adapter,raw,2018,120,q200,kg kg^-1,1.4110331953815829e-05,0.19078107634292435,365
climode,ClimODE-style adapter,raw,2018,120,q300,kg kg^-1,0.00012167591237602276,0.19678295233905665,365
climode,ClimODE-style adapter,raw,2018,120,q500,kg kg^-1,0.0007704328004539078,0.22975070327069685,365
climode,ClimODE-style adapter,raw,2018,120,q700,kg kg^-1,0.0015054707612283788,0.21200592560256076,365
climode,ClimODE-style adapter,raw,2018,120,q850,kg kg^-1,0.0017546766614138798,0.1873282696831515,365
climode,ClimODE-style adapter,raw,2018,120,q925,kg kg^-1,0.0015133034078315642,0.20412447895195965,365
climode,ClimODE-style adapter,raw,2018,120,q1000,kg kg^-1,0.001560063869942713,0.22338843141256717,365
climode,ClimODE-style adapter,raw,2018,120,t50,K,2.731515498156861,0.5195696086490941,365
climode,ClimODE-style adapter,raw,2018,120,t100,K,2.972871924045748,0.3993342979224468,365
climode,ClimODE-style adapter,raw,2018,120,t200,K,3.3330900674609234,0.29149205678983464,365
climode,ClimODE-style adapter,raw,2018,120,t300,K,2.4968546253380044,0.22997728789352448,365
climode,ClimODE-style adapter,raw,2018,120,t500,K,3.083674737793584,0.21493694523148693,365
climode,ClimODE-style adapter,raw,2018,120,t700,K,3.1458756016577065,0.22930974856904465,365
climode,ClimODE-style adapter,raw,2018,120,t850,K,3.3993526673224257,0.23560974561973239,365
climode,ClimODE-style adapter,raw,2018,120,t925,K,3.196116185347854,0.24787702962691,365
climode,ClimODE-style adapter,raw,2018,120,t1000,K,2.861695540984085,0.2821486657121502,365
climode,ClimODE-style adapter,raw,2018,120,u50,m s^-1,5.628679065569839,0.7308366883049608,365
climode,ClimODE-style adapter,raw,2018,120,u100,m s^-1,6.818782429874084,0.3563961470337319,365
climode,ClimODE-style adapter,raw,2018,120,u200,m s^-1,11.012580070378306,0.3157350228053482,365
climode,ClimODE-style adapter,raw,2018,120,u300,m s^-1,11.215020724841866,0.2892257376620665,365
climode,ClimODE-style adapter,raw,2018,120,u500,m s^-1,7.7769334556692105,0.27971152223643647,365
climode,ClimODE-style adapter,raw,2018,120,u700,m s^-1,5.992553954376896,0.26179011139780095,365
climode,ClimODE-style adapter,raw,2018,120,u850,m s^-1,5.299954122471471,0.22856594547769554,365
climode,ClimODE-style adapter,raw,2018,120,u925,m s^-1,5.158853553443662,0.2076626097743868,365
climode,ClimODE-style adapter,raw,2018,120,u1000,m s^-1,4.0670215272678085,0.19942216142745994,365
climode,ClimODE-style adapter,raw,2018,120,v50,m s^-1,4.642378845603778,0.30989851418337805,365
climode,ClimODE-style adapter,raw,2018,120,v100,m s^-1,6.182133795489956,0.20606802948429132,365
climode,ClimODE-style adapter,raw,2018,120,v200,m s^-1,10.752051963027697,0.15889827727127817,365
climode,ClimODE-style adapter,raw,2018,120,v300,m s^-1,11.045031193914294,0.16131401008888288,365
climode,ClimODE-style adapter,raw,2018,120,v500,m s^-1,7.411398193923077,0.1629277371278998,365
climode,ClimODE-style adapter,raw,2018,120,v700,m s^-1,5.547414829747413,0.1428817977711645,365
climode,ClimODE-style adapter,raw,2018,120,v850,m s^-1,4.922174371853716,0.12536694275013707,365
climode,ClimODE-style adapter,raw,2018,120,v925,m s^-1,5.005893872618625,0.12777298378507007,365
climode,ClimODE-style adapter,raw,2018,120,v1000,m s^-1,4.0676633020146005,0.130974894190172,365
climode,ClimODE-style adapter,raw,2018,120,u10,m s^-1,3.6104908873503887,0.19916598670848099,365
climode,ClimODE-style adapter,raw,2018,120,v10,m s^-1,3.5793313718935984,0.13108538395474326,365
climode,ClimODE-style adapter,raw,2018,120,t2m,K,2.7342651261502704,0.3237350448155364,365
climode,ClimODE-style adapter,raw,2018,120,mslp,Pa,683.7853317860463,0.23177771525100185,365
climode,ClimODE-style adapter,raw,2018,168,z50,m^2 s^-2,1004.0170298946592,0.44525657255981127,365
climode,ClimODE-style adapter,raw,2018,168,z100,m^2 s^-2,888.9380253102382,0.36263127763932856,365
climode,ClimODE-style adapter,raw,2018,168,z200,m^2 s^-2,1041.338553355958,0.2524605186308879,365
climode,ClimODE-style adapter,raw,2018,168,z300,m^2 s^-2,1081.5514179602285,0.21445240584491723,365
climode,ClimODE-style adapter,raw,2018,168,z500,m^2 s^-2,793.8975520282439,0.2201988779756727,365
climode,ClimODE-style adapter,raw,2018,168,z700,m^2 s^-2,606.0749411141953,0.21141111258376044,365
climode,ClimODE-style adapter,raw,2018,168,z850,m^2 s^-2,542.1177868509809,0.19262153895519782,365
climode,ClimODE-style adapter,raw,2018,168,z925,m^2 s^-2,539.7701123899434,0.17718879400918364,365
climode,ClimODE-style adapter,raw,2018,168,z1000,m^2 s^-2,555.6604539746385,0.15748778800085342,365
climode,ClimODE-style adapter,raw,2018,168,q50,kg kg^-1,1.1326090421037614e-07,0.5741946663363166,365
climode,ClimODE-style adapter,raw,2018,168,q100,kg kg^-1,4.1380499315372374e-07,0.24304648402888657,365
climode,ClimODE-style adapter,raw,2018,168,q200,kg kg^-1,1.5301715190799637e-05,0.11793227698255723,365
climode,ClimODE-style adapter,raw,2018,168,q300,kg kg^-1,0.00012948256240765795,0.1269968974743396,365
climode,ClimODE-style adapter,raw,2018,168,q500,kg kg^-1,0.0008388844088763322,0.139880975371056,365
climode,ClimODE-style adapter,raw,2018,168,q700,kg kg^-1,0.0016597066600535994,0.12577274813656422,365
climode,ClimODE-style adapter,raw,2018,168,q850,kg kg^-1,0.0019080044022443763,0.11933084712377019,365
climode,ClimODE-style adapter,raw,2018,168,q925,kg kg^-1,0.0015740430883419017,0.15158502802657958,365
climode,ClimODE-style adapter,raw,2018,168,q1000,kg kg^-1,0.0016308548357713045,0.15985279824552878,365
climode,ClimODE-style adapter,raw,2018,168,t50,K,2.9211142991332233,0.4489925926624456,365
climode,ClimODE-style adapter,raw,2018,168,t100,K,3.1333818445765194,0.32443758710813836,365
climode,ClimODE-style adapter,raw,2018,168,t200,K,3.4653939206598596,0.2162493462545342,365
climode,ClimODE-style adapter,raw,2018,168,t300,K,2.5518669742981492,0.18056252610299897,365
climode,ClimODE-style adapter,raw,2018,168,t500,K,3.1771126922089303,0.14548358879773468,365
climode,ClimODE-style adapter,raw,2018,168,t700,K,3.255688480102435,0.14834002248376724,365
climode,ClimODE-style adapter,raw,2018,168,t850,K,3.5232248417811807,0.15160551780572545,365
climode,ClimODE-style adapter,raw,2018,168,t925,K,3.3282001624015654,0.162833471767281,365
climode,ClimODE-style adapter,raw,2018,168,t1000,K,3.011127096679619,0.20191832539544938,365
climode,ClimODE-style adapter,raw,2018,168,u50,m s^-1,5.9835823193642055,0.6941361098426505,365
climode,ClimODE-style adapter,raw,2018,168,u100,m s^-1,7.2444560827650895,0.2518879359887396,365
climode,ClimODE-style adapter,raw,2018,168,u200,m s^-1,11.5378052887778,0.22554531771413192,365
climode,ClimODE-style adapter,raw,2018,168,u300,m s^-1,11.683628047691629,0.20305879042267097,365
climode,ClimODE-style adapter,raw,2018,168,u500,m s^-1,8.085954171535201,0.19359736618550813,365
climode,ClimODE-style adapter,raw,2018,168,u700,m s^-1,6.237972673714697,0.17803419064521772,365
climode,ClimODE-style adapter,raw,2018,168,u850,m s^-1,5.508946850806808,0.15382741318780563,365
climode,ClimODE-style adapter,raw,2018,168,u925,m s^-1,5.363194649275045,0.1373133475361625,365
climode,ClimODE-style adapter,raw,2018,168,u1000,m s^-1,4.2445489145462885,0.12924564198114405,365
climode,ClimODE-style adapter,raw,2018,168,v50,m s^-1,4.898510227987371,0.20598997342854655,365
climode,ClimODE-style adapter,raw,2018,168,v100,m s^-1,6.390485023391159,0.13434286015694336,365
climode,ClimODE-style adapter,raw,2018,168,v200,m s^-1,10.954400993996,0.11473613114001946,365
climode,ClimODE-style adapter,raw,2018,168,v300,m s^-1,11.230337212600736,0.11568654818432174,365
climode,ClimODE-style adapter,raw,2018,168,v500,m s^-1,7.545738710203971,0.11473449578858051,365
climode,ClimODE-style adapter,raw,2018,168,v700,m s^-1,5.666230909841171,0.09898420567477284,365
climode,ClimODE-style adapter,raw,2018,168,v850,m s^-1,5.04138859346517,0.08616630351001288,365
climode,ClimODE-style adapter,raw,2018,168,v925,m s^-1,5.1348823677642415,0.08853727998564954,365
climode,ClimODE-style adapter,raw,2018,168,v1000,m s^-1,4.185407948549526,0.09027294985764857,365
climode,ClimODE-style adapter,raw,2018,168,u10,m s^-1,3.7713069005090594,0.13166062457954986,365
climode,ClimODE-style adapter,raw,2018,168,v10,m s^-1,3.684895753485478,0.09125613117216265,365
climode,ClimODE-style adapter,raw,2018,168,t2m,K,2.9245058110959654,0.24190963582789324,365
climode,ClimODE-style adapter,raw,2018,168,mslp,Pa,707.5448104062928,0.14998262621757438,365
climode,ClimODE-style adapter,raw,2018,240,z50,m^2 s^-2,1095.6133472526164,0.32565292441026367,365
climode,ClimODE-style adapter,raw,2018,240,z100,m^2 s^-2,952.3496778965833,0.24405677711406715,365
climode,ClimODE-style adapter,raw,2018,240,z200,m^2 s^-2,1069.1472763984095,0.17954414377394545,365
climode,ClimODE-style adapter,raw,2018,240,z300,m^2 s^-2,1101.9350962446094,0.15570950773260198,365
climode,ClimODE-style adapter,raw,2018,240,z500,m^2 s^-2,813.5514026539896,0.14689761296761455,365
climode,ClimODE-style adapter,raw,2018,240,z700,m^2 s^-2,616.1624582504129,0.1509850396978769,365
climode,ClimODE-style adapter,raw,2018,240,z850,m^2 s^-2,547.9630429962644,0.1413652101817184,365
climode,ClimODE-style adapter,raw,2018,240,z925,m^2 s^-2,543.161882033504,0.13063595402711656,365
climode,ClimODE-style adapter,raw,2018,240,z1000,m^2 s^-2,556.8151021320532,0.11460301196153065,365
climode,ClimODE-style adapter,raw,2018,240,q50,kg kg^-1,1.20408540130669e-07,0.5374058409994431,365
climode,ClimODE-style adapter,raw,2018,240,q100,kg kg^-1,4.196155614995416e-07,0.17397698514061283,365
climode,ClimODE-style adapter,raw,2018,240,q200,kg kg^-1,1.4478892743506737e-05,0.10488559562794643,365
climode,ClimODE-style adapter,raw,2018,240,q300,kg kg^-1,0.00012390565918613298,0.1253475600901199,365
climode,ClimODE-style adapter,raw,2018,240,q500,kg kg^-1,0.0007933510717568937,0.14398779348885127,365
climode,ClimODE-style adapter,raw,2018,240,q700,kg kg^-1,0.001558044035998655,0.12724741344677834,365
climode,ClimODE-style adapter,raw,2018,240,q850,kg kg^-1,0.001827468573139139,0.11079383998897409,365
climode,ClimODE-style adapter,raw,2018,240,q925,kg kg^-1,0.0015910811151650763,0.11850765510763968,365
climode,ClimODE-style adapter,raw,2018,240,q1000,kg kg^-1,0.001658721994169725,0.12163722617250396,365
climode,ClimODE-style adapter,raw,2018,240,t50,K,3.1283160431509627,0.3579892345117893,365
climode,ClimODE-style adapter,raw,2018,240,t100,K,3.3040739858682335,0.23007912785035184,365
climode,ClimODE-style adapter,raw,2018,240,t200,K,3.475692842512174,0.18015233643568987,365
climode,ClimODE-style adapter,raw,2018,240,t300,K,2.5909456204262837,0.13221123687633987,365
climode,ClimODE-style adapter,raw,2018,240,t500,K,3.213923554087681,0.1083279553500519,365
climode,ClimODE-style adapter,raw,2018,240,t700,K,3.3156523889532314,0.10201105289592892,365
climode,ClimODE-style adapter,raw,2018,240,t850,K,3.601276951953034,0.10034729530632473,365
climode,ClimODE-style adapter,raw,2018,240,t925,K,3.4071959220174017,0.11481310226458229,365
climode,ClimODE-style adapter,raw,2018,240,t1000,K,3.1234507642341973,0.15640899677032521,365
climode,ClimODE-style adapter,raw,2018,240,u50,m s^-1,6.224856068509152,0.6644427036919651,365
climode,ClimODE-style adapter,raw,2018,240,u100,m s^-1,7.426642597935321,0.1695687025286153,365
climode,ClimODE-style adapter,raw,2018,240,u200,m s^-1,11.619373564158163,0.16395207987556767,365
climode,ClimODE-style adapter,raw,2018,240,u300,m s^-1,11.669803079348208,0.1591520550178083,365
climode,ClimODE-style adapter,raw,2018,240,u500,m s^-1,8.07416125019704,0.15293403856703594,365
climode,ClimODE-style adapter,raw,2018,240,u700,m s^-1,6.206177997143807,0.14297964749421582,365
climode,ClimODE-style adapter,raw,2018,240,u850,m s^-1,5.463027074494545,0.12270586179328268,365
climode,ClimODE-style adapter,raw,2018,240,u925,m s^-1,5.297551950990368,0.11343382994516901,365
climode,ClimODE-style adapter,raw,2018,240,u1000,m s^-1,4.186881859235789,0.1066859029620773,365
climode,ClimODE-style adapter,raw,2018,240,v50,m s^-1,4.8885417454157105,0.14899838050898703,365
climode,ClimODE-style adapter,raw,2018,240,v100,m s^-1,6.3303739439661815,0.11019498253772729,365
climode,ClimODE-style adapter,raw,2018,240,v200,m s^-1,10.846358335285368,0.10481235491977205,365
climode,ClimODE-style adapter,raw,2018,240,v300,m s^-1,11.128575002575614,0.1137932123144664,365
climode,ClimODE-style adapter,raw,2018,240,v500,m s^-1,7.4826426676199445,0.10829287956996918,365
climode,ClimODE-style adapter,raw,2018,240,v700,m s^-1,5.602129231517307,0.09114585860526798,365
climode,ClimODE-style adapter,raw,2018,240,v850,m s^-1,4.966461126662919,0.08297924187816304,365
climode,ClimODE-style adapter,raw,2018,240,v925,m s^-1,5.0466521798742425,0.08978983423962497,365
climode,ClimODE-style adapter,raw,2018,240,v1000,m s^-1,4.108345629948302,0.09205124587476277,365
climode,ClimODE-style adapter,raw,2018,240,u10,m s^-1,3.7198151663244166,0.10883892812757937,365
climode,ClimODE-style adapter,raw,2018,240,v10,m s^-1,3.616388605524993,0.09164593489262801,365
climode,ClimODE-style adapter,raw,2018,240,t2m,K,3.073212647459328,0.17739174644992262,365
climode,ClimODE-style adapter,raw,2018,240,mslp,Pa,708.4745871110634,0.10799597816338331,365
climode,ClimODE-style adapter,raw,2019,24,z50,m^2 s^-2,372.9304771475922,0.9542514620533918,365
climode,ClimODE-style adapter,raw,2019,24,z100,m^2 s^-2,394.2042591396006,0.9207420281909484,365
climode,ClimODE-style adapter,raw,2019,24,z200,m^2 s^-2,523.7598032969479,0.8776183378606472,365
climode,ClimODE-style adapter,raw,2019,24,z300,m^2 s^-2,571.9797251965833,0.8576964835051827,365
climode,ClimODE-style adapter,raw,2019,24,z500,m^2 s^-2,421.1342238313345,0.8566564132971853,365
climode,ClimODE-style adapter,raw,2019,24,z700,m^2 s^-2,330.3992876777207,0.8478451653903963,365
climode,ClimODE-style adapter,raw,2019,24,z850,m^2 s^-2,309.2737834289197,0.828119105584797,365
climode,ClimODE-style adapter,raw,2019,24,z925,m^2 s^-2,313.65554216868793,0.8177695819769968,365
climode,ClimODE-style adapter,raw,2019,24,z1000,m^2 s^-2,323.9160296161561,0.8100755199129314,365
climode,ClimODE-style adapter,raw,2019,24,q50,kg kg^-1,7.097640304929612e-08,0.8542114783477751,365
climode,ClimODE-style adapter,raw,2019,24,q100,kg kg^-1,2.5854293693090413e-07,0.7547755223177552,365
climode,ClimODE-style adapter,raw,2019,24,q200,kg kg^-1,1.1461110941779154e-05,0.6305973378206875,365
climode,ClimODE-style adapter,raw,2019,24,q300,kg kg^-1,9.737136989381564e-05,0.6351325858450232,365
climode,ClimODE-style adapter,raw,2019,24,q500,kg kg^-1,0.0005727974937443243,0.681094104150593,365
climode,ClimODE-style adapter,raw,2019,24,q700,kg kg^-1,0.0011010782320445543,0.6711952550407242,365
climode,ClimODE-style adapter,raw,2019,24,q850,kg kg^-1,0.0013125107512862296,0.6395811239018947,365
climode,ClimODE-style adapter,raw,2019,24,q925,kg kg^-1,0.0010574167197634422,0.6798605469096582,365
climode,ClimODE-style adapter,raw,2019,24,q1000,kg kg^-1,0.000979070768013516,0.7382826790597667,365
climode,ClimODE-style adapter,raw,2019,24,t50,K,1.3366592096982914,0.9356435637419982,365
climode,ClimODE-style adapter,raw,2019,24,t100,K,1.636627657877171,0.8744171721153834,365
climode,ClimODE-style adapter,raw,2019,24,t200,K,2.2268374906227937,0.7905791475986939,365
climode,ClimODE-style adapter,raw,2019,24,t300,K,1.6897498122584382,0.7385220735510724,365
climode,ClimODE-style adapter,raw,2019,24,t500,K,1.9370538411089127,0.7601494337248258,365
climode,ClimODE-style adapter,raw,2019,24,t700,K,1.9122403495836822,0.7758560226910995,365
climode,ClimODE-style adapter,raw,2019,24,t850,K,2.0484224486495344,0.7810364754965294,365
climode,ClimODE-style adapter,raw,2019,24,t925,K,1.9224109139101069,0.7735866244212267,365
climode,ClimODE-style adapter,raw,2019,24,t1000,K,1.6885391366773477,0.7777270975479861,365
climode,ClimODE-style adapter,raw,2019,24,u50,m s^-1,2.8592352770666905,0.9234635645550017,365
climode,ClimODE-style adapter,raw,2019,24,u100,m s^-1,3.8267491500144653,0.8532960821559049,365
climode,ClimODE-style adapter,raw,2019,24,u200,m s^-1,6.724464840145214,0.8084143433135716,365
climode,ClimODE-style adapter,raw,2019,24,u300,m s^-1,7.347643429285613,0.7756574879837473,365
climode,ClimODE-style adapter,raw,2019,24,u500,m s^-1,4.926325837576761,0.7873927464355754,365
climode,ClimODE-style adapter,raw,2019,24,u700,m s^-1,3.835859007812306,0.7771734519469975,365
climode,ClimODE-style adapter,raw,2019,24,u850,m s^-1,3.6042548842395523,0.7333146647897228,365
climode,ClimODE-style adapter,raw,2019,24,u925,m s^-1,3.606186015255481,0.7098862145448817,365
climode,ClimODE-style adapter,raw,2019,24,u1000,m s^-1,2.857059966450757,0.7034213759812523,365
climode,ClimODE-style adapter,raw,2019,24,v50,m s^-1,2.6814269626889184,0.8229069762304055,365
climode,ClimODE-style adapter,raw,2019,24,v100,m s^-1,4.010638253813987,0.7903050131875975,365
climode,ClimODE-style adapter,raw,2019,24,v200,m s^-1,7.486731382389719,0.7651886611212906,365
climode,ClimODE-style adapter,raw,2019,24,v300,m s^-1,7.982890872816438,0.7459795822700819,365
climode,ClimODE-style adapter,raw,2019,24,v500,m s^-1,5.301539775334154,0.7518484185412093,365
climode,ClimODE-style adapter,raw,2019,24,v700,m s^-1,4.066053952986075,0.7215981655582578,365
climode,ClimODE-style adapter,raw,2019,24,v850,m s^-1,3.7851050663037764,0.6611816603562904,365
climode,ClimODE-style adapter,raw,2019,24,v925,m s^-1,3.8621187199380778,0.6534588361020832,365
climode,ClimODE-style adapter,raw,2019,24,v1000,m s^-1,3.0935792258531714,0.6571042177112143,365
climode,ClimODE-style adapter,raw,2019,24,u10,m s^-1,2.5560805402078035,0.7003563021000623,365
climode,ClimODE-style adapter,raw,2019,24,v10,m s^-1,2.7167417693898144,0.6555197251494301,365
climode,ClimODE-style adapter,raw,2019,24,t2m,K,1.5399854873541097,0.7962647823511373,365
climode,ClimODE-style adapter,raw,2019,24,mslp,Pa,409.68139373264097,0.8091748061897241,365
climode,ClimODE-style adapter,raw,2019,72,z50,m^2 s^-2,720.3793399366297,0.8160967847301052,365
climode,ClimODE-style adapter,raw,2019,72,z100,m^2 s^-2,724.4615695490166,0.7000709354759641,365
climode,ClimODE-style adapter,raw,2019,72,z200,m^2 s^-2,907.2277872049071,0.5434124621071735,365
climode,ClimODE-style adapter,raw,2019,72,z300,m^2 s^-2,951.4362995974984,0.4956447858821612,365
climode,ClimODE-style adapter,raw,2019,72,z500,m^2 s^-2,700.730912314137,0.490385962314399,365
climode,ClimODE-style adapter,raw,2019,72,z700,m^2 s^-2,540.822819853522,0.47328509302381044,365
climode,ClimODE-style adapter,raw,2019,72,z850,m^2 s^-2,493.11637564727744,0.43420359809662906,365
climode,ClimODE-style adapter,raw,2019,72,z925,m^2 s^-2,495.87619953513695,0.4096378683840176,365
climode,ClimODE-style adapter,raw,2019,72,z1000,m^2 s^-2,512.2993028347115,0.38982082583692157,365
climode,ClimODE-style adapter,raw,2019,72,q50,kg kg^-1,1.1190094325281103e-07,0.6268990738329645,365
climode,ClimODE-style adapter,raw,2019,72,q100,kg kg^-1,3.8215904029861727e-07,0.44538553964264466,365
climode,ClimODE-style adapter,raw,2019,72,q200,kg kg^-1,1.5592390201191615e-05,0.2739470162575454,365
climode,ClimODE-style adapter,raw,2019,72,q300,kg kg^-1,0.00013210887213246228,0.2505638612388004,365
climode,ClimODE-style adapter,raw,2019,72,q500,kg kg^-1,0.0008175102408576485,0.2868315696952701,365
climode,ClimODE-style adapter,raw,2019,72,q700,kg kg^-1,0.0015981592430111258,0.264198079072862,365
climode,ClimODE-style adapter,raw,2019,72,q850,kg kg^-1,0.001873191944511707,0.24464100032204739,365
climode,ClimODE-style adapter,raw,2019,72,q925,kg kg^-1,0.0015138807980686663,0.3225551990085917,365
climode,ClimODE-style adapter,raw,2019,72,q1000,kg kg^-1,0.0015112238841805579,0.3446950121844066,365
climode,ClimODE-style adapter,raw,2019,72,t50,K,2.2545294282720905,0.805536700297849,365
climode,ClimODE-style adapter,raw,2019,72,t100,K,2.6444446308014475,0.6440938854569415,365
climode,ClimODE-style adapter,raw,2019,72,t200,K,3.266907450377391,0.46652934754674313,365
climode,ClimODE-style adapter,raw,2019,72,t300,K,2.4712650929274367,0.38182792954947503,365
climode,ClimODE-style adapter,raw,2019,72,t500,K,2.9109017674281765,0.35868842759433517,365
climode,ClimODE-style adapter,raw,2019,72,t700,K,2.95867963110065,0.3721304002106913,365
climode,ClimODE-style adapter,raw,2019,72,t850,K,3.2335466273413114,0.36999299620286435,365
climode,ClimODE-style adapter,raw,2019,72,t925,K,3.0301570769337354,0.37100824835612545,365
climode,ClimODE-style adapter,raw,2019,72,t1000,K,2.664859167348167,0.4068899539213625,365
climode,ClimODE-style adapter,raw,2019,72,u50,m s^-1,4.852709805891279,0.7683236104689777,365
climode,ClimODE-style adapter,raw,2019,72,u100,m s^-1,6.313794355660799,0.5416764700086282,365
climode,ClimODE-style adapter,raw,2019,72,u200,m s^-1,10.53941276037441,0.42293633292598587,365
climode,ClimODE-style adapter,raw,2019,72,u300,m s^-1,10.863368849871296,0.38270531227229615,365
climode,ClimODE-style adapter,raw,2019,72,u500,m s^-1,7.471062905429273,0.38435124616012334,365
climode,ClimODE-style adapter,raw,2019,72,u700,m s^-1,5.810291954556848,0.3713805905930402,365
climode,ClimODE-style adapter,raw,2019,72,u850,m s^-1,5.225783110039671,0.32586206053673955,365
climode,ClimODE-style adapter,raw,2019,72,u925,m s^-1,5.123393566697652,0.2991557760432374,365
climode,ClimODE-style adapter,raw,2019,72,u1000,m s^-1,4.044006149450649,0.2952042779549714,365
climode,ClimODE-style adapter,raw,2019,72,v50,m s^-1,4.154642263234192,0.47563194823875493,365
climode,ClimODE-style adapter,raw,2019,72,v100,m s^-1,6.155759313556731,0.338405366892102,365
climode,ClimODE-style adapter,raw,2019,72,v200,m s^-1,10.98070298106405,0.27079026463580974,365
climode,ClimODE-style adapter,raw,2019,72,v300,m s^-1,11.242985216360868,0.2558100365534642,365
climode,ClimODE-style adapter,raw,2019,72,v500,m s^-1,7.585942060220227,0.2565129033444717,365
climode,ClimODE-style adapter,raw,2019,72,v700,m s^-1,5.731084171734652,0.2372367441334851,365
climode,ClimODE-style adapter,raw,2019,72,v850,m s^-1,5.124606628309844,0.1976546458946746,365
climode,ClimODE-style adapter,raw,2019,72,v925,m s^-1,5.20778831064695,0.19166635463944837,365
climode,ClimODE-style adapter,raw,2019,72,v1000,m s^-1,4.220373672339414,0.19394452280625007,365
climode,ClimODE-style adapter,raw,2019,72,u10,m s^-1,3.599613188657495,0.2959976261606847,365
climode,ClimODE-style adapter,raw,2019,72,v10,m s^-1,3.7129016521534455,0.19305599751467217,365
climode,ClimODE-style adapter,raw,2019,72,t2m,K,2.477737845615055,0.45723715173199714,365
climode,ClimODE-style adapter,raw,2019,72,mslp,Pa,649.1519573907534,0.3897489493626608,365
climode,ClimODE-style adapter,raw,2019,120,z50,m^2 s^-2,853.9815149201664,0.7287338813333715,365
climode,ClimODE-style adapter,raw,2019,120,z100,m^2 s^-2,820.7345135796484,0.5864958489601709,365
climode,ClimODE-style adapter,raw,2019,120,z200,m^2 s^-2,1003.3667496217798,0.3773968609275264,365
climode,ClimODE-style adapter,raw,2019,120,z300,m^2 s^-2,1038.4023581266626,0.32756578218359705,365
climode,ClimODE-style adapter,raw,2019,120,z500,m^2 s^-2,762.4692064857709,0.31977772022307654,365
climode,ClimODE-style adapter,raw,2019,120,z700,m^2 s^-2,583.8255067986483,0.30966357588595556,365
climode,ClimODE-style adapter,raw,2019,120,z850,m^2 s^-2,521.8070063572945,0.289606343289065,365
climode,ClimODE-style adapter,raw,2019,120,z925,m^2 s^-2,519.4723842977075,0.2726373165165564,365
climode,ClimODE-style adapter,raw,2019,120,z1000,m^2 s^-2,531.7884465092801,0.2611342953537083,365
climode,ClimODE-style adapter,raw,2019,120,q50,kg kg^-1,1.2185701866807714e-07,0.5470616246048807,365
climode,ClimODE-style adapter,raw,2019,120,q100,kg kg^-1,3.936638603098717e-07,0.35609656644237725,365
climode,ClimODE-style adapter,raw,2019,120,q200,kg kg^-1,1.4962069103579838e-05,0.22393369662995194,365
climode,ClimODE-style adapter,raw,2019,120,q300,kg kg^-1,0.00012654131861552007,0.2065238911343451,365
climode,ClimODE-style adapter,raw,2019,120,q500,kg kg^-1,0.0007851958737753429,0.23223613232813836,365
climode,ClimODE-style adapter,raw,2019,120,q700,kg kg^-1,0.0015297091146330756,0.20731520008145746,365
climode,ClimODE-style adapter,raw,2019,120,q850,kg kg^-1,0.0018011784527772001,0.19471725693029235,365
climode,ClimODE-style adapter,raw,2019,120,q925,kg kg^-1,0.0015625765025091111,0.2294409629396337,365
climode,ClimODE-style adapter,raw,2019,120,q1000,kg kg^-1,0.001597379723351005,0.22999835859488654,365
climode,ClimODE-style adapter,raw,2019,120,t50,K,2.605632788021915,0.7278522484505632,365
climode,ClimODE-style adapter,raw,2019,120,t100,K,2.911645226330379,0.5447844065718382,365
climode,ClimODE-style adapter,raw,2019,120,t200,K,3.34236296833125,0.4010418511806329,365
climode,ClimODE-style adapter,raw,2019,120,t300,K,2.5563877061849882,0.26918051869719967,365
climode,ClimODE-style adapter,raw,2019,120,t500,K,3.063953804304766,0.2187669944556095,365
climode,ClimODE-style adapter,raw,2019,120,t700,K,3.119755133481977,0.24078118110445448,365
climode,ClimODE-style adapter,raw,2019,120,t850,K,3.423257049414346,0.24171407889632632,365
climode,ClimODE-style adapter,raw,2019,120,t925,K,3.2210691573489583,0.24976714891683985,365
climode,ClimODE-style adapter,raw,2019,120,t1000,K,2.861703429757924,0.2914084286685982,365
climode,ClimODE-style adapter,raw,2019,120,u50,m s^-1,5.502300293529368,0.6849855161231609,365
climode,ClimODE-style adapter,raw,2019,120,u100,m s^-1,6.83407728748851,0.402020977247825,365
climode,ClimODE-style adapter,raw,2019,120,u200,m s^-1,10.953599876212108,0.2891234242154279,365
climode,ClimODE-style adapter,raw,2019,120,u300,m s^-1,11.108225409446687,0.26504842834956494,365
climode,ClimODE-style adapter,raw,2019,120,u500,m s^-1,7.6774194590138265,0.2537765237970789,365
climode,ClimODE-style adapter,raw,2019,120,u700,m s^-1,5.937544366716168,0.24526348872811368,365
climode,ClimODE-style adapter,raw,2019,120,u850,m s^-1,5.250711493110374,0.22310743012306988,365
climode,ClimODE-style adapter,raw,2019,120,u925,m s^-1,5.099150475573673,0.20917732504524755,365
climode,ClimODE-style adapter,raw,2019,120,u1000,m s^-1,4.025145595789368,0.20581320581101564,365
climode,ClimODE-style adapter,raw,2019,120,v50,m s^-1,4.297294394276158,0.3589277770372283,365
climode,ClimODE-style adapter,raw,2019,120,v100,m s^-1,6.17152610696239,0.2246439543828811,365
climode,ClimODE-style adapter,raw,2019,120,v200,m s^-1,10.896278081301714,0.1807573588327276,365
climode,ClimODE-style adapter,raw,2019,120,v300,m s^-1,11.139063353995116,0.1821196213415828,365
climode,ClimODE-style adapter,raw,2019,120,v500,m s^-1,7.491944685524936,0.1834755286132297,365
climode,ClimODE-style adapter,raw,2019,120,v700,m s^-1,5.629555135145074,0.1592231556967072,365
climode,ClimODE-style adapter,raw,2019,120,v850,m s^-1,4.985330386589554,0.13727909398682928,365
climode,ClimODE-style adapter,raw,2019,120,v925,m s^-1,5.063846659724786,0.1364559364145076,365
climode,ClimODE-style adapter,raw,2019,120,v1000,m s^-1,4.107992356555045,0.13673913372890142,365
climode,ClimODE-style adapter,raw,2019,120,u10,m s^-1,3.5865621434348056,0.20635475884764634,365
climode,ClimODE-style adapter,raw,2019,120,v10,m s^-1,3.611131725884424,0.1374745950670419,365
climode,ClimODE-style adapter,raw,2019,120,t2m,K,2.7154092720779177,0.3329471003132317,365
climode,ClimODE-style adapter,raw,2019,120,mslp,Pa,672.968703156456,0.2630995273203391,365
climode,ClimODE-style adapter,raw,2019,168,z50,m^2 s^-2,936.4440210836351,0.6661466842874226,365
climode,ClimODE-style adapter,raw,2019,168,z100,m^2 s^-2,870.5643229600894,0.5258403916268423,365
climode,ClimODE-style adapter,raw,2019,168,z200,m^2 s^-2,1043.5175716927372,0.3000361508880085,365
climode,ClimODE-style adapter,raw,2019,168,z300,m^2 s^-2,1074.4563838939257,0.2443836805973451,365
climode,ClimODE-style adapter,raw,2019,168,z500,m^2 s^-2,788.2751799544318,0.23748435335689538,365
climode,ClimODE-style adapter,raw,2019,168,z700,m^2 s^-2,602.0785648086592,0.2274884900428665,365
climode,ClimODE-style adapter,raw,2019,168,z850,m^2 s^-2,536.921218009975,0.21178159652264208,365
climode,ClimODE-style adapter,raw,2019,168,z925,m^2 s^-2,533.3839052391351,0.20183824279691967,365
climode,ClimODE-style adapter,raw,2019,168,z1000,m^2 s^-2,547.9420837073958,0.1892021738068653,365
climode,ClimODE-style adapter,raw,2019,168,q50,kg kg^-1,1.2981386132251878e-07,0.4843958900052844,365
climode,ClimODE-style adapter,raw,2019,168,q100,kg kg^-1,4.17715579715083e-07,0.284562728240585,365
climode,ClimODE-style adapter,raw,2019,168,q200,kg kg^-1,1.624363768270022e-05,0.1511098020267639,365
climode,ClimODE-style adapter,raw,2019,168,q300,kg kg^-1,0.00013437933857211992,0.14293131908250817,365
climode,ClimODE-style adapter,raw,2019,168,q500,kg kg^-1,0.0008532683921112462,0.151460121373866,365
climode,ClimODE-style adapter,raw,2019,168,q700,kg kg^-1,0.0016911331036723212,0.1245348737197686,365
climode,ClimODE-style adapter,raw,2019,168,q850,kg kg^-1,0.0019657239151283368,0.12928450075116962,365
climode,ClimODE-style adapter,raw,2019,168,q925,kg kg^-1,0.001624433733416532,0.18244175299417076,365
climode,ClimODE-style adapter,raw,2019,168,q1000,kg kg^-1,0.0016627035553772283,0.17833009320773235,365
climode,ClimODE-style adapter,raw,2019,168,t50,K,2.8409025636961407,0.6659592657431131,365
climode,ClimODE-style adapter,raw,2019,168,t100,K,3.0903908388324286,0.47389739452088153,365
climode,ClimODE-style adapter,raw,2019,168,t200,K,3.4674476028656342,0.3362520339928823,365
climode,ClimODE-style adapter,raw,2019,168,t300,K,2.61080320429178,0.22273082548062456,365
climode,ClimODE-style adapter,raw,2019,168,t500,K,3.1447409174930585,0.15863539046187447,365
climode,ClimODE-style adapter,raw,2019,168,t700,K,3.2167494892646653,0.16950287261130445,365
climode,ClimODE-style adapter,raw,2019,168,t850,K,3.524067121592782,0.1696850087757665,365
climode,ClimODE-style adapter,raw,2019,168,t925,K,3.3360546021873176,0.17327485634039214,365
climode,ClimODE-style adapter,raw,2019,168,t1000,K,2.999436330968554,0.21962091910540654,365
climode,ClimODE-style adapter,raw,2019,168,u50,m s^-1,5.865925395960546,0.6343168210963861,365
climode,ClimODE-style adapter,raw,2019,168,u100,m s^-1,7.221863866682252,0.3099352808376058,365
climode,ClimODE-style adapter,raw,2019,168,u200,m s^-1,11.481061319570525,0.1981237110032572,365
climode,ClimODE-style adapter,raw,2019,168,u300,m s^-1,11.564735419654587,0.18030980453790194,365
climode,ClimODE-style adapter,raw,2019,168,u500,m s^-1,7.981890585532951,0.16732749501072533,365
climode,ClimODE-style adapter,raw,2019,168,u700,m s^-1,6.1760439812104595,0.16573520036974257,365
climode,ClimODE-style adapter,raw,2019,168,u850,m s^-1,5.448819983656424,0.1553781483013798,365
climode,ClimODE-style adapter,raw,2019,168,u925,m s^-1,5.297015953893815,0.14423258650043186,365
climode,ClimODE-style adapter,raw,2019,168,u1000,m s^-1,4.1950639192897015,0.14085979440930446,365
climode,ClimODE-style adapter,raw,2019,168,v50,m s^-1,4.52924690036262,0.2556353883598666,365
climode,ClimODE-style adapter,raw,2019,168,v100,m s^-1,6.385345010708384,0.14532150737888214,365
climode,ClimODE-style adapter,raw,2019,168,v200,m s^-1,11.168220428872798,0.11545618881318293,365
climode,ClimODE-style adapter,raw,2019,168,v300,m s^-1,11.380728037145401,0.11740972671507403,365
climode,ClimODE-style adapter,raw,2019,168,v500,m s^-1,7.672662118501813,0.11644060878437858,365
climode,ClimODE-style adapter,raw,2019,168,v700,m s^-1,5.778264551712953,0.10108456696620625,365
climode,ClimODE-style adapter,raw,2019,168,v850,m s^-1,5.124504616524496,0.08872421351062487,365
climode,ClimODE-style adapter,raw,2019,168,v925,m s^-1,5.199128793868099,0.09251779739386125,365
climode,ClimODE-style adapter,raw,2019,168,v1000,m s^-1,4.232602664316095,0.09308618311411725,365
climode,ClimODE-style adapter,raw,2019,168,u10,m s^-1,3.742231111247549,0.14179223351267056,365
climode,ClimODE-style adapter,raw,2019,168,v10,m s^-1,3.7247592025073604,0.0934151795410772,365
climode,ClimODE-style adapter,raw,2019,168,t2m,K,2.8915236720154183,0.2603370209471539,365
climode,ClimODE-style adapter,raw,2019,168,mslp,Pa,693.9753320963355,0.19091481891749115,365
climode,ClimODE-style adapter,raw,2019,240,z50,m^2 s^-2,1029.804968734438,0.5826070920037146,365
climode,ClimODE-style adapter,raw,2019,240,z100,m^2 s^-2,925.834317045908,0.4526307544258615,365
climode,ClimODE-style adapter,raw,2019,240,z200,m^2 s^-2,1070.6744057925257,0.2336236321792205,365
climode,ClimODE-style adapter,raw,2019,240,z300,m^2 s^-2,1096.270260977073,0.18597058615318765,365
climode,ClimODE-style adapter,raw,2019,240,z500,m^2 s^-2,807.9766190627392,0.16343928335585972,365
climode,ClimODE-style adapter,raw,2019,240,z700,m^2 s^-2,613.0992277060041,0.16483411976658074,365
climode,ClimODE-style adapter,raw,2019,240,z850,m^2 s^-2,542.7317013566964,0.16374470640132258,365
climode,ClimODE-style adapter,raw,2019,240,z925,m^2 s^-2,536.39366856796,0.16142363269932733,365
climode,ClimODE-style adapter,raw,2019,240,z1000,m^2 s^-2,548.7350086494079,0.1538831659236186,365
climode,ClimODE-style adapter,raw,2019,240,q50,kg kg^-1,1.4080824227485772e-07,0.39576012006850425,365
climode,ClimODE-style adapter,raw,2019,240,q100,kg kg^-1,4.1807402394341986e-07,0.23360207634924793,365
climode,ClimODE-style adapter,raw,2019,240,q200,kg kg^-1,1.5276383174520966e-05,0.1495933063371602,365
climode,ClimODE-style adapter,raw,2019,240,q300,kg kg^-1,0.00012760851274294682,0.15746138091507517,365
climode,ClimODE-style adapter,raw,2019,240,q500,kg kg^-1,0.0008040055830226487,0.16065066441821613,365
climode,ClimODE-style adapter,raw,2019,240,q700,kg kg^-1,0.0015835173350704048,0.12921799147150176,365
climode,ClimODE-style adapter,raw,2019,240,q850,kg kg^-1,0.001873655857656342,0.12598279240410382,365
climode,ClimODE-style adapter,raw,2019,240,q925,kg kg^-1,0.0016387288208390455,0.1561945687443193,365
climode,ClimODE-style adapter,raw,2019,240,q1000,kg kg^-1,0.0016850434449005736,0.15165257086320028,365
climode,ClimODE-style adapter,raw,2019,240,t50,K,3.0470232933838863,0.5977630402995022,365
climode,ClimODE-style adapter,raw,2019,240,t100,K,3.276793384263845,0.38926627831159205,365
climode,ClimODE-style adapter,raw,2019,240,t200,K,3.492916583301884,0.31086332337479516,365
climode,ClimODE-style adapter,raw,2019,240,t300,K,2.6331134185502085,0.19341504040586704,365
climode,ClimODE-style adapter,raw,2019,240,t500,K,3.187299575057957,0.11908682241002144,365
climode,ClimODE-style adapter,raw,2019,240,t700,K,3.271375123765189,0.13236785235491166,365
climode,ClimODE-style adapter,raw,2019,240,t850,K,3.5839057060146113,0.13063077936076856,365
climode,ClimODE-style adapter,raw,2019,240,t925,K,3.3933960624021307,0.14015461808205568,365
climode,ClimODE-style adapter,raw,2019,240,t1000,K,3.1001919586668407,0.18387455997866511,365
climode,ClimODE-style adapter,raw,2019,240,u50,m s^-1,6.114383599450649,0.5885394287949332,365
climode,ClimODE-style adapter,raw,2019,240,u100,m s^-1,7.349950800442993,0.250030347151284,365
climode,ClimODE-style adapter,raw,2019,240,u200,m s^-1,11.502240000187172,0.14942895088834088,365
climode,ClimODE-style adapter,raw,2019,240,u300,m s^-1,11.54970620173078,0.1377895457508734,365
climode,ClimODE-style adapter,raw,2019,240,u500,m s^-1,7.954757920722389,0.1278645467298456,365
climode,ClimODE-style adapter,raw,2019,240,u700,m s^-1,6.138821023500115,0.1297719249353798,365
climode,ClimODE-style adapter,raw,2019,240,u850,m s^-1,5.394684139104755,0.12880177136846047,365
climode,ClimODE-style adapter,raw,2019,240,u925,m s^-1,5.2249339372366865,0.12444705664456084,365
climode,ClimODE-style adapter,raw,2019,240,u1000,m s^-1,4.137116692678856,0.12136503735173874,365
climode,ClimODE-style adapter,raw,2019,240,v50,m s^-1,4.528823756819892,0.20969576397873946,365
climode,ClimODE-style adapter,raw,2019,240,v100,m s^-1,6.323902869955933,0.12134268285215832,365
climode,ClimODE-style adapter,raw,2019,240,v200,m s^-1,11.047213233490819,0.11198201270528998,365
climode,ClimODE-style adapter,raw,2019,240,v300,m s^-1,11.287064158774221,0.11627602519351454,365
climode,ClimODE-style adapter,raw,2019,240,v500,m s^-1,7.604808239774322,0.11298575653491914,365
climode,ClimODE-style adapter,raw,2019,240,v700,m s^-1,5.705591225792895,0.09781351799137504,365
climode,ClimODE-style adapter,raw,2019,240,v850,m s^-1,5.042169486265544,0.08868679722739839,365
climode,ClimODE-style adapter,raw,2019,240,v925,m s^-1,5.11560762567976,0.09267171002938195,365
climode,ClimODE-style adapter,raw,2019,240,v1000,m s^-1,4.155463863688703,0.0935891585004972,365
climode,ClimODE-style adapter,raw,2019,240,u10,m s^-1,3.6886244693271335,0.12264868713794384,365
climode,ClimODE-style adapter,raw,2019,240,v10,m s^-1,3.65871923025478,0.09097342001377758,365
climode,ClimODE-style adapter,raw,2019,240,t2m,K,3.0331487173035354,0.1959490150359529,365
climode,ClimODE-style adapter,raw,2019,240,mslp,Pa,694.8006827747412,0.15454407482859348,365
climode,ClimODE-style adapter,sphere_ttc,2018,24,z50,m^2 s^-2,378.52896047606777,0.9327536169228674,365
climode,ClimODE-style adapter,sphere_ttc,2018,24,z100,m^2 s^-2,371.80362173271203,0.9109659043309194,365
climode,ClimODE-style adapter,sphere_ttc,2018,24,z200,m^2 s^-2,478.7019736542554,0.8883491003550885,365
climode,ClimODE-style adapter,sphere_ttc,2018,24,z300,m^2 s^-2,520.5076240838861,0.8762037015365385,365
climode,ClimODE-style adapter,sphere_ttc,2018,24,z500,m^2 s^-2,381.53397169051453,0.877477963173558,365
climode,ClimODE-style adapter,sphere_ttc,2018,24,z700,m^2 s^-2,302.9587923796518,0.8668473598072324,365
climode,ClimODE-style adapter,sphere_ttc,2018,24,z850,m^2 s^-2,287.3750927852639,0.8468169247237146,365
climode,ClimODE-style adapter,sphere_ttc,2018,24,z925,m^2 s^-2,292.61516956096415,0.8370178070200006,365
climode,ClimODE-style adapter,sphere_ttc,2018,24,z1000,m^2 s^-2,303.313547754274,0.8295670823698004,365
climode,ClimODE-style adapter,sphere_ttc,2018,24,q50,kg kg^-1,6.91708895752958e-08,0.8516893566658481,365
climode,ClimODE-style adapter,sphere_ttc,2018,24,q100,kg kg^-1,2.469903846723909e-07,0.7566644143262632,365
climode,ClimODE-style adapter,sphere_ttc,2018,24,q200,kg kg^-1,1.06821746209814e-05,0.6217549946988489,365
climode,ClimODE-style adapter,sphere_ttc,2018,24,q300,kg kg^-1,9.333133620366951e-05,0.6330889180432241,365
climode,ClimODE-style adapter,sphere_ttc,2018,24,q500,kg kg^-1,0.0005597760098780145,0.6851035736856869,365
climode,ClimODE-style adapter,sphere_ttc,2018,24,q700,kg kg^-1,0.001081376365050583,0.6781367999255298,365
climode,ClimODE-style adapter,sphere_ttc,2018,24,q850,kg kg^-1,0.001271601351529319,0.6443284278426783,365
climode,ClimODE-style adapter,sphere_ttc,2018,24,q925,kg kg^-1,0.0010233965737113477,0.673585188317094,365
climode,ClimODE-style adapter,sphere_ttc,2018,24,q1000,kg kg^-1,0.0009589781520132698,0.7379468732204483,365
climode,ClimODE-style adapter,sphere_ttc,2018,24,t50,K,1.3005228020533472,0.9017328326494324,365
climode,ClimODE-style adapter,sphere_ttc,2018,24,t100,K,1.5211246350489371,0.8665552862533703,365
climode,ClimODE-style adapter,sphere_ttc,2018,24,t200,K,2.055333639871695,0.7999637351397666,365
climode,ClimODE-style adapter,sphere_ttc,2018,24,t300,K,1.5774186027264785,0.7553960489120035,365
climode,ClimODE-style adapter,sphere_ttc,2018,24,t500,K,1.8318723062176754,0.7915946071245654,365
climode,ClimODE-style adapter,sphere_ttc,2018,24,t700,K,1.8289172913179754,0.8008428892998776,365
climode,ClimODE-style adapter,sphere_ttc,2018,24,t850,K,1.986020963721973,0.7949982254190118,365
climode,ClimODE-style adapter,sphere_ttc,2018,24,t925,K,1.881717585338618,0.7841104367025525,365
climode,ClimODE-style adapter,sphere_ttc,2018,24,t1000,K,1.6569350651084227,0.7867118001630762,365
climode,ClimODE-style adapter,sphere_ttc,2018,24,u50,m s^-1,2.8100330897822676,0.9374869063058897,365
climode,ClimODE-style adapter,sphere_ttc,2018,24,u100,m s^-1,3.6446673100928564,0.8561101716575934,365
climode,ClimODE-style adapter,sphere_ttc,2018,24,u200,m s^-1,6.349914315750076,0.831730404174102,365
climode,ClimODE-style adapter,sphere_ttc,2018,24,u300,m s^-1,6.942891090876377,0.8028468892326542,365
climode,ClimODE-style adapter,sphere_ttc,2018,24,u500,m s^-1,4.69806975050857,0.81189986519693,365
climode,ClimODE-style adapter,sphere_ttc,2018,24,u700,m s^-1,3.699149314187979,0.7978440306564336,365
climode,ClimODE-style adapter,sphere_ttc,2018,24,u850,m s^-1,3.5314539839001307,0.7514233754956642,365
climode,ClimODE-style adapter,sphere_ttc,2018,24,u925,m s^-1,3.5328787554697954,0.7298166145055612,365
climode,ClimODE-style adapter,sphere_ttc,2018,24,u1000,m s^-1,2.7867355786078196,0.7250155419812382,365
climode,ClimODE-style adapter,sphere_ttc,2018,24,v50,m s^-1,2.603105801843695,0.8448889652068541,365
climode,ClimODE-style adapter,sphere_ttc,2018,24,v100,m s^-1,3.5862751988482464,0.8200235523621733,365
climode,ClimODE-style adapter,sphere_ttc,2018,24,v200,m s^-1,6.612533383460887,0.7949077288221919,365
climode,ClimODE-style adapter,sphere_ttc,2018,24,v300,m s^-1,7.127335387658406,0.7764931882494653,365
climode,ClimODE-style adapter,sphere_ttc,2018,24,v500,m s^-1,4.717357492532641,0.7812237411889791,365
climode,ClimODE-style adapter,sphere_ttc,2018,24,v700,m s^-1,3.6653975727123234,0.7532683012606757,365
climode,ClimODE-style adapter,sphere_ttc,2018,24,v850,m s^-1,3.485431114457339,0.70093229644974,365
climode,ClimODE-style adapter,sphere_ttc,2018,24,v925,m s^-1,3.5794357791478193,0.6929768406908383,365
climode,ClimODE-style adapter,sphere_ttc,2018,24,v1000,m s^-1,2.8810375049682295,0.6969510559618688,365
climode,ClimODE-style adapter,sphere_ttc,2018,24,u10,m s^-1,2.486366890484797,0.721350456590883,365
climode,ClimODE-style adapter,sphere_ttc,2018,24,v10,m s^-1,2.537421607442438,0.6949909227475842,365
climode,ClimODE-style adapter,sphere_ttc,2018,24,t2m,K,1.5217510934041971,0.8026119403461496,365
climode,ClimODE-style adapter,sphere_ttc,2018,24,mslp,Pa,385.5942431285821,0.8279157842066167,365
climode,ClimODE-style adapter,sphere_ttc,2018,72,z50,m^2 s^-2,777.4872645193142,0.6935574360367168,365
climode,ClimODE-style adapter,sphere_ttc,2018,72,z100,m^2 s^-2,737.6267486567336,0.6086676818299555,365
climode,ClimODE-style adapter,sphere_ttc,2018,72,z200,m^2 s^-2,908.0363166259617,0.5120280943117482,365
climode,ClimODE-style adapter,sphere_ttc,2018,72,z300,m^2 s^-2,955.6385629586631,0.4819068664130279,365
climode,ClimODE-style adapter,sphere_ttc,2018,72,z500,m^2 s^-2,701.8146551535926,0.4869240089076988,365
climode,ClimODE-style adapter,sphere_ttc,2018,72,z700,m^2 s^-2,542.9157547730789,0.4661732609908868,365
climode,ClimODE-style adapter,sphere_ttc,2018,72,z850,m^2 s^-2,495.70308683692656,0.42652079444785335,365
climode,ClimODE-style adapter,sphere_ttc,2018,72,z925,m^2 s^-2,498.1532763841469,0.40270733749465887,365
climode,ClimODE-style adapter,sphere_ttc,2018,72,z1000,m^2 s^-2,513.7412765066126,0.3817476309311056,365
climode,ClimODE-style adapter,sphere_ttc,2018,72,q50,kg kg^-1,1.0293114312705447e-07,0.648958604615048,365
climode,ClimODE-style adapter,sphere_ttc,2018,72,q100,kg kg^-1,3.688964956130817e-07,0.43706312036171124,365
climode,ClimODE-style adapter,sphere_ttc,2018,72,q200,kg kg^-1,1.4165142124171817e-05,0.2532860690101452,365
climode,ClimODE-style adapter,sphere_ttc,2018,72,q300,kg kg^-1,0.00012471799018089964,0.24632242781730365,365
climode,ClimODE-style adapter,sphere_ttc,2018,72,q500,kg kg^-1,0.0007895866918513181,0.28585463386889187,365
climode,ClimODE-style adapter,sphere_ttc,2018,72,q700,kg kg^-1,0.001538329483999634,0.2678500222505273,365
climode,ClimODE-style adapter,sphere_ttc,2018,72,q850,kg kg^-1,0.0017771201398475084,0.2387848645675034,365
climode,ClimODE-style adapter,sphere_ttc,2018,72,q925,kg kg^-1,0.0014290284154029975,0.2915215105239073,365
climode,ClimODE-style adapter,sphere_ttc,2018,72,q1000,kg kg^-1,0.00144126503546061,0.3273982207197941,365
climode,ClimODE-style adapter,sphere_ttc,2018,72,t50,K,2.32733669467192,0.6642428565773862,365
climode,ClimODE-style adapter,sphere_ttc,2018,72,t100,K,2.609578495196686,0.5598217069806717,365
climode,ClimODE-style adapter,sphere_ttc,2018,72,t200,K,3.1740788354284177,0.4151665469591368,365
climode,ClimODE-style adapter,sphere_ttc,2018,72,t300,K,2.35452773835569,0.35636320763384877,365
climode,ClimODE-style adapter,sphere_ttc,2018,72,t500,K,2.8970835741918055,0.35997395476146815,365
climode,ClimODE-style adapter,sphere_ttc,2018,72,t700,K,2.9287000583361467,0.38102744008361117,365
climode,ClimODE-style adapter,sphere_ttc,2018,72,t850,K,3.154493102502029,0.3806115022047301,365
climode,ClimODE-style adapter,sphere_ttc,2018,72,t925,K,2.9431282560025624,0.3834270268103865,365
climode,ClimODE-style adapter,sphere_ttc,2018,72,t1000,K,2.586296797387666,0.41694166181341696,365
climode,ClimODE-style adapter,sphere_ttc,2018,72,u50,m s^-1,4.927752260771314,0.7996513169408984,365
climode,ClimODE-style adapter,sphere_ttc,2018,72,u100,m s^-1,6.2249189516046215,0.5180369498290404,365
climode,ClimODE-style adapter,sphere_ttc,2018,72,u200,m s^-1,10.522224338853272,0.4432723954529025,365
climode,ClimODE-style adapter,sphere_ttc,2018,72,u300,m s^-1,10.862092197605396,0.4068609054503195,365
climode,ClimODE-style adapter,sphere_ttc,2018,72,u500,m s^-1,7.501809787564172,0.4087349191583211,365
climode,ClimODE-style adapter,sphere_ttc,2018,72,u700,m s^-1,5.81410733894884,0.3885964874619503,365
climode,ClimODE-style adapter,sphere_ttc,2018,72,u850,m s^-1,5.233005646714501,0.3335978911479975,365
climode,ClimODE-style adapter,sphere_ttc,2018,72,u925,m s^-1,5.135275083074068,0.3018724590163806,365
climode,ClimODE-style adapter,sphere_ttc,2018,72,u1000,m s^-1,4.048996183266238,0.29336453803600404,365
climode,ClimODE-style adapter,sphere_ttc,2018,72,v50,m s^-1,4.4206528472441455,0.4573542571302563,365
climode,ClimODE-style adapter,sphere_ttc,2018,72,v100,m s^-1,6.072969823433871,0.3364913862663848,365
climode,ClimODE-style adapter,sphere_ttc,2018,72,v200,m s^-1,10.697102020751418,0.2689464734933876,365
climode,ClimODE-style adapter,sphere_ttc,2018,72,v300,m s^-1,11.007945278924627,0.2610506297952625,365
climode,ClimODE-style adapter,sphere_ttc,2018,72,v500,m s^-1,7.394466030355876,0.26422149839223297,365
climode,ClimODE-style adapter,sphere_ttc,2018,72,v700,m s^-1,5.575164186895503,0.23705165114826382,365
climode,ClimODE-style adapter,sphere_ttc,2018,72,v850,m s^-1,4.998578608460482,0.1939699026588747,365
climode,ClimODE-style adapter,sphere_ttc,2018,72,v925,m s^-1,5.095222249738322,0.18434504655681247,365
climode,ClimODE-style adapter,sphere_ttc,2018,72,v1000,m s^-1,4.134720856980605,0.1873984689098319,365
climode,ClimODE-style adapter,sphere_ttc,2018,72,u10,m s^-1,3.593576010331349,0.2920217799927809,365
climode,ClimODE-style adapter,sphere_ttc,2018,72,v10,m s^-1,3.63491349156744,0.1876723706895095,365
climode,ClimODE-style adapter,sphere_ttc,2018,72,t2m,K,2.41112347825507,0.46574951021826494,365
climode,ClimODE-style adapter,sphere_ttc,2018,72,mslp,Pa,652.0373143053819,0.3798955772443307,365
climode,ClimODE-style adapter,sphere_ttc,2018,120,z50,m^2 s^-2,919.578551496051,0.537492137557466,365
climode,ClimODE-style adapter,sphere_ttc,2018,120,z100,m^2 s^-2,835.9939519858079,0.4455930882962444,365
climode,ClimODE-style adapter,sphere_ttc,2018,120,z200,m^2 s^-2,999.848198324016,0.33883440079997384,365
climode,ClimODE-style adapter,sphere_ttc,2018,120,z300,m^2 s^-2,1041.0955513731874,0.31018504993692647,365
climode,ClimODE-style adapter,sphere_ttc,2018,120,z500,m^2 s^-2,766.8308575175466,0.3071606086837783,365
climode,ClimODE-style adapter,sphere_ttc,2018,120,z700,m^2 s^-2,587.0293175743276,0.29663364135033315,365
climode,ClimODE-style adapter,sphere_ttc,2018,120,z850,m^2 s^-2,526.2711027070749,0.2733422212623141,365
climode,ClimODE-style adapter,sphere_ttc,2018,120,z925,m^2 s^-2,524.5468270815961,0.25496794589599875,365
climode,ClimODE-style adapter,sphere_ttc,2018,120,z1000,m^2 s^-2,537.6170783608027,0.23771673609669755,365
climode,ClimODE-style adapter,sphere_ttc,2018,120,q50,kg kg^-1,1.0860975189847648e-07,0.6242972906149555,365
climode,ClimODE-style adapter,sphere_ttc,2018,120,q100,kg kg^-1,3.8136342248526935e-07,0.33814881744201447,365
climode,ClimODE-style adapter,sphere_ttc,2018,120,q200,kg kg^-1,1.3974543598659933e-05,0.19843481669409552,365
climode,ClimODE-style adapter,sphere_ttc,2018,120,q300,kg kg^-1,0.00012150093820977511,0.19858990968155074,365
climode,ClimODE-style adapter,sphere_ttc,2018,120,q500,kg kg^-1,0.0007695167694538778,0.23121842287495142,365
climode,ClimODE-style adapter,sphere_ttc,2018,120,q700,kg kg^-1,0.001496740880372558,0.21812842120751333,365
climode,ClimODE-style adapter,sphere_ttc,2018,120,q850,kg kg^-1,0.001726462027098022,0.20031321194116883,365
climode,ClimODE-style adapter,sphere_ttc,2018,120,q925,kg kg^-1,0.001473898083389101,0.21000113252457095,365
climode,ClimODE-style adapter,sphere_ttc,2018,120,q1000,kg kg^-1,0.0015132994958750071,0.22749182435602416,365
climode,ClimODE-style adapter,sphere_ttc,2018,120,t50,K,2.661741403252118,0.5429874126142925,365
climode,ClimODE-style adapter,sphere_ttc,2018,120,t100,K,2.9198526385510344,0.41782827966916675,365
climode,ClimODE-style adapter,sphere_ttc,2018,120,t200,K,3.3221293068644746,0.2977210682491019,365
climode,ClimODE-style adapter,sphere_ttc,2018,120,t300,K,2.471133698324697,0.23926411614181636,365
climode,ClimODE-style adapter,sphere_ttc,2018,120,t500,K,3.058266586243236,0.2234515929918607,365
climode,ClimODE-style adapter,sphere_ttc,2018,120,t700,K,3.1187400573292163,0.23684195977677458,365
climode,ClimODE-style adapter,sphere_ttc,2018,120,t850,K,3.362398349767727,0.242155982977325,365
climode,ClimODE-style adapter,sphere_ttc,2018,120,t925,K,3.14360979748747,0.25422700447488844,365
climode,ClimODE-style adapter,sphere_ttc,2018,120,t1000,K,2.7978172001482613,0.29052472167020077,365
climode,ClimODE-style adapter,sphere_ttc,2018,120,u50,m s^-1,5.558197158868256,0.7383493408015085,365
climode,ClimODE-style adapter,sphere_ttc,2018,120,u100,m s^-1,6.8031066983002875,0.35957787617764003,365
climode,ClimODE-style adapter,sphere_ttc,2018,120,u200,m s^-1,11.009007570387285,0.31634311182050134,365
climode,ClimODE-style adapter,sphere_ttc,2018,120,u300,m s^-1,11.212474118401788,0.2897733644845722,365
climode,ClimODE-style adapter,sphere_ttc,2018,120,u500,m s^-1,7.775440578515042,0.2803875551703835,365
climode,ClimODE-style adapter,sphere_ttc,2018,120,u700,m s^-1,5.992701062381326,0.26156964843757996,365
climode,ClimODE-style adapter,sphere_ttc,2018,120,u850,m s^-1,5.299026120162581,0.22855264311484982,365
climode,ClimODE-style adapter,sphere_ttc,2018,120,u925,m s^-1,5.158951423351517,0.2070040402929427,365
climode,ClimODE-style adapter,sphere_ttc,2018,120,u1000,m s^-1,4.066982387550369,0.1984985112981694,365
climode,ClimODE-style adapter,sphere_ttc,2018,120,v50,m s^-1,4.627155242996283,0.31926364044318034,365
climode,ClimODE-style adapter,sphere_ttc,2018,120,v100,m s^-1,6.170041075225244,0.212885427231631,365
climode,ClimODE-style adapter,sphere_ttc,2018,120,v200,m s^-1,10.749737726459214,0.15983607247182002,365
climode,ClimODE-style adapter,sphere_ttc,2018,120,v300,m s^-1,11.046598000442536,0.16112972567408063,365
climode,ClimODE-style adapter,sphere_ttc,2018,120,v500,m s^-1,7.412443345259241,0.16264642156761377,365
climode,ClimODE-style adapter,sphere_ttc,2018,120,v700,m s^-1,5.5450318329049315,0.1437558195355076,365
climode,ClimODE-style adapter,sphere_ttc,2018,120,v850,m s^-1,4.917141985556302,0.1266819796139273,365
climode,ClimODE-style adapter,sphere_ttc,2018,120,v925,m s^-1,5.003278730110976,0.1282761392695534,365
climode,ClimODE-style adapter,sphere_ttc,2018,120,v1000,m s^-1,4.063931697124692,0.1321968428848859,365
climode,ClimODE-style adapter,sphere_ttc,2018,120,u10,m s^-1,3.610379422255397,0.19836421943218613,365
climode,ClimODE-style adapter,sphere_ttc,2018,120,v10,m s^-1,3.5762273954966504,0.13196425774903572,365
climode,ClimODE-style adapter,sphere_ttc,2018,120,t2m,K,2.6606370031961957,0.33203914215929514,365
climode,ClimODE-style adapter,sphere_ttc,2018,120,mslp,Pa,683.1948008869097,0.23249836035223242,365
climode,ClimODE-style adapter,sphere_ttc,2018,168,z50,m^2 s^-2,1003.3164089350659,0.4446368995506649,365
climode,ClimODE-style adapter,sphere_ttc,2018,168,z100,m^2 s^-2,889.6792956699823,0.36006500157437465,365
climode,ClimODE-style adapter,sphere_ttc,2018,168,z200,m^2 s^-2,1041.4121207803466,0.251823968121276,365
climode,ClimODE-style adapter,sphere_ttc,2018,168,z300,m^2 s^-2,1081.00441664286,0.21546554797689468,365
climode,ClimODE-style adapter,sphere_ttc,2018,168,z500,m^2 s^-2,794.6879977064144,0.21787387328705315,365
climode,ClimODE-style adapter,sphere_ttc,2018,168,z700,m^2 s^-2,606.2281233519344,0.21055600448872888,365
climode,ClimODE-style adapter,sphere_ttc,2018,168,z850,m^2 s^-2,541.8561614885916,0.1933705402666225,365
climode,ClimODE-style adapter,sphere_ttc,2018,168,z925,m^2 s^-2,539.2105504158784,0.17918753212374755,365
climode,ClimODE-style adapter,sphere_ttc,2018,168,z1000,m^2 s^-2,555.1150350902227,0.1583863293095798,365
climode,ClimODE-style adapter,sphere_ttc,2018,168,q50,kg kg^-1,1.1326077356275227e-07,0.5741958920097512,365
climode,ClimODE-style adapter,sphere_ttc,2018,168,q100,kg kg^-1,4.1380449780577473e-07,0.243063261894637,365
climode,ClimODE-style adapter,sphere_ttc,2018,168,q200,kg kg^-1,1.51486299507929e-05,0.12572209234773873,365
climode,ClimODE-style adapter,sphere_ttc,2018,168,q300,kg kg^-1,0.00012905093915914484,0.12957375356470882,365
climode,ClimODE-style adapter,sphere_ttc,2018,168,q500,kg kg^-1,0.0008346507427540378,0.14345976739607452,365
climode,ClimODE-style adapter,sphere_ttc,2018,168,q700,kg kg^-1,0.0016410115434147435,0.13398580298567567,365
climode,ClimODE-style adapter,sphere_ttc,2018,168,q850,kg kg^-1,0.0018757514790951118,0.13063938914392229,365
climode,ClimODE-style adapter,sphere_ttc,2018,168,q925,kg kg^-1,0.0015315397974710197,0.15966492790879425,365
climode,ClimODE-style adapter,sphere_ttc,2018,168,q1000,kg kg^-1,0.0015791177268926605,0.16787521793826998,365
climode,ClimODE-style adapter,sphere_ttc,2018,168,t50,K,2.863934630890227,0.4689152427633219,365
climode,ClimODE-style adapter,sphere_ttc,2018,168,t100,K,3.102577548982658,0.33394672642394035,365
climode,ClimODE-style adapter,sphere_ttc,2018,168,t200,K,3.4516506111174294,0.22255278189734676,365
climode,ClimODE-style adapter,sphere_ttc,2018,168,t300,K,2.5306109192749817,0.18895737339019436,365
climode,ClimODE-style adapter,sphere_ttc,2018,168,t500,K,3.1511985735999626,0.15260894196299,365
climode,ClimODE-style adapter,sphere_ttc,2018,168,t700,K,3.2215819673203963,0.15922770497354577,365
climode,ClimODE-style adapter,sphere_ttc,2018,168,t850,K,3.4808539703740635,0.1622918844276853,365
climode,ClimODE-style adapter,sphere_ttc,2018,168,t925,K,3.2692675426370186,0.17534413565649412,365
climode,ClimODE-style adapter,sphere_ttc,2018,168,t1000,K,2.9382906459839537,0.2146497517343581,365
climode,ClimODE-style adapter,sphere_ttc,2018,168,u50,m s^-1,5.906457909147628,0.7032724627403742,365
climode,ClimODE-style adapter,sphere_ttc,2018,168,u100,m s^-1,7.23328609087901,0.25345168343806074,365
climode,ClimODE-style adapter,sphere_ttc,2018,168,u200,m s^-1,11.53209006982509,0.22632914714771707,365
climode,ClimODE-style adapter,sphere_ttc,2018,168,u300,m s^-1,11.680235133496755,0.20357734348829643,365
climode,ClimODE-style adapter,sphere_ttc,2018,168,u500,m s^-1,8.086878777531247,0.1935112089864691,365
climode,ClimODE-style adapter,sphere_ttc,2018,168,u700,m s^-1,6.240264200835265,0.1761963921995025,365
climode,ClimODE-style adapter,sphere_ttc,2018,168,u850,m s^-1,5.508032779081892,0.15271168826074577,365
climode,ClimODE-style adapter,sphere_ttc,2018,168,u925,m s^-1,5.362963050758362,0.1358190653554569,365
climode,ClimODE-style adapter,sphere_ttc,2018,168,u1000,m s^-1,4.244294265409305,0.12727527293538587,365
climode,ClimODE-style adapter,sphere_ttc,2018,168,v50,m s^-1,4.889431214039129,0.21489769221656985,365
climode,ClimODE-style adapter,sphere_ttc,2018,168,v100,m s^-1,6.377337990743577,0.14013190930875222,365
climode,ClimODE-style adapter,sphere_ttc,2018,168,v200,m s^-1,10.955741867452781,0.11420701299588291,365
climode,ClimODE-style adapter,sphere_ttc,2018,168,v300,m s^-1,11.233045872040057,0.115097398070329,365
climode,ClimODE-style adapter,sphere_ttc,2018,168,v500,m s^-1,7.547009209331798,0.11421933211019862,365
climode,ClimODE-style adapter,sphere_ttc,2018,168,v700,m s^-1,5.664266893103738,0.09896587113880641,365
climode,ClimODE-style adapter,sphere_ttc,2018,168,v850,m s^-1,5.03609345863704,0.0861519740407187,365
climode,ClimODE-style adapter,sphere_ttc,2018,168,v925,m s^-1,5.131121862965259,0.0882704198186383,365
climode,ClimODE-style adapter,sphere_ttc,2018,168,v1000,m s^-1,4.181538229737662,0.08996373546386156,365
climode,ClimODE-style adapter,sphere_ttc,2018,168,u10,m s^-1,3.7709673817550033,0.12979356264273445,365
climode,ClimODE-style adapter,sphere_ttc,2018,168,v10,m s^-1,3.6812225895099444,0.09075590439708339,365
climode,ClimODE-style adapter,sphere_ttc,2018,168,t2m,K,2.8370198948220278,0.2512278787791212,365
climode,ClimODE-style adapter,sphere_ttc,2018,168,mslp,Pa,706.6560913958425,0.15088315217709186,365
climode,ClimODE-style adapter,sphere_ttc,2018,240,z50,m^2 s^-2,1091.111102232208,0.33025592150410515,365
climode,ClimODE-style adapter,sphere_ttc,2018,240,z100,m^2 s^-2,945.7243071151831,0.250988893740417,365
climode,ClimODE-style adapter,sphere_ttc,2018,240,z200,m^2 s^-2,1068.235698813318,0.1812700558323016,365
climode,ClimODE-style adapter,sphere_ttc,2018,240,z300,m^2 s^-2,1101.3039640502873,0.1569094309856845,365
climode,ClimODE-style adapter,sphere_ttc,2018,240,z500,m^2 s^-2,814.0888293601879,0.14479975711019147,365
climode,ClimODE-style adapter,sphere_ttc,2018,240,z700,m^2 s^-2,616.4110779994787,0.1499489713578116,365
climode,ClimODE-style adapter,sphere_ttc,2018,240,z850,m^2 s^-2,548.1793844562272,0.1402771956136855,365
climode,ClimODE-style adapter,sphere_ttc,2018,240,z925,m^2 s^-2,543.2667817053166,0.1298999248029588,365
climode,ClimODE-style adapter,sphere_ttc,2018,240,z1000,m^2 s^-2,556.8008364279976,0.11393789875630297,365
climode,ClimODE-style adapter,sphere_ttc,2018,240,q50,kg kg^-1,1.2040692289039003e-07,0.5374159639896409,365
climode,ClimODE-style adapter,sphere_ttc,2018,240,q100,kg kg^-1,4.196130943184064e-07,0.17401993768571086,365
climode,ClimODE-style adapter,sphere_ttc,2018,240,q200,kg kg^-1,1.4444995834307124e-05,0.10975447405479334,365
climode,ClimODE-style adapter,sphere_ttc,2018,240,q300,kg kg^-1,0.00012383745410585092,0.12588443840283314,365
climode,ClimODE-style adapter,sphere_ttc,2018,240,q500,kg kg^-1,0.0007928654504208297,0.1444320781388221,365
climode,ClimODE-style adapter,sphere_ttc,2018,240,q700,kg kg^-1,0.001551635762900866,0.1325781272565948,365
climode,ClimODE-style adapter,sphere_ttc,2018,240,q850,kg kg^-1,0.001803725441418706,0.12271726108008653,365
climode,ClimODE-style adapter,sphere_ttc,2018,240,q925,kg kg^-1,0.001548791863643101,0.13129622015685988,365
climode,ClimODE-style adapter,sphere_ttc,2018,240,q1000,kg kg^-1,0.0016092006458865793,0.13523929673669352,365
climode,ClimODE-style adapter,sphere_ttc,2018,240,t50,K,3.0852426779726287,0.3756748356378125,365
climode,ClimODE-style adapter,sphere_ttc,2018,240,t100,K,3.276239732081232,0.2404410229674697,365
climode,ClimODE-style adapter,sphere_ttc,2018,240,t200,K,3.466217424110832,0.1851859748885198,365
climode,ClimODE-style adapter,sphere_ttc,2018,240,t300,K,2.5668499358715686,0.14731533020086318,365
climode,ClimODE-style adapter,sphere_ttc,2018,240,t500,K,3.1886533877465526,0.11602458516656987,365
climode,ClimODE-style adapter,sphere_ttc,2018,240,t700,K,3.287687652595334,0.11047582868086894,365
climode,ClimODE-style adapter,sphere_ttc,2018,240,t850,K,3.5600436990412403,0.11299442389483973,365
climode,ClimODE-style adapter,sphere_ttc,2018,240,t925,K,3.3515758342753563,0.12800073326178385,365
climode,ClimODE-style adapter,sphere_ttc,2018,240,t1000,K,3.039123294680456,0.17159318420141093,365
climode,ClimODE-style adapter,sphere_ttc,2018,240,u50,m s^-1,6.141922397519364,0.6768114604930809,365
climode,ClimODE-style adapter,sphere_ttc,2018,240,u100,m s^-1,7.418312627256242,0.17151378450861235,365
climode,ClimODE-style adapter,sphere_ttc,2018,240,u200,m s^-1,11.613465856278129,0.16494884380590896,365
climode,ClimODE-style adapter,sphere_ttc,2018,240,u300,m s^-1,11.67167100014735,0.15874004086334442,365
climode,ClimODE-style adapter,sphere_ttc,2018,240,u500,m s^-1,8.081309708430258,0.1506652718962271,365
climode,ClimODE-style adapter,sphere_ttc,2018,240,u700,m s^-1,6.208855293798623,0.1411150115973949,365
climode,ClimODE-style adapter,sphere_ttc,2018,240,u850,m s^-1,5.465296413731319,0.12066441340631463,365
climode,ClimODE-style adapter,sphere_ttc,2018,240,u925,m s^-1,5.299504189015294,0.11124692523498886,365
climode,ClimODE-style adapter,sphere_ttc,2018,240,u1000,m s^-1,4.188664865712141,0.1038746475524612,365
climode,ClimODE-style adapter,sphere_ttc,2018,240,v50,m s^-1,4.914537054835428,0.14045362729627897,365
climode,ClimODE-style adapter,sphere_ttc,2018,240,v100,m s^-1,6.333759926114382,0.10949525746873928,365
climode,ClimODE-style adapter,sphere_ttc,2018,240,v200,m s^-1,10.84740373907284,0.10438742887230253,365
climode,ClimODE-style adapter,sphere_ttc,2018,240,v300,m s^-1,11.131986178703329,0.11286135687814763,365
climode,ClimODE-style adapter,sphere_ttc,2018,240,v500,m s^-1,7.485814355690886,0.10702030640745526,365
climode,ClimODE-style adapter,sphere_ttc,2018,240,v700,m s^-1,5.603160426009748,0.09006039229933661,365
climode,ClimODE-style adapter,sphere_ttc,2018,240,v850,m s^-1,4.9653284200681975,0.08112118946057603,365
climode,ClimODE-style adapter,sphere_ttc,2018,240,v925,m s^-1,5.04597382433798,0.08901615539068769,365
climode,ClimODE-style adapter,sphere_ttc,2018,240,v1000,m s^-1,4.10731814091973,0.09126116175597038,365
climode,ClimODE-style adapter,sphere_ttc,2018,240,u10,m s^-1,3.7224047944559793,0.10558672635073678,365
climode,ClimODE-style adapter,sphere_ttc,2018,240,v10,m s^-1,3.6157921299656937,0.09046193021376707,365
climode,ClimODE-style adapter,sphere_ttc,2018,240,t2m,K,2.973433759041108,0.1947487305629854,365
climode,ClimODE-style adapter,sphere_ttc,2018,240,mslp,Pa,708.8634894399337,0.10582875340175252,365
climode,ClimODE-style adapter,sphere_ttc,2019,24,z50,m^2 s^-2,343.26786342374584,0.9611369624951017,365
climode,ClimODE-style adapter,sphere_ttc,2019,24,z100,m^2 s^-2,358.0897417288315,0.9338651808675295,365
climode,ClimODE-style adapter,sphere_ttc,2019,24,z200,m^2 s^-2,473.8246069764316,0.8967176070342303,365
climode,ClimODE-style adapter,sphere_ttc,2019,24,z300,m^2 s^-2,517.346809807648,0.8795008140975296,365
climode,ClimODE-style adapter,sphere_ttc,2019,24,z500,m^2 s^-2,381.11620215655074,0.8782035651959956,365
climode,ClimODE-style adapter,sphere_ttc,2019,24,z700,m^2 s^-2,302.7495073339091,0.8677386126536375,365
climode,ClimODE-style adapter,sphere_ttc,2019,24,z850,m^2 s^-2,286.9182913622558,0.8474697166183106,365
climode,ClimODE-style adapter,sphere_ttc,2019,24,z925,m^2 s^-2,292.30409518965075,0.8371843873709761,365
climode,ClimODE-style adapter,sphere_ttc,2019,24,z1000,m^2 s^-2,302.9969988004933,0.8299113789140732,365
climode,ClimODE-style adapter,sphere_ttc,2019,24,q50,kg kg^-1,7.097639865986983e-08,0.8542115097114475,365
climode,ClimODE-style adapter,sphere_ttc,2019,24,q100,kg kg^-1,2.585428563279117e-07,0.754775732964396,365
climode,ClimODE-style adapter,sphere_ttc,2019,24,q200,kg kg^-1,1.1299447285478261e-05,0.6368531178608658,365
climode,ClimODE-style adapter,sphere_ttc,2019,24,q300,kg kg^-1,9.662304680619187e-05,0.6407992179945745,365
climode,ClimODE-style adapter,sphere_ttc,2019,24,q500,kg kg^-1,0.000569264038902231,0.6857315000745191,365
climode,ClimODE-style adapter,sphere_ttc,2019,24,q700,kg kg^-1,0.0010917274891815015,0.6784525752742694,365
climode,ClimODE-style adapter,sphere_ttc,2019,24,q850,kg kg^-1,0.0012994703356037749,0.648669935573339,365
climode,ClimODE-style adapter,sphere_ttc,2019,24,q925,kg kg^-1,0.0010471340617331788,0.6853954985712971,365
climode,ClimODE-style adapter,sphere_ttc,2019,24,q1000,kg kg^-1,0.000969278044526333,0.7433860097358227,365
climode,ClimODE-style adapter,sphere_ttc,2019,24,t50,K,1.2511473781320268,0.9438087704209391,365
climode,ClimODE-style adapter,sphere_ttc,2019,24,t100,K,1.504060465044068,0.8951302671963246,365
climode,ClimODE-style adapter,sphere_ttc,2019,24,t200,K,2.0743017084754785,0.8180876892718602,365
climode,ClimODE-style adapter,sphere_ttc,2019,24,t300,K,1.59729497074893,0.7702781481876818,365
climode,ClimODE-style adapter,sphere_ttc,2019,24,t500,K,1.825064164671365,0.7906442336971616,365
climode,ClimODE-style adapter,sphere_ttc,2019,24,t700,K,1.8231113038588138,0.7990910404988288,365
climode,ClimODE-style adapter,sphere_ttc,2019,24,t850,K,1.9841696519279763,0.7966379754142858,365
climode,ClimODE-style adapter,sphere_ttc,2019,24,t925,K,1.8840239185027272,0.783980217487734,365
climode,ClimODE-style adapter,sphere_ttc,2019,24,t1000,K,1.6602716799436212,0.7854441515247477,365
climode,ClimODE-style adapter,sphere_ttc,2019,24,u50,m s^-1,2.7736561548033842,0.9281670827898785,365
climode,ClimODE-style adapter,sphere_ttc,2019,24,u100,m s^-1,3.67833928369431,0.8642075273107199,365
climode,ClimODE-style adapter,sphere_ttc,2019,24,u200,m s^-1,6.320813843768167,0.8277661932371527,365
climode,ClimODE-style adapter,sphere_ttc,2019,24,u300,m s^-1,6.934513778525694,0.7950941717231441,365
climode,ClimODE-style adapter,sphere_ttc,2019,24,u500,m s^-1,4.687534794647814,0.8028263662857346,365
climode,ClimODE-style adapter,sphere_ttc,2019,24,u700,m s^-1,3.7037707927289643,0.7892102727514174,365
climode,ClimODE-style adapter,sphere_ttc,2019,24,u850,m s^-1,3.5232503399538952,0.7446243617476015,365
climode,ClimODE-style adapter,sphere_ttc,2019,24,u925,m s^-1,3.518088288857568,0.7239114799164804,365
climode,ClimODE-style adapter,sphere_ttc,2019,24,u1000,m s^-1,2.774504479687209,0.7212783307167944,365
climode,ClimODE-style adapter,sphere_ttc,2019,24,v50,m s^-1,2.468394185541905,0.8451442592337843,365
climode,ClimODE-style adapter,sphere_ttc,2019,24,v100,m s^-1,3.609515892255501,0.8203825993548528,365
climode,ClimODE-style adapter,sphere_ttc,2019,24,v200,m s^-1,6.62597626064211,0.8031135284030693,365
climode,ClimODE-style adapter,sphere_ttc,2019,24,v300,m s^-1,7.149229353370735,0.7817811230757878,365
climode,ClimODE-style adapter,sphere_ttc,2019,24,v500,m s^-1,4.75375103551928,0.7855772554087999,365
climode,ClimODE-style adapter,sphere_ttc,2019,24,v700,m s^-1,3.7016942484230957,0.7592532251787111,365
climode,ClimODE-style adapter,sphere_ttc,2019,24,v850,m s^-1,3.5160540478092908,0.706590419274218,365
climode,ClimODE-style adapter,sphere_ttc,2019,24,v925,m s^-1,3.6096826094362924,0.6973906512057986,365
climode,ClimODE-style adapter,sphere_ttc,2019,24,v1000,m s^-1,2.904403005444415,0.6996301058861885,365
climode,ClimODE-style adapter,sphere_ttc,2019,24,u10,m s^-1,2.4791501233463156,0.719241705879773,365
climode,ClimODE-style adapter,sphere_ttc,2019,24,v10,m s^-1,2.558621813636059,0.6967425938682126,365
climode,ClimODE-style adapter,sphere_ttc,2019,24,t2m,K,1.5232700185359942,0.8005391365920371,365
climode,ClimODE-style adapter,sphere_ttc,2019,24,mslp,Pa,384.52582696228274,0.8285667447865317,365
climode,ClimODE-style adapter,sphere_ttc,2019,72,z50,m^2 s^-2,714.8145980825024,0.8190150276145438,365
climode,ClimODE-style adapter,sphere_ttc,2019,72,z100,m^2 s^-2,716.2943768078703,0.7061974330759271,365
climode,ClimODE-style adapter,sphere_ttc,2019,72,z200,m^2 s^-2,903.7979609377338,0.5472056326264159,365
climode,ClimODE-style adapter,sphere_ttc,2019,72,z300,m^2 s^-2,948.0898751180554,0.49999048044508015,365
climode,ClimODE-style adapter,sphere_ttc,2019,72,z500,m^2 s^-2,696.2330546252022,0.49811261856863737,365
climode,ClimODE-style adapter,sphere_ttc,2019,72,z700,m^2 s^-2,539.112058998437,0.4772391157864967,365
climode,ClimODE-style adapter,sphere_ttc,2019,72,z850,m^2 s^-2,491.64610424941856,0.4374464548633805,365
climode,ClimODE-style adapter,sphere_ttc,2019,72,z925,m^2 s^-2,494.5023732317665,0.4120635770397131,365
climode,ClimODE-style adapter,sphere_ttc,2019,72,z1000,m^2 s^-2,510.27209682644565,0.3922420352739088,365
climode,ClimODE-style adapter,sphere_ttc,2019,72,q50,kg kg^-1,1.1190094717235454e-07,0.6268991334118236,365
climode,ClimODE-style adapter,sphere_ttc,2019,72,q100,kg kg^-1,3.821591176615074e-07,0.445385869108011,365
climode,ClimODE-style adapter,sphere_ttc,2019,72,q200,kg kg^-1,1.497600632541232e-05,0.2845798962870036,365
climode,ClimODE-style adapter,sphere_ttc,2019,72,q300,kg kg^-1,0.00012933373557896775,0.2593049266086339,365
climode,ClimODE-style adapter,sphere_ttc,2019,72,q500,kg kg^-1,0.0008014503414556364,0.29253594947851186,365
climode,ClimODE-style adapter,sphere_ttc,2019,72,q700,kg kg^-1,0.0015566464397879856,0.2689027235890451,365
climode,ClimODE-style adapter,sphere_ttc,2019,72,q850,kg kg^-1,0.0018191644779366751,0.25127392968021967,365
climode,ClimODE-style adapter,sphere_ttc,2019,72,q925,kg kg^-1,0.0014621634538405405,0.32221866390655624,365
climode,ClimODE-style adapter,sphere_ttc,2019,72,q1000,kg kg^-1,0.001455177627683338,0.34399882505728197,365
climode,ClimODE-style adapter,sphere_ttc,2019,72,t50,K,2.202541528220442,0.8147632443401684,365
climode,ClimODE-style adapter,sphere_ttc,2019,72,t100,K,2.5602929669263474,0.6638070653323378,365
climode,ClimODE-style adapter,sphere_ttc,2019,72,t200,K,3.1808615892882743,0.49333423247186764,365
climode,ClimODE-style adapter,sphere_ttc,2019,72,t300,K,2.3951665200347945,0.39566339729666583,365
climode,ClimODE-style adapter,sphere_ttc,2019,72,t500,K,2.866837945973756,0.3686683214473509,365
climode,ClimODE-style adapter,sphere_ttc,2019,72,t700,K,2.9124773120506675,0.3806120557102737,365
climode,ClimODE-style adapter,sphere_ttc,2019,72,t850,K,3.181048379453152,0.3752143078165876,365
climode,ClimODE-style adapter,sphere_ttc,2019,72,t925,K,2.9620112220584955,0.3780340868185967,365
climode,ClimODE-style adapter,sphere_ttc,2019,72,t1000,K,2.595440840441647,0.41358940198987204,365
climode,ClimODE-style adapter,sphere_ttc,2019,72,u50,m s^-1,4.739810014516465,0.7774451552597056,365
climode,ClimODE-style adapter,sphere_ttc,2019,72,u100,m s^-1,6.262923966287536,0.5471329355882462,365
climode,ClimODE-style adapter,sphere_ttc,2019,72,u200,m s^-1,10.419382029612565,0.4320744803158999,365
climode,ClimODE-style adapter,sphere_ttc,2019,72,u300,m s^-1,10.740504158658085,0.39336205947103037,365
climode,ClimODE-style adapter,sphere_ttc,2019,72,u500,m s^-1,7.407155929836174,0.3917857492856177,365
climode,ClimODE-style adapter,sphere_ttc,2019,72,u700,m s^-1,5.7679213474974524,0.37581829204015293,365
climode,ClimODE-style adapter,sphere_ttc,2019,72,u850,m s^-1,5.180617960495637,0.32963311708664356,365
climode,ClimODE-style adapter,sphere_ttc,2019,72,u925,m s^-1,5.074521414382129,0.3024873052853602,365
climode,ClimODE-style adapter,sphere_ttc,2019,72,u1000,m s^-1,4.002892167470922,0.29821762323052853,365
climode,ClimODE-style adapter,sphere_ttc,2019,72,v50,m s^-1,4.1056321443286325,0.48362886347546297,365
climode,ClimODE-style adapter,sphere_ttc,2019,72,v100,m s^-1,6.039132593812144,0.3549591008321641,365
climode,ClimODE-style adapter,sphere_ttc,2019,72,v200,m s^-1,10.736036503674555,0.3025323250371155,365
climode,ClimODE-style adapter,sphere_ttc,2019,72,v300,m s^-1,11.018001443275695,0.28931781850145655,365
climode,ClimODE-style adapter,sphere_ttc,2019,72,v500,m s^-1,7.423967771282931,0.2904128494555642,365
climode,ClimODE-style adapter,sphere_ttc,2019,72,v700,m s^-1,5.602858276421282,0.26701316371075223,365
climode,ClimODE-style adapter,sphere_ttc,2019,72,v850,m s^-1,5.0197660093856875,0.2197580000477318,365
climode,ClimODE-style adapter,sphere_ttc,2019,72,v925,m s^-1,5.108163272027622,0.20973191094197607,365
climode,ClimODE-style adapter,sphere_ttc,2019,72,v1000,m s^-1,4.139950531989709,0.20915629234951624,365
climode,ClimODE-style adapter,sphere_ttc,2019,72,u10,m s^-1,3.5610831565976135,0.299705187110483,365
climode,ClimODE-style adapter,sphere_ttc,2019,72,v10,m s^-1,3.641544701111954,0.20613653996717934,365
climode,ClimODE-style adapter,sphere_ttc,2019,72,t2m,K,2.4131467792246446,0.46171009464748414,365
climode,ClimODE-style adapter,sphere_ttc,2019,72,mslp,Pa,646.2697268855309,0.3922155929086863,365
climode,ClimODE-style adapter,sphere_ttc,2019,120,z50,m^2 s^-2,848.0953301106423,0.7323549193293428,365
climode,ClimODE-style adapter,sphere_ttc,2019,120,z100,m^2 s^-2,818.0855337812739,0.5889645025177215,365
climode,ClimODE-style adapter,sphere_ttc,2019,120,z200,m^2 s^-2,1001.9009955053046,0.3800753129653864,365
climode,ClimODE-style adapter,sphere_ttc,2019,120,z300,m^2 s^-2,1038.0504567968574,0.3284942193088168,365
climode,ClimODE-style adapter,sphere_ttc,2019,120,z500,m^2 s^-2,762.3166887781783,0.32062587450800156,365
climode,ClimODE-style adapter,sphere_ttc,2019,120,z700,m^2 s^-2,583.8750311965691,0.30998922116871575,365
climode,ClimODE-style adapter,sphere_ttc,2019,120,z850,m^2 s^-2,521.9472139357332,0.28934543523919953,365
climode,ClimODE-style adapter,sphere_ttc,2019,120,z925,m^2 s^-2,519.6753121434285,0.27217964373475256,365
climode,ClimODE-style adapter,sphere_ttc,2019,120,z1000,m^2 s^-2,532.016968118911,0.2603221698956145,365
climode,ClimODE-style adapter,sphere_ttc,2019,120,q50,kg kg^-1,1.218570121883751e-07,0.5470623881100946,365
climode,ClimODE-style adapter,sphere_ttc,2019,120,q100,kg kg^-1,3.9366385854137953e-07,0.35609837598555516,365
climode,ClimODE-style adapter,sphere_ttc,2019,120,q200,kg kg^-1,1.4747787891253846e-05,0.23683398699041758,365
climode,ClimODE-style adapter,sphere_ttc,2019,120,q300,kg kg^-1,0.0001261013407748203,0.21111690917376183,365
climode,ClimODE-style adapter,sphere_ttc,2019,120,q500,kg kg^-1,0.0007828279734809775,0.23543822715532414,365
climode,ClimODE-style adapter,sphere_ttc,2019,120,q700,kg kg^-1,0.001517450390020556,0.2151068843668177,365
climode,ClimODE-style adapter,sphere_ttc,2019,120,q850,kg kg^-1,0.001766303152547353,0.21240602232917163,365
climode,ClimODE-style adapter,sphere_ttc,2019,120,q925,kg kg^-1,0.0015118571518165282,0.2428636212599475,365
climode,ClimODE-style adapter,sphere_ttc,2019,120,q1000,kg kg^-1,0.0015371310883483392,0.23963311755995406,365
climode,ClimODE-style adapter,sphere_ttc,2019,120,t50,K,2.591058536225876,0.731372717089555,365
climode,ClimODE-style adapter,sphere_ttc,2019,120,t100,K,2.854444456229454,0.5590235475937104,365
climode,ClimODE-style adapter,sphere_ttc,2019,120,t200,K,3.32144553073801,0.41036041214057295,365
climode,ClimODE-style adapter,sphere_ttc,2019,120,t300,K,2.5235622981349453,0.2786015127377141,365
climode,ClimODE-style adapter,sphere_ttc,2019,120,t500,K,3.040473021893778,0.2252468486893945,365
climode,ClimODE-style adapter,sphere_ttc,2019,120,t700,K,3.0964495430044248,0.24443006245258103,365
climode,ClimODE-style adapter,sphere_ttc,2019,120,t850,K,3.3861464132707204,0.24199371723390684,365
climode,ClimODE-style adapter,sphere_ttc,2019,120,t925,K,3.1640080466343443,0.25125420775869367,365
climode,ClimODE-style adapter,sphere_ttc,2019,120,t1000,K,2.794540565617165,0.29692492362419703,365
climode,ClimODE-style adapter,sphere_ttc,2019,120,u50,m s^-1,5.389310050020389,0.6978817755491509,365
climode,ClimODE-style adapter,sphere_ttc,2019,120,u100,m s^-1,6.819322224472747,0.40473524669179317,365
climode,ClimODE-style adapter,sphere_ttc,2019,120,u200,m s^-1,10.94387519071076,0.2904557317906545,365
climode,ClimODE-style adapter,sphere_ttc,2019,120,u300,m s^-1,11.108426194479284,0.26504600230677894,365
climode,ClimODE-style adapter,sphere_ttc,2019,120,u500,m s^-1,7.676456531526851,0.25390649524910497,365
climode,ClimODE-style adapter,sphere_ttc,2019,120,u700,m s^-1,5.935906538014115,0.2457070233991268,365
climode,ClimODE-style adapter,sphere_ttc,2019,120,u850,m s^-1,5.248191542920734,0.2239374191952956,365
climode,ClimODE-style adapter,sphere_ttc,2019,120,u925,m s^-1,5.0956841666582,0.2101392256887274,365
climode,ClimODE-style adapter,sphere_ttc,2019,120,u1000,m s^-1,4.021432501340654,0.20687988848235433,365
climode,ClimODE-style adapter,sphere_ttc,2019,120,v50,m s^-1,4.29245805316101,0.36181580011268716,365
climode,ClimODE-style adapter,sphere_ttc,2019,120,v100,m s^-1,6.162650990501269,0.2285075390011863,365
climode,ClimODE-style adapter,sphere_ttc,2019,120,v200,m s^-1,10.892331035125236,0.1819497758436406,365
climode,ClimODE-style adapter,sphere_ttc,2019,120,v300,m s^-1,11.139217525218058,0.1820802179248027,365
climode,ClimODE-style adapter,sphere_ttc,2019,120,v500,m s^-1,7.4921618949553626,0.18360101323620606,365
climode,ClimODE-style adapter,sphere_ttc,2019,120,v700,m s^-1,5.6291643680258,0.1594594836092746,365
climode,ClimODE-style adapter,sphere_ttc,2019,120,v850,m s^-1,4.983426032230425,0.13770008564438202,365
climode,ClimODE-style adapter,sphere_ttc,2019,120,v925,m s^-1,5.063042962362628,0.13624675717030477,365
climode,ClimODE-style adapter,sphere_ttc,2019,120,v1000,m s^-1,4.106061836853777,0.1367682931762009,365
climode,ClimODE-style adapter,sphere_ttc,2019,120,u10,m s^-1,3.583955174237053,0.20714125369790545,365
climode,ClimODE-style adapter,sphere_ttc,2019,120,v10,m s^-1,3.6100681795954292,0.13704983701282317,365
climode,ClimODE-style adapter,sphere_ttc,2019,120,t2m,K,2.642885979249796,0.3369146355088271,365
climode,ClimODE-style adapter,sphere_ttc,2019,120,mslp,Pa,673.2012018212398,0.26237524219295666,365
climode,ClimODE-style adapter,sphere_ttc,2019,168,z50,m^2 s^-2,926.2730532043269,0.6731096946302706,365
climode,ClimODE-style adapter,sphere_ttc,2019,168,z100,m^2 s^-2,868.2482121849309,0.5283376620045518,365
climode,ClimODE-style adapter,sphere_ttc,2019,168,z200,m^2 s^-2,1042.3462039572598,0.3024072395918581,365
climode,ClimODE-style adapter,sphere_ttc,2019,168,z300,m^2 s^-2,1074.5187329843286,0.2448651397284306,365
climode,ClimODE-style adapter,sphere_ttc,2019,168,z500,m^2 s^-2,788.517675714618,0.23781054361190093,365
climode,ClimODE-style adapter,sphere_ttc,2019,168,z700,m^2 s^-2,602.5243640984087,0.22716519258254841,365
climode,ClimODE-style adapter,sphere_ttc,2019,168,z850,m^2 s^-2,537.5370201093258,0.21019267370005162,365
climode,ClimODE-style adapter,sphere_ttc,2019,168,z925,m^2 s^-2,534.0216017208031,0.19999961376882666,365
climode,ClimODE-style adapter,sphere_ttc,2019,168,z1000,m^2 s^-2,548.2268187713963,0.18843426094128787,365
climode,ClimODE-style adapter,sphere_ttc,2019,168,q50,kg kg^-1,1.2981366271267856e-07,0.4843998787235874,365
climode,ClimODE-style adapter,sphere_ttc,2019,168,q100,kg kg^-1,4.1771514540447557e-07,0.28456665873433235,365
climode,ClimODE-style adapter,sphere_ttc,2019,168,q200,kg kg^-1,1.6023437181023078e-05,0.16306312888422927,365
climode,ClimODE-style adapter,sphere_ttc,2019,168,q300,kg kg^-1,0.00013360363995878878,0.1491589343517119,365
climode,ClimODE-style adapter,sphere_ttc,2019,168,q500,kg kg^-1,0.0008471501490524156,0.15627897977889582,365
climode,ClimODE-style adapter,sphere_ttc,2019,168,q700,kg kg^-1,0.0016699618988716132,0.13304479845411235,365
climode,ClimODE-style adapter,sphere_ttc,2019,168,q850,kg kg^-1,0.0019255615472551374,0.14526639067508954,365
climode,ClimODE-style adapter,sphere_ttc,2019,168,q925,kg kg^-1,0.0015697598603714128,0.1996955388249464,365
climode,ClimODE-style adapter,sphere_ttc,2019,168,q1000,kg kg^-1,0.001596441261049265,0.19460794071968804,365
climode,ClimODE-style adapter,sphere_ttc,2019,168,t50,K,2.8437197877587437,0.6670025814125811,365
climode,ClimODE-style adapter,sphere_ttc,2019,168,t100,K,3.03372053693362,0.4881806711519704,365
climode,ClimODE-style adapter,sphere_ttc,2019,168,t200,K,3.4452967748750267,0.34693889804714273,365
climode,ClimODE-style adapter,sphere_ttc,2019,168,t300,K,2.5813421968369146,0.23098835431426357,365
climode,ClimODE-style adapter,sphere_ttc,2019,168,t500,K,3.1173553095780138,0.16642449528427056,365
climode,ClimODE-style adapter,sphere_ttc,2019,168,t700,K,3.186143246912534,0.1771868237245564,365
climode,ClimODE-style adapter,sphere_ttc,2019,168,t850,K,3.4787540733001823,0.1769063743060169,365
climode,ClimODE-style adapter,sphere_ttc,2019,168,t925,K,3.266110366042732,0.18579977068786907,365
climode,ClimODE-style adapter,sphere_ttc,2019,168,t1000,K,2.921332713724556,0.23056774375433148,365
climode,ClimODE-style adapter,sphere_ttc,2019,168,u50,m s^-1,5.739034851198147,0.6512496452521487,365
climode,ClimODE-style adapter,sphere_ttc,2019,168,u100,m s^-1,7.196239961082886,0.3149885872534768,365
climode,ClimODE-style adapter,sphere_ttc,2019,168,u200,m s^-1,11.459846036321311,0.20035992693744348,365
climode,ClimODE-style adapter,sphere_ttc,2019,168,u300,m s^-1,11.56200522185088,0.18067729483005654,365
climode,ClimODE-style adapter,sphere_ttc,2019,168,u500,m s^-1,7.977952861114463,0.16799154502723135,365
climode,ClimODE-style adapter,sphere_ttc,2019,168,u700,m s^-1,6.171426367781776,0.16651003053542154,365
climode,ClimODE-style adapter,sphere_ttc,2019,168,u850,m s^-1,5.442681357890343,0.15677685594652993,365
climode,ClimODE-style adapter,sphere_ttc,2019,168,u925,m s^-1,5.290365852056553,0.14577374886201666,365
climode,ClimODE-style adapter,sphere_ttc,2019,168,u1000,m s^-1,4.19035532177551,0.1415074338558795,365
climode,ClimODE-style adapter,sphere_ttc,2019,168,v50,m s^-1,4.525806538856653,0.2558420013465365,365
climode,ClimODE-style adapter,sphere_ttc,2019,168,v100,m s^-1,6.3745091460652725,0.14870403674954372,365
climode,ClimODE-style adapter,sphere_ttc,2019,168,v200,m s^-1,11.161434164000692,0.11667842010392396,365
climode,ClimODE-style adapter,sphere_ttc,2019,168,v300,m s^-1,11.380625297973966,0.11721694903500404,365
climode,ClimODE-style adapter,sphere_ttc,2019,168,v500,m s^-1,7.673662268596959,0.11636638621163356,365
climode,ClimODE-style adapter,sphere_ttc,2019,168,v700,m s^-1,5.777704552740378,0.10114674529372802,365
climode,ClimODE-style adapter,sphere_ttc,2019,168,v850,m s^-1,5.122625081211088,0.08836488638522781,365
climode,ClimODE-style adapter,sphere_ttc,2019,168,v925,m s^-1,5.1986202457526725,0.09152786585342222,365
climode,ClimODE-style adapter,sphere_ttc,2019,168,v1000,m s^-1,4.230459638606107,0.09223794259576246,365
climode,ClimODE-style adapter,sphere_ttc,2019,168,u10,m s^-1,3.7383710313475325,0.14250684594112129,365
climode,ClimODE-style adapter,sphere_ttc,2019,168,v10,m s^-1,3.7223418961536954,0.09237180094091212,365
climode,ClimODE-style adapter,sphere_ttc,2019,168,t2m,K,2.8049131391096327,0.2640898763249855,365
climode,ClimODE-style adapter,sphere_ttc,2019,168,mslp,Pa,694.2037353061519,0.19035107100503718,365
climode,ClimODE-style adapter,sphere_ttc,2019,240,z50,m^2 s^-2,1021.851062075618,0.5895225827009545,365
climode,ClimODE-style adapter,sphere_ttc,2019,240,z100,m^2 s^-2,919.8465834896242,0.45939557333166753,365
climode,ClimODE-style adapter,sphere_ttc,2019,240,z200,m^2 s^-2,1068.3317945693047,0.23941075458093095,365
climode,ClimODE-style adapter,sphere_ttc,2019,240,z300,m^2 s^-2,1095.0580731457321,0.18950631157867415,365
climode,ClimODE-style adapter,sphere_ttc,2019,240,z500,m^2 s^-2,807.0259243896606,0.16881915277578027,365
climode,ClimODE-style adapter,sphere_ttc,2019,240,z700,m^2 s^-2,613.824864236925,0.1646578810613267,365
climode,ClimODE-style adapter,sphere_ttc,2019,240,z850,m^2 s^-2,543.924736252353,0.1604361612614473,365
climode,ClimODE-style adapter,sphere_ttc,2019,240,z925,m^2 s^-2,537.5419218678771,0.15793279250679665,365
climode,ClimODE-style adapter,sphere_ttc,2019,240,z1000,m^2 s^-2,549.4999545040928,0.15179202376915804,365
climode,ClimODE-style adapter,sphere_ttc,2019,240,q50,kg kg^-1,1.4080645545197282e-07,0.3957890680965484,365
climode,ClimODE-style adapter,sphere_ttc,2019,240,q100,kg kg^-1,4.180693812870932e-07,0.23363826668856982,365
climode,ClimODE-style adapter,sphere_ttc,2019,240,q200,kg kg^-1,1.5183155307340475e-05,0.16127362390226838,365
climode,ClimODE-style adapter,sphere_ttc,2019,240,q300,kg kg^-1,0.00012742202803019202,0.1602223861807015,365
climode,ClimODE-style adapter,sphere_ttc,2019,240,q500,kg kg^-1,0.0008020418742642125,0.1640539842216187,365
climode,ClimODE-style adapter,sphere_ttc,2019,240,q700,kg kg^-1,0.0015741989015982502,0.13660164081617043,365
climode,ClimODE-style adapter,sphere_ttc,2019,240,q850,kg kg^-1,0.0018390422033788788,0.14511322753996353,365
climode,ClimODE-style adapter,sphere_ttc,2019,240,q925,kg kg^-1,0.0015846040393990017,0.177357941236698,365
climode,ClimODE-style adapter,sphere_ttc,2019,240,q1000,kg kg^-1,0.0016237283914316781,0.17146948815164628,365
climode,ClimODE-style adapter,sphere_ttc,2019,240,t50,K,3.103457099164541,0.5979843484432633,365
climode,ClimODE-style adapter,sphere_ttc,2019,240,t100,K,3.2288016406073496,0.4056367385701131,365
climode,ClimODE-style adapter,sphere_ttc,2019,240,t200,K,3.487989422914438,0.3143201766086625,365
climode,ClimODE-style adapter,sphere_ttc,2019,240,t300,K,2.608930708746719,0.20185086105338856,365
climode,ClimODE-style adapter,sphere_ttc,2019,240,t500,K,3.1612688101016384,0.1281945857114431,365
climode,ClimODE-style adapter,sphere_ttc,2019,240,t700,K,3.2432178238878917,0.13736371873732167,365
climode,ClimODE-style adapter,sphere_ttc,2019,240,t850,K,3.5416986186645465,0.13819022486063975,365
climode,ClimODE-style adapter,sphere_ttc,2019,240,t925,K,3.325398315914419,0.15315711347937047,365
climode,ClimODE-style adapter,sphere_ttc,2019,240,t1000,K,3.0158918386281393,0.19131610532324414,365
climode,ClimODE-style adapter,sphere_ttc,2019,240,u50,m s^-1,6.0114725368511905,0.6060359001719071,365
climode,ClimODE-style adapter,sphere_ttc,2019,240,u100,m s^-1,7.333500266322785,0.2559014319501675,365
climode,ClimODE-style adapter,sphere_ttc,2019,240,u200,m s^-1,11.488747706927919,0.15168897873864184,365
climode,ClimODE-style adapter,sphere_ttc,2019,240,u300,m s^-1,11.545847651168815,0.13873943344617695,365
climode,ClimODE-style adapter,sphere_ttc,2019,240,u500,m s^-1,7.953233732737919,0.1283136101697503,365
climode,ClimODE-style adapter,sphere_ttc,2019,240,u700,m s^-1,6.137036248284251,0.13013194155965524,365
climode,ClimODE-style adapter,sphere_ttc,2019,240,u850,m s^-1,5.391214954355401,0.1300811686593613,365
climode,ClimODE-style adapter,sphere_ttc,2019,240,u925,m s^-1,5.220751468195783,0.125934537406494,365
climode,ClimODE-style adapter,sphere_ttc,2019,240,u1000,m s^-1,4.13432986486891,0.12215874497528861,365
climode,ClimODE-style adapter,sphere_ttc,2019,240,v50,m s^-1,4.531529738810444,0.20785906202174384,365
climode,ClimODE-style adapter,sphere_ttc,2019,240,v100,m s^-1,6.320232356033407,0.12228129708288428,365
climode,ClimODE-style adapter,sphere_ttc,2019,240,v200,m s^-1,11.04217248008672,0.11321196435582621,365
climode,ClimODE-style adapter,sphere_ttc,2019,240,v300,m s^-1,11.285260652895849,0.11695385494004365,365
climode,ClimODE-style adapter,sphere_ttc,2019,240,v500,m s^-1,7.605252913920663,0.11307142196852817,365
climode,ClimODE-style adapter,sphere_ttc,2019,240,v700,m s^-1,5.704745463581268,0.09831619663442194,365
climode,ClimODE-style adapter,sphere_ttc,2019,240,v850,m s^-1,5.039902970536504,0.08921409644298489,365
climode,ClimODE-style adapter,sphere_ttc,2019,240,v925,m s^-1,5.114402531629671,0.09279491331827777,365
climode,ClimODE-style adapter,sphere_ttc,2019,240,v1000,m s^-1,4.153244980976635,0.09422585748028854,365
climode,ClimODE-style adapter,sphere_ttc,2019,240,u10,m s^-1,3.6856762994620547,0.12388816272011857,365
climode,ClimODE-style adapter,sphere_ttc,2019,240,v10,m s^-1,3.656905403524627,0.09122277125139482,365
climode,ClimODE-style adapter,sphere_ttc,2019,240,t2m,K,2.9425149122465366,0.20539254609528898,365
climode,ClimODE-style adapter,sphere_ttc,2019,240,mslp,Pa,695.8830761962108,0.15195570943438444,365
fourcastnetv2,fourcastnetv2,raw,2018,24,z50,m^2 s^-2,226.6795322849276,0.9764333361279901,365
fourcastnetv2,fourcastnetv2,raw,2018,24,z100,m^2 s^-2,136.89199392534306,0.9884143301538306,365
fourcastnetv2,fourcastnetv2,raw,2018,24,z200,m^2 s^-2,150.77186598664565,0.9895537413976409,365
fourcastnetv2,fourcastnetv2,raw,2018,24,z300,m^2 s^-2,138.32134699404347,0.9917972228751387,365
fourcastnetv2,fourcastnetv2,raw,2018,24,z500,m^2 s^-2,93.95327324817043,0.9930839704871341,365
fourcastnetv2,fourcastnetv2,raw,2018,24,z700,m^2 s^-2,78.60225575841592,0.991856495400303,365
fourcastnetv2,fourcastnetv2,raw,2018,24,z850,m^2 s^-2,80.03040599582106,0.9894903551332661,365
fourcastnetv2,fourcastnetv2,raw,2018,24,z925,m^2 s^-2,86.8422914274631,0.9874595366172271,365
fourcastnetv2,fourcastnetv2,raw,2018,24,z1000,m^2 s^-2,98.67252689279663,0.9844168417901709,365
fourcastnetv2,fourcastnetv2,raw,2018,24,q50,kg kg^-1,1.7862596666760777e-06,0.46943054643783916,365
fourcastnetv2,fourcastnetv2,raw,2018,24,q100,kg kg^-1,2.2219088378785684e-06,0.24216683363106226,365
fourcastnetv2,fourcastnetv2,raw,2018,24,q200,kg kg^-1,2.196627957077899e-05,0.5722699490335851,365
fourcastnetv2,fourcastnetv2,raw,2018,24,q300,kg kg^-1,0.00012353314459391654,0.651533373217742,365
fourcastnetv2,fourcastnetv2,raw,2018,24,q500,kg kg^-1,0.0006142391219062954,0.6395288502713925,365
fourcastnetv2,fourcastnetv2,raw,2018,24,q700,kg kg^-1,0.0011052438089126588,0.682104865292911,365
fourcastnetv2,fourcastnetv2,raw,2018,24,q850,kg kg^-1,0.0011108258735711817,0.7636340084465804,365
fourcastnetv2,fourcastnetv2,raw,2018,24,q925,kg kg^-1,0.0010983571587434573,0.6922432583631584,365
fourcastnetv2,fourcastnetv2,raw,2018,24,q1000,kg kg^-1,0.0013826719190838945,0.649372751231162,365
fourcastnetv2,fourcastnetv2,raw,2018,24,t50,K,1.3829516561421729,0.8883765801256197,365
fourcastnetv2,fourcastnetv2,raw,2018,24,t100,K,0.901919400324653,0.9555846771967718,365
fourcastnetv2,fourcastnetv2,raw,2018,24,t200,K,0.8225050091589944,0.9706281395007419,365
fourcastnetv2,fourcastnetv2,raw,2018,24,t300,K,0.789557103304716,0.9444368239498413,365
fourcastnetv2,fourcastnetv2,raw,2018,24,t500,K,0.7283971801800139,0.970166996608878,365
fourcastnetv2,fourcastnetv2,raw,2018,24,t700,K,0.847884105118234,0.960866793612511,365
fourcastnetv2,fourcastnetv2,raw,2018,24,t850,K,1.1480972815580879,0.937878564061314,365
fourcastnetv2,fourcastnetv2,raw,2018,24,t925,K,1.3098235487802614,0.9090161894458938,365
fourcastnetv2,fourcastnetv2,raw,2018,24,t1000,K,1.4202914037516998,0.8640993279281937,365
fourcastnetv2,fourcastnetv2,raw,2018,24,u50,m s^-1,1.819753946034523,0.9742711877280071,365
fourcastnetv2,fourcastnetv2,raw,2018,24,u100,m s^-1,2.043431321543313,0.957562156527801,365
fourcastnetv2,fourcastnetv2,raw,2018,24,u200,m s^-1,2.764786103239403,0.9702690299149181,365
fourcastnetv2,fourcastnetv2,raw,2018,24,u300,m s^-1,2.6235128613281793,0.9742068207277933,365
fourcastnetv2,fourcastnetv2,raw,2018,24,u500,m s^-1,1.91963925272364,0.9714108062851103,365
fourcastnetv2,fourcastnetv2,raw,2018,24,u700,m s^-1,1.7159473766129143,0.9605843091698878,365
fourcastnetv2,fourcastnetv2,raw,2018,24,u850,m s^-1,1.562306130178699,0.9576638755479946,365
fourcastnetv2,fourcastnetv2,raw,2018,24,u925,m s^-1,1.4551142856221715,0.9610680802565343,365
fourcastnetv2,fourcastnetv2,raw,2018,24,u1000,m s^-1,1.1440003308812257,0.9607944307897435,365
fourcastnetv2,fourcastnetv2,raw,2018,24,v50,m s^-1,1.2878021146548388,0.9647425498842437,365
fourcastnetv2,fourcastnetv2,raw,2018,24,v100,m s^-1,1.7192175163533643,0.9625943763736745,365
fourcastnetv2,fourcastnetv2,raw,2018,24,v200,m s^-1,2.617295203932185,0.971020499301026,365
fourcastnetv2,fourcastnetv2,raw,2018,24,v300,m s^-1,2.5529103389758157,0.9743317170420226,365
fourcastnetv2,fourcastnetv2,raw,2018,24,v500,m s^-1,1.8458705792571308,0.970244962727884,365
fourcastnetv2,fourcastnetv2,raw,2018,24,v700,m s^-1,1.570158535294959,0.9606010240246268,365
fourcastnetv2,fourcastnetv2,raw,2018,24,v850,m s^-1,1.4753731015031475,0.9553833139646097,365
fourcastnetv2,fourcastnetv2,raw,2018,24,v925,m s^-1,1.4340919292273007,0.9593320522440151,365
fourcastnetv2,fourcastnetv2,raw,2018,24,v1000,m s^-1,1.1531535483724802,0.9595491282447354,365
fourcastnetv2,fourcastnetv2,raw,2018,24,u10,m s^-1,1.0278865936784278,0.9593501319593624,365
fourcastnetv2,fourcastnetv2,raw,2018,24,v10,m s^-1,1.03202721123037,0.9576093961124628,365
fourcastnetv2,fourcastnetv2,raw,2018,24,t2m,K,1.3679028595192075,0.8561732677669488,365
fourcastnetv2,fourcastnetv2,raw,2018,24,mslp,Pa,127.58608520085285,0.9838078380667371,365
fourcastnetv2,fourcastnetv2,raw,2018,72,z50,m^2 s^-2,376.58897253904513,0.9356256291346341,365
fourcastnetv2,fourcastnetv2,raw,2018,72,z100,m^2 s^-2,266.2749959125003,0.9567452014899737,365
fourcastnetv2,fourcastnetv2,raw,2018,72,z200,m^2 s^-2,303.3486861968915,0.9586378963173868,365
fourcastnetv2,fourcastnetv2,raw,2018,72,z300,m^2 s^-2,318.16512580997636,0.9572147806439788,365
fourcastnetv2,fourcastnetv2,raw,2018,72,z500,m^2 s^-2,229.21423262326428,0.9588395909371974,365
fourcastnetv2,fourcastnetv2,raw,2018,72,z700,m^2 s^-2,182.2674485054165,0.9554999520095859,365
fourcastnetv2,fourcastnetv2,raw,2018,72,z850,m^2 s^-2,173.31540194997729,0.9491828562159369,365
fourcastnetv2,fourcastnetv2,raw,2018,72,z925,m^2 s^-2,176.5139528815155,0.9462015578869438,365
fourcastnetv2,fourcastnetv2,raw,2018,72,z1000,m^2 s^-2,184.00637169825535,0.9433714585103907,365
fourcastnetv2,fourcastnetv2,raw,2018,72,q50,kg kg^-1,2.0043306128143037e-06,0.4672786084713751,365
fourcastnetv2,fourcastnetv2,raw,2018,72,q100,kg kg^-1,2.3602849216030438e-06,0.2604618333951343,365
fourcastnetv2,fourcastnetv2,raw,2018,72,q200,kg kg^-1,2.3786823768074156e-05,0.5016145631445892,365
fourcastnetv2,fourcastnetv2,raw,2018,72,q300,kg kg^-1,0.00012397523057296937,0.6206554743135485,365
fourcastnetv2,fourcastnetv2,raw,2018,72,q500,kg kg^-1,0.0005496408703173142,0.7127584825793122,365
fourcastnetv2,fourcastnetv2,raw,2018,72,q700,kg kg^-1,0.0010632588996295116,0.7041066134924127,365
fourcastnetv2,fourcastnetv2,raw,2018,72,q850,kg kg^-1,0.0012427095100651,0.6893926692496053,365
fourcastnetv2,fourcastnetv2,raw,2018,72,q925,kg kg^-1,0.0011297952509816904,0.669852617591385,365
fourcastnetv2,fourcastnetv2,raw,2018,72,q1000,kg kg^-1,0.0014429896496266062,0.6407643925959253,365
fourcastnetv2,fourcastnetv2,raw,2018,72,t50,K,1.7392945985934634,0.8255534502389216,365
fourcastnetv2,fourcastnetv2,raw,2018,72,t100,K,1.2908962025420205,0.9085329409720685,365
fourcastnetv2,fourcastnetv2,raw,2018,72,t200,K,1.4318800290113392,0.9102903042932867,365
fourcastnetv2,fourcastnetv2,raw,2018,72,t300,K,1.1781271875198362,0.8759178648657251,365
fourcastnetv2,fourcastnetv2,raw,2018,72,t500,K,1.2299630513670727,0.9151332300962223,365
fourcastnetv2,fourcastnetv2,raw,2018,72,t700,K,1.2498666416516797,0.9145952328694508,365
fourcastnetv2,fourcastnetv2,raw,2018,72,t850,K,1.423875575009074,0.9037906691514636,365
fourcastnetv2,fourcastnetv2,raw,2018,72,t925,K,1.4142946600529753,0.8890462283809573,365
fourcastnetv2,fourcastnetv2,raw,2018,72,t1000,K,1.3693457668578486,0.8642405181854014,365
fourcastnetv2,fourcastnetv2,raw,2018,72,u50,m s^-1,2.558783225008908,0.948665773517741,365
fourcastnetv2,fourcastnetv2,raw,2018,72,u100,m s^-1,3.0925343552276465,0.9041598738181915,365
fourcastnetv2,fourcastnetv2,raw,2018,72,u200,m s^-1,4.636121688258183,0.9163700869289149,365
fourcastnetv2,fourcastnetv2,raw,2018,72,u300,m s^-1,4.983819910604591,0.9063724227176756,365
fourcastnetv2,fourcastnetv2,raw,2018,72,u500,m s^-1,3.497064727986426,0.9030271556082005,365
fourcastnetv2,fourcastnetv2,raw,2018,72,u700,m s^-1,2.833279461185842,0.8896388670947771,365
fourcastnetv2,fourcastnetv2,raw,2018,72,u850,m s^-1,2.5733784449620907,0.880143857296214,365
fourcastnetv2,fourcastnetv2,raw,2018,72,u925,m s^-1,2.499092941862648,0.8792565539262961,365
fourcastnetv2,fourcastnetv2,raw,2018,72,u1000,m s^-1,1.941249332283007,0.8812101285970014,365
fourcastnetv2,fourcastnetv2,raw,2018,72,v50,m s^-1,1.8510027063958816,0.9273117371492055,365
fourcastnetv2,fourcastnetv2,raw,2018,72,v100,m s^-1,2.5369236648446702,0.9178425253086314,365
fourcastnetv2,fourcastnetv2,raw,2018,72,v200,m s^-1,4.522329754831442,0.9116404145362571,365
fourcastnetv2,fourcastnetv2,raw,2018,72,v300,m s^-1,4.824902149653816,0.9052126123735764,365
fourcastnetv2,fourcastnetv2,raw,2018,72,v500,m s^-1,3.3009246763842723,0.9007746422211835,365
fourcastnetv2,fourcastnetv2,raw,2018,72,v700,m s^-1,2.605889630067488,0.8865378807644988,365
fourcastnetv2,fourcastnetv2,raw,2018,72,v850,m s^-1,2.3989105772535044,0.8749599199079453,365
fourcastnetv2,fourcastnetv2,raw,2018,72,v925,m s^-1,2.4038392800332327,0.8790133005178804,365
fourcastnetv2,fourcastnetv2,raw,2018,72,v1000,m s^-1,1.9248819580356866,0.8816853864206984,365
fourcastnetv2,fourcastnetv2,raw,2018,72,u10,m s^-1,1.7505690489286085,0.8771004651646906,365
fourcastnetv2,fourcastnetv2,raw,2018,72,v10,m s^-1,1.7241391869016947,0.8765706279475413,365
fourcastnetv2,fourcastnetv2,raw,2018,72,t2m,K,1.4064384804443684,0.8392760315805496,365
fourcastnetv2,fourcastnetv2,raw,2018,72,mslp,Pa,233.74100160780492,0.9430472485964373,365
fourcastnetv2,fourcastnetv2,raw,2018,120,z50,m^2 s^-2,507.0958088503551,0.8844441236221882,365
fourcastnetv2,fourcastnetv2,raw,2018,120,z100,m^2 s^-2,424.57207939208047,0.8893115652693367,365
fourcastnetv2,fourcastnetv2,raw,2018,120,z200,m^2 s^-2,531.3292039668191,0.8699904583661386,365
fourcastnetv2,fourcastnetv2,raw,2018,120,z300,m^2 s^-2,582.1091250214338,0.8537915881765626,365
fourcastnetv2,fourcastnetv2,raw,2018,120,z500,m^2 s^-2,425.4954520425619,0.855112208676916,365
fourcastnetv2,fourcastnetv2,raw,2018,120,z700,m^2 s^-2,330.5582858119294,0.849561965595424,365
fourcastnetv2,fourcastnetv2,raw,2018,120,z850,m^2 s^-2,307.61208350978814,0.8348775298260797,365
fourcastnetv2,fourcastnetv2,raw,2018,120,z925,m^2 s^-2,311.2258912308414,0.827349099334256,365
fourcastnetv2,fourcastnetv2,raw,2018,120,z1000,m^2 s^-2,321.1037638716138,0.8218049201631716,365
fourcastnetv2,fourcastnetv2,raw,2018,120,q50,kg kg^-1,2.0280438763901415e-06,0.4680353372833245,365
fourcastnetv2,fourcastnetv2,raw,2018,120,q100,kg kg^-1,2.3424880596083514e-06,0.25313465114289346,365
fourcastnetv2,fourcastnetv2,raw,2018,120,q200,kg kg^-1,2.4330558907616832e-05,0.4351590933079291,365
fourcastnetv2,fourcastnetv2,raw,2018,120,q300,kg kg^-1,0.00013354373884717226,0.525145022042711,365
fourcastnetv2,fourcastnetv2,raw,2018,120,q500,kg kg^-1,0.0006300410519368112,0.6134019608670898,365
fourcastnetv2,fourcastnetv2,raw,2018,120,q700,kg kg^-1,0.0012137623390481617,0.6019248539920423,365
fourcastnetv2,fourcastnetv2,raw,2018,120,q850,kg kg^-1,0.0014412212747145962,0.5698796120709776,365
fourcastnetv2,fourcastnetv2,raw,2018,120,q925,kg kg^-1,0.0012745400970638743,0.5719328585706899,365
fourcastnetv2,fourcastnetv2,raw,2018,120,q1000,kg kg^-1,0.0015809659036482232,0.5555787800290214,365
fourcastnetv2,fourcastnetv2,raw,2018,120,t50,K,1.9163610620668707,0.7897233547914807,365
fourcastnetv2,fourcastnetv2,raw,2018,120,t100,K,1.7230115442170488,0.8359073723749015,365
fourcastnetv2,fourcastnetv2,raw,2018,120,t200,K,2.2187946984103286,0.7815642396182926,365
fourcastnetv2,fourcastnetv2,raw,2018,120,t300,K,1.6110325617643104,0.7625055340868871,365
fourcastnetv2,fourcastnetv2,raw,2018,120,t500,K,1.909069529454222,0.7915358307134598,365
fourcastnetv2,fourcastnetv2,raw,2018,120,t700,K,1.9179107196616556,0.7960194764506514,365
fourcastnetv2,fourcastnetv2,raw,2018,120,t850,K,2.081379387734904,0.7906123616075525,365
fourcastnetv2,fourcastnetv2,raw,2018,120,t925,K,1.9950840376360652,0.7743657342782431,365
fourcastnetv2,fourcastnetv2,raw,2018,120,t1000,K,1.8063952134693855,0.7570890593906446,365
fourcastnetv2,fourcastnetv2,raw,2018,120,u50,m s^-1,3.2622944192809795,0.9160652324671675,365
fourcastnetv2,fourcastnetv2,raw,2018,120,u100,m s^-1,4.159974452094545,0.8249186276873881,365
fourcastnetv2,fourcastnetv2,raw,2018,120,u200,m s^-1,6.871590335689308,0.8133493216866019,365
fourcastnetv2,fourcastnetv2,raw,2018,120,u300,m s^-1,7.633222763390418,0.7757455122507397,365
fourcastnetv2,fourcastnetv2,raw,2018,120,u500,m s^-1,5.29550972852192,0.7712355206012911,365
fourcastnetv2,fourcastnetv2,raw,2018,120,u700,m s^-1,4.145924484382851,0.7561997944116207,365
fourcastnetv2,fourcastnetv2,raw,2018,120,u850,m s^-1,3.815441566365146,0.7267667291138374,365
fourcastnetv2,fourcastnetv2,raw,2018,120,u925,m s^-1,3.7868428732819335,0.7121467056200244,365
fourcastnetv2,fourcastnetv2,raw,2018,120,u1000,m s^-1,2.9387195549399747,0.7173862440919601,365
fourcastnetv2,fourcastnetv2,raw,2018,120,v50,m s^-1,2.54758480538297,0.8598846303486533,365
fourcastnetv2,fourcastnetv2,raw,2018,120,v100,m s^-1,3.641448185034684,0.8249435053841176,365
fourcastnetv2,fourcastnetv2,raw,2018,120,v200,m s^-1,6.956605284587775,0.7837459369832568,365
fourcastnetv2,fourcastnetv2,raw,2018,120,v300,m s^-1,7.63834786143528,0.754105746928529,365
fourcastnetv2,fourcastnetv2,raw,2018,120,v500,m s^-1,5.14421146259254,0.7494134627545603,365
fourcastnetv2,fourcastnetv2,raw,2018,120,v700,m s^-1,3.914368554318331,0.7326545044885976,365
fourcastnetv2,fourcastnetv2,raw,2018,120,v850,m s^-1,3.5870942707202453,0.7077054476886069,365
fourcastnetv2,fourcastnetv2,raw,2018,120,v925,m s^-1,3.6628799125150957,0.7071409982861434,365
fourcastnetv2,fourcastnetv2,raw,2018,120,v1000,m s^-1,2.9368723897929563,0.7139744947488366,365
fourcastnetv2,fourcastnetv2,raw,2018,120,u10,m s^-1,2.6361768938808616,0.710907527993632,365
fourcastnetv2,fourcastnetv2,raw,2018,120,v10,m s^-1,2.6133581656376945,0.7057335674083162,365
fourcastnetv2,fourcastnetv2,raw,2018,120,t2m,K,1.7703755354667212,0.737242327740292,365
fourcastnetv2,fourcastnetv2,raw,2018,120,mslp,Pa,407.8576309856828,0.8207516968183569,365
fourcastnetv2,fourcastnetv2,raw,2018,168,z50,m^2 s^-2,658.5901578677286,0.8066661054994666,365
fourcastnetv2,fourcastnetv2,raw,2018,168,z100,m^2 s^-2,608.2464910883028,0.7711932498349277,365
fourcastnetv2,fourcastnetv2,raw,2018,168,z200,m^2 s^-2,780.0203471946558,0.7147009444854445,365
fourcastnetv2,fourcastnetv2,raw,2018,168,z300,m^2 s^-2,847.7786938725499,0.6844802200354853,365
fourcastnetv2,fourcastnetv2,raw,2018,168,z500,m^2 s^-2,619.6928068234835,0.6865138776383146,365
fourcastnetv2,fourcastnetv2,raw,2018,168,z700,m^2 s^-2,476.30959508751397,0.6800577560197673,365
fourcastnetv2,fourcastnetv2,raw,2018,168,z850,m^2 s^-2,437.3163856622164,0.6578615989901041,365
fourcastnetv2,fourcastnetv2,raw,2018,168,z925,m^2 s^-2,440.5370685116937,0.6455898677882587,365
fourcastnetv2,fourcastnetv2,raw,2018,168,z1000,m^2 s^-2,452.8580877082132,0.6370392962330024,365
fourcastnetv2,fourcastnetv2,raw,2018,168,q50,kg kg^-1,2.048027521634339e-06,0.46745799432928065,365
fourcastnetv2,fourcastnetv2,raw,2018,168,q100,kg kg^-1,2.3554582925178967e-06,0.23742744497000914,365
fourcastnetv2,fourcastnetv2,raw,2018,168,q200,kg kg^-1,2.5104441732709085e-05,0.36508423902818166,365
fourcastnetv2,fourcastnetv2,raw,2018,168,q300,kg kg^-1,0.00014466230940734536,0.4245165839630021,365
fourcastnetv2,fourcastnetv2,raw,2018,168,q500,kg kg^-1,0.0007195743131275929,0.4864158996500586,365
fourcastnetv2,fourcastnetv2,raw,2018,168,q700,kg kg^-1,0.0013810184636010839,0.47198231710272254,365
fourcastnetv2,fourcastnetv2,raw,2018,168,q850,kg kg^-1,0.0016287952464752546,0.44074296312155914,365
fourcastnetv2,fourcastnetv2,raw,2018,168,q925,kg kg^-1,0.0014433077183216257,0.4459702650840971,365
fourcastnetv2,fourcastnetv2,raw,2018,168,q1000,kg kg^-1,0.001756161789642703,0.43929528289732056,365
fourcastnetv2,fourcastnetv2,raw,2018,168,t50,K,2.127059181736539,0.7420515912649736,365
fourcastnetv2,fourcastnetv2,raw,2018,168,t100,K,2.193054953289177,0.7331795581922922,365
fourcastnetv2,fourcastnetv2,raw,2018,168,t200,K,2.9261544230785597,0.6168733945570999,365
fourcastnetv2,fourcastnetv2,raw,2018,168,t300,K,2.0518378262774837,0.6087541965757822,365
fourcastnetv2,fourcastnetv2,raw,2018,168,t500,K,2.5883371337550107,0.612600246724654,365
fourcastnetv2,fourcastnetv2,raw,2018,168,t700,K,2.6079661458200776,0.6184375519143254,365
fourcastnetv2,fourcastnetv2,raw,2018,168,t850,K,2.7990421744810865,0.6155532817492335,365
fourcastnetv2,fourcastnetv2,raw,2018,168,t925,K,2.6385159397806284,0.5997882770166885,365
fourcastnetv2,fourcastnetv2,raw,2018,168,t1000,K,2.3216176783163984,0.5923916789521806,365
fourcastnetv2,fourcastnetv2,raw,2018,168,u50,m s^-1,4.071349499043608,0.8683639601177898,365
fourcastnetv2,fourcastnetv2,raw,2018,168,u100,m s^-1,5.307737746697919,0.7105621817212083,365
fourcastnetv2,fourcastnetv2,raw,2018,168,u200,m s^-1,9.137317668533306,0.6639506831002792,365
fourcastnetv2,fourcastnetv2,raw,2018,168,u300,m s^-1,10.001997144705257,0.6073803240639319,365
fourcastnetv2,fourcastnetv2,raw,2018,168,u500,m s^-1,6.914348297908176,0.6002959369836232,365
fourcastnetv2,fourcastnetv2,raw,2018,168,u700,m s^-1,5.348112953292149,0.5836738533957919,365
fourcastnetv2,fourcastnetv2,raw,2018,168,u850,m s^-1,4.897366532036211,0.5380760518593193,365
fourcastnetv2,fourcastnetv2,raw,2018,168,u925,m s^-1,4.866246775989461,0.5127696515229243,365
fourcastnetv2,fourcastnetv2,raw,2018,168,u1000,m s^-1,3.791890995162414,0.5180622115829526,365
fourcastnetv2,fourcastnetv2,raw,2018,168,v50,m s^-1,3.4520998796123177,0.7394957023033235,365
fourcastnetv2,fourcastnetv2,raw,2018,168,v100,m s^-1,4.9692921487076624,0.6662595523131485,365
fourcastnetv2,fourcastnetv2,raw,2018,168,v200,m s^-1,9.421153477176205,0.5941114931025437,365
fourcastnetv2,fourcastnetv2,raw,2018,168,v300,m s^-1,10.21968340891678,0.5505228368565402,365
fourcastnetv2,fourcastnetv2,raw,2018,168,v500,m s^-1,6.824190042535267,0.5479959377280702,365
fourcastnetv2,fourcastnetv2,raw,2018,168,v700,m s^-1,5.099667071137685,0.5330950905520642,365
fourcastnetv2,fourcastnetv2,raw,2018,168,v850,m s^-1,4.621538423916419,0.5012651604434097,365
fourcastnetv2,fourcastnetv2,raw,2018,168,v925,m s^-1,4.750043414466881,0.49530346043942763,365
fourcastnetv2,fourcastnetv2,raw,2018,168,v1000,m s^-1,3.8310272802662286,0.5026208976261941,365
fourcastnetv2,fourcastnetv2,raw,2018,168,u10,m s^-1,3.3828024001910424,0.5121647903606339,365
fourcastnetv2,fourcastnetv2,raw,2018,168,v10,m s^-1,3.3846903861480335,0.4952207191783725,365
fourcastnetv2,fourcastnetv2,raw,2018,168,t2m,K,2.209664590153131,0.5832467149925237,365
fourcastnetv2,fourcastnetv2,raw,2018,168,mslp,Pa,574.8092015188039,0.6355341150394753,365
fourcastnetv2,fourcastnetv2,raw,2018,240,z50,m^2 s^-2,898.1828646005146,0.649274326629462,365
fourcastnetv2,fourcastnetv2,raw,2018,240,z100,m^2 s^-2,853.6503367990451,0.5508153233849268,365
fourcastnetv2,fourcastnetv2,raw,2018,240,z200,m^2 s^-2,1074.601802166355,0.45168173759967906,365
fourcastnetv2,fourcastnetv2,raw,2018,240,z300,m^2 s^-2,1145.9324526161672,0.4157044471939086,365
fourcastnetv2,fourcastnetv2,raw,2018,240,z500,m^2 s^-2,838.1887584923898,0.4176290697026564,365
fourcastnetv2,fourcastnetv2,raw,2018,240,z700,m^2 s^-2,640.8182054797718,0.41124030699456715,365
fourcastnetv2,fourcastnetv2,raw,2018,240,z850,m^2 s^-2,580.5080708602629,0.3876502846727349,365
fourcastnetv2,fourcastnetv2,raw,2018,240,z925,m^2 s^-2,581.3267366859699,0.37355835440898694,365
fourcastnetv2,fourcastnetv2,raw,2018,240,z1000,m^2 s^-2,595.1307079509785,0.3637085038158237,365
fourcastnetv2,fourcastnetv2,raw,2018,240,q50,kg kg^-1,2.091994991147366e-06,0.4636840389083628,365
fourcastnetv2,fourcastnetv2,raw,2018,240,q100,kg kg^-1,2.391129546857241e-06,0.2156388522927972,365
fourcastnetv2,fourcastnetv2,raw,2018,240,q200,kg kg^-1,2.6199927575959002e-05,0.2752764519752793,365
fourcastnetv2,fourcastnetv2,raw,2018,240,q300,kg kg^-1,0.00015873785709577095,0.2945217058187717,365
fourcastnetv2,fourcastnetv2,raw,2018,240,q500,kg kg^-1,0.0008196808725777968,0.3233070897146302,365
fourcastnetv2,fourcastnetv2,raw,2018,240,q700,kg kg^-1,0.00157060625933421,0.3021240256959053,365
fourcastnetv2,fourcastnetv2,raw,2018,240,q850,kg kg^-1,0.0018379167922341407,0.27802452575618286,365
fourcastnetv2,fourcastnetv2,raw,2018,240,q925,kg kg^-1,0.0016429042523468675,0.28000146423700695,365
fourcastnetv2,fourcastnetv2,raw,2018,240,q1000,kg kg^-1,0.0019783505020487444,0.2759590424285707,365
fourcastnetv2,fourcastnetv2,raw,2018,240,t50,K,2.5387618413491695,0.6393092244337826,365
fourcastnetv2,fourcastnetv2,raw,2018,240,t100,K,2.810823369418771,0.5615456266671673,365
fourcastnetv2,fourcastnetv2,raw,2018,240,t200,K,3.6761305379245837,0.3922386418411167,365
fourcastnetv2,fourcastnetv2,raw,2018,240,t300,K,2.5684492483071053,0.38161679113476116,365
fourcastnetv2,fourcastnetv2,raw,2018,240,t500,K,3.3160792823263545,0.3589191902963975,365
fourcastnetv2,fourcastnetv2,raw,2018,240,t700,K,3.3489389852581746,0.3653063334673896,365
fourcastnetv2,fourcastnetv2,raw,2018,240,t850,K,3.5858294643062294,0.3633968388736614,365
fourcastnetv2,fourcastnetv2,raw,2018,240,t925,K,3.354212175515638,0.3492621849141853,365
fourcastnetv2,fourcastnetv2,raw,2018,240,t1000,K,2.9258991314196474,0.3498751418464258,365
fourcastnetv2,fourcastnetv2,raw,2018,240,u50,m s^-1,5.338343750708946,0.7730145284873027,365
fourcastnetv2,fourcastnetv2,raw,2018,240,u100,m s^-1,6.8391901985796215,0.5151835194283005,365
fourcastnetv2,fourcastnetv2,raw,2018,240,u200,m s^-1,11.775697488532716,0.43276017477777196,365
fourcastnetv2,fourcastnetv2,raw,2018,240,u300,m s^-1,12.555988464813366,0.37247341027574643,365
fourcastnetv2,fourcastnetv2,raw,2018,240,u500,m s^-1,8.63210948680926,0.36602167907558175,365
fourcastnetv2,fourcastnetv2,raw,2018,240,u700,m s^-1,6.581764900794887,0.35822807196777545,365
fourcastnetv2,fourcastnetv2,raw,2018,240,u850,m s^-1,5.937512043759893,0.31289885291655817,365
fourcastnetv2,fourcastnetv2,raw,2018,240,u925,m s^-1,5.873879182394052,0.2852777755245095,365
fourcastnetv2,fourcastnetv2,raw,2018,240,u1000,m s^-1,4.596391795597963,0.2881937794025099,365
fourcastnetv2,fourcastnetv2,raw,2018,240,v50,m s^-1,4.626935589001722,0.5226581562590945,365
fourcastnetv2,fourcastnetv2,raw,2018,240,v100,m s^-1,6.539413587017717,0.40767104684301525,365
fourcastnetv2,fourcastnetv2,raw,2018,240,v200,m s^-1,12.06719978871858,0.3184455768861902,365
fourcastnetv2,fourcastnetv2,raw,2018,240,v300,m s^-1,12.798924893469405,0.28096010838460844,365
fourcastnetv2,fourcastnetv2,raw,2018,240,v500,m s^-1,8.494445572719503,0.28342308526674,365
fourcastnetv2,fourcastnetv2,raw,2018,240,v700,m s^-1,6.268225067758703,0.27685481550995034,365
fourcastnetv2,fourcastnetv2,raw,2018,240,v850,m s^-1,5.598972306600996,0.2523819498690806,365
fourcastnetv2,fourcastnetv2,raw,2018,240,v925,m s^-1,5.765846421243876,0.24335091490799046,365
fourcastnetv2,fourcastnetv2,raw,2018,240,v1000,m s^-1,4.675665279180515,0.24848051897408205,365
fourcastnetv2,fourcastnetv2,raw,2018,240,u10,m s^-1,4.083704627730256,0.2846018761219043,365
fourcastnetv2,fourcastnetv2,raw,2018,240,v10,m s^-1,4.105743276274862,0.2458348645381306,365
fourcastnetv2,fourcastnetv2,raw,2018,240,t2m,K,2.7541049972058826,0.35166603715291556,365
fourcastnetv2,fourcastnetv2,raw,2018,240,mslp,Pa,755.5039771592368,0.36127799017885054,365
fourcastnetv2,fourcastnetv2,raw,2019,24,z50,m^2 s^-2,228.98939397720014,0.98289336376666,365
fourcastnetv2,fourcastnetv2,raw,2019,24,z100,m^2 s^-2,142.63619651734595,0.9897958320304209,365
fourcastnetv2,fourcastnetv2,raw,2019,24,z200,m^2 s^-2,158.1820915770062,0.9890204486947785,365
fourcastnetv2,fourcastnetv2,raw,2019,24,z300,m^2 s^-2,142.13016801960083,0.9914253275537874,365
fourcastnetv2,fourcastnetv2,raw,2019,24,z500,m^2 s^-2,96.04868009776666,0.9927734279073781,365
fourcastnetv2,fourcastnetv2,raw,2019,24,z700,m^2 s^-2,79.12915594845653,0.9917533440055118,365
fourcastnetv2,fourcastnetv2,raw,2019,24,z850,m^2 s^-2,78.19747215210501,0.9900042051901408,365
fourcastnetv2,fourcastnetv2,raw,2019,24,z925,m^2 s^-2,84.2304512943279,0.9882548467187722,365
fourcastnetv2,fourcastnetv2,raw,2019,24,z1000,m^2 s^-2,95.50138891069598,0.9854417274197034,365
fourcastnetv2,fourcastnetv2,raw,2019,24,q50,kg kg^-1,1.8485809427410578e-06,-0.00022508639157846504,365
fourcastnetv2,fourcastnetv2,raw,2019,24,q100,kg kg^-1,2.171764083795253e-06,0.2513330750486381,365
fourcastnetv2,fourcastnetv2,raw,2019,24,q200,kg kg^-1,2.1996765799827232e-05,0.63595048833376,365
fourcastnetv2,fourcastnetv2,raw,2019,24,q300,kg kg^-1,0.00012606801934042332,0.6652754309105817,365
fourcastnetv2,fourcastnetv2,raw,2019,24,q500,kg kg^-1,0.0006304271411497114,0.6330840978596916,365
fourcastnetv2,fourcastnetv2,raw,2019,24,q700,kg kg^-1,0.0011131818544456353,0.6827573774512067,365
fourcastnetv2,fourcastnetv2,raw,2019,24,q850,kg kg^-1,0.0011297175441124716,0.7647723710877687,365
fourcastnetv2,fourcastnetv2,raw,2019,24,q925,kg kg^-1,0.0011276053441717873,0.6809216539089689,365
fourcastnetv2,fourcastnetv2,raw,2019,24,q1000,kg kg^-1,0.0014073486330032226,0.6281882434497142,365
fourcastnetv2,fourcastnetv2,raw,2019,24,t50,K,1.2218614093487241,0.9464814866612129,365
fourcastnetv2,fourcastnetv2,raw,2019,24,t100,K,0.9208752351770271,0.9625291927615207,365
fourcastnetv2,fourcastnetv2,raw,2019,24,t200,K,0.8210886252937568,0.9737741026338724,365
fourcastnetv2,fourcastnetv2,raw,2019,24,t300,K,0.8052553176748752,0.9466273934512971,365
fourcastnetv2,fourcastnetv2,raw,2019,24,t500,K,0.7278439826981317,0.96982599238513,365
fourcastnetv2,fourcastnetv2,raw,2019,24,t700,K,0.8496100510858973,0.9600317202162229,365
fourcastnetv2,fourcastnetv2,raw,2019,24,t850,K,1.1701269552222753,0.9351072096973531,365
fourcastnetv2,fourcastnetv2,raw,2019,24,t925,K,1.3165347717174765,0.906157167411641,365
fourcastnetv2,fourcastnetv2,raw,2019,24,t1000,K,1.4062802044137361,0.8633728357569121,365
fourcastnetv2,fourcastnetv2,raw,2019,24,u50,m s^-1,1.997607449236053,0.9633808089325114,365
fourcastnetv2,fourcastnetv2,raw,2019,24,u100,m s^-1,2.0445984832847786,0.9604752945543739,365
fourcastnetv2,fourcastnetv2,raw,2019,24,u200,m s^-1,2.712264465678558,0.9705733327864607,365
fourcastnetv2,fourcastnetv2,raw,2019,24,u300,m s^-1,2.5970752590869086,0.9738210278282643,365
fourcastnetv2,fourcastnetv2,raw,2019,24,u500,m s^-1,1.9165999259862985,0.9701882947254848,365
fourcastnetv2,fourcastnetv2,raw,2019,24,u700,m s^-1,1.7038778003098394,0.9597183654229559,365
fourcastnetv2,fourcastnetv2,raw,2019,24,u850,m s^-1,1.5545995170994305,0.9569147769968854,365
fourcastnetv2,fourcastnetv2,raw,2019,24,u925,m s^-1,1.4513600739771735,0.9602628315350636,365
fourcastnetv2,fourcastnetv2,raw,2019,24,u1000,m s^-1,1.1474293106421358,0.9597897897103637,365
fourcastnetv2,fourcastnetv2,raw,2019,24,v50,m s^-1,1.2885632413285573,0.960716652614969,365
fourcastnetv2,fourcastnetv2,raw,2019,24,v100,m s^-1,1.7691385282738745,0.960959359865004,365
fourcastnetv2,fourcastnetv2,raw,2019,24,v200,m s^-1,2.6300538957534445,0.97194357205321,365
fourcastnetv2,fourcastnetv2,raw,2019,24,v300,m s^-1,2.57017052637921,0.9746917256959837,365
fourcastnetv2,fourcastnetv2,raw,2019,24,v500,m s^-1,1.860782715284917,0.9706883067575794,365
fourcastnetv2,fourcastnetv2,raw,2019,24,v700,m s^-1,1.5766536701459823,0.9617510284978774,365
fourcastnetv2,fourcastnetv2,raw,2019,24,v850,m s^-1,1.478038552558681,0.9565863265783233,365
fourcastnetv2,fourcastnetv2,raw,2019,24,v925,m s^-1,1.4377438950060974,0.9602012020478865,365
fourcastnetv2,fourcastnetv2,raw,2019,24,v1000,m s^-1,1.1559502565828645,0.9601884437751803,365
fourcastnetv2,fourcastnetv2,raw,2019,24,u10,m s^-1,1.0312713786308632,0.9587310010392169,365
fourcastnetv2,fourcastnetv2,raw,2019,24,v10,m s^-1,1.0357745053931742,0.958206549142726,365
fourcastnetv2,fourcastnetv2,raw,2019,24,t2m,K,1.3523137177835949,0.8562069926064927,365
fourcastnetv2,fourcastnetv2,raw,2019,24,mslp,Pa,123.34049296408413,0.9848689406818831,365
fourcastnetv2,fourcastnetv2,raw,2019,72,z50,m^2 s^-2,387.41006299982377,0.9511660683845529,365
fourcastnetv2,fourcastnetv2,raw,2019,72,z100,m^2 s^-2,283.3486933642892,0.9593270456499792,365
fourcastnetv2,fourcastnetv2,raw,2019,72,z200,m^2 s^-2,312.95221143784175,0.9572929199476623,365
fourcastnetv2,fourcastnetv2,raw,2019,72,z300,m^2 s^-2,322.46819705207696,0.9561828614243472,365
fourcastnetv2,fourcastnetv2,raw,2019,72,z500,m^2 s^-2,230.76401204275066,0.9581543687778835,365
fourcastnetv2,fourcastnetv2,raw,2019,72,z700,m^2 s^-2,183.34501581869222,0.954901387718348,365
fourcastnetv2,fourcastnetv2,raw,2019,72,z850,m^2 s^-2,173.27311794597082,0.9490967884286662,365
fourcastnetv2,fourcastnetv2,raw,2019,72,z925,m^2 s^-2,176.09554318804746,0.9463326960009126,365
fourcastnetv2,fourcastnetv2,raw,2019,72,z1000,m^2 s^-2,183.36760158665933,0.9436698902358488,365
fourcastnetv2,fourcastnetv2,raw,2019,72,q50,kg kg^-1,2.0475326670958446e-06,-0.018099108661552163,365
fourcastnetv2,fourcastnetv2,raw,2019,72,q100,kg kg^-1,2.3362918918136652e-06,0.32121764373527595,365
fourcastnetv2,fourcastnetv2,raw,2019,72,q200,kg kg^-1,2.4182701958277038e-05,0.5689329566733988,365
fourcastnetv2,fourcastnetv2,raw,2019,72,q300,kg kg^-1,0.00012564886373733612,0.6379453357028178,365
fourcastnetv2,fourcastnetv2,raw,2019,72,q500,kg kg^-1,0.0005620582154489178,0.7079548682663303,365
fourcastnetv2,fourcastnetv2,raw,2019,72,q700,kg kg^-1,0.0010811465402118196,0.698847192100196,365
fourcastnetv2,fourcastnetv2,raw,2019,72,q850,kg kg^-1,0.0012728101985206223,0.6873193782403121,365
fourcastnetv2,fourcastnetv2,raw,2019,72,q925,kg kg^-1,0.0011698204205927573,0.6605423930043656,365
fourcastnetv2,fourcastnetv2,raw,2019,72,q1000,kg kg^-1,0.0014700074369006992,0.6328992341100629,365
fourcastnetv2,fourcastnetv2,raw,2019,72,t50,K,1.5851442080410394,0.9090312215308735,365
fourcastnetv2,fourcastnetv2,raw,2019,72,t100,K,1.2817925474181848,0.9270345956127881,365
fourcastnetv2,fourcastnetv2,raw,2019,72,t200,K,1.4497218898946551,0.9175669525105851,365
fourcastnetv2,fourcastnetv2,raw,2019,72,t300,K,1.2176526500084706,0.8761461649154061,365
fourcastnetv2,fourcastnetv2,raw,2019,72,t500,K,1.2427190331461102,0.9121896283914835,365
fourcastnetv2,fourcastnetv2,raw,2019,72,t700,K,1.2524157048869626,0.9129400706583519,365
fourcastnetv2,fourcastnetv2,raw,2019,72,t850,K,1.4434189085907205,0.9009249837521882,365
fourcastnetv2,fourcastnetv2,raw,2019,72,t925,K,1.428968125537339,0.8859048362931872,365
fourcastnetv2,fourcastnetv2,raw,2019,72,t1000,K,1.364139053999578,0.8644230297160002,365
fourcastnetv2,fourcastnetv2,raw,2019,72,u50,m s^-1,2.6835889392068872,0.9327921882019609,365
fourcastnetv2,fourcastnetv2,raw,2019,72,u100,m s^-1,3.1450673996722727,0.9065289419738591,365
fourcastnetv2,fourcastnetv2,raw,2019,72,u200,m s^-1,4.595316590538855,0.9150868115634259,365
fourcastnetv2,fourcastnetv2,raw,2019,72,u300,m s^-1,4.9734525540496595,0.9030824878791629,365
fourcastnetv2,fourcastnetv2,raw,2019,72,u500,m s^-1,3.497203950398885,0.8984450826022978,365
fourcastnetv2,fourcastnetv2,raw,2019,72,u700,m s^-1,2.842631612894546,0.8849195375039627,365
fourcastnetv2,fourcastnetv2,raw,2019,72,u850,m s^-1,2.590304557411587,0.8752237292406803,365
fourcastnetv2,fourcastnetv2,raw,2019,72,u925,m s^-1,2.5146514969350653,0.8746048476820366,365
fourcastnetv2,fourcastnetv2,raw,2019,72,u1000,m s^-1,1.958864907536522,0.8767511484094933,365
fourcastnetv2,fourcastnetv2,raw,2019,72,v50,m s^-1,1.880510914972212,0.9155561579752136,365
fourcastnetv2,fourcastnetv2,raw,2019,72,v100,m s^-1,2.5908047057519745,0.9145912422262601,365
fourcastnetv2,fourcastnetv2,raw,2019,72,v200,m s^-1,4.526067177430591,0.914846959530343,365
fourcastnetv2,fourcastnetv2,raw,2019,72,v300,m s^-1,4.849490609777027,0.9067941537746742,365
fourcastnetv2,fourcastnetv2,raw,2019,72,v500,m s^-1,3.3235469442556624,0.902397346950133,365
fourcastnetv2,fourcastnetv2,raw,2019,72,v700,m s^-1,2.6230128444065306,0.8891497394837345,365
fourcastnetv2,fourcastnetv2,raw,2019,72,v850,m s^-1,2.424827263860069,0.8759758280248198,365
fourcastnetv2,fourcastnetv2,raw,2019,72,v925,m s^-1,2.4325898728865964,0.8792190310474065,365
fourcastnetv2,fourcastnetv2,raw,2019,72,v1000,m s^-1,1.939050984315538,0.8823148208634694,365
fourcastnetv2,fourcastnetv2,raw,2019,72,u10,m s^-1,1.7676489184508348,0.8735220158214474,365
fourcastnetv2,fourcastnetv2,raw,2019,72,v10,m s^-1,1.7395427366287453,0.876832609564172,365
fourcastnetv2,fourcastnetv2,raw,2019,72,t2m,K,1.3905918291764547,0.841240708479095,365
fourcastnetv2,fourcastnetv2,raw,2019,72,mslp,Pa,232.67983340802434,0.943344448396955,365
fourcastnetv2,fourcastnetv2,raw,2019,120,z50,m^2 s^-2,519.563873579174,0.9112982529887036,365
fourcastnetv2,fourcastnetv2,raw,2019,120,z100,m^2 s^-2,438.90924633651974,0.9003140490753191,365
fourcastnetv2,fourcastnetv2,raw,2019,120,z200,m^2 s^-2,536.5592641276756,0.8715195498058544,365
fourcastnetv2,fourcastnetv2,raw,2019,120,z300,m^2 s^-2,582.8083714000448,0.8541850478786344,365
fourcastnetv2,fourcastnetv2,raw,2019,120,z500,m^2 s^-2,424.77389389827147,0.8555075899909649,365
fourcastnetv2,fourcastnetv2,raw,2019,120,z700,m^2 s^-2,329.4985834606402,0.8506386650319915,365
fourcastnetv2,fourcastnetv2,raw,2019,120,z850,m^2 s^-2,305.8767193041065,0.8365886569131,365
fourcastnetv2,fourcastnetv2,raw,2019,120,z925,m^2 s^-2,309.1481259075339,0.8293949286898695,365
fourcastnetv2,fourcastnetv2,raw,2019,120,z1000,m^2 s^-2,318.9537165625686,0.8240948537564534,365
fourcastnetv2,fourcastnetv2,raw,2019,120,q50,kg kg^-1,2.054697766400747e-06,-0.020493897054261773,365
fourcastnetv2,fourcastnetv2,raw,2019,120,q100,kg kg^-1,2.328819941543571e-06,0.33214837794564595,365
fourcastnetv2,fourcastnetv2,raw,2019,120,q200,kg kg^-1,2.460704379118367e-05,0.5034684880138532,365
fourcastnetv2,fourcastnetv2,raw,2019,120,q300,kg kg^-1,0.00013504661375075464,0.5420083800827347,365
fourcastnetv2,fourcastnetv2,raw,2019,120,q500,kg kg^-1,0.0006397729100523053,0.6115925639264645,365
fourcastnetv2,fourcastnetv2,raw,2019,120,q700,kg kg^-1,0.0012343953136938115,0.5947527883325859,365
fourcastnetv2,fourcastnetv2,raw,2019,120,q850,kg kg^-1,0.0014776936443817216,0.5657763834293074,365
fourcastnetv2,fourcastnetv2,raw,2019,120,q925,kg kg^-1,0.0013121208605615907,0.5669182204925354,365
fourcastnetv2,fourcastnetv2,raw,2019,120,q1000,kg kg^-1,0.0016049815300107704,0.551151172449617,365
fourcastnetv2,fourcastnetv2,raw,2019,120,t50,K,1.8347063264278671,0.8764675461624899,365
fourcastnetv2,fourcastnetv2,raw,2019,120,t100,K,1.7228817123046343,0.866891230695306,365
fourcastnetv2,fourcastnetv2,raw,2019,120,t200,K,2.2520073809448347,0.7991000270837122,365
fourcastnetv2,fourcastnetv2,raw,2019,120,t300,K,1.665120157326501,0.7616706389123309,365
fourcastnetv2,fourcastnetv2,raw,2019,120,t500,K,1.9186199707075804,0.7869229569784694,365
fourcastnetv2,fourcastnetv2,raw,2019,120,t700,K,1.9183316099770986,0.793056037307587,365
fourcastnetv2,fourcastnetv2,raw,2019,120,t850,K,2.09114459685192,0.7893389617265629,365
fourcastnetv2,fourcastnetv2,raw,2019,120,t925,K,2.003326345308694,0.7724955007047384,365
fourcastnetv2,fourcastnetv2,raw,2019,120,t1000,K,1.8032091158032377,0.7582288743754162,365
fourcastnetv2,fourcastnetv2,raw,2019,120,u50,m s^-1,3.339092809648485,0.8944649630848014,365
fourcastnetv2,fourcastnetv2,raw,2019,120,u100,m s^-1,4.188075916820164,0.8310166429891183,365
fourcastnetv2,fourcastnetv2,raw,2019,120,u200,m s^-1,6.821035848677616,0.8094143361070831,365
fourcastnetv2,fourcastnetv2,raw,2019,120,u300,m s^-1,7.599764881196319,0.768961018515134,365
fourcastnetv2,fourcastnetv2,raw,2019,120,u500,m s^-1,5.276986151319706,0.7623350591553718,365
fourcastnetv2,fourcastnetv2,raw,2019,120,u700,m s^-1,4.149853666917334,0.74731860260833,365
fourcastnetv2,fourcastnetv2,raw,2019,120,u850,m s^-1,3.816337047840625,0.7195559275451159,365
fourcastnetv2,fourcastnetv2,raw,2019,120,u925,m s^-1,3.776086433204145,0.7071080742957133,365
fourcastnetv2,fourcastnetv2,raw,2019,120,u1000,m s^-1,2.932211902250419,0.713604816593343,365
fourcastnetv2,fourcastnetv2,raw,2019,120,v50,m s^-1,2.4839563140031298,0.8490257470355446,365
fourcastnetv2,fourcastnetv2,raw,2019,120,v100,m s^-1,3.666258647345801,0.8222887920840857,365
fourcastnetv2,fourcastnetv2,raw,2019,120,v200,m s^-1,6.954429299569363,0.7914448678238019,365
fourcastnetv2,fourcastnetv2,raw,2019,120,v300,m s^-1,7.6631103479861595,0.7589172652570539,365
fourcastnetv2,fourcastnetv2,raw,2019,120,v500,m s^-1,5.182432832655905,0.7530377504001198,365
fourcastnetv2,fourcastnetv2,raw,2019,120,v700,m s^-1,3.9413021995826276,0.7382727478754969,365
fourcastnetv2,fourcastnetv2,raw,2019,120,v850,m s^-1,3.619725745070056,0.710573535794466,365
fourcastnetv2,fourcastnetv2,raw,2019,120,v925,m s^-1,3.694862856950589,0.7090377980589642,365
fourcastnetv2,fourcastnetv2,raw,2019,120,v1000,m s^-1,2.947919793957236,0.7169073430037203,365
fourcastnetv2,fourcastnetv2,raw,2019,120,u10,m s^-1,2.6349304458181244,0.7087614925343686,365
fourcastnetv2,fourcastnetv2,raw,2019,120,v10,m s^-1,2.6266442991057732,0.7080850201119048,365
fourcastnetv2,fourcastnetv2,raw,2019,120,t2m,K,1.753038233884875,0.7417545075406117,365
fourcastnetv2,fourcastnetv2,raw,2019,120,mslp,Pa,405.0190508213823,0.8228651434914832,365
fourcastnetv2,fourcastnetv2,raw,2019,168,z50,m^2 s^-2,669.5015079090306,0.8518142281869395,365
fourcastnetv2,fourcastnetv2,raw,2019,168,z100,m^2 s^-2,618.6341346131505,0.7983291283039762,365
fourcastnetv2,fourcastnetv2,raw,2019,168,z200,m^2 s^-2,779.897934191936,0.7231010080702861,365
fourcastnetv2,fourcastnetv2,raw,2019,168,z300,m^2 s^-2,840.4929575218555,0.6914975710852738,365
fourcastnetv2,fourcastnetv2,raw,2019,168,z500,m^2 s^-2,612.1115114771791,0.6945060347075783,365
fourcastnetv2,fourcastnetv2,raw,2019,168,z700,m^2 s^-2,470.3019183149471,0.6893874825791664,365
fourcastnetv2,fourcastnetv2,raw,2019,168,z850,m^2 s^-2,431.1803011226262,0.6683801977551277,365
fourcastnetv2,fourcastnetv2,raw,2019,168,z925,m^2 s^-2,433.9334332186185,0.6567884283627612,365
fourcastnetv2,fourcastnetv2,raw,2019,168,z1000,m^2 s^-2,446.03081946121904,0.6487889786334117,365
fourcastnetv2,fourcastnetv2,raw,2019,168,q50,kg kg^-1,2.068645601070133e-06,-0.018870678563023664,365
fourcastnetv2,fourcastnetv2,raw,2019,168,q100,kg kg^-1,2.3338104615660816e-06,0.32609868086735744,365
fourcastnetv2,fourcastnetv2,raw,2019,168,q200,kg kg^-1,2.515943276645583e-05,0.44022570866107585,365
fourcastnetv2,fourcastnetv2,raw,2019,168,q300,kg kg^-1,0.0001448242803836043,0.4498181474454908,365
fourcastnetv2,fourcastnetv2,raw,2019,168,q500,kg kg^-1,0.0007253321235576521,0.49105009612822714,365
fourcastnetv2,fourcastnetv2,raw,2019,168,q700,kg kg^-1,0.0014012682683016808,0.46462801108253116,365
fourcastnetv2,fourcastnetv2,raw,2019,168,q850,kg kg^-1,0.0016683856742535682,0.43633519869784587,365
fourcastnetv2,fourcastnetv2,raw,2019,168,q925,kg kg^-1,0.001475429026971896,0.44724356596608134,365
fourcastnetv2,fourcastnetv2,raw,2019,168,q1000,kg kg^-1,0.001775339908339148,0.43823671305215994,365
fourcastnetv2,fourcastnetv2,raw,2019,168,t50,K,2.092284190863869,0.8364507244256019,365
fourcastnetv2,fourcastnetv2,raw,2019,168,t100,K,2.192629403530433,0.7826284673091544,365
fourcastnetv2,fourcastnetv2,raw,2019,168,t200,K,2.9559745418735663,0.6518756769879487,365
fourcastnetv2,fourcastnetv2,raw,2019,168,t300,K,2.109985147348509,0.6104150528355603,365
fourcastnetv2,fourcastnetv2,raw,2019,168,t500,K,2.575058137278218,0.611124233415666,365
fourcastnetv2,fourcastnetv2,raw,2019,168,t700,K,2.593186498873504,0.6182240070832491,365
fourcastnetv2,fourcastnetv2,raw,2019,168,t850,K,2.794506373156256,0.6195663643499101,365
fourcastnetv2,fourcastnetv2,raw,2019,168,t925,K,2.638393912905881,0.6016831414676944,365
fourcastnetv2,fourcastnetv2,raw,2019,168,t1000,K,2.3124311374041873,0.5985399080987116,365
fourcastnetv2,fourcastnetv2,raw,2019,168,u50,m s^-1,4.09630246511396,0.8399708551519296,365
fourcastnetv2,fourcastnetv2,raw,2019,168,u100,m s^-1,5.308713263792533,0.7233189945064341,365
fourcastnetv2,fourcastnetv2,raw,2019,168,u200,m s^-1,9.068520950846588,0.6588824133994226,365
fourcastnetv2,fourcastnetv2,raw,2019,168,u300,m s^-1,9.929086474284885,0.6008139382000665,365
fourcastnetv2,fourcastnetv2,raw,2019,168,u500,m s^-1,6.829358727016958,0.5944778475528343,365
fourcastnetv2,fourcastnetv2,raw,2019,168,u700,m s^-1,5.287278567647756,0.5814920657722172,365
fourcastnetv2,fourcastnetv2,raw,2019,168,u850,m s^-1,4.834445394023463,0.5407220385966689,365
fourcastnetv2,fourcastnetv2,raw,2019,168,u925,m s^-1,4.791940994240781,0.5189519029718692,365
fourcastnetv2,fourcastnetv2,raw,2019,168,u1000,m s^-1,3.731493788278059,0.5264009403935438,365
fourcastnetv2,fourcastnetv2,raw,2019,168,v50,m s^-1,3.2875671099315142,0.7322794944094003,365
fourcastnetv2,fourcastnetv2,raw,2019,168,v100,m s^-1,4.957667810347106,0.6659256769133812,365
fourcastnetv2,fourcastnetv2,raw,2019,168,v200,m s^-1,9.417648521853659,0.6073081068306866,365
fourcastnetv2,fourcastnetv2,raw,2019,168,v300,m s^-1,10.21854093244362,0.5604879296806586,365
fourcastnetv2,fourcastnetv2,raw,2019,168,v500,m s^-1,6.833052363653718,0.5574860780242492,365
fourcastnetv2,fourcastnetv2,raw,2019,168,v700,m s^-1,5.112981785535325,0.5441214545661937,365
fourcastnetv2,fourcastnetv2,raw,2019,168,v850,m s^-1,4.640776435996088,0.5086960883800352,365
fourcastnetv2,fourcastnetv2,raw,2019,168,v925,m s^-1,4.770749233300454,0.5010399248615524,365
fourcastnetv2,fourcastnetv2,raw,2019,168,v1000,m s^-1,3.828298189864864,0.5102282685829543,365
fourcastnetv2,fourcastnetv2,raw,2019,168,u10,m s^-1,3.3356733035118684,0.5233187078776882,365
fourcastnetv2,fourcastnetv2,raw,2019,168,v10,m s^-1,3.384649149377953,0.502654087771626,365
fourcastnetv2,fourcastnetv2,raw,2019,168,t2m,K,2.192054579863262,0.5929167437585396,365
fourcastnetv2,fourcastnetv2,raw,2019,168,mslp,Pa,565.8107894749811,0.647241992613248,365
fourcastnetv2,fourcastnetv2,raw,2019,240,z50,m^2 s^-2,863.3354084248303,0.753242655101499,365
fourcastnetv2,fourcastnetv2,raw,2019,240,z100,m^2 s^-2,838.6555802457867,0.6233410931632694,365
fourcastnetv2,fourcastnetv2,raw,2019,240,z200,m^2 s^-2,1064.7763010289423,0.47331755400564907,365
fourcastnetv2,fourcastnetv2,raw,2019,240,z300,m^2 s^-2,1131.2553120286996,0.4310871577866069,365
fourcastnetv2,fourcastnetv2,raw,2019,240,z500,m^2 s^-2,823.3042522547919,0.43804595947945135,365
fourcastnetv2,fourcastnetv2,raw,2019,240,z700,m^2 s^-2,628.0218648034739,0.4370328754295943,365
fourcastnetv2,fourcastnetv2,raw,2019,240,z850,m^2 s^-2,567.7181772386042,0.41694204363303056,365
fourcastnetv2,fourcastnetv2,raw,2019,240,z925,m^2 s^-2,567.9634770463341,0.4044021863441189,365
fourcastnetv2,fourcastnetv2,raw,2019,240,z1000,m^2 s^-2,581.4511142715879,0.3956309844800689,365
fourcastnetv2,fourcastnetv2,raw,2019,240,q50,kg kg^-1,2.116583704516656e-06,-0.013946499161914483,365
fourcastnetv2,fourcastnetv2,raw,2019,240,q100,kg kg^-1,2.3676650220394588e-06,0.3064952238177373,365
fourcastnetv2,fourcastnetv2,raw,2019,240,q200,kg kg^-1,2.6066849021119906e-05,0.3542052120319113,365
fourcastnetv2,fourcastnetv2,raw,2019,240,q300,kg kg^-1,0.00015814255555797783,0.32443151711112667,365
fourcastnetv2,fourcastnetv2,raw,2019,240,q500,kg kg^-1,0.0008193644222037719,0.33999258597397924,365
fourcastnetv2,fourcastnetv2,raw,2019,240,q700,kg kg^-1,0.0015787565348122318,0.305120354323659,365
fourcastnetv2,fourcastnetv2,raw,2019,240,q850,kg kg^-1,0.0018688546692620426,0.28139896308574913,365
fourcastnetv2,fourcastnetv2,raw,2019,240,q925,kg kg^-1,0.0016671512702222465,0.28784633340175647,365
fourcastnetv2,fourcastnetv2,raw,2019,240,q1000,kg kg^-1,0.0019839346859530644,0.28311885105467066,365
fourcastnetv2,fourcastnetv2,raw,2019,240,t50,K,2.468090234462387,0.7679400465233012,365
fourcastnetv2,fourcastnetv2,raw,2019,240,t100,K,2.764874597285581,0.6513049606676805,365
fourcastnetv2,fourcastnetv2,raw,2019,240,t200,K,3.6716924190462774,0.4589115564311748,365
fourcastnetv2,fourcastnetv2,raw,2019,240,t300,K,2.60617425503433,0.3987389762661714,365
fourcastnetv2,fourcastnetv2,raw,2019,240,t500,K,3.2860498665530113,0.35972365274243095,365
fourcastnetv2,fourcastnetv2,raw,2019,240,t700,K,3.3265936799876537,0.3655710575369811,365
fourcastnetv2,fourcastnetv2,raw,2019,240,t850,K,3.5731099624681333,0.3707188010971735,365
fourcastnetv2,fourcastnetv2,raw,2019,240,t925,K,3.341490068352995,0.3570311937849665,365
fourcastnetv2,fourcastnetv2,raw,2019,240,t1000,K,2.903089834124838,0.3649692493736792,365
fourcastnetv2,fourcastnetv2,raw,2019,240,u50,m s^-1,5.134291302902507,0.7490873671538042,365
fourcastnetv2,fourcastnetv2,raw,2019,240,u100,m s^-1,6.743043648778132,0.5460836871372662,365
fourcastnetv2,fourcastnetv2,raw,2019,240,u200,m s^-1,11.611610651758957,0.43696822180656375,365
fourcastnetv2,fourcastnetv2,raw,2019,240,u300,m s^-1,12.398790386299659,0.37259252520883246,365
fourcastnetv2,fourcastnetv2,raw,2019,240,u500,m s^-1,8.49741427663314,0.3637383281491639,365
fourcastnetv2,fourcastnetv2,raw,2019,240,u700,m s^-1,6.494053201900876,0.35972743744342983,365
fourcastnetv2,fourcastnetv2,raw,2019,240,u850,m s^-1,5.846952744176947,0.32224209515794094,365
fourcastnetv2,fourcastnetv2,raw,2019,240,u925,m s^-1,5.759580580179545,0.30021745763752156,365
fourcastnetv2,fourcastnetv2,raw,2019,240,u1000,m s^-1,4.503573226151052,0.30472899204135295,365
fourcastnetv2,fourcastnetv2,raw,2019,240,v50,m s^-1,4.292581258209463,0.5460885428704796,365
fourcastnetv2,fourcastnetv2,raw,2019,240,v100,m s^-1,6.454252675841663,0.4207131389974588,365
fourcastnetv2,fourcastnetv2,raw,2019,240,v200,m s^-1,12.05898636895998,0.33836199666398437,365
fourcastnetv2,fourcastnetv2,raw,2019,240,v300,m s^-1,12.816241612295734,0.2937271984287558,365
fourcastnetv2,fourcastnetv2,raw,2019,240,v500,m s^-1,8.497158741903403,0.29863629558229027,365
fourcastnetv2,fourcastnetv2,raw,2019,240,v700,m s^-1,6.268172003375943,0.29554294754569194,365
fourcastnetv2,fourcastnetv2,raw,2019,240,v850,m s^-1,5.59416257487431,0.26874976463932115,365
fourcastnetv2,fourcastnetv2,raw,2019,240,v925,m s^-1,5.752331840354322,0.2605999074400578,365
fourcastnetv2,fourcastnetv2,raw,2019,240,v1000,m s^-1,4.6518523817420006,0.26563464617620713,365
fourcastnetv2,fourcastnetv2,raw,2019,240,u10,m s^-1,4.012666717804766,0.30372629130139966,365
fourcastnetv2,fourcastnetv2,raw,2019,240,v10,m s^-1,4.094242243545069,0.26110158879150136,365
fourcastnetv2,fourcastnetv2,raw,2019,240,t2m,K,2.729712662223157,0.3672802471392155,365
fourcastnetv2,fourcastnetv2,raw,2019,240,mslp,Pa,736.898476481266,0.39434052337377645,365
fourcastnetv2,fourcastnetv2,sphere_ttc,2018,24,z50,m^2 s^-2,152.15794771579363,0.9894636527482673,365
fourcastnetv2,fourcastnetv2,sphere_ttc,2018,24,z100,m^2 s^-2,104.09106309093139,0.993315926771155,365
fourcastnetv2,fourcastnetv2,sphere_ttc,2018,24,z200,m^2 s^-2,110.81149040471794,0.9943312039701672,365
fourcastnetv2,fourcastnetv2,sphere_ttc,2018,24,z300,m^2 s^-2,112.9892139212536,0.9945007467544065,365
fourcastnetv2,fourcastnetv2,sphere_ttc,2018,24,z500,m^2 s^-2,83.62012752764568,0.9944598029370235,365
fourcastnetv2,fourcastnetv2,sphere_ttc,2018,24,z700,m^2 s^-2,70.6400496006508,0.9932618179713851,365
fourcastnetv2,fourcastnetv2,sphere_ttc,2018,24,z850,m^2 s^-2,69.17713598035373,0.9918419051309747,365
fourcastnetv2,fourcastnetv2,sphere_ttc,2018,24,z925,m^2 s^-2,71.53708095152369,0.991081619980237,365
fourcastnetv2,fourcastnetv2,sphere_ttc,2018,24,z1000,m^2 s^-2,76.62826671949786,0.9900800796130841,365
fourcastnetv2,fourcastnetv2,sphere_ttc,2018,24,q50,kg kg^-1,5.326330391305376e-07,0.36768786599354664,365
fourcastnetv2,fourcastnetv2,sphere_ttc,2018,24,q100,kg kg^-1,9.501136547832833e-07,0.22142547278939115,365
fourcastnetv2,fourcastnetv2,sphere_ttc,2018,24,q200,kg kg^-1,1.056314059628776e-05,0.7130395854140327,365
fourcastnetv2,fourcastnetv2,sphere_ttc,2018,24,q300,kg kg^-1,8.206188316926756e-05,0.7599076714785988,365
fourcastnetv2,fourcastnetv2,sphere_ttc,2018,24,q500,kg kg^-1,0.0005261368606755302,0.7304017048699509,365
fourcastnetv2,fourcastnetv2,sphere_ttc,2018,24,q700,kg kg^-1,0.0009098284215956843,0.7849677902650631,365
fourcastnetv2,fourcastnetv2,sphere_ttc,2018,24,q850,kg kg^-1,0.0009861204893591268,0.808039681240998,365
fourcastnetv2,fourcastnetv2,sphere_ttc,2018,24,q925,kg kg^-1,0.0008929873933086791,0.7720781967354896,365
fourcastnetv2,fourcastnetv2,sphere_ttc,2018,24,q1000,kg kg^-1,0.0009187143013913332,0.7920412583615422,365
fourcastnetv2,fourcastnetv2,sphere_ttc,2018,24,t50,K,0.9499452397935951,0.948786889106157,365
fourcastnetv2,fourcastnetv2,sphere_ttc,2018,24,t100,K,0.781827648702259,0.9665269972929968,365
fourcastnetv2,fourcastnetv2,sphere_ttc,2018,24,t200,K,0.7524094413425713,0.9754390146749762,365
fourcastnetv2,fourcastnetv2,sphere_ttc,2018,24,t300,K,0.685242309018203,0.9584214545741544,365
fourcastnetv2,fourcastnetv2,sphere_ttc,2018,24,t500,K,0.6508585539383698,0.9761645879201043,365
fourcastnetv2,fourcastnetv2,sphere_ttc,2018,24,t700,K,0.7295042901144752,0.9710712155629386,365
fourcastnetv2,fourcastnetv2,sphere_ttc,2018,24,t850,K,0.9292629742440012,0.9590015376451303,365
fourcastnetv2,fourcastnetv2,sphere_ttc,2018,24,t925,K,0.9569961874161544,0.949391223091842,365
fourcastnetv2,fourcastnetv2,sphere_ttc,2018,24,t1000,K,1.0074578121963085,0.9271589521839892,365
fourcastnetv2,fourcastnetv2,sphere_ttc,2018,24,u50,m s^-1,1.615547133543049,0.9797658596833703,365
fourcastnetv2,fourcastnetv2,sphere_ttc,2018,24,u100,m s^-1,1.853946894982161,0.9648822101043698,365
fourcastnetv2,fourcastnetv2,sphere_ttc,2018,24,u200,m s^-1,2.5776691289305735,0.9741396820430599,365
fourcastnetv2,fourcastnetv2,sphere_ttc,2018,24,u300,m s^-1,2.525539180184148,0.9760374571816097,365
fourcastnetv2,fourcastnetv2,sphere_ttc,2018,24,u500,m s^-1,1.8890988926315904,0.972122260879963,365
fourcastnetv2,fourcastnetv2,sphere_ttc,2018,24,u700,m s^-1,1.643618370208877,0.9634601515825126,365
fourcastnetv2,fourcastnetv2,sphere_ttc,2018,24,u850,m s^-1,1.5026043473502901,0.9601723809463248,365
fourcastnetv2,fourcastnetv2,sphere_ttc,2018,24,u925,m s^-1,1.4020695752706644,0.9630892318406665,365
fourcastnetv2,fourcastnetv2,sphere_ttc,2018,24,u1000,m s^-1,1.109959320885699,0.9623632298497642,365
fourcastnetv2,fourcastnetv2,sphere_ttc,2018,24,v50,m s^-1,1.2137302956007494,0.9683181210224335,365
fourcastnetv2,fourcastnetv2,sphere_ttc,2018,24,v100,m s^-1,1.626319283889752,0.9658226826681371,365
fourcastnetv2,fourcastnetv2,sphere_ttc,2018,24,v200,m s^-1,2.4722235426350343,0.9736667406612683,365
fourcastnetv2,fourcastnetv2,sphere_ttc,2018,24,v300,m s^-1,2.4318896050673917,0.9761707465197401,365
fourcastnetv2,fourcastnetv2,sphere_ttc,2018,24,v500,m s^-1,1.7812894872255012,0.9715718165354373,365
fourcastnetv2,fourcastnetv2,sphere_ttc,2018,24,v700,m s^-1,1.509611316682929,0.9626400644523483,365
fourcastnetv2,fourcastnetv2,sphere_ttc,2018,24,v850,m s^-1,1.4159201769835739,0.9575768586400106,365
fourcastnetv2,fourcastnetv2,sphere_ttc,2018,24,v925,m s^-1,1.3732529654284402,0.9615055112227275,365
fourcastnetv2,fourcastnetv2,sphere_ttc,2018,24,v1000,m s^-1,1.1126266226297454,0.9614461505997166,365
fourcastnetv2,fourcastnetv2,sphere_ttc,2018,24,u10,m s^-1,0.9977137441270387,0.9611799792876892,365
fourcastnetv2,fourcastnetv2,sphere_ttc,2018,24,v10,m s^-1,0.9988113324658747,0.9596023678565708,365
fourcastnetv2,fourcastnetv2,sphere_ttc,2018,24,t2m,K,1.0880993817261995,0.9046127269085211,365
fourcastnetv2,fourcastnetv2,sphere_ttc,2018,24,mslp,Pa,98.39914970366198,0.9897941585528502,365
fourcastnetv2,fourcastnetv2,sphere_ttc,2018,72,z50,m^2 s^-2,305.96523236488144,0.957165000062599,365
fourcastnetv2,fourcastnetv2,sphere_ttc,2018,72,z100,m^2 s^-2,222.27502565315248,0.9694144055217431,365
fourcastnetv2,fourcastnetv2,sphere_ttc,2018,72,z200,m^2 s^-2,273.7604224301364,0.9652146312592766,365
fourcastnetv2,fourcastnetv2,sphere_ttc,2018,72,z300,m^2 s^-2,303.34935576983844,0.9601590142295673,365
fourcastnetv2,fourcastnetv2,sphere_ttc,2018,72,z500,m^2 s^-2,225.81372305819704,0.9596604161636079,365
fourcastnetv2,fourcastnetv2,sphere_ttc,2018,72,z700,m^2 s^-2,178.3162762511325,0.956797377047837,365
fourcastnetv2,fourcastnetv2,sphere_ttc,2018,72,z850,m^2 s^-2,167.88013336968314,0.9513138353771516,365
fourcastnetv2,fourcastnetv2,sphere_ttc,2018,72,z925,m^2 s^-2,171.1430896909735,0.9483452299265811,365
fourcastnetv2,fourcastnetv2,sphere_ttc,2018,72,z1000,m^2 s^-2,178.15543972064057,0.9457132162381262,365
fourcastnetv2,fourcastnetv2,sphere_ttc,2018,72,q50,kg kg^-1,5.044192377561987e-07,0.3807506897945656,365
fourcastnetv2,fourcastnetv2,sphere_ttc,2018,72,q100,kg kg^-1,9.353009810868621e-07,0.25584119269981137,365
fourcastnetv2,fourcastnetv2,sphere_ttc,2018,72,q200,kg kg^-1,1.0532550733628998e-05,0.6821259266853829,365
fourcastnetv2,fourcastnetv2,sphere_ttc,2018,72,q300,kg kg^-1,8.810618208214939e-05,0.7100651309320916,365
fourcastnetv2,fourcastnetv2,sphere_ttc,2018,72,q500,kg kg^-1,0.0005300703075376993,0.7300419884501952,365
fourcastnetv2,fourcastnetv2,sphere_ttc,2018,72,q700,kg kg^-1,0.0010109189310821087,0.73051711031658,365
fourcastnetv2,fourcastnetv2,sphere_ttc,2018,72,q850,kg kg^-1,0.0011778120014655136,0.7145963926613229,365
fourcastnetv2,fourcastnetv2,sphere_ttc,2018,72,q925,kg kg^-1,0.0009802854020216666,0.7225942465647148,365
fourcastnetv2,fourcastnetv2,sphere_ttc,2018,72,q1000,kg kg^-1,0.0010218672053357149,0.7466314424169285,365
fourcastnetv2,fourcastnetv2,sphere_ttc,2018,72,t50,K,1.4251172125135008,0.8823434734375954,365
fourcastnetv2,fourcastnetv2,sphere_ttc,2018,72,t100,K,1.213480723914116,0.9182761401385867,365
fourcastnetv2,fourcastnetv2,sphere_ttc,2018,72,t200,K,1.3974991508058958,0.9138383259103076,365
fourcastnetv2,fourcastnetv2,sphere_ttc,2018,72,t300,K,1.0952927343777374,0.8914255314796549,365
fourcastnetv2,fourcastnetv2,sphere_ttc,2018,72,t500,K,1.1737424929175626,0.9212456642017299,365
fourcastnetv2,fourcastnetv2,sphere_ttc,2018,72,t700,K,1.194447504683206,0.921111660388093,365
fourcastnetv2,fourcastnetv2,sphere_ttc,2018,72,t850,K,1.3661995024519429,0.9102485164394579,365
fourcastnetv2,fourcastnetv2,sphere_ttc,2018,72,t925,K,1.3439419548835887,0.8981094020173964,365
fourcastnetv2,fourcastnetv2,sphere_ttc,2018,72,t1000,K,1.2772747172475918,0.8799652800464821,365
fourcastnetv2,fourcastnetv2,sphere_ttc,2018,72,u50,m s^-1,2.424965666619605,0.9540192313120515,365
fourcastnetv2,fourcastnetv2,sphere_ttc,2018,72,u100,m s^-1,2.8364781035490165,0.9171065065933992,365
fourcastnetv2,fourcastnetv2,sphere_ttc,2018,72,u200,m s^-1,4.501816599184768,0.9202600482702089,365
fourcastnetv2,fourcastnetv2,sphere_ttc,2018,72,u300,m s^-1,4.927202018169993,0.9077050001377419,365
fourcastnetv2,fourcastnetv2,sphere_ttc,2018,72,u500,m s^-1,3.4871884898997676,0.9032921272848948,365
fourcastnetv2,fourcastnetv2,sphere_ttc,2018,72,u700,m s^-1,2.813927230896777,0.8906056160169414,365
fourcastnetv2,fourcastnetv2,sphere_ttc,2018,72,u850,m s^-1,2.5654037299462344,0.8805148199106376,365
fourcastnetv2,fourcastnetv2,sphere_ttc,2018,72,u925,m s^-1,2.490923777026794,0.8796019691160811,365
fourcastnetv2,fourcastnetv2,sphere_ttc,2018,72,u1000,m s^-1,1.9375833435270995,0.8813913095599358,365
fourcastnetv2,fourcastnetv2,sphere_ttc,2018,72,v50,m s^-1,1.8319305299533617,0.9279626466960393,365
fourcastnetv2,fourcastnetv2,sphere_ttc,2018,72,v100,m s^-1,2.449838027926955,0.9213949494750121,365
fourcastnetv2,fourcastnetv2,sphere_ttc,2018,72,v200,m s^-1,4.431844955720606,0.9138688981579144,365
fourcastnetv2,fourcastnetv2,sphere_ttc,2018,72,v300,m s^-1,4.763279443578115,0.9064824078997991,365
fourcastnetv2,fourcastnetv2,sphere_ttc,2018,72,v500,m s^-1,3.278267802234016,0.9013292871879455,365
fourcastnetv2,fourcastnetv2,sphere_ttc,2018,72,v700,m s^-1,2.5946888537957222,0.8869234898060276,365
fourcastnetv2,fourcastnetv2,sphere_ttc,2018,72,v850,m s^-1,2.3879208354803674,0.8754186276460154,365
fourcastnetv2,fourcastnetv2,sphere_ttc,2018,72,v925,m s^-1,2.3925742330799435,0.8794272567082988,365
fourcastnetv2,fourcastnetv2,sphere_ttc,2018,72,v1000,m s^-1,1.9166641681027026,0.8821256282340594,365
fourcastnetv2,fourcastnetv2,sphere_ttc,2018,72,u10,m s^-1,1.7467242542193477,0.877318975095722,365
fourcastnetv2,fourcastnetv2,sphere_ttc,2018,72,v10,m s^-1,1.7176107549701982,0.8769883953504221,365
fourcastnetv2,fourcastnetv2,sphere_ttc,2018,72,t2m,K,1.3209310821071991,0.8558020244413588,365
fourcastnetv2,fourcastnetv2,sphere_ttc,2018,72,mslp,Pa,226.4277740307617,0.9453112906030002,365
fourcastnetv2,fourcastnetv2,sphere_ttc,2018,120,z50,m^2 s^-2,454.7977844763042,0.9040789780303364,365
fourcastnetv2,fourcastnetv2,sphere_ttc,2018,120,z100,m^2 s^-2,392.3492270100192,0.90273389027534,365
fourcastnetv2,fourcastnetv2,sphere_ttc,2018,120,z200,m^2 s^-2,515.20670127071,0.8740064384593486,365
fourcastnetv2,fourcastnetv2,sphere_ttc,2018,120,z300,m^2 s^-2,572.8446590323151,0.855097491361957,365
fourcastnetv2,fourcastnetv2,sphere_ttc,2018,120,z500,m^2 s^-2,423.074294426466,0.8553246019334969,365
fourcastnetv2,fourcastnetv2,sphere_ttc,2018,120,z700,m^2 s^-2,328.8808730692693,0.8495944832466151,365
fourcastnetv2,fourcastnetv2,sphere_ttc,2018,120,z850,m^2 s^-2,305.06814658075854,0.835027500823339,365
fourcastnetv2,fourcastnetv2,sphere_ttc,2018,120,z925,m^2 s^-2,308.261787727763,0.827475733634944,365
fourcastnetv2,fourcastnetv2,sphere_ttc,2018,120,z1000,m^2 s^-2,317.82524920212654,0.8219207301417787,365
fourcastnetv2,fourcastnetv2,sphere_ttc,2018,120,q50,kg kg^-1,5.183821420403127e-07,0.3708245950298668,365
fourcastnetv2,fourcastnetv2,sphere_ttc,2018,120,q100,kg kg^-1,9.465464479401866e-07,0.24587907453431312,365
fourcastnetv2,fourcastnetv2,sphere_ttc,2018,120,q200,kg kg^-1,1.181048158062299e-05,0.5817405877383707,365
fourcastnetv2,fourcastnetv2,sphere_ttc,2018,120,q300,kg kg^-1,0.0001020462449537055,0.5904923884705576,365
fourcastnetv2,fourcastnetv2,sphere_ttc,2018,120,q500,kg kg^-1,0.0006187130143577612,0.6201174904223994,365
fourcastnetv2,fourcastnetv2,sphere_ttc,2018,120,q700,kg kg^-1,0.0011906797503838191,0.6105356544710889,365
fourcastnetv2,fourcastnetv2,sphere_ttc,2018,120,q850,kg kg^-1,0.0013918562383725146,0.5835865810031694,365
fourcastnetv2,fourcastnetv2,sphere_ttc,2018,120,q925,kg kg^-1,0.0011430666151392478,0.6102963578804368,365
fourcastnetv2,fourcastnetv2,sphere_ttc,2018,120,q1000,kg kg^-1,0.001195710708953234,0.6381024035439391,365
fourcastnetv2,fourcastnetv2,sphere_ttc,2018,120,t50,K,1.702973804711786,0.8307582706079524,365
fourcastnetv2,fourcastnetv2,sphere_ttc,2018,120,t100,K,1.6595891778619551,0.844405771604122,365
fourcastnetv2,fourcastnetv2,sphere_ttc,2018,120,t200,K,2.1653589823910186,0.7851229330021153,365
fourcastnetv2,fourcastnetv2,sphere_ttc,2018,120,t300,K,1.5579179375763377,0.7724088161396624,365
fourcastnetv2,fourcastnetv2,sphere_ttc,2018,120,t500,K,1.8646455699451563,0.7944527986978825,365
fourcastnetv2,fourcastnetv2,sphere_ttc,2018,120,t700,K,1.8636771229754385,0.8009124232927969,365
fourcastnetv2,fourcastnetv2,sphere_ttc,2018,120,t850,K,2.044261315870606,0.7936029021931521,365
fourcastnetv2,fourcastnetv2,sphere_ttc,2018,120,t925,K,1.9541462875919782,0.7780813348650415,365
fourcastnetv2,fourcastnetv2,sphere_ttc,2018,120,t1000,K,1.749291263029022,0.7666688375209966,365
fourcastnetv2,fourcastnetv2,sphere_ttc,2018,120,u50,m s^-1,3.149223129773387,0.9217700558767492,365
fourcastnetv2,fourcastnetv2,sphere_ttc,2018,120,u100,m s^-1,3.9395178816489134,0.8368259850319991,365
fourcastnetv2,fourcastnetv2,sphere_ttc,2018,120,u200,m s^-1,6.752628391432415,0.8161259240008721,365
fourcastnetv2,fourcastnetv2,sphere_ttc,2018,120,u300,m s^-1,7.548776317462532,0.7759797805396307,365
fourcastnetv2,fourcastnetv2,sphere_ttc,2018,120,u500,m s^-1,5.261456234739549,0.7710214301477993,365
fourcastnetv2,fourcastnetv2,sphere_ttc,2018,120,u700,m s^-1,4.123239686183524,0.7562303774474779,365
fourcastnetv2,fourcastnetv2,sphere_ttc,2018,120,u850,m s^-1,3.7992486618695676,0.726311035004189,365
fourcastnetv2,fourcastnetv2,sphere_ttc,2018,120,u925,m s^-1,3.7626971859840803,0.7112460432825816,365
fourcastnetv2,fourcastnetv2,sphere_ttc,2018,120,u1000,m s^-1,2.922832182839912,0.7164741656500513,365
fourcastnetv2,fourcastnetv2,sphere_ttc,2018,120,v50,m s^-1,2.5341517251345005,0.8599366217944845,365
fourcastnetv2,fourcastnetv2,sphere_ttc,2018,120,v100,m s^-1,3.601630729849911,0.825856152043665,365
fourcastnetv2,fourcastnetv2,sphere_ttc,2018,120,v200,m s^-1,6.85191466154177,0.7846248004450906,365
fourcastnetv2,fourcastnetv2,sphere_ttc,2018,120,v300,m s^-1,7.51703441092504,0.753677805291182,365
fourcastnetv2,fourcastnetv2,sphere_ttc,2018,120,v500,m s^-1,5.09008207689108,0.7484465131056361,365
fourcastnetv2,fourcastnetv2,sphere_ttc,2018,120,v700,m s^-1,3.887717429613754,0.7315819772629718,365
fourcastnetv2,fourcastnetv2,sphere_ttc,2018,120,v850,m s^-1,3.5541397602996034,0.7062730284712656,365
fourcastnetv2,fourcastnetv2,sphere_ttc,2018,120,v925,m s^-1,3.6237308242702126,0.7054121359129588,365
fourcastnetv2,fourcastnetv2,sphere_ttc,2018,120,v1000,m s^-1,2.910371455022701,0.7125129354250962,365
fourcastnetv2,fourcastnetv2,sphere_ttc,2018,120,u10,m s^-1,2.6200740712868646,0.7098891456346631,365
fourcastnetv2,fourcastnetv2,sphere_ttc,2018,120,v10,m s^-1,2.5874588271962424,0.7041053665365581,365
fourcastnetv2,fourcastnetv2,sphere_ttc,2018,120,t2m,K,1.7142652044594275,0.7484204781291576,365
fourcastnetv2,fourcastnetv2,sphere_ttc,2018,120,mslp,Pa,403.4655464265238,0.8208284090539122,365
fourcastnetv2,fourcastnetv2,sphere_ttc,2018,168,z50,m^2 s^-2,611.6867332831877,0.8227865000391379,365
fourcastnetv2,fourcastnetv2,sphere_ttc,2018,168,z100,m^2 s^-2,572.0334710254803,0.7859491593032808,365
fourcastnetv2,fourcastnetv2,sphere_ttc,2018,168,z200,m^2 s^-2,746.2156837983073,0.7205412731781093,365
fourcastnetv2,fourcastnetv2,sphere_ttc,2018,168,z300,m^2 s^-2,810.0364152878966,0.6868784137749143,365
fourcastnetv2,fourcastnetv2,sphere_ttc,2018,168,z500,m^2 s^-2,598.6089388272077,0.6864711124901427,365
fourcastnetv2,fourcastnetv2,sphere_ttc,2018,168,z700,m^2 s^-2,462.3303615681537,0.6787751726297938,365
fourcastnetv2,fourcastnetv2,sphere_ttc,2018,168,z850,m^2 s^-2,422.3825810281399,0.6557181075214118,365
fourcastnetv2,fourcastnetv2,sphere_ttc,2018,168,z925,m^2 s^-2,424.33288380195677,0.6428231898641013,365
fourcastnetv2,fourcastnetv2,sphere_ttc,2018,168,z1000,m^2 s^-2,435.76664925478144,0.6339195766223893,365
fourcastnetv2,fourcastnetv2,sphere_ttc,2018,168,q50,kg kg^-1,5.421213609100464e-07,0.34914693552419096,365
fourcastnetv2,fourcastnetv2,sphere_ttc,2018,168,q100,kg kg^-1,9.747586069073995e-07,0.21799654701932322,365
fourcastnetv2,fourcastnetv2,sphere_ttc,2018,168,q200,kg kg^-1,1.3192374205916108e-05,0.464087458611157,365
fourcastnetv2,fourcastnetv2,sphere_ttc,2018,168,q300,kg kg^-1,0.00011471357318155768,0.4600577793401408,365
fourcastnetv2,fourcastnetv2,sphere_ttc,2018,168,q500,kg kg^-1,0.000702007166090668,0.48880121892904926,365
fourcastnetv2,fourcastnetv2,sphere_ttc,2018,168,q700,kg kg^-1,0.0013483865635249709,0.47614951266543126,365
fourcastnetv2,fourcastnetv2,sphere_ttc,2018,168,q850,kg kg^-1,0.0015686059982100236,0.4467497458568288,365
fourcastnetv2,fourcastnetv2,sphere_ttc,2018,168,q925,kg kg^-1,0.001309640796411318,0.46714933947640497,365
fourcastnetv2,fourcastnetv2,sphere_ttc,2018,168,q1000,kg kg^-1,0.0013849856816929434,0.4886504898788149,365
fourcastnetv2,fourcastnetv2,sphere_ttc,2018,168,t50,K,1.9649764445825464,0.7729638088347218,365
fourcastnetv2,fourcastnetv2,sphere_ttc,2018,168,t100,K,2.1122924769545475,0.7411691575303307,365
fourcastnetv2,fourcastnetv2,sphere_ttc,2018,168,t200,K,2.7763554546935842,0.6204433905104252,365
fourcastnetv2,fourcastnetv2,sphere_ttc,2018,168,t300,K,1.9677864080555476,0.6164055539098136,365
fourcastnetv2,fourcastnetv2,sphere_ttc,2018,168,t500,K,2.459275763997991,0.613577029341915,365
fourcastnetv2,fourcastnetv2,sphere_ttc,2018,168,t700,K,2.4731609164060955,0.6224417827302651,365
fourcastnetv2,fourcastnetv2,sphere_ttc,2018,168,t850,K,2.678714169231832,0.6179397249320866,365
fourcastnetv2,fourcastnetv2,sphere_ttc,2018,168,t925,K,2.528482080312658,0.6036222791706753,365
fourcastnetv2,fourcastnetv2,sphere_ttc,2018,168,t1000,K,2.2251349321492775,0.603118512231979,365
fourcastnetv2,fourcastnetv2,sphere_ttc,2018,168,u50,m s^-1,3.9085223267552425,0.8779375982442783,365
fourcastnetv2,fourcastnetv2,sphere_ttc,2018,168,u100,m s^-1,5.087283439992041,0.717915119751293,365
fourcastnetv2,fourcastnetv2,sphere_ttc,2018,168,u200,m s^-1,8.865049584614964,0.6652545618077109,365
fourcastnetv2,fourcastnetv2,sphere_ttc,2018,168,u300,m s^-1,9.686006735737019,0.6030682362904614,365
fourcastnetv2,fourcastnetv2,sphere_ttc,2018,168,u500,m s^-1,6.721535669425755,0.5954432980606587,365
fourcastnetv2,fourcastnetv2,sphere_ttc,2018,168,u700,m s^-1,5.203582159826122,0.5792327230975661,365
fourcastnetv2,fourcastnetv2,sphere_ttc,2018,168,u850,m s^-1,4.761613128590518,0.5300234968337807,365
fourcastnetv2,fourcastnetv2,sphere_ttc,2018,168,u925,m s^-1,4.714660063373539,0.5020910999670841,365
fourcastnetv2,fourcastnetv2,sphere_ttc,2018,168,u1000,m s^-1,3.6762427331054885,0.5074695241645049,365
fourcastnetv2,fourcastnetv2,sphere_ttc,2018,168,v50,m s^-1,3.3784134052153507,0.7393026151858229,365
fourcastnetv2,fourcastnetv2,sphere_ttc,2018,168,v100,m s^-1,4.807175858840238,0.6664651443305714,365
fourcastnetv2,fourcastnetv2,sphere_ttc,2018,168,v200,m s^-1,9.011354832778078,0.5907500395843053,365
fourcastnetv2,fourcastnetv2,sphere_ttc,2018,168,v300,m s^-1,9.747690315939549,0.5419352275044071,365
fourcastnetv2,fourcastnetv2,sphere_ttc,2018,168,v500,m s^-1,6.532136689780664,0.5398361277139189,365
fourcastnetv2,fourcastnetv2,sphere_ttc,2018,168,v700,m s^-1,4.903580488247639,0.5245825329429369,365
fourcastnetv2,fourcastnetv2,sphere_ttc,2018,168,v850,m s^-1,4.438055083443663,0.4904733117070159,365
fourcastnetv2,fourcastnetv2,sphere_ttc,2018,168,v925,m s^-1,4.5490155116384345,0.48339341618126547,365
fourcastnetv2,fourcastnetv2,sphere_ttc,2018,168,v1000,m s^-1,3.671170546162048,0.49136479613445566,365
fourcastnetv2,fourcastnetv2,sphere_ttc,2018,168,u10,m s^-1,3.2777302353007647,0.5012275782263084,365
fourcastnetv2,fourcastnetv2,sphere_ttc,2018,168,v10,m s^-1,3.242220879682133,0.4836143826153746,365
fourcastnetv2,fourcastnetv2,sphere_ttc,2018,168,t2m,K,2.11990269389694,0.5976592167705076,365
fourcastnetv2,fourcastnetv2,sphere_ttc,2018,168,mslp,Pa,553.0539050741874,0.6319354981607679,365
fourcastnetv2,fourcastnetv2,sphere_ttc,2018,240,z50,m^2 s^-2,832.0946305221754,0.6632231765054404,365
fourcastnetv2,fourcastnetv2,sphere_ttc,2018,240,z100,m^2 s^-2,778.2420423885462,0.573715831117866,365
fourcastnetv2,fourcastnetv2,sphere_ttc,2018,240,z200,m^2 s^-2,978.0376172836696,0.4591764738168827,365
fourcastnetv2,fourcastnetv2,sphere_ttc,2018,240,z300,m^2 s^-2,1040.6012153479169,0.4144389461158034,365
fourcastnetv2,fourcastnetv2,sphere_ttc,2018,240,z500,m^2 s^-2,764.789626537644,0.41294762608692326,365
fourcastnetv2,fourcastnetv2,sphere_ttc,2018,240,z700,m^2 s^-2,587.4732728910324,0.40204176047123763,365
fourcastnetv2,fourcastnetv2,sphere_ttc,2018,240,z850,m^2 s^-2,530.8217062830997,0.3740445168658477,365
fourcastnetv2,fourcastnetv2,sphere_ttc,2018,240,z925,m^2 s^-2,530.2786868665032,0.3573109108935365,365
fourcastnetv2,fourcastnetv2,sphere_ttc,2018,240,z1000,m^2 s^-2,543.1254431560214,0.34493868313081244,365
fourcastnetv2,fourcastnetv2,sphere_ttc,2018,240,q50,kg kg^-1,5.791828264500023e-07,0.32075704947016925,365
fourcastnetv2,fourcastnetv2,sphere_ttc,2018,240,q100,kg kg^-1,1.0264025242076324e-06,0.17667454473894803,365
fourcastnetv2,fourcastnetv2,sphere_ttc,2018,240,q200,kg kg^-1,1.4798448559146539e-05,0.3151914008200238,365
fourcastnetv2,fourcastnetv2,sphere_ttc,2018,240,q300,kg kg^-1,0.00012840836244718627,0.29858755629387285,365
fourcastnetv2,fourcastnetv2,sphere_ttc,2018,240,q500,kg kg^-1,0.000785977250180624,0.3188975897612347,365
fourcastnetv2,fourcastnetv2,sphere_ttc,2018,240,q700,kg kg^-1,0.0015056587239556717,0.3033939581039626,365
fourcastnetv2,fourcastnetv2,sphere_ttc,2018,240,q850,kg kg^-1,0.0017412421025638912,0.2810790811031164,365
fourcastnetv2,fourcastnetv2,sphere_ttc,2018,240,q925,kg kg^-1,0.0014794115837510546,0.2912878497312911,365
fourcastnetv2,fourcastnetv2,sphere_ttc,2018,240,q1000,kg kg^-1,0.0015889843052201407,0.2960793621090986,365
fourcastnetv2,fourcastnetv2,sphere_ttc,2018,240,t50,K,2.3876198962240887,0.6621229395842045,365
fourcastnetv2,fourcastnetv2,sphere_ttc,2018,240,t100,K,2.64894416332158,0.5694679743288857,365
fourcastnetv2,fourcastnetv2,sphere_ttc,2018,240,t200,K,3.3626675976955585,0.39191068525050565,365
fourcastnetv2,fourcastnetv2,sphere_ttc,2018,240,t300,K,2.3760048219642766,0.38789378189826657,365
fourcastnetv2,fourcastnetv2,sphere_ttc,2018,240,t500,K,3.011043554759351,0.3543293092795392,365
fourcastnetv2,fourcastnetv2,sphere_ttc,2018,240,t700,K,3.0413473761876175,0.36626121144859486,365
fourcastnetv2,fourcastnetv2,sphere_ttc,2018,240,t850,K,3.2850007684735814,0.36244030800129023,365
fourcastnetv2,fourcastnetv2,sphere_ttc,2018,240,t925,K,3.0892948877726067,0.3548765685759511,365
fourcastnetv2,fourcastnetv2,sphere_ttc,2018,240,t1000,K,2.706088237181367,0.37202504621350385,365
fourcastnetv2,fourcastnetv2,sphere_ttc,2018,240,u50,m s^-1,4.966397297574526,0.7985437772612417,365
fourcastnetv2,fourcastnetv2,sphere_ttc,2018,240,u100,m s^-1,6.406367037972514,0.5146760883656875,365
fourcastnetv2,fourcastnetv2,sphere_ttc,2018,240,u200,m s^-1,11.033196355460431,0.4247473684694355,365
fourcastnetv2,fourcastnetv2,sphere_ttc,2018,240,u300,m s^-1,11.72287306624017,0.3553180361597754,365
fourcastnetv2,fourcastnetv2,sphere_ttc,2018,240,u500,m s^-1,8.078735903543079,0.34695923033862003,365
fourcastnetv2,fourcastnetv2,sphere_ttc,2018,240,u700,m s^-1,6.174866464984217,0.3388192235339969,365
fourcastnetv2,fourcastnetv2,sphere_ttc,2018,240,u850,m s^-1,5.559963065964867,0.28878374640421883,365
fourcastnetv2,fourcastnetv2,sphere_ttc,2018,240,u925,m s^-1,5.47852439075801,0.2595266324337114,365
fourcastnetv2,fourcastnetv2,sphere_ttc,2018,240,u1000,m s^-1,4.285096859037768,0.2626263749824288,365
fourcastnetv2,fourcastnetv2,sphere_ttc,2018,240,v50,m s^-1,4.338311776309003,0.5168025582606373,365
fourcastnetv2,fourcastnetv2,sphere_ttc,2018,240,v100,m s^-1,6.0026739154332835,0.3993240083261504,365
fourcastnetv2,fourcastnetv2,sphere_ttc,2018,240,v200,m s^-1,10.980896549263548,0.30412581666701705,365
fourcastnetv2,fourcastnetv2,sphere_ttc,2018,240,v300,m s^-1,11.653687490758049,0.2639235017935964,365
fourcastnetv2,fourcastnetv2,sphere_ttc,2018,240,v500,m s^-1,7.766048448387309,0.2661957316224538,365
fourcastnetv2,fourcastnetv2,sphere_ttc,2018,240,v700,m s^-1,5.768430315989768,0.2586466085594723,365
fourcastnetv2,fourcastnetv2,sphere_ttc,2018,240,v850,m s^-1,5.16188450142588,0.2339490728361191,365
fourcastnetv2,fourcastnetv2,sphere_ttc,2018,240,v925,m s^-1,5.302861653522611,0.2255655546178356,365
fourcastnetv2,fourcastnetv2,sphere_ttc,2018,240,v1000,m s^-1,4.300333043168151,0.23116770837546546,365
fourcastnetv2,fourcastnetv2,sphere_ttc,2018,240,u10,m s^-1,3.806024968546124,0.2593817147563377,365
fourcastnetv2,fourcastnetv2,sphere_ttc,2018,240,v10,m s^-1,3.7778952636358993,0.2288144133834135,365
fourcastnetv2,fourcastnetv2,sphere_ttc,2018,240,t2m,K,2.5534610858849858,0.3827705814595524,365
fourcastnetv2,fourcastnetv2,sphere_ttc,2018,240,mslp,Pa,689.0231982159922,0.34165136932247453,365
fourcastnetv2,fourcastnetv2,sphere_ttc,2019,24,z50,m^2 s^-2,145.13094144073443,0.993156906511239,365
fourcastnetv2,fourcastnetv2,sphere_ttc,2019,24,z100,m^2 s^-2,103.03639444701074,0.9946920150098226,365
fourcastnetv2,fourcastnetv2,sphere_ttc,2019,24,z200,m^2 s^-2,109.53798251835262,0.9947483994537535,365
fourcastnetv2,fourcastnetv2,sphere_ttc,2019,24,z300,m^2 s^-2,112.2053872702645,0.9946543331306223,365
fourcastnetv2,fourcastnetv2,sphere_ttc,2019,24,z500,m^2 s^-2,82.90264860974666,0.9945766589945512,365
fourcastnetv2,fourcastnetv2,sphere_ttc,2019,24,z700,m^2 s^-2,69.66974528494667,0.9934562793182165,365
fourcastnetv2,fourcastnetv2,sphere_ttc,2019,24,z850,m^2 s^-2,67.93696748453887,0.9921152419455938,365
fourcastnetv2,fourcastnetv2,sphere_ttc,2019,24,z925,m^2 s^-2,70.3770397003466,0.9913465809462527,365
fourcastnetv2,fourcastnetv2,sphere_ttc,2019,24,z1000,m^2 s^-2,75.57386096602497,0.9903377205023136,365
fourcastnetv2,fourcastnetv2,sphere_ttc,2019,24,q50,kg kg^-1,5.884721013911648e-07,0.12275070155460772,365
fourcastnetv2,fourcastnetv2,sphere_ttc,2019,24,q100,kg kg^-1,9.68525759836032e-07,0.22963116700944725,365
fourcastnetv2,fourcastnetv2,sphere_ttc,2019,24,q200,kg kg^-1,1.1017175683191022e-05,0.7283131442538278,365
fourcastnetv2,fourcastnetv2,sphere_ttc,2019,24,q300,kg kg^-1,8.539628365744104e-05,0.7611790359776837,365
fourcastnetv2,fourcastnetv2,sphere_ttc,2019,24,q500,kg kg^-1,0.0005365889007549155,0.7287880709505762,365
fourcastnetv2,fourcastnetv2,sphere_ttc,2019,24,q700,kg kg^-1,0.0009253552327253816,0.7815026998442207,365
fourcastnetv2,fourcastnetv2,sphere_ttc,2019,24,q850,kg kg^-1,0.0010041908474663248,0.8106856224043127,365
fourcastnetv2,fourcastnetv2,sphere_ttc,2019,24,q925,kg kg^-1,0.0009164857040621144,0.774646587458487,365
fourcastnetv2,fourcastnetv2,sphere_ttc,2019,24,q1000,kg kg^-1,0.0009327527940036627,0.7910641950781685,365
fourcastnetv2,fourcastnetv2,sphere_ttc,2019,24,t50,K,0.9245326234284738,0.9697465054013822,365
fourcastnetv2,fourcastnetv2,sphere_ttc,2019,24,t100,K,0.7800424903641794,0.9729138258721356,365
fourcastnetv2,fourcastnetv2,sphere_ttc,2019,24,t200,K,0.7546492112349954,0.977808277506669,365
fourcastnetv2,fourcastnetv2,sphere_ttc,2019,24,t300,K,0.6840934268549478,0.9617784457068282,365
fourcastnetv2,fourcastnetv2,sphere_ttc,2019,24,t500,K,0.6494780885482594,0.975986406770329,365
fourcastnetv2,fourcastnetv2,sphere_ttc,2019,24,t700,K,0.7279421462635506,0.9707806317037748,365
fourcastnetv2,fourcastnetv2,sphere_ttc,2019,24,t850,K,0.92911303233379,0.959209770241527,365
fourcastnetv2,fourcastnetv2,sphere_ttc,2019,24,t925,K,0.9595372642415079,0.9490559140215302,365
fourcastnetv2,fourcastnetv2,sphere_ttc,2019,24,t1000,K,1.0041870856526895,0.9272328283468741,365
fourcastnetv2,fourcastnetv2,sphere_ttc,2019,24,u50,m s^-1,1.6792470178840657,0.9742587894153032,365
fourcastnetv2,fourcastnetv2,sphere_ttc,2019,24,u100,m s^-1,1.8716232192587152,0.9667487930739086,365
fourcastnetv2,fourcastnetv2,sphere_ttc,2019,24,u200,m s^-1,2.5579019440195854,0.9737861471441088,365
fourcastnetv2,fourcastnetv2,sphere_ttc,2019,24,u300,m s^-1,2.5082152692131148,0.9755147841931253,365
fourcastnetv2,fourcastnetv2,sphere_ttc,2019,24,u500,m s^-1,1.8758864461163114,0.9711877452554456,365
fourcastnetv2,fourcastnetv2,sphere_ttc,2019,24,u700,m s^-1,1.6359438672694036,0.9625348297022597,365
fourcastnetv2,fourcastnetv2,sphere_ttc,2019,24,u850,m s^-1,1.4958771638664954,0.9594457164640661,365
fourcastnetv2,fourcastnetv2,sphere_ttc,2019,24,u925,m s^-1,1.3974933356602177,0.9623737719119362,365
fourcastnetv2,fourcastnetv2,sphere_ttc,2019,24,u1000,m s^-1,1.110804784558897,0.9615435355699329,365
fourcastnetv2,fourcastnetv2,sphere_ttc,2019,24,v50,m s^-1,1.2366702172410287,0.9635160134451489,365
fourcastnetv2,fourcastnetv2,sphere_ttc,2019,24,v100,m s^-1,1.671894284841487,0.9643950019411455,365
fourcastnetv2,fourcastnetv2,sphere_ttc,2019,24,v200,m s^-1,2.475382121721969,0.974660472964014,365
fourcastnetv2,fourcastnetv2,sphere_ttc,2019,24,v300,m s^-1,2.438422050843884,0.9766862332804089,365
fourcastnetv2,fourcastnetv2,sphere_ttc,2019,24,v500,m s^-1,1.7902907910434556,0.9722181656726193,365
fourcastnetv2,fourcastnetv2,sphere_ttc,2019,24,v700,m s^-1,1.5144656982490847,0.9638765663019514,365
fourcastnetv2,fourcastnetv2,sphere_ttc,2019,24,v850,m s^-1,1.4202021781220358,0.9587115332117202,365
fourcastnetv2,fourcastnetv2,sphere_ttc,2019,24,v925,m s^-1,1.3783732017410648,0.9623293253628369,365
fourcastnetv2,fourcastnetv2,sphere_ttc,2019,24,v1000,m s^-1,1.1177637995842025,0.9619827493576627,365
fourcastnetv2,fourcastnetv2,sphere_ttc,2019,24,u10,m s^-1,0.998482445521719,0.9606961809143861,365
fourcastnetv2,fourcastnetv2,sphere_ttc,2019,24,v10,m s^-1,1.0039718099008046,0.9600867899998833,365
fourcastnetv2,fourcastnetv2,sphere_ttc,2019,24,t2m,K,1.0833672310594338,0.9043405263070892,365
fourcastnetv2,fourcastnetv2,sphere_ttc,2019,24,mslp,Pa,97.1484722311093,0.9900197897191655,365
fourcastnetv2,fourcastnetv2,sphere_ttc,2019,72,z50,m^2 s^-2,297.0117410751174,0.971060261922411,365
fourcastnetv2,fourcastnetv2,sphere_ttc,2019,72,z100,m^2 s^-2,220.41720814007172,0.9754213651309993,365
fourcastnetv2,fourcastnetv2,sphere_ttc,2019,72,z200,m^2 s^-2,272.78244312998913,0.9670463801261112,365
fourcastnetv2,fourcastnetv2,sphere_ttc,2019,72,z300,m^2 s^-2,302.0326309992948,0.9608434196991096,365
fourcastnetv2,fourcastnetv2,sphere_ttc,2019,72,z500,m^2 s^-2,223.706501628659,0.9601417018775987,365
fourcastnetv2,fourcastnetv2,sphere_ttc,2019,72,z700,m^2 s^-2,177.5466001256614,0.956946025689666,365
fourcastnetv2,fourcastnetv2,sphere_ttc,2019,72,z850,m^2 s^-2,167.3343651679478,0.9513869957925081,365
fourcastnetv2,fourcastnetv2,sphere_ttc,2019,72,z925,m^2 s^-2,170.05681706282073,0.9486615444031496,365
fourcastnetv2,fourcastnetv2,sphere_ttc,2019,72,z1000,m^2 s^-2,176.74196937105103,0.9462804815418234,365
fourcastnetv2,fourcastnetv2,sphere_ttc,2019,72,q50,kg kg^-1,5.764261661075816e-07,0.11654417888585603,365
fourcastnetv2,fourcastnetv2,sphere_ttc,2019,72,q100,kg kg^-1,9.54254132238639e-07,0.2677719103994585,365
fourcastnetv2,fourcastnetv2,sphere_ttc,2019,72,q200,kg kg^-1,1.1070549110819619e-05,0.6925608437348045,365
fourcastnetv2,fourcastnetv2,sphere_ttc,2019,72,q300,kg kg^-1,9.109773796310795e-05,0.7133512986150506,365
fourcastnetv2,fourcastnetv2,sphere_ttc,2019,72,q500,kg kg^-1,0.0005390186700663021,0.7289175300525932,365
fourcastnetv2,fourcastnetv2,sphere_ttc,2019,72,q700,kg kg^-1,0.0010286084040455467,0.7259007697534269,365
fourcastnetv2,fourcastnetv2,sphere_ttc,2019,72,q850,kg kg^-1,0.0012041406252973608,0.7162502221957745,365
fourcastnetv2,fourcastnetv2,sphere_ttc,2019,72,q925,kg kg^-1,0.0010127564079528506,0.7226494818578556,365
fourcastnetv2,fourcastnetv2,sphere_ttc,2019,72,q1000,kg kg^-1,0.0010415750693500007,0.743968222888067,365
fourcastnetv2,fourcastnetv2,sphere_ttc,2019,72,t50,K,1.4120494588052095,0.9275289980668162,365
fourcastnetv2,fourcastnetv2,sphere_ttc,2019,72,t100,K,1.210224220486095,0.9340308402519955,365
fourcastnetv2,fourcastnetv2,sphere_ttc,2019,72,t200,K,1.4003519686342856,0.9222851097616579,365
fourcastnetv2,fourcastnetv2,sphere_ttc,2019,72,t300,K,1.113706539287228,0.8958490143735027,365
fourcastnetv2,fourcastnetv2,sphere_ttc,2019,72,t500,K,1.1747224244583105,0.9200814533786001,365
fourcastnetv2,fourcastnetv2,sphere_ttc,2019,72,t700,K,1.1850553267966524,0.9213133548076373,365
fourcastnetv2,fourcastnetv2,sphere_ttc,2019,72,t850,K,1.3629698228936449,0.9107984188373606,365
fourcastnetv2,fourcastnetv2,sphere_ttc,2019,72,t925,K,1.345411131529446,0.8977406383407825,365
fourcastnetv2,fourcastnetv2,sphere_ttc,2019,72,t1000,K,1.272466666972379,0.8806893188518248,365
fourcastnetv2,fourcastnetv2,sphere_ttc,2019,72,u50,m s^-1,2.4631607533936926,0.9436583326803246,365
fourcastnetv2,fourcastnetv2,sphere_ttc,2019,72,u100,m s^-1,2.8315328788065264,0.9223460815327336,365
fourcastnetv2,fourcastnetv2,sphere_ttc,2019,72,u200,m s^-1,4.470339596566279,0.9187838604107559,365
fourcastnetv2,fourcastnetv2,sphere_ttc,2019,72,u300,m s^-1,4.911366009451159,0.9047010898898095,365
fourcastnetv2,fourcastnetv2,sphere_ttc,2019,72,u500,m s^-1,3.4793186975501293,0.8989733274863685,365
fourcastnetv2,fourcastnetv2,sphere_ttc,2019,72,u700,m s^-1,2.8230546398839103,0.8858958546636567,365
fourcastnetv2,fourcastnetv2,sphere_ttc,2019,72,u850,m s^-1,2.5759986025304906,0.875948507981797,365
fourcastnetv2,fourcastnetv2,sphere_ttc,2019,72,u925,m s^-1,2.50116603674902,0.8752129645804536,365
fourcastnetv2,fourcastnetv2,sphere_ttc,2019,72,u1000,m s^-1,1.9485546190299008,0.8773941244443854,365
fourcastnetv2,fourcastnetv2,sphere_ttc,2019,72,v50,m s^-1,1.8545236185317497,0.9170681972277033,365
fourcastnetv2,fourcastnetv2,sphere_ttc,2019,72,v100,m s^-1,2.508009775040932,0.9184645781501867,365
fourcastnetv2,fourcastnetv2,sphere_ttc,2019,72,v200,m s^-1,4.421650984164024,0.9176025318248365,365
fourcastnetv2,fourcastnetv2,sphere_ttc,2019,72,v300,m s^-1,4.7865523562582,0.9082182098187933,365
fourcastnetv2,fourcastnetv2,sphere_ttc,2019,72,v500,m s^-1,3.3049194622174123,0.9029995266139894,365
fourcastnetv2,fourcastnetv2,sphere_ttc,2019,72,v700,m s^-1,2.611063324267925,0.8896858442318326,365
fourcastnetv2,fourcastnetv2,sphere_ttc,2019,72,v850,m s^-1,2.4157278400860287,0.8763963077103424,365
fourcastnetv2,fourcastnetv2,sphere_ttc,2019,72,v925,m s^-1,2.421954516202427,0.8796564423261318,365
fourcastnetv2,fourcastnetv2,sphere_ttc,2019,72,v1000,m s^-1,1.9320328238786768,0.8827014916247756,365
fourcastnetv2,fourcastnetv2,sphere_ttc,2019,72,u10,m s^-1,1.7579293763019928,0.8741819958065191,365
fourcastnetv2,fourcastnetv2,sphere_ttc,2019,72,v10,m s^-1,1.7331430425985679,0.877229578303213,365
fourcastnetv2,fourcastnetv2,sphere_ttc,2019,72,t2m,K,1.310621913086152,0.8570599579969799,365
fourcastnetv2,fourcastnetv2,sphere_ttc,2019,72,mslp,Pa,224.2093704484159,0.9459621263018752,365
fourcastnetv2,fourcastnetv2,sphere_ttc,2019,120,z50,m^2 s^-2,445.269609458158,0.9337689174987623,365
fourcastnetv2,fourcastnetv2,sphere_ttc,2019,120,z100,m^2 s^-2,380.85355237997345,0.9246068368447434,365
fourcastnetv2,fourcastnetv2,sphere_ttc,2019,120,z200,m^2 s^-2,508.3434253737518,0.881666423436928,365
fourcastnetv2,fourcastnetv2,sphere_ttc,2019,120,z300,m^2 s^-2,564.4737300435216,0.8588309605363516,365
fourcastnetv2,fourcastnetv2,sphere_ttc,2019,120,z500,m^2 s^-2,417.5772502818023,0.8572605340864681,365
fourcastnetv2,fourcastnetv2,sphere_ttc,2019,120,z700,m^2 s^-2,325.36601508363486,0.8517162648897851,365
fourcastnetv2,fourcastnetv2,sphere_ttc,2019,120,z850,m^2 s^-2,301.5750771917653,0.8375853589094017,365
fourcastnetv2,fourcastnetv2,sphere_ttc,2019,120,z925,m^2 s^-2,304.4156615937237,0.830441971035039,365
fourcastnetv2,fourcastnetv2,sphere_ttc,2019,120,z1000,m^2 s^-2,314.0095160786184,0.8251619019923663,365
fourcastnetv2,fourcastnetv2,sphere_ttc,2019,120,q50,kg kg^-1,5.940344662187091e-07,0.10582145664274953,365
fourcastnetv2,fourcastnetv2,sphere_ttc,2019,120,q100,kg kg^-1,9.831164641338623e-07,0.2566310205595256,365
fourcastnetv2,fourcastnetv2,sphere_ttc,2019,120,q200,kg kg^-1,1.2349538322869322e-05,0.5952348974828674,365
fourcastnetv2,fourcastnetv2,sphere_ttc,2019,120,q300,kg kg^-1,0.0001050915949450405,0.5957996682845716,365
fourcastnetv2,fourcastnetv2,sphere_ttc,2019,120,q500,kg kg^-1,0.000626703598928248,0.6199568551120751,365
fourcastnetv2,fourcastnetv2,sphere_ttc,2019,120,q700,kg kg^-1,0.0012104567212712829,0.6043302168626817,365
fourcastnetv2,fourcastnetv2,sphere_ttc,2019,120,q850,kg kg^-1,0.001425502650934878,0.5840452364621439,365
fourcastnetv2,fourcastnetv2,sphere_ttc,2019,120,q925,kg kg^-1,0.0011745895098653715,0.6144996509616555,365
fourcastnetv2,fourcastnetv2,sphere_ttc,2019,120,q1000,kg kg^-1,0.0012151306126865075,0.6369003346061012,365
fourcastnetv2,fourcastnetv2,sphere_ttc,2019,120,t50,K,1.7420270979880257,0.8871115955178244,365
fourcastnetv2,fourcastnetv2,sphere_ttc,2019,120,t100,K,1.6690876986663603,0.871994568450597,365
fourcastnetv2,fourcastnetv2,sphere_ttc,2019,120,t200,K,2.1726061729232597,0.8056154464055126,365
fourcastnetv2,fourcastnetv2,sphere_ttc,2019,120,t300,K,1.5854982399621094,0.7790131545321434,365
fourcastnetv2,fourcastnetv2,sphere_ttc,2019,120,t500,K,1.8513547252135931,0.7932939188686304,365
fourcastnetv2,fourcastnetv2,sphere_ttc,2019,120,t700,K,1.8488695052242572,0.8007601798548074,365
fourcastnetv2,fourcastnetv2,sphere_ttc,2019,120,t850,K,2.038594815775746,0.7945777068669286,365
fourcastnetv2,fourcastnetv2,sphere_ttc,2019,120,t925,K,1.9528398547069186,0.778429763910732,365
fourcastnetv2,fourcastnetv2,sphere_ttc,2019,120,t1000,K,1.7475995654839545,0.7679889534306843,365
fourcastnetv2,fourcastnetv2,sphere_ttc,2019,120,u50,m s^-1,3.1780910123099924,0.9043876175191143,365
fourcastnetv2,fourcastnetv2,sphere_ttc,2019,120,u100,m s^-1,3.9138925371057716,0.8471806549613621,365
fourcastnetv2,fourcastnetv2,sphere_ttc,2019,120,u200,m s^-1,6.687138429008898,0.8125942564307153,365
fourcastnetv2,fourcastnetv2,sphere_ttc,2019,120,u300,m s^-1,7.489014726326056,0.769828794714447,365
fourcastnetv2,fourcastnetv2,sphere_ttc,2019,120,u500,m s^-1,5.222543374420431,0.7624811404684173,365
fourcastnetv2,fourcastnetv2,sphere_ttc,2019,120,u700,m s^-1,4.111776574152278,0.7475448537493498,365
fourcastnetv2,fourcastnetv2,sphere_ttc,2019,120,u850,m s^-1,3.782948080691282,0.7192014790693976,365
fourcastnetv2,fourcastnetv2,sphere_ttc,2019,120,u925,m s^-1,3.7353049746960454,0.7063624907830961,365
fourcastnetv2,fourcastnetv2,sphere_ttc,2019,120,u1000,m s^-1,2.904186983212956,0.7130266501711452,365
fourcastnetv2,fourcastnetv2,sphere_ttc,2019,120,v50,m s^-1,2.465654385332642,0.8498484589545231,365
fourcastnetv2,fourcastnetv2,sphere_ttc,2019,120,v100,m s^-1,3.625640050236331,0.8239255100172674,365
fourcastnetv2,fourcastnetv2,sphere_ttc,2019,120,v200,m s^-1,6.8537127645970894,0.7929792942364816,365
fourcastnetv2,fourcastnetv2,sphere_ttc,2019,120,v300,m s^-1,7.549254827262616,0.759193216191032,365
fourcastnetv2,fourcastnetv2,sphere_ttc,2019,120,v500,m s^-1,5.128095538133916,0.7528759097976664,365
fourcastnetv2,fourcastnetv2,sphere_ttc,2019,120,v700,m s^-1,3.9108571637494887,0.7379294527406638,365
fourcastnetv2,fourcastnetv2,sphere_ttc,2019,120,v850,m s^-1,3.5847354004890826,0.7099709047352398,365
fourcastnetv2,fourcastnetv2,sphere_ttc,2019,120,v925,m s^-1,3.652310422175632,0.7082778559713978,365
fourcastnetv2,fourcastnetv2,sphere_ttc,2019,120,v1000,m s^-1,2.91744187583286,0.7163681972306291,365
fourcastnetv2,fourcastnetv2,sphere_ttc,2019,120,u10,m s^-1,2.606819125579733,0.7081279519749192,365
fourcastnetv2,fourcastnetv2,sphere_ttc,2019,120,v10,m s^-1,2.5955177602921315,0.7073825932860353,365
fourcastnetv2,fourcastnetv2,sphere_ttc,2019,120,t2m,K,1.6999625335963473,0.7526082766918827,365
fourcastnetv2,fourcastnetv2,sphere_ttc,2019,120,mslp,Pa,398.61676116500433,0.8239028326185539,365
fourcastnetv2,fourcastnetv2,sphere_ttc,2019,168,z50,m^2 s^-2,605.1530687186699,0.8746921478295195,365
fourcastnetv2,fourcastnetv2,sphere_ttc,2019,168,z100,m^2 s^-2,559.4680606373233,0.8304891304023552,365
fourcastnetv2,fourcastnetv2,sphere_ttc,2019,168,z200,m^2 s^-2,738.509922223529,0.7362762315978925,365
fourcastnetv2,fourcastnetv2,sphere_ttc,2019,168,z300,m^2 s^-2,800.406185517746,0.6977431948679892,365
fourcastnetv2,fourcastnetv2,sphere_ttc,2019,168,z500,m^2 s^-2,589.4582057508868,0.6965948980155459,365
fourcastnetv2,fourcastnetv2,sphere_ttc,2019,168,z700,m^2 s^-2,455.471228772714,0.6896829482841637,365
fourcastnetv2,fourcastnetv2,sphere_ttc,2019,168,z850,m^2 s^-2,415.74736395263125,0.6675456463010078,365
fourcastnetv2,fourcastnetv2,sphere_ttc,2019,168,z925,m^2 s^-2,417.09092175172725,0.6555431864771881,365
fourcastnetv2,fourcastnetv2,sphere_ttc,2019,168,z1000,m^2 s^-2,427.7636923312725,0.647818168345796,365
fourcastnetv2,fourcastnetv2,sphere_ttc,2019,168,q50,kg kg^-1,6.221729692326494e-07,0.0929722195469493,365
fourcastnetv2,fourcastnetv2,sphere_ttc,2019,168,q100,kg kg^-1,1.0157984966204823e-06,0.23543384605966378,365
fourcastnetv2,fourcastnetv2,sphere_ttc,2019,168,q200,kg kg^-1,1.3657289984719451e-05,0.4890203893224009,365
fourcastnetv2,fourcastnetv2,sphere_ttc,2019,168,q300,kg kg^-1,0.00011685610568420808,0.4769829463830314,365
fourcastnetv2,fourcastnetv2,sphere_ttc,2019,168,q500,kg kg^-1,0.0007063654567185157,0.49494789598354516,365
fourcastnetv2,fourcastnetv2,sphere_ttc,2019,168,q700,kg kg^-1,0.0013690563784045963,0.4691076283863102,365
fourcastnetv2,fourcastnetv2,sphere_ttc,2019,168,q850,kg kg^-1,0.0016059198962380336,0.4477470488977191,365
fourcastnetv2,fourcastnetv2,sphere_ttc,2019,168,q925,kg kg^-1,0.0013378036593521567,0.4798535955724509,365
fourcastnetv2,fourcastnetv2,sphere_ttc,2019,168,q1000,kg kg^-1,0.0014037998153277934,0.49091564484308786,365
fourcastnetv2,fourcastnetv2,sphere_ttc,2019,168,t50,K,2.0585506000673273,0.8387630733630349,365
fourcastnetv2,fourcastnetv2,sphere_ttc,2019,168,t100,K,2.1242496322970528,0.786592593634647,365
fourcastnetv2,fourcastnetv2,sphere_ttc,2019,168,t200,K,2.7867842672966616,0.660295822028259,365
fourcastnetv2,fourcastnetv2,sphere_ttc,2019,168,t300,K,1.9984410047773626,0.6284434675296066,365
fourcastnetv2,fourcastnetv2,sphere_ttc,2019,168,t500,K,2.433128016546615,0.6167204885160316,365
fourcastnetv2,fourcastnetv2,sphere_ttc,2019,168,t700,K,2.450724219881355,0.6257558041487432,365
fourcastnetv2,fourcastnetv2,sphere_ttc,2019,168,t850,K,2.676355235524266,0.6230770540618592,365
fourcastnetv2,fourcastnetv2,sphere_ttc,2019,168,t925,K,2.5280070686192726,0.6069660996627245,365
fourcastnetv2,fourcastnetv2,sphere_ttc,2019,168,t1000,K,2.21699005973961,0.6104586822077376,365
fourcastnetv2,fourcastnetv2,sphere_ttc,2019,168,u50,m s^-1,3.9290735842170226,0.8511532114264031,365
fourcastnetv2,fourcastnetv2,sphere_ttc,2019,168,u100,m s^-1,5.063209434436489,0.735261147246151,365
fourcastnetv2,fourcastnetv2,sphere_ttc,2019,168,u200,m s^-1,8.767746983512842,0.6605944314885502,365
fourcastnetv2,fourcastnetv2,sphere_ttc,2019,168,u300,m s^-1,9.575525167368639,0.5977711110080797,365
fourcastnetv2,fourcastnetv2,sphere_ttc,2019,168,u500,m s^-1,6.612518265397643,0.5907979339072235,365
fourcastnetv2,fourcastnetv2,sphere_ttc,2019,168,u700,m s^-1,5.123238160458118,0.5782153857020069,365
fourcastnetv2,fourcastnetv2,sphere_ttc,2019,168,u850,m s^-1,4.678329164763737,0.5346319922614285,365
fourcastnetv2,fourcastnetv2,sphere_ttc,2019,168,u925,m s^-1,4.6240944889355955,0.5106266889135375,365
fourcastnetv2,fourcastnetv2,sphere_ttc,2019,168,u1000,m s^-1,3.606173736547631,0.5187861544427167,365
fourcastnetv2,fourcastnetv2,sphere_ttc,2019,168,v50,m s^-1,3.2518780775817095,0.7307839300256143,365
fourcastnetv2,fourcastnetv2,sphere_ttc,2019,168,v100,m s^-1,4.836780096436894,0.6664394748277523,365
fourcastnetv2,fourcastnetv2,sphere_ttc,2019,168,v200,m s^-1,9.04988521918013,0.6053734306681774,365
fourcastnetv2,fourcastnetv2,sphere_ttc,2019,168,v300,m s^-1,9.77598610511454,0.5542720815973426,365
fourcastnetv2,fourcastnetv2,sphere_ttc,2019,168,v500,m s^-1,6.568725095130178,0.5523253790911636,365
fourcastnetv2,fourcastnetv2,sphere_ttc,2019,168,v700,m s^-1,4.938113506759386,0.5391069399120801,365
fourcastnetv2,fourcastnetv2,sphere_ttc,2019,168,v850,m s^-1,4.46943987818042,0.5011842937377011,365
fourcastnetv2,fourcastnetv2,sphere_ttc,2019,168,v925,m s^-1,4.5793886551208125,0.49202962948191364,365
fourcastnetv2,fourcastnetv2,sphere_ttc,2019,168,v1000,m s^-1,3.6798801102883942,0.5017696891554345,365
fourcastnetv2,fourcastnetv2,sphere_ttc,2019,168,u10,m s^-1,3.2216704304444956,0.5153441479459442,365
fourcastnetv2,fourcastnetv2,sphere_ttc,2019,168,v10,m s^-1,3.249701702107484,0.49377546667089484,365
fourcastnetv2,fourcastnetv2,sphere_ttc,2019,168,t2m,K,2.1067686742735607,0.6068842768068357,365
fourcastnetv2,fourcastnetv2,sphere_ttc,2019,168,mslp,Pa,542.4656673136477,0.6460972042915111,365
fourcastnetv2,fourcastnetv2,sphere_ttc,2019,240,z50,m^2 s^-2,796.5634987458606,0.7756020806188942,365
fourcastnetv2,fourcastnetv2,sphere_ttc,2019,240,z100,m^2 s^-2,750.6640501744539,0.6746276373504028,365
fourcastnetv2,fourcastnetv2,sphere_ttc,2019,240,z200,m^2 s^-2,966.404433865305,0.5002748957614576,365
fourcastnetv2,fourcastnetv2,sphere_ttc,2019,240,z300,m^2 s^-2,1027.0302595047315,0.4417619460404117,365
fourcastnetv2,fourcastnetv2,sphere_ttc,2019,240,z500,m^2 s^-2,753.1226744976317,0.43972966067200936,365
fourcastnetv2,fourcastnetv2,sphere_ttc,2019,240,z700,m^2 s^-2,576.1656812512459,0.4337901320304886,365
fourcastnetv2,fourcastnetv2,sphere_ttc,2019,240,z850,m^2 s^-2,518.4658197509264,0.40797478259696074,365
fourcastnetv2,fourcastnetv2,sphere_ttc,2019,240,z925,m^2 s^-2,517.2473912369577,0.39309906701234787,365
fourcastnetv2,fourcastnetv2,sphere_ttc,2019,240,z1000,m^2 s^-2,529.1974788875689,0.3843467838248304,365
fourcastnetv2,fourcastnetv2,sphere_ttc,2019,240,q50,kg kg^-1,6.847732205652567e-07,0.0774316516206233,365
fourcastnetv2,fourcastnetv2,sphere_ttc,2019,240,q100,kg kg^-1,1.0885984514011222e-06,0.19480718664612776,365
fourcastnetv2,fourcastnetv2,sphere_ttc,2019,240,q200,kg kg^-1,1.5268943721491158e-05,0.3468803247876332,365
fourcastnetv2,fourcastnetv2,sphere_ttc,2019,240,q300,kg kg^-1,0.00013043667897099764,0.32122446254212134,365
fourcastnetv2,fourcastnetv2,sphere_ttc,2019,240,q500,kg kg^-1,0.0007863185371437181,0.3370215998151251,365
fourcastnetv2,fourcastnetv2,sphere_ttc,2019,240,q700,kg kg^-1,0.0015165735123150892,0.30930484769062166,365
fourcastnetv2,fourcastnetv2,sphere_ttc,2019,240,q850,kg kg^-1,0.001772176939129772,0.29266163080024066,365
fourcastnetv2,fourcastnetv2,sphere_ttc,2019,240,q925,kg kg^-1,0.001501277329060862,0.3165290968669798,365
fourcastnetv2,fourcastnetv2,sphere_ttc,2019,240,q1000,kg kg^-1,0.0015975210478373098,0.3090287927416721,365
fourcastnetv2,fourcastnetv2,sphere_ttc,2019,240,t50,K,2.4496575494788746,0.7665951136061591,365
fourcastnetv2,fourcastnetv2,sphere_ttc,2019,240,t100,K,2.616496232173837,0.6567844748574198,365
fourcastnetv2,fourcastnetv2,sphere_ttc,2019,240,t200,K,3.356977370414281,0.4684924187318687,365
fourcastnetv2,fourcastnetv2,sphere_ttc,2019,240,t300,K,2.3833825218347235,0.42917230779952337,365
fourcastnetv2,fourcastnetv2,sphere_ttc,2019,240,t500,K,2.9748302396351884,0.3659987633482018,365
fourcastnetv2,fourcastnetv2,sphere_ttc,2019,240,t700,K,3.0162847696777133,0.3755599884077091,365
fourcastnetv2,fourcastnetv2,sphere_ttc,2019,240,t850,K,3.2873548380567414,0.37295152214924837,365
fourcastnetv2,fourcastnetv2,sphere_ttc,2019,240,t925,K,3.0869849380417618,0.36498684168299494,365
fourcastnetv2,fourcastnetv2,sphere_ttc,2019,240,t1000,K,2.696754897898742,0.3878720214993366,365
fourcastnetv2,fourcastnetv2,sphere_ttc,2019,240,u50,m s^-1,4.845900260841053,0.7666377770364246,365
fourcastnetv2,fourcastnetv2,sphere_ttc,2019,240,u100,m s^-1,6.3712024206969,0.5527415318265796,365
fourcastnetv2,fourcastnetv2,sphere_ttc,2019,240,u200,m s^-1,10.862839803397872,0.43161600694714297,365
fourcastnetv2,fourcastnetv2,sphere_ttc,2019,240,u300,m s^-1,11.549062949278083,0.3596655298440181,365
fourcastnetv2,fourcastnetv2,sphere_ttc,2019,240,u500,m s^-1,7.919009484810533,0.35059518108590987,365
fourcastnetv2,fourcastnetv2,sphere_ttc,2019,240,u700,m s^-1,6.059458708487265,0.34664878194101495,365
fourcastnetv2,fourcastnetv2,sphere_ttc,2019,240,u850,m s^-1,5.449173260802945,0.3053277740760714,365
fourcastnetv2,fourcastnetv2,sphere_ttc,2019,240,u925,m s^-1,5.355958901779865,0.28220109297014256,365
fourcastnetv2,fourcastnetv2,sphere_ttc,2019,240,u1000,m s^-1,4.1926115193686355,0.2869478548619665,365
fourcastnetv2,fourcastnetv2,sphere_ttc,2019,240,v50,m s^-1,4.075317822001235,0.5331953226994482,365
fourcastnetv2,fourcastnetv2,sphere_ttc,2019,240,v100,m s^-1,5.986025360490885,0.4091508319808008,365
fourcastnetv2,fourcastnetv2,sphere_ttc,2019,240,v200,m s^-1,11.065723876638875,0.32388506494779307,365
fourcastnetv2,fourcastnetv2,sphere_ttc,2019,240,v300,m s^-1,11.734303169718807,0.2758714628396666,365
fourcastnetv2,fourcastnetv2,sphere_ttc,2019,240,v500,m s^-1,7.825723605114545,0.28069671185283296,365
fourcastnetv2,fourcastnetv2,sphere_ttc,2019,240,v700,m s^-1,5.8130933839956,0.2779588658835989,365
fourcastnetv2,fourcastnetv2,sphere_ttc,2019,240,v850,m s^-1,5.186957192876948,0.25152915331349257,365
fourcastnetv2,fourcastnetv2,sphere_ttc,2019,240,v925,m s^-1,5.31668233874201,0.2436434015834493,365
fourcastnetv2,fourcastnetv2,sphere_ttc,2019,240,v1000,m s^-1,4.297983022076982,0.24913091674099513,365
fourcastnetv2,fourcastnetv2,sphere_ttc,2019,240,u10,m s^-1,3.7361553734504342,0.2855440864483793,365
fourcastnetv2,fourcastnetv2,sphere_ttc,2019,240,v10,m s^-1,3.78044194618135,0.2449610044592546,365
fourcastnetv2,fourcastnetv2,sphere_ttc,2019,240,t2m,K,2.543009075035069,0.3968028460410336,365
fourcastnetv2,fourcastnetv2,sphere_ttc,2019,240,mslp,Pa,670.0786162601953,0.38298399991885246,365
oneforecast,oneforecast,raw,2018,24,z50,m^2 s^-2,123.64900478874554,0.9930566180203972,365
oneforecast,oneforecast,raw,2018,24,z100,m^2 s^-2,85.35843793132321,0.9955087800723655,365
oneforecast,oneforecast,raw,2018,24,z200,m^2 s^-2,97.20787128069091,0.9956308180917698,365
oneforecast,oneforecast,raw,2018,24,z300,m^2 s^-2,106.22620062951482,0.9951415782000259,365
oneforecast,oneforecast,raw,2018,24,z500,m^2 s^-2,77.35132621673114,0.9952433239693906,365
oneforecast,oneforecast,raw,2018,24,z700,m^2 s^-2,61.14846948856604,0.994904501899043,365
oneforecast,oneforecast,raw,2018,24,z850,m^2 s^-2,59.83082424384777,0.9938314203654393,365
oneforecast,oneforecast,raw,2018,24,z925,m^2 s^-2,62.848840113667556,0.9930584814146873,365
oneforecast,oneforecast,raw,2018,24,z1000,m^2 s^-2,67.87984089101847,0.9921620888736583,365
oneforecast,oneforecast,raw,2018,24,q50,kg kg^-1,2.5562394947568863e-08,0.9788183957960144,365
oneforecast,oneforecast,raw,2018,24,q100,kg kg^-1,1.3913908286358862e-07,0.9278664150663533,365
oneforecast,oneforecast,raw,2018,24,q200,kg kg^-1,6.154222934901114e-06,0.8909440967270958,365
oneforecast,oneforecast,raw,2018,24,q300,kg kg^-1,5.045345995011225e-05,0.9106133310348317,365
oneforecast,oneforecast,raw,2018,24,q500,kg kg^-1,0.0002825871440199136,0.9306239756875159,365
oneforecast,oneforecast,raw,2018,24,q700,kg kg^-1,0.0005317369635010579,0.9329545175417756,365
oneforecast,oneforecast,raw,2018,24,q850,kg kg^-1,0.000686326512519361,0.9116656551071033,365
oneforecast,oneforecast,raw,2018,24,q925,kg kg^-1,0.0005372986683527478,0.9195102883917426,365
oneforecast,oneforecast,raw,2018,24,q1000,kg kg^-1,0.00045264977722154175,0.9473768862626264,365
oneforecast,oneforecast,raw,2018,24,t50,K,0.8270564504471218,0.9617485607276737,365
oneforecast,oneforecast,raw,2018,24,t100,K,0.6016296873795814,0.9803433165301335,365
oneforecast,oneforecast,raw,2018,24,t200,K,0.5529499353207805,0.9868477724907462,365
oneforecast,oneforecast,raw,2018,24,t300,K,0.43939597774627,0.9831538123105047,365
oneforecast,oneforecast,raw,2018,24,t500,K,0.47833133197611877,0.9872297771411748,365
oneforecast,oneforecast,raw,2018,24,t700,K,0.523020729244204,0.9852285492628164,365
oneforecast,oneforecast,raw,2018,24,t850,K,0.6681726513174211,0.978999346404227,365
oneforecast,oneforecast,raw,2018,24,t925,K,0.6802160548338105,0.974498430915125,365
oneforecast,oneforecast,raw,2018,24,t1000,K,0.7310165070122997,0.9618594061127256,365
oneforecast,oneforecast,raw,2018,24,u50,m s^-1,1.3600316024943386,0.9857038790488857,365
oneforecast,oneforecast,raw,2018,24,u100,m s^-1,1.4288888288839185,0.979279878546864,365
oneforecast,oneforecast,raw,2018,24,u200,m s^-1,1.9016722573017897,0.9860212297712739,365
oneforecast,oneforecast,raw,2018,24,u300,m s^-1,1.94765530228785,0.9858189238108572,365
oneforecast,oneforecast,raw,2018,24,u500,m s^-1,1.4519265452070604,0.9834693146862294,365
oneforecast,oneforecast,raw,2018,24,u700,m s^-1,1.227879785889427,0.9796623622476726,365
oneforecast,oneforecast,raw,2018,24,u850,m s^-1,1.181565961298148,0.9752693141473481,365
oneforecast,oneforecast,raw,2018,24,u925,m s^-1,1.1268993956539897,0.9759163606809689,365
oneforecast,oneforecast,raw,2018,24,u1000,m s^-1,0.9106721735314621,0.9743731339651646,365
oneforecast,oneforecast,raw,2018,24,v50,m s^-1,1.115403747912124,0.9732766006864827,365
oneforecast,oneforecast,raw,2018,24,v100,m s^-1,1.3679921959026269,0.975817710183381,365
oneforecast,oneforecast,raw,2018,24,v200,m s^-1,2.0046044791553497,0.9827059595283086,365
oneforecast,oneforecast,raw,2018,24,v300,m s^-1,2.076400163303114,0.9825903686725425,365
oneforecast,oneforecast,raw,2018,24,v500,m s^-1,1.501630024577589,0.9796970743785558,365
oneforecast,oneforecast,raw,2018,24,v700,m s^-1,1.227535723557595,0.9752504078673728,365
oneforecast,oneforecast,raw,2018,24,v850,m s^-1,1.178540516625359,0.9704716786465907,365
oneforecast,oneforecast,raw,2018,24,v925,m s^-1,1.1591316082599348,0.9723731070139009,365
oneforecast,oneforecast,raw,2018,24,v1000,m s^-1,0.952600752313594,0.9715425130863279,365
oneforecast,oneforecast,raw,2018,24,u10,m s^-1,0.8270264652978905,0.9731531201400057,365
oneforecast,oneforecast,raw,2018,24,v10,m s^-1,0.8580403648540076,0.9700783749379,365
oneforecast,oneforecast,raw,2018,24,t2m,K,0.9455561069728142,0.9295797715115193,365
oneforecast,oneforecast,raw,2018,24,mslp,Pa,86.20641997108795,0.9921125546095432,365
oneforecast,oneforecast,raw,2018,72,z50,m^2 s^-2,247.85075504425237,0.9722831431144412,365
oneforecast,oneforecast,raw,2018,72,z100,m^2 s^-2,172.71771081128176,0.9815752454759704,365
oneforecast,oneforecast,raw,2018,72,z200,m^2 s^-2,193.88600003405034,0.982619217568928,365
oneforecast,oneforecast,raw,2018,72,z300,m^2 s^-2,213.3949321006309,0.9804122578362238,365
oneforecast,oneforecast,raw,2018,72,z500,m^2 s^-2,156.67785783924072,0.9804610360108427,365
oneforecast,oneforecast,raw,2018,72,z700,m^2 s^-2,123.38589814645914,0.9792126819323497,365
oneforecast,oneforecast,raw,2018,72,z850,m^2 s^-2,118.77966531947939,0.9756512948791115,365
oneforecast,oneforecast,raw,2018,72,z925,m^2 s^-2,122.64385975941333,0.9735442766615431,365
oneforecast,oneforecast,raw,2018,72,z1000,m^2 s^-2,129.59737486713576,0.9714190592871945,365
oneforecast,oneforecast,raw,2018,72,q50,kg kg^-1,4.223473840377308e-08,0.9421461735815825,365
oneforecast,oneforecast,raw,2018,72,q100,kg kg^-1,2.1522419153997892e-07,0.8250945855840831,365
oneforecast,oneforecast,raw,2018,72,q200,kg kg^-1,8.942562234031579e-06,0.7675990199103955,365
oneforecast,oneforecast,raw,2018,72,q300,kg kg^-1,7.758223906501773e-05,0.7911926043137131,365
oneforecast,oneforecast,raw,2018,72,q500,kg kg^-1,0.0004466052948962223,0.8266260357964348,365
oneforecast,oneforecast,raw,2018,72,q700,kg kg^-1,0.0008441103796607773,0.8298011983147949,365
oneforecast,oneforecast,raw,2018,72,q850,kg kg^-1,0.0010367759698275993,0.7973083124281846,365
oneforecast,oneforecast,raw,2018,72,q925,kg kg^-1,0.0007803000505184304,0.8315752261743107,365
oneforecast,oneforecast,raw,2018,72,q1000,kg kg^-1,0.0006540924936334395,0.8905477592265196,365
oneforecast,oneforecast,raw,2018,72,t50,K,1.299735818209195,0.9069171667353194,365
oneforecast,oneforecast,raw,2018,72,t100,K,0.9433316324958878,0.951839469225492,365
oneforecast,oneforecast,raw,2018,72,t200,K,1.009988550783908,0.9559421802917683,365
oneforecast,oneforecast,raw,2018,72,t300,K,0.8231738362767896,0.9407679163835176,365
oneforecast,oneforecast,raw,2018,72,t500,K,0.8712246338447154,0.9576606262975988,365
oneforecast,oneforecast,raw,2018,72,t700,K,0.9142925122675025,0.9546291125770453,365
oneforecast,oneforecast,raw,2018,72,t850,K,1.0844102441970198,0.9444910710805239,365
oneforecast,oneforecast,raw,2018,72,t925,K,1.0879081616771102,0.9345554368940706,365
oneforecast,oneforecast,raw,2018,72,t1000,K,1.0899172363439045,0.9152631687459106,365
oneforecast,oneforecast,raw,2018,72,u50,m s^-1,2.1579487281264966,0.9637710737493353,365
oneforecast,oneforecast,raw,2018,72,u100,m s^-1,2.2245883664512984,0.949826237328871,365
oneforecast,oneforecast,raw,2018,72,u200,m s^-1,3.3970778304421274,0.9556368123465638,365
oneforecast,oneforecast,raw,2018,72,u300,m s^-1,3.7168008112929645,0.9485005106449605,365
oneforecast,oneforecast,raw,2018,72,u500,m s^-1,2.6625017873061414,0.944068598548296,365
oneforecast,oneforecast,raw,2018,72,u700,m s^-1,2.156072835363481,0.9367917317976728,365
oneforecast,oneforecast,raw,2018,72,u850,m s^-1,2.0446694903818803,0.9254507150817326,365
oneforecast,oneforecast,raw,2018,72,u925,m s^-1,1.9910213975620386,0.9244757423177152,365
oneforecast,oneforecast,raw,2018,72,u1000,m s^-1,1.5652669628908518,0.9239869519651002,365
oneforecast,oneforecast,raw,2018,72,v50,m s^-1,1.6237462436764083,0.9431959179561866,365
oneforecast,oneforecast,raw,2018,72,v100,m s^-1,1.9931762622021234,0.9485253580571407,365
oneforecast,oneforecast,raw,2018,72,v200,m s^-1,3.4041882210078103,0.9503157187329593,365
oneforecast,oneforecast,raw,2018,72,v300,m s^-1,3.672244978221033,0.945629652872008,365
oneforecast,oneforecast,raw,2018,72,v500,m s^-1,2.572548424914139,0.9401587634989506,365
oneforecast,oneforecast,raw,2018,72,v700,m s^-1,2.0515374302146965,0.9303233644685475,365
oneforecast,oneforecast,raw,2018,72,v850,m s^-1,1.9399636196881032,0.9194423345665055,365
oneforecast,oneforecast,raw,2018,72,v925,m s^-1,1.9400580813684938,0.9222730247559887,365
oneforecast,oneforecast,raw,2018,72,v1000,m s^-1,1.5725048000178443,0.9222196721288023,365
oneforecast,oneforecast,raw,2018,72,u10,m s^-1,1.4204113931801885,0.9204210696542293,365
oneforecast,oneforecast,raw,2018,72,v10,m s^-1,1.4171042956863718,0.9180214609617752,365
oneforecast,oneforecast,raw,2018,72,t2m,K,1.250164557037396,0.8779134763265901,365
oneforecast,oneforecast,raw,2018,72,mslp,Pa,164.42901990592094,0.9713041103626449,365
oneforecast,oneforecast,raw,2018,120,z50,m^2 s^-2,376.912343202602,0.9363857155611534,365
oneforecast,oneforecast,raw,2018,120,z100,m^2 s^-2,310.01544309468164,0.9406307663916021,365
oneforecast,oneforecast,raw,2018,120,z200,m^2 s^-2,388.697284311758,0.9302024802067594,365
oneforecast,oneforecast,raw,2018,120,z300,m^2 s^-2,436.5762084780564,0.9180496382151694,365
oneforecast,oneforecast,raw,2018,120,z500,m^2 s^-2,321.7901624297396,0.9175196315926828,365
oneforecast,oneforecast,raw,2018,120,z700,m^2 s^-2,250.90083638402257,0.9139103735033025,365
oneforecast,oneforecast,raw,2018,120,z850,m^2 s^-2,236.57483932549457,0.9032964015701807,365
oneforecast,oneforecast,raw,2018,120,z925,m^2 s^-2,241.4059086589332,0.897430955159016,365
oneforecast,oneforecast,raw,2018,120,z1000,m^2 s^-2,251.21204839279798,0.8925663297778316,365
oneforecast,oneforecast,raw,2018,120,q50,kg kg^-1,5.639219647420977e-08,0.8969746919796991,365
oneforecast,oneforecast,raw,2018,120,q100,kg kg^-1,2.672677049129492e-07,0.7286860621945113,365
oneforecast,oneforecast,raw,2018,120,q200,kg kg^-1,1.0963225767318021e-05,0.648138489450668,365
oneforecast,oneforecast,raw,2018,120,q300,kg kg^-1,9.764420383943714e-05,0.6659163495192935,365
oneforecast,oneforecast,raw,2018,120,q500,kg kg^-1,0.0005893796793319409,0.6973800989967381,365
oneforecast,oneforecast,raw,2018,120,q700,kg kg^-1,0.001125975659253547,0.6957794329134961,365
oneforecast,oneforecast,raw,2018,120,q850,kg kg^-1,0.0013339111868111014,0.6640158780263891,365
oneforecast,oneforecast,raw,2018,120,q925,kg kg^-1,0.0010141046014412358,0.7181114915228746,365
oneforecast,oneforecast,raw,2018,120,q1000,kg kg^-1,0.0008940359425387945,0.7964428336680199,365
oneforecast,oneforecast,raw,2018,120,t50,K,1.6580589272236248,0.8526089933213958,365
oneforecast,oneforecast,raw,2018,120,t100,K,1.3523630287447728,0.901902669113158,365
oneforecast,oneforecast,raw,2018,120,t200,K,1.763351718819894,0.8652878066025648,365
oneforecast,oneforecast,raw,2018,120,t300,K,1.33150697244961,0.8453658889716148,365
oneforecast,oneforecast,raw,2018,120,t500,K,1.5284407930568407,0.8698453712540645,365
oneforecast,oneforecast,raw,2018,120,t700,K,1.551967126285394,0.8689032850925023,365
oneforecast,oneforecast,raw,2018,120,t850,K,1.7304775808146715,0.8582808238241392,365
oneforecast,oneforecast,raw,2018,120,t925,K,1.6960966156070807,0.8408864696911872,365
oneforecast,oneforecast,raw,2018,120,t1000,K,1.587273019140426,0.8209868404242473,365
oneforecast,oneforecast,raw,2018,120,u50,m s^-1,2.8229816096156473,0.9377273100390218,365
oneforecast,oneforecast,raw,2018,120,u100,m s^-1,3.174819312880898,0.8981251062217495,365
oneforecast,oneforecast,raw,2018,120,u200,m s^-1,5.488639633832271,0.8846144450993733,365
oneforecast,oneforecast,raw,2018,120,u300,m s^-1,6.295788084976613,0.8526659308564438,365
oneforecast,oneforecast,raw,2018,120,u500,m s^-1,4.41172342207838,0.8460292096959702,365
oneforecast,oneforecast,raw,2018,120,u700,m s^-1,3.481189311400516,0.8341984570617911,365
oneforecast,oneforecast,raw,2018,120,u850,m s^-1,3.2883937927092113,0.8061921092145171,365
oneforecast,oneforecast,raw,2018,120,u925,m s^-1,3.2713773217523894,0.795529558924539,365
oneforecast,oneforecast,raw,2018,120,u1000,m s^-1,2.5485882266138584,0.7981901641049373,365
oneforecast,oneforecast,raw,2018,120,v50,m s^-1,2.197149763209455,0.8954898742041124,365
oneforecast,oneforecast,raw,2018,120,v100,m s^-1,2.905374415927462,0.8903405255498618,365
oneforecast,oneforecast,raw,2018,120,v200,m s^-1,5.548659135625391,0.8678929508003305,365
oneforecast,oneforecast,raw,2018,120,v300,m s^-1,6.276568871242762,0.8410922950495839,365
oneforecast,oneforecast,raw,2018,120,v500,m s^-1,4.293577259949996,0.8325304009274852,365
oneforecast,oneforecast,raw,2018,120,v700,m s^-1,3.32413946141638,0.815880504728762,365
oneforecast,oneforecast,raw,2018,120,v850,m s^-1,3.110332921001951,0.7919567846755636,365
oneforecast,oneforecast,raw,2018,120,v925,m s^-1,3.1685787277808863,0.792005006575229,365
oneforecast,oneforecast,raw,2018,120,v1000,m s^-1,2.541779934494981,0.7964162448074088,365
oneforecast,oneforecast,raw,2018,120,u10,m s^-1,2.2979743612325367,0.7912259284700247,365
oneforecast,oneforecast,raw,2018,120,v10,m s^-1,2.2754106464813773,0.7879268551587502,365
oneforecast,oneforecast,raw,2018,120,t2m,K,1.6624900655894603,0.7856255870644613,365
oneforecast,oneforecast,raw,2018,120,mslp,Pa,318.9421528495378,0.8920287911203987,365
oneforecast,oneforecast,raw,2018,168,z50,m^2 s^-2,530.462762774633,0.8755909245326046,365
oneforecast,oneforecast,raw,2018,168,z100,m^2 s^-2,495.0826178113145,0.8498048720882384,365
oneforecast,oneforecast,raw,2018,168,z200,m^2 s^-2,651.0719164990663,0.8051073267126914,365
oneforecast,oneforecast,raw,2018,168,z300,m^2 s^-2,721.068514802431,0.7770848253067608,365
oneforecast,oneforecast,raw,2018,168,z500,m^2 s^-2,530.4466560780163,0.7761415344211354,365
oneforecast,oneforecast,raw,2018,168,z700,m^2 s^-2,409.95928744051264,0.7701900996637363,365
oneforecast,oneforecast,raw,2018,168,z850,m^2 s^-2,379.7572651109359,0.7507109936695309,365
oneforecast,oneforecast,raw,2018,168,z925,m^2 s^-2,384.405706174105,0.7397850501422999,365
oneforecast,oneforecast,raw,2018,168,z1000,m^2 s^-2,397.07228186418246,0.7314719365555271,365
oneforecast,oneforecast,raw,2018,168,q50,kg kg^-1,7.083893013468286e-08,0.8383145454722974,365
oneforecast,oneforecast,raw,2018,168,q100,kg kg^-1,3.153238569478952e-07,0.6217357377413563,365
oneforecast,oneforecast,raw,2018,168,q200,kg kg^-1,1.287633420695875e-05,0.5101978728564196,365
oneforecast,oneforecast,raw,2018,168,q300,kg kg^-1,0.00011594925139779528,0.523179532985849,365
oneforecast,oneforecast,raw,2018,168,q500,kg kg^-1,0.00072161715237993,0.5446851792720377,365
oneforecast,oneforecast,raw,2018,168,q700,kg kg^-1,0.0013833967805372644,0.5393708246964897,365
oneforecast,oneforecast,raw,2018,168,q850,kg kg^-1,0.0016119762439556922,0.5111453692562081,365
oneforecast,oneforecast,raw,2018,168,q925,kg kg^-1,0.001264956944880733,0.565936226333552,365
oneforecast,oneforecast,raw,2018,168,q1000,kg kg^-1,0.0011807243463264605,0.6475714049918287,365
oneforecast,oneforecast,raw,2018,168,t50,K,2.0129611745202833,0.7904054421071539,365
oneforecast,oneforecast,raw,2018,168,t100,K,1.8707018954518841,0.8143243913561578,365
oneforecast,oneforecast,raw,2018,168,t200,K,2.6096798197830156,0.7058975172628321,365
oneforecast,oneforecast,raw,2018,168,t300,K,1.8850784788743262,0.6923842129564927,365
oneforecast,oneforecast,raw,2018,168,t500,K,2.3003278444399204,0.7073121587308929,365
oneforecast,oneforecast,raw,2018,168,t700,K,2.3203382698339317,0.7079035558964207,365
oneforecast,oneforecast,raw,2018,168,t850,K,2.523453614508535,0.6989028061654079,365
oneforecast,oneforecast,raw,2018,168,t925,K,2.425543148965999,0.675614609377978,365
oneforecast,oneforecast,raw,2018,168,t1000,K,2.193279536384937,0.659709766262239,365
oneforecast,oneforecast,raw,2018,168,u50,m s^-1,3.5946293524899535,0.8985177240140036,365
oneforecast,oneforecast,raw,2018,168,u100,m s^-1,4.4403806009375035,0.8013475228664342,365
oneforecast,oneforecast,raw,2018,168,u200,m s^-1,8.03401841991931,0.7529696488308695,365
oneforecast,oneforecast,raw,2018,168,u300,m s^-1,9.081771581641918,0.693563905863995,365
oneforecast,oneforecast,raw,2018,168,u500,m s^-1,6.324423615178095,0.6832893404723991,365
oneforecast,oneforecast,raw,2018,168,u700,m s^-1,4.930159906408254,0.6664719794115481,365
oneforecast,oneforecast,raw,2018,168,u850,m s^-1,4.594806780865459,0.6206539667888882,365
oneforecast,oneforecast,raw,2018,168,u925,m s^-1,4.5849161664489895,0.5974938988189274,365
oneforecast,oneforecast,raw,2018,168,u1000,m s^-1,3.5734205295459947,0.6026051248243589,365
oneforecast,oneforecast,raw,2018,168,v50,m s^-1,2.9962169806848555,0.8065988039119174,365
oneforecast,oneforecast,raw,2018,168,v100,m s^-1,4.226670392978277,0.7683981074754235,365
oneforecast,oneforecast,raw,2018,168,v200,m s^-1,8.26822934454268,0.7073498235297389,365
oneforecast,oneforecast,raw,2018,168,v300,m s^-1,9.225453699705449,0.6569606379996236,365
oneforecast,oneforecast,raw,2018,168,v500,m s^-1,6.243817493753357,0.6455421958793245,365
oneforecast,oneforecast,raw,2018,168,v700,m s^-1,4.734138141575851,0.6258824648449376,365
oneforecast,oneforecast,raw,2018,168,v850,m s^-1,4.353722974474378,0.5921417072994717,365
oneforecast,oneforecast,raw,2018,168,v925,m s^-1,4.460881614330421,0.5879665873759355,365
oneforecast,oneforecast,raw,2018,168,v1000,m s^-1,3.591118759398863,0.5943855110131494,365
oneforecast,oneforecast,raw,2018,168,u10,m s^-1,3.1968364937350615,0.5950886209863486,365
oneforecast,oneforecast,raw,2018,168,v10,m s^-1,3.184973349934816,0.5849409313054356,365
oneforecast,oneforecast,raw,2018,168,t2m,K,2.178093747523003,0.6347911025151912,365
oneforecast,oneforecast,raw,2018,168,mslp,Pa,504.1772044730642,0.7300876803372406,365
oneforecast,oneforecast,raw,2018,240,z50,m^2 s^-2,797.7555204301079,0.7230751423600916,365
oneforecast,oneforecast,raw,2018,240,z100,m^2 s^-2,780.5822197551935,0.6279213411674373,365
oneforecast,oneforecast,raw,2018,240,z200,m^2 s^-2,1009.9691108120686,0.5327929658973464,365
oneforecast,oneforecast,raw,2018,240,z300,m^2 s^-2,1084.2595052978631,0.4969875014164183,365
oneforecast,oneforecast,raw,2018,240,z500,m^2 s^-2,794.9818520695067,0.49786976149391865,365
oneforecast,oneforecast,raw,2018,240,z700,m^2 s^-2,610.3911603753642,0.49102175862620706,365
oneforecast,oneforecast,raw,2018,240,z850,m^2 s^-2,555.3917780248486,0.46802970633750024,365
oneforecast,oneforecast,raw,2018,240,z925,m^2 s^-2,557.3670343309731,0.4545691581120156,365
oneforecast,oneforecast,raw,2018,240,z1000,m^2 s^-2,572.4072034023063,0.44419348351600324,365
oneforecast,oneforecast,raw,2018,240,q50,kg kg^-1,9.445337197178775e-08,0.7183430824370697,365
oneforecast,oneforecast,raw,2018,240,q100,kg kg^-1,3.765131014566404e-07,0.4638118280194015,365
oneforecast,oneforecast,raw,2018,240,q200,kg kg^-1,1.5095843338190743e-05,0.3153636663480244,365
oneforecast,oneforecast,raw,2018,240,q300,kg kg^-1,0.000137662198686858,0.3201705124010476,365
oneforecast,oneforecast,raw,2018,240,q500,kg kg^-1,0.0008693357733998226,0.3363830958186883,365
oneforecast,oneforecast,raw,2018,240,q700,kg kg^-1,0.001671378755564478,0.32513057496548176,365
oneforecast,oneforecast,raw,2018,240,q850,kg kg^-1,0.0019241098882700086,0.307436556574006,365
oneforecast,oneforecast,raw,2018,240,q925,kg kg^-1,0.001574406688431373,0.340524952501626,365
oneforecast,oneforecast,raw,2018,240,q1000,kg kg^-1,0.0015803938925964777,0.3906546260018664,365
oneforecast,oneforecast,raw,2018,240,t50,K,2.6266620528927955,0.6675652651263897,365
oneforecast,oneforecast,raw,2018,240,t100,K,2.6850830482668697,0.6271391844027423,365
oneforecast,oneforecast,raw,2018,240,t200,K,3.5680633162855377,0.45399105660480377,365
oneforecast,oneforecast,raw,2018,240,t300,K,2.5697325337467105,0.4343407712488719,365
oneforecast,oneforecast,raw,2018,240,t500,K,3.2141441637910457,0.43304930362906935,365
oneforecast,oneforecast,raw,2018,240,t700,K,3.284170348647129,0.427037690988425,365
oneforecast,oneforecast,raw,2018,240,t850,K,3.5171339683697713,0.42185872772599803,365
oneforecast,oneforecast,raw,2018,240,t925,K,3.3198868817076943,0.40061124862133,365
oneforecast,oneforecast,raw,2018,240,t1000,K,2.9608498372431766,0.39429732617467506,365
oneforecast,oneforecast,raw,2018,240,u50,m s^-1,4.959060325971828,0.8053386747393969,365
oneforecast,oneforecast,raw,2018,240,u100,m s^-1,6.374686881384976,0.5911714313654274,365
oneforecast,oneforecast,raw,2018,240,u200,m s^-1,11.404268722732656,0.5016492570028018,365
oneforecast,oneforecast,raw,2018,240,u300,m s^-1,12.341898532669868,0.4336989614174592,365
oneforecast,oneforecast,raw,2018,240,u500,m s^-1,8.52188462931749,0.42464475899832393,365
oneforecast,oneforecast,raw,2018,240,u700,m s^-1,6.553719396798283,0.4111459165755509,365
oneforecast,oneforecast,raw,2018,240,u850,m s^-1,5.975677900962379,0.36116419737946964,365
oneforecast,oneforecast,raw,2018,240,u925,m s^-1,5.92425026685361,0.3326922833775442,365
oneforecast,oneforecast,raw,2018,240,u1000,m s^-1,4.645251701635616,0.33428601159887117,365
oneforecast,oneforecast,raw,2018,240,v50,m s^-1,4.340467058690045,0.5886453253832984,365
oneforecast,oneforecast,raw,2018,240,v100,m s^-1,6.176618378168947,0.5027518107433256,365
oneforecast,oneforecast,raw,2018,240,v200,m s^-1,11.823001375444898,0.4026969408922617,365
oneforecast,oneforecast,raw,2018,240,v300,m s^-1,12.66138006459393,0.35711039888158447,365
oneforecast,oneforecast,raw,2018,240,v500,m s^-1,8.454863572531469,0.35517857988952584,365
oneforecast,oneforecast,raw,2018,240,v700,m s^-1,6.298835226929334,0.3426510551202663,365
oneforecast,oneforecast,raw,2018,240,v850,m s^-1,5.669747549653656,0.3132208527304697,365
oneforecast,oneforecast,raw,2018,240,v925,m s^-1,5.817211787081205,0.30412211574100456,365
oneforecast,oneforecast,raw,2018,240,v1000,m s^-1,4.710692845262431,0.3076992839595615,365
oneforecast,oneforecast,raw,2018,240,u10,m s^-1,4.126636458270649,0.3311585319919372,365
oneforecast,oneforecast,raw,2018,240,v10,m s^-1,4.141451271418214,0.3026263747255187,365
oneforecast,oneforecast,raw,2018,240,t2m,K,2.867337896649903,0.38592593355800425,365
oneforecast,oneforecast,raw,2018,240,mslp,Pa,727.1277272692182,0.4413922100191675,365
oneforecast,oneforecast,raw,2019,24,z50,m^2 s^-2,118.11227736329859,0.9954922115263941,365
oneforecast,oneforecast,raw,2019,24,z100,m^2 s^-2,87.14588806824153,0.9962245133879596,365
oneforecast,oneforecast,raw,2019,24,z200,m^2 s^-2,97.7607675968856,0.9958118114811988,365
oneforecast,oneforecast,raw,2019,24,z300,m^2 s^-2,105.67903634200427,0.9952519976885681,365
oneforecast,oneforecast,raw,2019,24,z500,m^2 s^-2,76.76623746092628,0.9953326426875866,365
oneforecast,oneforecast,raw,2019,24,z700,m^2 s^-2,60.63210511363174,0.9950153507731084,365
oneforecast,oneforecast,raw,2019,24,z850,m^2 s^-2,59.06731704757585,0.9939945430440956,365
oneforecast,oneforecast,raw,2019,24,z925,m^2 s^-2,62.07873212381849,0.9932217942543502,365
oneforecast,oneforecast,raw,2019,24,z1000,m^2 s^-2,67.14473500121152,0.9923293088899076,365
oneforecast,oneforecast,raw,2019,24,q50,kg kg^-1,3.307606227836752e-08,0.9685975999190547,365
oneforecast,oneforecast,raw,2019,24,q100,kg kg^-1,1.463983626501481e-07,0.9268130146131044,365
oneforecast,oneforecast,raw,2019,24,q200,kg kg^-1,6.556354609402e-06,0.8929367783883038,365
oneforecast,oneforecast,raw,2019,24,q300,kg kg^-1,5.239580307633909e-05,0.9112138235882334,365
oneforecast,oneforecast,raw,2019,24,q500,kg kg^-1,0.0002881797664162843,0.9303748977699332,365
oneforecast,oneforecast,raw,2019,24,q700,kg kg^-1,0.0005404547408942224,0.9321600587716413,365
oneforecast,oneforecast,raw,2019,24,q850,kg kg^-1,0.0007045169966057857,0.911660820757814,365
oneforecast,oneforecast,raw,2019,24,q925,kg kg^-1,0.0005546208959737047,0.9204495548037663,365
oneforecast,oneforecast,raw,2019,24,q1000,kg kg^-1,0.00046089754045368494,0.9473621755872388,365
oneforecast,oneforecast,raw,2019,24,t50,K,0.8209925915091809,0.9762467219850955,365
oneforecast,oneforecast,raw,2019,24,t100,K,0.6055553684823544,0.9837842523927761,365
oneforecast,oneforecast,raw,2019,24,t200,K,0.550861691728976,0.988252807300301,365
oneforecast,oneforecast,raw,2019,24,t300,K,0.444108125261397,0.9840892959592763,365
oneforecast,oneforecast,raw,2019,24,t500,K,0.47570673948206427,0.9872118397858386,365
oneforecast,oneforecast,raw,2019,24,t700,K,0.5213863301576743,0.985099282688424,365
oneforecast,oneforecast,raw,2019,24,t850,K,0.6757409803495843,0.9785946247495416,365
oneforecast,oneforecast,raw,2019,24,t925,K,0.6875326413117179,0.9739258349170199,365
oneforecast,oneforecast,raw,2019,24,t1000,K,0.7362727664651918,0.961102126824656,365
oneforecast,oneforecast,raw,2019,24,u50,m s^-1,1.5047153470160797,0.9793836311619283,365
oneforecast,oneforecast,raw,2019,24,u100,m s^-1,1.4635497945980322,0.9798006734661844,365
oneforecast,oneforecast,raw,2019,24,u200,m s^-1,1.8931631696267948,0.9857368005253284,365
oneforecast,oneforecast,raw,2019,24,u300,m s^-1,1.9277221267602704,0.9856010403814892,365
oneforecast,oneforecast,raw,2019,24,u500,m s^-1,1.4431710511491767,0.9829022620889167,365
oneforecast,oneforecast,raw,2019,24,u700,m s^-1,1.225212839084609,0.979059590991519,365
oneforecast,oneforecast,raw,2019,24,u850,m s^-1,1.180862475058249,0.9746229970465018,365
oneforecast,oneforecast,raw,2019,24,u925,m s^-1,1.124171737415213,0.9753938080007755,365
oneforecast,oneforecast,raw,2019,24,u1000,m s^-1,0.9104347369470013,0.9738676038783262,365
oneforecast,oneforecast,raw,2019,24,v50,m s^-1,1.1875866720807806,0.9662875401187985,365
oneforecast,oneforecast,raw,2019,24,v100,m s^-1,1.409722468313664,0.9747109364756225,365
oneforecast,oneforecast,raw,2019,24,v200,m s^-1,2.0087649624089057,0.9833038954780594,365
oneforecast,oneforecast,raw,2019,24,v300,m s^-1,2.064658920154283,0.983250646632775,365
oneforecast,oneforecast,raw,2019,24,v500,m s^-1,1.4986396627347787,0.9804358908537386,365
oneforecast,oneforecast,raw,2019,24,v700,m s^-1,1.2266070641474345,0.9762639612373846,365
oneforecast,oneforecast,raw,2019,24,v850,m s^-1,1.1789538673145317,0.9714138603429799,365
oneforecast,oneforecast,raw,2019,24,v925,m s^-1,1.1610115135845964,0.9730643432138556,365
oneforecast,oneforecast,raw,2019,24,v1000,m s^-1,0.9554438382950698,0.9720299736035282,365
oneforecast,oneforecast,raw,2019,24,u10,m s^-1,0.8270986796812471,0.9728266859094921,365
oneforecast,oneforecast,raw,2019,24,v10,m s^-1,0.859970130313584,0.9705776139191032,365
oneforecast,oneforecast,raw,2019,24,t2m,K,0.9482823545724742,0.9286813498399082,365
oneforecast,oneforecast,raw,2019,24,mslp,Pa,85.19981471733463,0.9922798477134872,365
oneforecast,oneforecast,raw,2019,72,z50,m^2 s^-2,238.3579560681737,0.9817278683538958,365
oneforecast,oneforecast,raw,2019,72,z100,m^2 s^-2,178.49634527082847,0.983945580630555,365
oneforecast,oneforecast,raw,2019,72,z200,m^2 s^-2,196.12722006697243,0.9830009595008861,365
oneforecast,oneforecast,raw,2019,72,z300,m^2 s^-2,213.71300460156954,0.9804920053986452,365
oneforecast,oneforecast,raw,2019,72,z500,m^2 s^-2,156.96365334436973,0.9803849853935803,365
oneforecast,oneforecast,raw,2019,72,z700,m^2 s^-2,123.60255006078253,0.9791649505628927,365
oneforecast,oneforecast,raw,2019,72,z850,m^2 s^-2,118.45636112672399,0.9757228756097908,365
oneforecast,oneforecast,raw,2019,72,z925,m^2 s^-2,122.071475849936,0.973681924273088,365
oneforecast,oneforecast,raw,2019,72,z1000,m^2 s^-2,128.82891208472606,0.971663553577426,365
oneforecast,oneforecast,raw,2019,72,q50,kg kg^-1,5.597238321612293e-08,0.9102880232080012,365
oneforecast,oneforecast,raw,2019,72,q100,kg kg^-1,2.2589409031931523e-07,0.8258349144443615,365
oneforecast,oneforecast,raw,2019,72,q200,kg kg^-1,9.607014393305844e-06,0.7652252986114889,365
oneforecast,oneforecast,raw,2019,72,q300,kg kg^-1,8.107868497357937e-05,0.7885257611858952,365
oneforecast,oneforecast,raw,2019,72,q500,kg kg^-1,0.0004572998446692205,0.8243222604343539,365
oneforecast,oneforecast,raw,2019,72,q700,kg kg^-1,0.0008542376845691471,0.8295331024990509,365
oneforecast,oneforecast,raw,2019,72,q850,kg kg^-1,0.0010552118647525336,0.8000299869693599,365
oneforecast,oneforecast,raw,2019,72,q925,kg kg^-1,0.0008056512028197448,0.8320714262481477,365
oneforecast,oneforecast,raw,2019,72,q1000,kg kg^-1,0.0006643592740975891,0.8904637781145557,365
oneforecast,oneforecast,raw,2019,72,t50,K,1.2931209854588697,0.9403215635741061,365
oneforecast,oneforecast,raw,2019,72,t100,K,0.9518027900625864,0.9600534295746141,365
oneforecast,oneforecast,raw,2019,72,t200,K,1.0186211255465736,0.9596370881946188,365
oneforecast,oneforecast,raw,2019,72,t300,K,0.8330869008747478,0.943475560590345,365
oneforecast,oneforecast,raw,2019,72,t500,K,0.8685716207736413,0.957312033026514,365
oneforecast,oneforecast,raw,2019,72,t700,K,0.9091129772720615,0.9544093198778905,365
oneforecast,oneforecast,raw,2019,72,t850,K,1.0953482903596778,0.9435343433806275,365
oneforecast,oneforecast,raw,2019,72,t925,K,1.0982017163383744,0.9333814814045805,365
oneforecast,oneforecast,raw,2019,72,t1000,K,1.097653441257479,0.9139834802233656,365
oneforecast,oneforecast,raw,2019,72,u50,m s^-1,2.308042482947366,0.950903108288143,365
oneforecast,oneforecast,raw,2019,72,u100,m s^-1,2.264121397608645,0.9514029670821602,365
oneforecast,oneforecast,raw,2019,72,u200,m s^-1,3.3836829657153524,0.9544535519029037,365
oneforecast,oneforecast,raw,2019,72,u300,m s^-1,3.678582426077957,0.9475837109983497,365
oneforecast,oneforecast,raw,2019,72,u500,m s^-1,2.648790349325936,0.9419397566438926,365
oneforecast,oneforecast,raw,2019,72,u700,m s^-1,2.1526842999285005,0.9347280621658643,365
oneforecast,oneforecast,raw,2019,72,u850,m s^-1,2.0422922890536928,0.9234253774581961,365
oneforecast,oneforecast,raw,2019,72,u925,m s^-1,1.984561631346171,0.9227954169446653,365
oneforecast,oneforecast,raw,2019,72,u1000,m s^-1,1.5613652568915364,0.9226430866016776,365
oneforecast,oneforecast,raw,2019,72,v50,m s^-1,1.7044813785298787,0.9300444870661643,365
oneforecast,oneforecast,raw,2019,72,v100,m s^-1,2.0362926582242284,0.946916737994171,365
oneforecast,oneforecast,raw,2019,72,v200,m s^-1,3.38805170703895,0.9525510573504782,365
oneforecast,oneforecast,raw,2019,72,v300,m s^-1,3.6385593340158624,0.9479744042826156,365
oneforecast,oneforecast,raw,2019,72,v500,m s^-1,2.560859265535663,0.9424449168212964,365
oneforecast,oneforecast,raw,2019,72,v700,m s^-1,2.044444810812007,0.9333630971484548,365
oneforecast,oneforecast,raw,2019,72,v850,m s^-1,1.9461903423675122,0.9213971046466113,365
oneforecast,oneforecast,raw,2019,72,v925,m s^-1,1.9457433119112844,0.9238693251448502,365
oneforecast,oneforecast,raw,2019,72,v1000,m s^-1,1.5718731458725677,0.923906692662772,365
oneforecast,oneforecast,raw,2019,72,u10,m s^-1,1.4186079256503472,0.9195258531548088,365
oneforecast,oneforecast,raw,2019,72,v10,m s^-1,1.4180092991382252,0.9195246609364264,365
oneforecast,oneforecast,raw,2019,72,t2m,K,1.2576757976839688,0.876381597337078,365
oneforecast,oneforecast,raw,2019,72,mslp,Pa,163.39786671745986,0.9715189065425656,365
oneforecast,oneforecast,raw,2019,120,z50,m^2 s^-2,363.5948758047514,0.9575547428841665,365
oneforecast,oneforecast,raw,2019,120,z100,m^2 s^-2,313.63986106120143,0.9494808886446829,365
oneforecast,oneforecast,raw,2019,120,z200,m^2 s^-2,389.48376017941126,0.9321317191786869,365
oneforecast,oneforecast,raw,2019,120,z300,m^2 s^-2,435.5383871070788,0.9184914527190907,365
oneforecast,oneforecast,raw,2019,120,z500,m^2 s^-2,321.55924594317156,0.9172633037189487,365
oneforecast,oneforecast,raw,2019,120,z700,m^2 s^-2,249.95866403772783,0.9143799569195571,365
oneforecast,oneforecast,raw,2019,120,z850,m^2 s^-2,234.50253167263097,0.9045106731557875,365
oneforecast,oneforecast,raw,2019,120,z925,m^2 s^-2,238.51259683840456,0.8992414034092929,365
oneforecast,oneforecast,raw,2019,120,z1000,m^2 s^-2,247.76469330193805,0.8949582537800429,365
oneforecast,oneforecast,raw,2019,120,q50,kg kg^-1,7.203715357871407e-08,0.8536403024558566,365
oneforecast,oneforecast,raw,2019,120,q100,kg kg^-1,2.8224927728873273e-07,0.7296421898589749,365
oneforecast,oneforecast,raw,2019,120,q200,kg kg^-1,1.1685777032933084e-05,0.6441093897866784,365
oneforecast,oneforecast,raw,2019,120,q300,kg kg^-1,0.00010206170967060615,0.6588056436249519,365
oneforecast,oneforecast,raw,2019,120,q500,kg kg^-1,0.0006031563914482053,0.6925736531728532,365
oneforecast,oneforecast,raw,2019,120,q700,kg kg^-1,0.0011357314782254695,0.6962632135668697,365
oneforecast,oneforecast,raw,2019,120,q850,kg kg^-1,0.001353474893182338,0.6687350692453099,365
oneforecast,oneforecast,raw,2019,120,q925,kg kg^-1,0.0010417339577104806,0.7193024636288817,365
oneforecast,oneforecast,raw,2019,120,q1000,kg kg^-1,0.0009012977907187067,0.7984117116993793,365
oneforecast,oneforecast,raw,2019,120,t50,K,1.6639379725720054,0.9006333501770254,365
oneforecast,oneforecast,raw,2019,120,t100,K,1.3804129839621824,0.9163237253646624,365
oneforecast,oneforecast,raw,2019,120,t200,K,1.7694843048722477,0.8776784209493294,365
oneforecast,oneforecast,raw,2019,120,t300,K,1.3503454789664968,0.8500049019556264,365
oneforecast,oneforecast,raw,2019,120,t500,K,1.5219171588223082,0.8685087733083022,365
oneforecast,oneforecast,raw,2019,120,t700,K,1.5437353476086624,0.8677624139140099,365
oneforecast,oneforecast,raw,2019,120,t850,K,1.7331961024972213,0.8583523384831443,365
oneforecast,oneforecast,raw,2019,120,t925,K,1.6971624398617526,0.8413262757319462,365
oneforecast,oneforecast,raw,2019,120,t1000,K,1.5967541384784902,0.819588238202079,365
oneforecast,oneforecast,raw,2019,120,u50,m s^-1,2.9494096381810517,0.919356365189173,365
oneforecast,oneforecast,raw,2019,120,u100,m s^-1,3.2073080445515383,0.9022408918640609,365
oneforecast,oneforecast,raw,2019,120,u200,m s^-1,5.471117651534611,0.8811925077939075,365
oneforecast,oneforecast,raw,2019,120,u300,m s^-1,6.25996997915373,0.8486424596426724,365
oneforecast,oneforecast,raw,2019,120,u500,m s^-1,4.398317794379362,0.8395188036988552,365
oneforecast,oneforecast,raw,2019,120,u700,m s^-1,3.4705126764988856,0.829703818560516,365
oneforecast,oneforecast,raw,2019,120,u850,m s^-1,3.269236159607788,0.8033321923866564,365
oneforecast,oneforecast,raw,2019,120,u925,m s^-1,3.236864663314357,0.7944642541323343,365
oneforecast,oneforecast,raw,2019,120,u1000,m s^-1,2.51285130268872,0.7992357866095906,365
oneforecast,oneforecast,raw,2019,120,v50,m s^-1,2.2103039011328987,0.8820399643892077,365
oneforecast,oneforecast,raw,2019,120,v100,m s^-1,2.8913559103607285,0.8920031534366588,365
oneforecast,oneforecast,raw,2019,120,v200,m s^-1,5.464626409435612,0.8759087850116432,365
oneforecast,oneforecast,raw,2019,120,v300,m s^-1,6.1991483369748694,0.8483218123915887,365
oneforecast,oneforecast,raw,2019,120,v500,m s^-1,4.267384369634239,0.8388172695320654,365
oneforecast,oneforecast,raw,2019,120,v700,m s^-1,3.306343213382547,0.8237338521868778,365
oneforecast,oneforecast,raw,2019,120,v850,m s^-1,3.1006246932323984,0.7984937631225545,365
oneforecast,oneforecast,raw,2019,120,v925,m s^-1,3.150501610004739,0.7988670911744782,365
oneforecast,oneforecast,raw,2019,120,v1000,m s^-1,2.5143024552309994,0.8040725506307277,365
oneforecast,oneforecast,raw,2019,120,u10,m s^-1,2.273111965772495,0.7929803293512145,365
oneforecast,oneforecast,raw,2019,120,v10,m s^-1,2.255561238356794,0.7950581537685109,365
oneforecast,oneforecast,raw,2019,120,t2m,K,1.6738744892619692,0.7840460460618621,365
oneforecast,oneforecast,raw,2019,120,mslp,Pa,314.651816616263,0.8942143821941307,365
oneforecast,oneforecast,raw,2019,168,z50,m^2 s^-2,515.2086423394576,0.914721000681537,365
oneforecast,oneforecast,raw,2019,168,z100,m^2 s^-2,499.30137242893477,0.870027827645754,365
oneforecast,oneforecast,raw,2019,168,z200,m^2 s^-2,653.7668595418966,0.8075204455133836,365
oneforecast,oneforecast,raw,2019,168,z300,m^2 s^-2,720.0244889468825,0.7768020073753957,365
oneforecast,oneforecast,raw,2019,168,z500,m^2 s^-2,530.3738560921224,0.7749375066661996,365
oneforecast,oneforecast,raw,2019,168,z700,m^2 s^-2,410.0300976413153,0.7701629636276285,365
oneforecast,oneforecast,raw,2019,168,z850,m^2 s^-2,378.5401585107031,0.7522360032523712,365
oneforecast,oneforecast,raw,2019,168,z925,m^2 s^-2,382.212576869145,0.7423986982108874,365
oneforecast,oneforecast,raw,2019,168,z1000,m^2 s^-2,394.47175210189084,0.7349666609503168,365
oneforecast,oneforecast,raw,2019,168,q50,kg kg^-1,8.852772509036716e-08,0.783493272668232,365
oneforecast,oneforecast,raw,2019,168,q100,kg kg^-1,3.336314784179572e-07,0.6268280012338474,365
oneforecast,oneforecast,raw,2019,168,q200,kg kg^-1,1.3502564939878195e-05,0.513202250134517,365
oneforecast,oneforecast,raw,2019,168,q300,kg kg^-1,0.00011981548774488547,0.5211890714358266,365
oneforecast,oneforecast,raw,2019,168,q500,kg kg^-1,0.0007279895116456117,0.5480560739431594,365
oneforecast,oneforecast,raw,2019,168,q700,kg kg^-1,0.0013934191121542175,0.5395973006647331,365
oneforecast,oneforecast,raw,2019,168,q850,kg kg^-1,0.0016353820757412229,0.515182972203726,365
oneforecast,oneforecast,raw,2019,168,q925,kg kg^-1,0.001292519396779331,0.5704865067927262,365
oneforecast,oneforecast,raw,2019,168,q1000,kg kg^-1,0.0011868782384417283,0.6530550340173212,365
oneforecast,oneforecast,raw,2019,168,t50,K,2.020111010388927,0.85445876133322,365
oneforecast,oneforecast,raw,2019,168,t100,K,1.9101282204200247,0.8410690020629276,365
oneforecast,oneforecast,raw,2019,168,t200,K,2.6166152603673387,0.7320006499872113,365
oneforecast,oneforecast,raw,2019,168,t300,K,1.9086883303307751,0.698515780622194,365
oneforecast,oneforecast,raw,2019,168,t500,K,2.2827109051615166,0.7041006326959296,365
oneforecast,oneforecast,raw,2019,168,t700,K,2.308127477674323,0.7039803585586035,365
oneforecast,oneforecast,raw,2019,168,t850,K,2.5216893578284534,0.7001945553517112,365
oneforecast,oneforecast,raw,2019,168,t925,K,2.4221740938488487,0.6780845103677186,365
oneforecast,oneforecast,raw,2019,168,t1000,K,2.199118884807522,0.6612148869635442,365
oneforecast,oneforecast,raw,2019,168,u50,m s^-1,3.6860400469716734,0.8738040255839999,365
oneforecast,oneforecast,raw,2019,168,u100,m s^-1,4.454795661677312,0.811239457639516,365
oneforecast,oneforecast,raw,2019,168,u200,m s^-1,7.951885749662336,0.749332148020825,365
oneforecast,oneforecast,raw,2019,168,u300,m s^-1,8.998249009618888,0.6879904636832676,365
oneforecast,oneforecast,raw,2019,168,u500,m s^-1,6.259198974804135,0.6747140819833652,365
oneforecast,oneforecast,raw,2019,168,u700,m s^-1,4.874262113638152,0.6632555217053959,365
oneforecast,oneforecast,raw,2019,168,u850,m s^-1,4.5289264376335465,0.6219160688084686,365
oneforecast,oneforecast,raw,2019,168,u925,m s^-1,4.498999911850382,0.6023490357890965,365
oneforecast,oneforecast,raw,2019,168,u1000,m s^-1,3.501527277225238,0.6095420826851125,365
oneforecast,oneforecast,raw,2019,168,v50,m s^-1,2.95156274646965,0.7904308954575359,365
oneforecast,oneforecast,raw,2019,168,v100,m s^-1,4.1945444084088805,0.7716395245541857,365
oneforecast,oneforecast,raw,2019,168,v200,m s^-1,8.204780519176184,0.7199746859623462,365
oneforecast,oneforecast,raw,2019,168,v300,m s^-1,9.168126740173534,0.6687271684348319,365
oneforecast,oneforecast,raw,2019,168,v500,m s^-1,6.2316771371939375,0.655826074593668,365
oneforecast,oneforecast,raw,2019,168,v700,m s^-1,4.728489980170337,0.637822282258836,365
oneforecast,oneforecast,raw,2019,168,v850,m s^-1,4.348064301979197,0.6019173147856923,365
oneforecast,oneforecast,raw,2019,168,v925,m s^-1,4.445645212539901,0.5979532285143373,365
oneforecast,oneforecast,raw,2019,168,v1000,m s^-1,3.5651078103584437,0.6053394133717005,365
oneforecast,oneforecast,raw,2019,168,u10,m s^-1,3.1397779721329164,0.6040643405548378,365
oneforecast,oneforecast,raw,2019,168,v10,m s^-1,3.166124517236386,0.595257127734664,365
oneforecast,oneforecast,raw,2019,168,t2m,K,2.190979583854997,0.6357482361414873,365
oneforecast,oneforecast,raw,2019,168,mslp,Pa,501.3901121088727,0.7327649211618437,365
oneforecast,oneforecast,raw,2019,240,z50,m^2 s^-2,739.8195567441401,0.8248348623303643,365
oneforecast,oneforecast,raw,2019,240,z100,m^2 s^-2,770.3696381945844,0.6873179971298112,365
oneforecast,oneforecast,raw,2019,240,z200,m^2 s^-2,1008.4625272342133,0.5404904550065657,365
oneforecast,oneforecast,raw,2019,240,z300,m^2 s^-2,1079.029886388314,0.49746006726389524,365
oneforecast,oneforecast,raw,2019,240,z500,m^2 s^-2,790.8958743031386,0.49889847775170165,365
oneforecast,oneforecast,raw,2019,240,z700,m^2 s^-2,607.4205696705571,0.4959332233054051,365
oneforecast,oneforecast,raw,2019,240,z850,m^2 s^-2,552.4436741030771,0.47395413739415104,365
oneforecast,oneforecast,raw,2019,240,z925,m^2 s^-2,554.2697847677671,0.4605530566695936,365
oneforecast,oneforecast,raw,2019,240,z1000,m^2 s^-2,569.3576378869484,0.4505633408092415,365
oneforecast,oneforecast,raw,2019,240,q50,kg kg^-1,1.1069089592428893e-07,0.6814415949546907,365
oneforecast,oneforecast,raw,2019,240,q100,kg kg^-1,4.0070659510459303e-07,0.4794339262725086,365
oneforecast,oneforecast,raw,2019,240,q200,kg kg^-1,1.5827644709569567e-05,0.31668766616140437,365
oneforecast,oneforecast,raw,2019,240,q300,kg kg^-1,0.00014040874497042204,0.333031037272824,365
oneforecast,oneforecast,raw,2019,240,q500,kg kg^-1,0.0008698373107372015,0.34628982607868436,365
oneforecast,oneforecast,raw,2019,240,q700,kg kg^-1,0.00167740303535457,0.3275098311275324,365
oneforecast,oneforecast,raw,2019,240,q850,kg kg^-1,0.0019615371401074007,0.3046037679672829,365
oneforecast,oneforecast,raw,2019,240,q925,kg kg^-1,0.0016035945093439436,0.3451840566700307,365
oneforecast,oneforecast,raw,2019,240,q1000,kg kg^-1,0.001590319273707532,0.39611862502432627,365
oneforecast,oneforecast,raw,2019,240,t50,K,2.522516775930106,0.7779731846101576,365
oneforecast,oneforecast,raw,2019,240,t100,K,2.6876328851392115,0.6911808349080277,365
oneforecast,oneforecast,raw,2019,240,t200,K,3.56759727909118,0.5036965825404538,365
oneforecast,oneforecast,raw,2019,240,t300,K,2.6069684033840392,0.44052676356983766,365
oneforecast,oneforecast,raw,2019,240,t500,K,3.192715428678844,0.42362554635474625,365
oneforecast,oneforecast,raw,2019,240,t700,K,3.251994929431975,0.418900561442382,365
oneforecast,oneforecast,raw,2019,240,t850,K,3.4991927856530745,0.4260392618481161,365
oneforecast,oneforecast,raw,2019,240,t925,K,3.3075971516966023,0.4066758573810424,365
oneforecast,oneforecast,raw,2019,240,t1000,K,2.962633395026436,0.3979822646621587,365
oneforecast,oneforecast,raw,2019,240,u50,m s^-1,4.7795024865930325,0.7883786535329094,365
oneforecast,oneforecast,raw,2019,240,u100,m s^-1,6.341319944895643,0.6201647369831068,365
oneforecast,oneforecast,raw,2019,240,u200,m s^-1,11.279545397602329,0.5019036711176139,365
oneforecast,oneforecast,raw,2019,240,u300,m s^-1,12.232153837537517,0.4287013743609117,365
oneforecast,oneforecast,raw,2019,240,u500,m s^-1,8.438494946922008,0.4129781797936762,365
oneforecast,oneforecast,raw,2019,240,u700,m s^-1,6.505432610543725,0.4044626471710869,365
oneforecast,oneforecast,raw,2019,240,u850,m s^-1,5.921926109856431,0.3602395189290316,365
oneforecast,oneforecast,raw,2019,240,u925,m s^-1,5.852697096705883,0.3354053522071359,365
oneforecast,oneforecast,raw,2019,240,u1000,m s^-1,4.57081524224862,0.3422980122418112,365
oneforecast,oneforecast,raw,2019,240,v50,m s^-1,4.101670885061188,0.597267053914587,365
oneforecast,oneforecast,raw,2019,240,v100,m s^-1,6.146796278677245,0.5050695654759377,365
oneforecast,oneforecast,raw,2019,240,v200,m s^-1,11.770455325321512,0.4221022653585491,365
oneforecast,oneforecast,raw,2019,240,v300,m s^-1,12.649932082715404,0.3687369155719567,365
oneforecast,oneforecast,raw,2019,240,v500,m s^-1,8.466507088145507,0.3622450519426865,365
oneforecast,oneforecast,raw,2019,240,v700,m s^-1,6.300900808085005,0.352376423261723,365
oneforecast,oneforecast,raw,2019,240,v850,m s^-1,5.6664545448822,0.32017971042005783,365
oneforecast,oneforecast,raw,2019,240,v925,m s^-1,5.807455895693795,0.3116706502234721,365
oneforecast,oneforecast,raw,2019,240,v1000,m s^-1,4.703890459343601,0.31301208844593464,365
oneforecast,oneforecast,raw,2019,240,u10,m s^-1,4.071816003199371,0.34000743683789975,365
oneforecast,oneforecast,raw,2019,240,v10,m s^-1,4.1431520951936,0.3061236325712929,365
oneforecast,oneforecast,raw,2019,240,t2m,K,2.8728539425675343,0.3915076968449739,365
oneforecast,oneforecast,raw,2019,240,mslp,Pa,722.9957802696163,0.4476316146000331,365
oneforecast,oneforecast,sphere_ttc,2018,24,z50,m^2 s^-2,121.92995978802966,0.9932544041349982,365
oneforecast,oneforecast,sphere_ttc,2018,24,z100,m^2 s^-2,76.42683290795263,0.9964008052848725,365
oneforecast,oneforecast,sphere_ttc,2018,24,z200,m^2 s^-2,83.74466611771646,0.9967634247994156,365
oneforecast,oneforecast,sphere_ttc,2018,24,z300,m^2 s^-2,91.77172192918471,0.9963765618263133,365
oneforecast,oneforecast,sphere_ttc,2018,24,z500,m^2 s^-2,68.61187017855252,0.9962604490396467,365
oneforecast,oneforecast,sphere_ttc,2018,24,z700,m^2 s^-2,56.55510563552619,0.9956423953420497,365
oneforecast,oneforecast,sphere_ttc,2018,24,z850,m^2 s^-2,55.94186014015543,0.9946056749834402,365
oneforecast,oneforecast,sphere_ttc,2018,24,z925,m^2 s^-2,58.43171758829148,0.9939951418091073,365
oneforecast,oneforecast,sphere_ttc,2018,24,z1000,m^2 s^-2,62.90662570320406,0.9932600789606782,365
oneforecast,oneforecast,sphere_ttc,2018,24,q50,kg kg^-1,2.5562394947568863e-08,0.9788183957960144,365
oneforecast,oneforecast,sphere_ttc,2018,24,q100,kg kg^-1,1.391387082378236e-07,0.9278668431922751,365
oneforecast,oneforecast,sphere_ttc,2018,24,q200,kg kg^-1,6.144500866960494e-06,0.8911394113014982,365
oneforecast,oneforecast,sphere_ttc,2018,24,q300,kg kg^-1,5.0200901410780275e-05,0.9109029669779539,365
oneforecast,oneforecast,sphere_ttc,2018,24,q500,kg kg^-1,0.0002824183994505917,0.9306968906803424,365
oneforecast,oneforecast,sphere_ttc,2018,24,q700,kg kg^-1,0.000531521863069651,0.9329986441627346,365
oneforecast,oneforecast,sphere_ttc,2018,24,q850,kg kg^-1,0.0006850465940141675,0.9119135482284114,365
oneforecast,oneforecast,sphere_ttc,2018,24,q925,kg kg^-1,0.0005312535001690469,0.9209598696566034,365
oneforecast,oneforecast,sphere_ttc,2018,24,q1000,kg kg^-1,0.00044595671451819847,0.9487133324643319,365
oneforecast,oneforecast,sphere_ttc,2018,24,t50,K,0.8127841122607771,0.9630168997201306,365
oneforecast,oneforecast,sphere_ttc,2018,24,t100,K,0.5970374359577233,0.9806379745164937,365
oneforecast,oneforecast,sphere_ttc,2018,24,t200,K,0.510752045608135,0.9887703321861636,365
oneforecast,oneforecast,sphere_ttc,2018,24,t300,K,0.4220261254722843,0.9844673924657857,365
oneforecast,oneforecast,sphere_ttc,2018,24,t500,K,0.44868384854073373,0.9887608929819041,365
oneforecast,oneforecast,sphere_ttc,2018,24,t700,K,0.4921513940051624,0.9869346539985685,365
oneforecast,oneforecast,sphere_ttc,2018,24,t850,K,0.646415820356993,0.9803493356943622,365
oneforecast,oneforecast,sphere_ttc,2018,24,t925,K,0.6607130601733059,0.9759375646971016,365
oneforecast,oneforecast,sphere_ttc,2018,24,t1000,K,0.711660195191878,0.9638074203208162,365
oneforecast,oneforecast,sphere_ttc,2018,24,u50,m s^-1,1.3437599026818527,0.986047517037322,365
oneforecast,oneforecast,sphere_ttc,2018,24,u100,m s^-1,1.4230264652944777,0.9794497668556175,365
oneforecast,oneforecast,sphere_ttc,2018,24,u200,m s^-1,1.8590942501081802,0.9866400668455204,365
oneforecast,oneforecast,sphere_ttc,2018,24,u300,m s^-1,1.8981130005127362,0.986529608002648,365
oneforecast,oneforecast,sphere_ttc,2018,24,u500,m s^-1,1.430563943191776,0.9839561109789877,365
oneforecast,oneforecast,sphere_ttc,2018,24,u700,m s^-1,1.2195524897312597,0.9799378869395438,365
oneforecast,oneforecast,sphere_ttc,2018,24,u850,m s^-1,1.1681636873252375,0.9758240353257489,365
oneforecast,oneforecast,sphere_ttc,2018,24,u925,m s^-1,1.1086983282039362,0.9766821892800346,365
oneforecast,oneforecast,sphere_ttc,2018,24,u1000,m s^-1,0.895613274357994,0.9752050242615218,365
oneforecast,oneforecast,sphere_ttc,2018,24,v50,m s^-1,1.097229004738767,0.9741211715416045,365
oneforecast,oneforecast,sphere_ttc,2018,24,v100,m s^-1,1.3333706034607293,0.9770034399743237,365
oneforecast,oneforecast,sphere_ttc,2018,24,v200,m s^-1,1.8803716825574537,0.9847600411264432,365
oneforecast,oneforecast,sphere_ttc,2018,24,v300,m s^-1,1.9206977645107701,0.9850753950527191,365
oneforecast,oneforecast,sphere_ttc,2018,24,v500,m s^-1,1.4166499227696747,0.9819028553115631,365
oneforecast,oneforecast,sphere_ttc,2018,24,v700,m s^-1,1.1787662234108611,0.977151435656261,365
oneforecast,oneforecast,sphere_ttc,2018,24,v850,m s^-1,1.1317942738023676,0.9727195580395948,365
oneforecast,oneforecast,sphere_ttc,2018,24,v925,m s^-1,1.1049672316464936,0.9748408935989612,365
oneforecast,oneforecast,sphere_ttc,2018,24,v1000,m s^-1,0.9130063490343008,0.9738148003494412,365
oneforecast,oneforecast,sphere_ttc,2018,24,u10,m s^-1,0.813507909549867,0.9740109355422681,365
oneforecast,oneforecast,sphere_ttc,2018,24,v10,m s^-1,0.8233049551420267,0.9724053736781162,365
oneforecast,oneforecast,sphere_ttc,2018,24,t2m,K,0.9283364067286479,0.9319160278003663,365
oneforecast,oneforecast,sphere_ttc,2018,24,mslp,Pa,80.07620719805085,0.9931851070273414,365
oneforecast,oneforecast,sphere_ttc,2018,72,z50,m^2 s^-2,246.4890799935745,0.9725804832953318,365
oneforecast,oneforecast,sphere_ttc,2018,72,z100,m^2 s^-2,155.83372569573098,0.9850377451822254,365
oneforecast,oneforecast,sphere_ttc,2018,72,z200,m^2 s^-2,179.15164373010546,0.985146229084919,365
oneforecast,oneforecast,sphere_ttc,2018,72,z300,m^2 s^-2,203.75147861153545,0.9820733120276354,365
oneforecast,oneforecast,sphere_ttc,2018,72,z500,m^2 s^-2,152.86085678600057,0.9813664351723496,365
oneforecast,oneforecast,sphere_ttc,2018,72,z700,m^2 s^-2,122.52823977333574,0.9794873151479024,365
oneforecast,oneforecast,sphere_ttc,2018,72,z850,m^2 s^-2,118.09636158967463,0.9759050224034381,365
oneforecast,oneforecast,sphere_ttc,2018,72,z925,m^2 s^-2,121.30639841820407,0.9740517552609473,365
oneforecast,oneforecast,sphere_ttc,2018,72,z1000,m^2 s^-2,127.4401095635825,0.9722425948710008,365
oneforecast,oneforecast,sphere_ttc,2018,72,q50,kg kg^-1,4.2234738372865845e-08,0.942146175276604,365
oneforecast,oneforecast,sphere_ttc,2018,72,q100,kg kg^-1,2.151759920558542e-07,0.8251733098650811,365
oneforecast,oneforecast,sphere_ttc,2018,72,q200,kg kg^-1,8.82002378835078e-06,0.7698811644667671,365
oneforecast,oneforecast,sphere_ttc,2018,72,q300,kg kg^-1,7.621417123051758e-05,0.791765403380479,365
oneforecast,oneforecast,sphere_ttc,2018,72,q500,kg kg^-1,0.00044327859417267864,0.8278200656127374,365
oneforecast,oneforecast,sphere_ttc,2018,72,q700,kg kg^-1,0.0008407811258601439,0.830402754115192,365
oneforecast,oneforecast,sphere_ttc,2018,72,q850,kg kg^-1,0.001031418968113357,0.7979846690967094,365
oneforecast,oneforecast,sphere_ttc,2018,72,q925,kg kg^-1,0.0007664150798925544,0.8347037943437711,365
oneforecast,oneforecast,sphere_ttc,2018,72,q1000,kg kg^-1,0.0006422224775997957,0.8931490525854231,365
oneforecast,oneforecast,sphere_ttc,2018,72,t50,K,1.2641156668491673,0.9108717260785772,365
oneforecast,oneforecast,sphere_ttc,2018,72,t100,K,0.9417298862535772,0.9519620525837751,365
oneforecast,oneforecast,sphere_ttc,2018,72,t200,K,0.9830356267439846,0.9580630422305233,365
oneforecast,oneforecast,sphere_ttc,2018,72,t300,K,0.8002746691656846,0.9437533072396389,365
oneforecast,oneforecast,sphere_ttc,2018,72,t500,K,0.8484484149547674,0.9595714474435608,365
oneforecast,oneforecast,sphere_ttc,2018,72,t700,K,0.8776999135031419,0.9580551581067109,365
oneforecast,oneforecast,sphere_ttc,2018,72,t850,K,1.057700938663628,0.946947518317077,365
oneforecast,oneforecast,sphere_ttc,2018,72,t925,K,1.0596752601839705,0.9375488391681038,365
oneforecast,oneforecast,sphere_ttc,2018,72,t1000,K,1.051960609680721,0.9203214296366161,365
oneforecast,oneforecast,sphere_ttc,2018,72,u50,m s^-1,2.129778786177149,0.9647171438133118,365
oneforecast,oneforecast,sphere_ttc,2018,72,u100,m s^-1,2.220680600390109,0.9499704753157325,365
oneforecast,oneforecast,sphere_ttc,2018,72,u200,m s^-1,3.3790952571908885,0.9559899584464087,365
oneforecast,oneforecast,sphere_ttc,2018,72,u300,m s^-1,3.701909611792469,0.9487769075008906,365
oneforecast,oneforecast,sphere_ttc,2018,72,u500,m s^-1,2.6607022025772715,0.9441300413151983,365
oneforecast,oneforecast,sphere_ttc,2018,72,u700,m s^-1,2.1553164534999145,0.9368264328802601,365
oneforecast,oneforecast,sphere_ttc,2018,72,u850,m s^-1,2.041320737650785,0.9256243016478742,365
oneforecast,oneforecast,sphere_ttc,2018,72,u925,m s^-1,1.9861602249798396,0.9247134305772412,365
oneforecast,oneforecast,sphere_ttc,2018,72,u1000,m s^-1,1.5606444112109914,0.9242752831699025,365
oneforecast,oneforecast,sphere_ttc,2018,72,v50,m s^-1,1.6210522556361646,0.943275759715938,365
oneforecast,oneforecast,sphere_ttc,2018,72,v100,m s^-1,1.9804458270936942,0.9490240360665729,365
oneforecast,oneforecast,sphere_ttc,2018,72,v200,m s^-1,3.332481759152784,0.951910052090252,365
oneforecast,oneforecast,sphere_ttc,2018,72,v300,m s^-1,3.5971411731099407,0.9473313556001319,365
oneforecast,oneforecast,sphere_ttc,2018,72,v500,m s^-1,2.538820919205338,0.941388490332913,365
oneforecast,oneforecast,sphere_ttc,2018,72,v700,m s^-1,2.0345973651359643,0.9312084837232991,365
oneforecast,oneforecast,sphere_ttc,2018,72,v850,m s^-1,1.919323855756093,0.920694258166628,365
oneforecast,oneforecast,sphere_ttc,2018,72,v925,m s^-1,1.9142247893031057,0.9237923200139924,365
oneforecast,oneforecast,sphere_ttc,2018,72,v1000,m s^-1,1.5515722603613202,0.9237389738599493,365
oneforecast,oneforecast,sphere_ttc,2018,72,u10,m s^-1,1.4161597344429375,0.920727585203642,365
oneforecast,oneforecast,sphere_ttc,2018,72,v10,m s^-1,1.399259906472002,0.9195274684039776,365
oneforecast,oneforecast,sphere_ttc,2018,72,t2m,K,1.216712540787544,0.8829117992587081,365
oneforecast,oneforecast,sphere_ttc,2018,72,mslp,Pa,161.840548146627,0.9720769064481414,365
oneforecast,oneforecast,sphere_ttc,2018,120,z50,m^2 s^-2,374.1988974379134,0.9371171276110715,365
oneforecast,oneforecast,sphere_ttc,2018,120,z100,m^2 s^-2,287.9804901064218,0.9484224834890725,365
oneforecast,oneforecast,sphere_ttc,2018,120,z200,m^2 s^-2,373.2649754654816,0.9346280604501197,365
oneforecast,oneforecast,sphere_ttc,2018,120,z300,m^2 s^-2,427.62784923349943,0.9200670198190645,365
oneforecast,oneforecast,sphere_ttc,2018,120,z500,m^2 s^-2,319.77018373953894,0.9180195242618729,365
oneforecast,oneforecast,sphere_ttc,2018,120,z700,m^2 s^-2,250.46116433812566,0.9140067825126389,365
oneforecast,oneforecast,sphere_ttc,2018,120,z850,m^2 s^-2,235.94554009706394,0.9033864179625426,365
oneforecast,oneforecast,sphere_ttc,2018,120,z925,m^2 s^-2,240.2042176374195,0.8976098246783337,365
oneforecast,oneforecast,sphere_ttc,2018,120,z1000,m^2 s^-2,249.38987857732934,0.8928069210900441,365
oneforecast,oneforecast,sphere_ttc,2018,120,q50,kg kg^-1,5.639219298145392e-08,0.8969747081704363,365
oneforecast,oneforecast,sphere_ttc,2018,120,q100,kg kg^-1,2.670534173908391e-07,0.7290789663869792,365
oneforecast,oneforecast,sphere_ttc,2018,120,q200,kg kg^-1,1.0658605485071718e-05,0.6520764342213202,365
oneforecast,oneforecast,sphere_ttc,2018,120,q300,kg kg^-1,9.521541906827416e-05,0.664194832826104,365
oneforecast,oneforecast,sphere_ttc,2018,120,q500,kg kg^-1,0.000579494368753986,0.6987896129086066,365
oneforecast,oneforecast,sphere_ttc,2018,120,q700,kg kg^-1,0.0011129855910504737,0.6957520395118334,365
oneforecast,oneforecast,sphere_ttc,2018,120,q850,kg kg^-1,0.0013168069851996038,0.6637603161898834,365
oneforecast,oneforecast,sphere_ttc,2018,120,q925,kg kg^-1,0.0009881174998791077,0.7214842593917636,365
oneforecast,oneforecast,sphere_ttc,2018,120,q1000,kg kg^-1,0.0008749579596270652,0.799119474182009,365
oneforecast,oneforecast,sphere_ttc,2018,120,t50,K,1.5857992909890264,0.8608217686437023,365
oneforecast,oneforecast,sphere_ttc,2018,120,t100,K,1.3474981201048821,0.9022528057338308,365
oneforecast,oneforecast,sphere_ttc,2018,120,t200,K,1.7289224877938054,0.8676710934328307,365
oneforecast,oneforecast,sphere_ttc,2018,120,t300,K,1.2898055960948218,0.8510497279292266,365
oneforecast,oneforecast,sphere_ttc,2018,120,t500,K,1.4923829085949178,0.87239373038361,365
oneforecast,oneforecast,sphere_ttc,2018,120,t700,K,1.5035291829994013,0.8739262915726674,365
oneforecast,oneforecast,sphere_ttc,2018,120,t850,K,1.694809802248516,0.8611320885816763,365
oneforecast,oneforecast,sphere_ttc,2018,120,t925,K,1.6578601242793294,0.8443907249371468,365
oneforecast,oneforecast,sphere_ttc,2018,120,t1000,K,1.533409205480446,0.8278680323217834,365
oneforecast,oneforecast,sphere_ttc,2018,120,u50,m s^-1,2.788349518548024,0.9391824480660457,365
oneforecast,oneforecast,sphere_ttc,2018,120,u100,m s^-1,3.166514144044329,0.8984295159076837,365
oneforecast,oneforecast,sphere_ttc,2018,120,u200,m s^-1,5.460932229828753,0.8848668798801905,365
oneforecast,oneforecast,sphere_ttc,2018,120,u300,m s^-1,6.25815676250619,0.8525184424613305,365
oneforecast,oneforecast,sphere_ttc,2018,120,u500,m s^-1,4.400947259632126,0.8459402158899106,365
oneforecast,oneforecast,sphere_ttc,2018,120,u700,m s^-1,3.4755535791574586,0.8341012215300042,365
oneforecast,oneforecast,sphere_ttc,2018,120,u850,m s^-1,3.2724991954854894,0.8058341640536175,365
oneforecast,oneforecast,sphere_ttc,2018,120,u925,m s^-1,3.2475058603387237,0.7948765862708397,365
oneforecast,oneforecast,sphere_ttc,2018,120,u1000,m s^-1,2.529066056346104,0.7975349186293489,365
oneforecast,oneforecast,sphere_ttc,2018,120,v50,m s^-1,2.1968497127801467,0.8951968895508803,365
oneforecast,oneforecast,sphere_ttc,2018,120,v100,m s^-1,2.894908855082055,0.890514877700484,365
oneforecast,oneforecast,sphere_ttc,2018,120,v200,m s^-1,5.47420993906848,0.8683887448534473,365
oneforecast,oneforecast,sphere_ttc,2018,120,v300,m s^-1,6.186738395347932,0.8410250109541341,365
oneforecast,oneforecast,sphere_ttc,2018,120,v500,m s^-1,4.251127950056104,0.8322813337773883,365
oneforecast,oneforecast,sphere_ttc,2018,120,v700,m s^-1,3.2978164128207896,0.815410770646754,365
oneforecast,oneforecast,sphere_ttc,2018,120,v850,m s^-1,3.0760809836964293,0.7911252929932714,365
oneforecast,oneforecast,sphere_ttc,2018,120,v925,m s^-1,3.1294747452243876,0.7912112882343589,365
oneforecast,oneforecast,sphere_ttc,2018,120,v1000,m s^-1,2.5100941073961325,0.7958672173906998,365
oneforecast,oneforecast,sphere_ttc,2018,120,u10,m s^-1,2.2795611319993414,0.7905050270750158,365
oneforecast,oneforecast,sphere_ttc,2018,120,v10,m s^-1,2.2470276734940775,0.7872797745566416,365
oneforecast,oneforecast,sphere_ttc,2018,120,t2m,K,1.6119804796934798,0.7919995689655065,365
oneforecast,oneforecast,sphere_ttc,2018,120,mslp,Pa,316.6552100580929,0.8922217447533513,365
oneforecast,oneforecast,sphere_ttc,2018,168,z50,m^2 s^-2,521.9923572520364,0.8776357351940672,365
oneforecast,oneforecast,sphere_ttc,2018,168,z100,m^2 s^-2,462.3221792322998,0.8635561912538919,365
oneforecast,oneforecast,sphere_ttc,2018,168,z200,m^2 s^-2,621.832959307258,0.811965976384512,365
oneforecast,oneforecast,sphere_ttc,2018,168,z300,m^2 s^-2,694.1812113836081,0.7800162048474755,365
oneforecast,oneforecast,sphere_ttc,2018,168,z500,m^2 s^-2,516.8963339545471,0.7767919871484579,365
oneforecast,oneforecast,sphere_ttc,2018,168,z700,m^2 s^-2,401.9992161668992,0.7699230734040287,365
oneforecast,oneforecast,sphere_ttc,2018,168,z850,m^2 s^-2,369.686516169559,0.7501086995979329,365
oneforecast,oneforecast,sphere_ttc,2018,168,z925,m^2 s^-2,372.0696183641909,0.7390021286003539,365
oneforecast,oneforecast,sphere_ttc,2018,168,z1000,m^2 s^-2,382.95011620649564,0.7304922929784698,365
oneforecast,oneforecast,sphere_ttc,2018,168,q50,kg kg^-1,7.083891180991192e-08,0.8383146099986591,365
oneforecast,oneforecast,sphere_ttc,2018,168,q100,kg kg^-1,3.1484418141816863e-07,0.6226336164499743,365
oneforecast,oneforecast,sphere_ttc,2018,168,q200,kg kg^-1,1.2317941989045453e-05,0.5127739609060984,365
oneforecast,oneforecast,sphere_ttc,2018,168,q300,kg kg^-1,0.0001115673148804002,0.5152148043149392,365
oneforecast,oneforecast,sphere_ttc,2018,168,q500,kg kg^-1,0.0006993150826579203,0.5426041813316886,365
oneforecast,oneforecast,sphere_ttc,2018,168,q700,kg kg^-1,0.0013494661433881407,0.5345170632060934,365
oneforecast,oneforecast,sphere_ttc,2018,168,q850,kg kg^-1,0.00156864722956307,0.5058926169758233,365
oneforecast,oneforecast,sphere_ttc,2018,168,q925,kg kg^-1,0.0012156844922838195,0.5658380331588341,365
oneforecast,oneforecast,sphere_ttc,2018,168,q1000,kg kg^-1,0.0011401270555211778,0.6474555257859997,365
oneforecast,oneforecast,sphere_ttc,2018,168,t50,K,1.8957903325325833,0.8030522784701349,365
oneforecast,oneforecast,sphere_ttc,2018,168,t100,K,1.8459279901749865,0.8150400776427399,365
oneforecast,oneforecast,sphere_ttc,2018,168,t200,K,2.492683275690646,0.7089531246070274,365
oneforecast,oneforecast,sphere_ttc,2018,168,t300,K,1.7892434188150859,0.6991088159107246,365
oneforecast,oneforecast,sphere_ttc,2018,168,t500,K,2.188373811735981,0.7090008614158718,365
oneforecast,oneforecast,sphere_ttc,2018,168,t700,K,2.209260066407563,0.7125784027739935,365
oneforecast,oneforecast,sphere_ttc,2018,168,t850,K,2.4295201254216403,0.7002359278500208,365
oneforecast,oneforecast,sphere_ttc,2018,168,t925,K,2.3306772446030215,0.6782139234863542,365
oneforecast,oneforecast,sphere_ttc,2018,168,t1000,K,2.0924892246177857,0.6673915646637202,365
oneforecast,oneforecast,sphere_ttc,2018,168,u50,m s^-1,3.5210434437350897,0.902141941629034,365
oneforecast,oneforecast,sphere_ttc,2018,168,u100,m s^-1,4.405142240774284,0.8020094342298989,365
oneforecast,oneforecast,sphere_ttc,2018,168,u200,m s^-1,7.880052413341702,0.7514872419095603,365
oneforecast,oneforecast,sphere_ttc,2018,168,u300,m s^-1,8.84260899647622,0.6885441910613194,365
oneforecast,oneforecast,sphere_ttc,2018,168,u500,m s^-1,6.174905293485059,0.6785985288996174,365
oneforecast,oneforecast,sphere_ttc,2018,168,u700,m s^-1,4.814475699661744,0.6618782037367539,365
oneforecast,oneforecast,sphere_ttc,2018,168,u850,m s^-1,4.464899087789099,0.6130731115344372,365
oneforecast,oneforecast,sphere_ttc,2018,168,u925,m s^-1,4.438551191338965,0.5876931885896891,365
oneforecast,oneforecast,sphere_ttc,2018,168,u1000,m s^-1,3.4571055604606187,0.5930590720499643,365
oneforecast,oneforecast,sphere_ttc,2018,168,v50,m s^-1,2.9765808887233933,0.8052947410558823,365
oneforecast,oneforecast,sphere_ttc,2018,168,v100,m s^-1,4.141657121462502,0.7672921697611478,365
oneforecast,oneforecast,sphere_ttc,2018,168,v200,m s^-1,7.946526975960805,0.703532629246558,365
oneforecast,oneforecast,sphere_ttc,2018,168,v300,m s^-1,8.850746816834532,0.6493373033487814,365
oneforecast,oneforecast,sphere_ttc,2018,168,v500,m s^-1,6.0098234434685045,0.6376387732049061,365
oneforecast,oneforecast,sphere_ttc,2018,168,v700,m s^-1,4.564497983424523,0.6170735520288407,365
oneforecast,oneforecast,sphere_ttc,2018,168,v850,m s^-1,4.183816194251748,0.5810233440454702,365
oneforecast,oneforecast,sphere_ttc,2018,168,v925,m s^-1,4.2812324461774,0.5765324293410135,365
oneforecast,oneforecast,sphere_ttc,2018,168,v1000,m s^-1,3.4481703100717596,0.5838255322585565,365
oneforecast,oneforecast,sphere_ttc,2018,168,u10,m s^-1,3.091585700799145,0.5852743829683605,365
oneforecast,oneforecast,sphere_ttc,2018,168,v10,m s^-1,3.0586752290704076,0.5738574478609816,365
oneforecast,oneforecast,sphere_ttc,2018,168,t2m,K,2.0879983457484577,0.6414103997456352,365
oneforecast,oneforecast,sphere_ttc,2018,168,mslp,Pa,486.0464637005974,0.7289014396922905,365
oneforecast,oneforecast,sphere_ttc,2018,240,z50,m^2 s^-2,768.8259890330654,0.7284635761994099,365
oneforecast,oneforecast,sphere_ttc,2018,240,z100,m^2 s^-2,708.2819412527715,0.6539834956259535,365
oneforecast,oneforecast,sphere_ttc,2018,240,z200,m^2 s^-2,916.0200141193004,0.5419686841830739,365
oneforecast,oneforecast,sphere_ttc,2018,240,z300,m^2 s^-2,986.3948286372596,0.495309104040734,365
oneforecast,oneforecast,sphere_ttc,2018,240,z500,m^2 s^-2,727.7936957183658,0.49208101445947583,365
oneforecast,oneforecast,sphere_ttc,2018,240,z700,m^2 s^-2,559.8791608019917,0.4822183693853307,365
oneforecast,oneforecast,sphere_ttc,2018,240,z850,m^2 s^-2,507.5175348715104,0.4546757129091481,365
oneforecast,oneforecast,sphere_ttc,2018,240,z925,m^2 s^-2,507.56069395486605,0.4387726710958979,365
oneforecast,oneforecast,sphere_ttc,2018,240,z1000,m^2 s^-2,520.5910788748781,0.42630516352056946,365
oneforecast,oneforecast,sphere_ttc,2018,240,q50,kg kg^-1,9.445297168128132e-08,0.7183450060908371,365
oneforecast,oneforecast,sphere_ttc,2018,240,q100,kg kg^-1,3.75536428207393e-07,0.46543280877704923,365
oneforecast,oneforecast,sphere_ttc,2018,240,q200,kg kg^-1,1.4065739724629588e-05,0.3222812442041624,365
oneforecast,oneforecast,sphere_ttc,2018,240,q300,kg kg^-1,0.00012904354626510787,0.3074203443419722,365
oneforecast,oneforecast,sphere_ttc,2018,240,q500,kg kg^-1,0.0008211432986893555,0.3297614639614991,365
oneforecast,oneforecast,sphere_ttc,2018,240,q700,kg kg^-1,0.0015885083940143743,0.31557056358172053,365
oneforecast,oneforecast,sphere_ttc,2018,240,q850,kg kg^-1,0.001826116722415014,0.29821490921220845,365
oneforecast,oneforecast,sphere_ttc,2018,240,q925,kg kg^-1,0.001470852392467355,0.33626592054179544,365
oneforecast,oneforecast,sphere_ttc,2018,240,q1000,kg kg^-1,0.0014756138700070423,0.38152397452224746,365
oneforecast,oneforecast,sphere_ttc,2018,240,t50,K,2.4107484365710885,0.6874705959928815,365
oneforecast,oneforecast,sphere_ttc,2018,240,t100,K,2.5285743010925734,0.6300657963333507,365
oneforecast,oneforecast,sphere_ttc,2018,240,t200,K,3.2510736346190283,0.45323957041898616,365
oneforecast,oneforecast,sphere_ttc,2018,240,t300,K,2.330373175896998,0.43748100007783114,365
oneforecast,oneforecast,sphere_ttc,2018,240,t500,K,2.9120485914407093,0.4245986411232421,365
oneforecast,oneforecast,sphere_ttc,2018,240,t700,K,2.9862768637123995,0.42118652801950424,365
oneforecast,oneforecast,sphere_ttc,2018,240,t850,K,3.22101663565212,0.4155499621326924,365
oneforecast,oneforecast,sphere_ttc,2018,240,t925,K,3.053108287663968,0.39959741802245713,365
oneforecast,oneforecast,sphere_ttc,2018,240,t1000,K,2.7216850284421805,0.40600135952657845,365
oneforecast,oneforecast,sphere_ttc,2018,240,u50,m s^-1,4.695412377733824,0.8220718550107823,365
oneforecast,oneforecast,sphere_ttc,2018,240,u100,m s^-1,6.054962967213218,0.5898508741785029,365
oneforecast,oneforecast,sphere_ttc,2018,240,u200,m s^-1,10.658211440809078,0.48997317332295864,365
oneforecast,oneforecast,sphere_ttc,2018,240,u300,m s^-1,11.504264247240872,0.4124010289140046,365
oneforecast,oneforecast,sphere_ttc,2018,240,u500,m s^-1,7.950289360637663,0.403334034208249,365
oneforecast,oneforecast,sphere_ttc,2018,240,u700,m s^-1,6.113287050647714,0.3901186960721698,365
oneforecast,oneforecast,sphere_ttc,2018,240,u850,m s^-1,5.557487936495222,0.33475770928496795,365
oneforecast,oneforecast,sphere_ttc,2018,240,u925,m s^-1,5.491297468964572,0.303755786276638,365
oneforecast,oneforecast,sphere_ttc,2018,240,u1000,m s^-1,4.298549851020549,0.3052126276508975,365
oneforecast,oneforecast,sphere_ttc,2018,240,v50,m s^-1,4.144666598270655,0.5836069257100213,365
oneforecast,oneforecast,sphere_ttc,2018,240,v100,m s^-1,5.6934329835048585,0.491399240023238,365
oneforecast,oneforecast,sphere_ttc,2018,240,v200,m s^-1,10.654837921740755,0.3846561943862597,365
oneforecast,oneforecast,sphere_ttc,2018,240,v300,m s^-1,11.47536695937979,0.3334812703419122,365
oneforecast,oneforecast,sphere_ttc,2018,240,v500,m s^-1,7.687473227142776,0.3310530482991849,365
oneforecast,oneforecast,sphere_ttc,2018,240,v700,m s^-1,5.7491939313665466,0.3174116560567775,365
oneforecast,oneforecast,sphere_ttc,2018,240,v850,m s^-1,5.1880257495751145,0.28640595533791186,365
oneforecast,oneforecast,sphere_ttc,2018,240,v925,m s^-1,5.320385762309285,0.2780014365129174,365
oneforecast,oneforecast,sphere_ttc,2018,240,v1000,m s^-1,4.308048539868074,0.282714807598929,365
oneforecast,oneforecast,sphere_ttc,2018,240,u10,m s^-1,3.8204881391280785,0.3021443882548596,365
oneforecast,oneforecast,sphere_ttc,2018,240,v10,m s^-1,3.7925349224000886,0.2776541773454226,365
oneforecast,oneforecast,sphere_ttc,2018,240,t2m,K,2.661576262320599,0.3978292718879621,365
oneforecast,oneforecast,sphere_ttc,2018,240,mslp,Pa,660.8744113563608,0.4228760678636881,365
oneforecast,oneforecast,sphere_ttc,2019,24,z50,m^2 s^-2,117.43928929133128,0.9955438210069029,365
oneforecast,oneforecast,sphere_ttc,2019,24,z100,m^2 s^-2,75.69760547633044,0.9971365430705277,365
oneforecast,oneforecast,sphere_ttc,2019,24,z200,m^2 s^-2,82.69455991615185,0.9970074970104205,365
oneforecast,oneforecast,sphere_ttc,2019,24,z300,m^2 s^-2,90.688210522197,0.9965096864401851,365
oneforecast,oneforecast,sphere_ttc,2019,24,z500,m^2 s^-2,67.77208561899299,0.9963669676683715,365
oneforecast,oneforecast,sphere_ttc,2019,24,z700,m^2 s^-2,55.89648232229881,0.9957659916994933,365
oneforecast,oneforecast,sphere_ttc,2019,24,z850,m^2 s^-2,55.33888231193839,0.9947271905764239,365
oneforecast,oneforecast,sphere_ttc,2019,24,z925,m^2 s^-2,57.922740604131775,0.9940937755833128,365
oneforecast,oneforecast,sphere_ttc,2019,24,z1000,m^2 s^-2,62.48415829840269,0.9933488097222197,365
oneforecast,oneforecast,sphere_ttc,2019,24,q50,kg kg^-1,3.3076062254249795e-08,0.968597600764183,365
oneforecast,oneforecast,sphere_ttc,2019,24,q100,kg kg^-1,1.4639805933871036e-07,0.9268133028520156,365
oneforecast,oneforecast,sphere_ttc,2019,24,q200,kg kg^-1,6.543046283400714e-06,0.8932081538998103,365
oneforecast,oneforecast,sphere_ttc,2019,24,q300,kg kg^-1,5.209901813503128e-05,0.9115783396698237,365
oneforecast,oneforecast,sphere_ttc,2019,24,q500,kg kg^-1,0.00028812089793767306,0.9303950236822063,365
oneforecast,oneforecast,sphere_ttc,2019,24,q700,kg kg^-1,0.0005395493781835561,0.9323319344671136,365
oneforecast,oneforecast,sphere_ttc,2019,24,q850,kg kg^-1,0.0007022181346722319,0.9120992708823411,365
oneforecast,oneforecast,sphere_ttc,2019,24,q925,kg kg^-1,0.0005478711421127405,0.9221009866032406,365
oneforecast,oneforecast,sphere_ttc,2019,24,q1000,kg kg^-1,0.00045277815403605565,0.9490539273197903,365
oneforecast,oneforecast,sphere_ttc,2019,24,t50,K,0.8111706929261907,0.9768141668372429,365
oneforecast,oneforecast,sphere_ttc,2019,24,t100,K,0.6021242468308651,0.9839611117296291,365
oneforecast,oneforecast,sphere_ttc,2019,24,t200,K,0.5120371598490483,0.9898470732284422,365
oneforecast,oneforecast,sphere_ttc,2019,24,t300,K,0.42438386346354934,0.985490882440976,365
oneforecast,oneforecast,sphere_ttc,2019,24,t500,K,0.44719903104105585,0.9887023199101631,365
oneforecast,oneforecast,sphere_ttc,2019,24,t700,K,0.4909767157828412,0.986807324732662,365
oneforecast,oneforecast,sphere_ttc,2019,24,t850,K,0.6504755677035341,0.9801905277099798,365
oneforecast,oneforecast,sphere_ttc,2019,24,t925,K,0.6654247467975297,0.9755998687739788,365
oneforecast,oneforecast,sphere_ttc,2019,24,t1000,K,0.7135926253017185,0.9634651233041744,365
oneforecast,oneforecast,sphere_ttc,2019,24,u50,m s^-1,1.4875397155753898,0.9798576800418934,365
oneforecast,oneforecast,sphere_ttc,2019,24,u100,m s^-1,1.4585152138738489,0.9799399708209698,365
oneforecast,oneforecast,sphere_ttc,2019,24,u200,m s^-1,1.8485338663732154,0.9863989648626753,365
oneforecast,oneforecast,sphere_ttc,2019,24,u300,m s^-1,1.88144571113289,0.9862798217639773,365
oneforecast,oneforecast,sphere_ttc,2019,24,u500,m s^-1,1.4230252799823697,0.9833790444861518,365
oneforecast,oneforecast,sphere_ttc,2019,24,u700,m s^-1,1.217282141732212,0.9793296544603595,365
oneforecast,oneforecast,sphere_ttc,2019,24,u850,m s^-1,1.1669602111748976,0.9752146032357459,365
oneforecast,oneforecast,sphere_ttc,2019,24,u925,m s^-1,1.106001670527376,0.9761784845923657,365
oneforecast,oneforecast,sphere_ttc,2019,24,u1000,m s^-1,0.8952086848959148,0.9747278384336442,365
oneforecast,oneforecast,sphere_ttc,2019,24,v50,m s^-1,1.1827237169183882,0.966548123960716,365
oneforecast,oneforecast,sphere_ttc,2019,24,v100,m s^-1,1.3782899109673628,0.9757895492007045,365
oneforecast,oneforecast,sphere_ttc,2019,24,v200,m s^-1,1.8899057371669812,0.985200844576121,365
oneforecast,oneforecast,sphere_ttc,2019,24,v300,m s^-1,1.9157994633117215,0.9855525551963649,365
oneforecast,oneforecast,sphere_ttc,2019,24,v500,m s^-1,1.4148997909114147,0.9825430027714334,365
oneforecast,oneforecast,sphere_ttc,2019,24,v700,m s^-1,1.1785847748464084,0.9780630522117455,365
oneforecast,oneforecast,sphere_ttc,2019,24,v850,m s^-1,1.1359546422091706,0.9734186103040027,365
oneforecast,oneforecast,sphere_ttc,2019,24,v925,m s^-1,1.1094741228684495,0.9753550523221274,365
oneforecast,oneforecast,sphere_ttc,2019,24,v1000,m s^-1,0.9176947469106307,0.9741572135584796,365
oneforecast,oneforecast,sphere_ttc,2019,24,u10,m s^-1,0.8132626581920079,0.9737170245781593,365
oneforecast,oneforecast,sphere_ttc,2019,24,v10,m s^-1,0.8270286520088697,0.9727440992668042,365
oneforecast,oneforecast,sphere_ttc,2019,24,t2m,K,0.9279695340277555,0.9314147278528362,365
oneforecast,oneforecast,sphere_ttc,2019,24,mslp,Pa,79.44839226940383,0.9932777430240655,365
oneforecast,oneforecast,sphere_ttc,2019,72,z50,m^2 s^-2,237.37066615235912,0.9818597650379889,365
oneforecast,oneforecast,sphere_ttc,2019,72,z100,m^2 s^-2,154.3686242253486,0.9880018980514234,365
oneforecast,oneforecast,sphere_ttc,2019,72,z200,m^2 s^-2,175.95867376968366,0.9863459767535163,365
oneforecast,oneforecast,sphere_ttc,2019,72,z300,m^2 s^-2,201.2465577377269,0.9826797767634845,365
oneforecast,oneforecast,sphere_ttc,2019,72,z500,m^2 s^-2,151.652078095095,0.9816733999288356,365
oneforecast,oneforecast,sphere_ttc,2019,72,z700,m^2 s^-2,122.29389001869797,0.9795879565384233,365
oneforecast,oneforecast,sphere_ttc,2019,72,z850,m^2 s^-2,118.11627887371966,0.9758509603985205,365
oneforecast,oneforecast,sphere_ttc,2019,72,z925,m^2 s^-2,121.2586932101999,0.9739927429162919,365
oneforecast,oneforecast,sphere_ttc,2019,72,z1000,m^2 s^-2,127.27623737729041,0.9722620229981486,365
oneforecast,oneforecast,sphere_ttc,2019,72,q50,kg kg^-1,5.5972355974032664e-08,0.9102880776289826,365
oneforecast,oneforecast,sphere_ttc,2019,72,q100,kg kg^-1,2.2586361845289267e-07,0.825870698119972,365
oneforecast,oneforecast,sphere_ttc,2019,72,q200,kg kg^-1,9.44550438738995e-06,0.7689155932802811,365
oneforecast,oneforecast,sphere_ttc,2019,72,q300,kg kg^-1,7.94201978679472e-05,0.7900887653708718,365
oneforecast,oneforecast,sphere_ttc,2019,72,q500,kg kg^-1,0.00045295103444035155,0.8257792191318399,365
oneforecast,oneforecast,sphere_ttc,2019,72,q700,kg kg^-1,0.000850980543483351,0.8300931831993436,365
oneforecast,oneforecast,sphere_ttc,2019,72,q850,kg kg^-1,0.001048132528906074,0.8010894567480155,365
oneforecast,oneforecast,sphere_ttc,2019,72,q925,kg kg^-1,0.0007888387737850855,0.8368564282313836,365
oneforecast,oneforecast,sphere_ttc,2019,72,q1000,kg kg^-1,0.000649705828234426,0.8943280232659218,365
oneforecast,oneforecast,sphere_ttc,2019,72,t50,K,1.2646532447640044,0.9427488947834352,365
oneforecast,oneforecast,sphere_ttc,2019,72,t100,K,0.946134568050172,0.9603614928229377,365
oneforecast,oneforecast,sphere_ttc,2019,72,t200,K,0.9900335667690098,0.9617177637960497,365
oneforecast,oneforecast,sphere_ttc,2019,72,t300,K,0.8050058982248097,0.9471558025572753,365
oneforecast,oneforecast,sphere_ttc,2019,72,t500,K,0.8450831823978552,0.9593686996668069,365
oneforecast,oneforecast,sphere_ttc,2019,72,t700,K,0.8710886640345749,0.9581109128671285,365
oneforecast,oneforecast,sphere_ttc,2019,72,t850,K,1.0591486787710824,0.94706577372375,365
oneforecast,oneforecast,sphere_ttc,2019,72,t925,K,1.0617562666523257,0.9374834927346368,365
oneforecast,oneforecast,sphere_ttc,2019,72,t1000,K,1.0502994822094418,0.9206371889131875,365
oneforecast,oneforecast,sphere_ttc,2019,72,u50,m s^-1,2.2813012039872,0.9519904019021633,365
oneforecast,oneforecast,sphere_ttc,2019,72,u100,m s^-1,2.2544788505126743,0.9517322807612911,365
oneforecast,oneforecast,sphere_ttc,2019,72,u200,m s^-1,3.3564408485071264,0.9550049699320806,365
oneforecast,oneforecast,sphere_ttc,2019,72,u300,m s^-1,3.6686640263224013,0.9477534288045795,365
oneforecast,oneforecast,sphere_ttc,2019,72,u500,m s^-1,2.6479852255764396,0.9419662959053908,365
oneforecast,oneforecast,sphere_ttc,2019,72,u700,m s^-1,2.1526682350644424,0.9347287266771135,365
oneforecast,oneforecast,sphere_ttc,2019,72,u850,m s^-1,2.0412529908697135,0.9234780990223512,365
oneforecast,oneforecast,sphere_ttc,2019,72,u925,m s^-1,1.9810371183012,0.9229722202657384,365
oneforecast,oneforecast,sphere_ttc,2019,72,u1000,m s^-1,1.5579577078411662,0.922869684637712,365
oneforecast,oneforecast,sphere_ttc,2019,72,v50,m s^-1,1.7013953377116806,0.9302022676383127,365
oneforecast,oneforecast,sphere_ttc,2019,72,v100,m s^-1,2.0276997845353715,0.9472597540787132,365
oneforecast,oneforecast,sphere_ttc,2019,72,v200,m s^-1,3.321301332590841,0.9540214988143935,365
oneforecast,oneforecast,sphere_ttc,2019,72,v300,m s^-1,3.5787073317678164,0.9492966560516594,365
oneforecast,oneforecast,sphere_ttc,2019,72,v500,m s^-1,2.535155283527177,0.9433975722549446,365
oneforecast,oneforecast,sphere_ttc,2019,72,v700,m s^-1,2.0309820761011235,0.9340695939939817,365
oneforecast,oneforecast,sphere_ttc,2019,72,v850,m s^-1,1.9294967840617252,0.9224140092334677,365
oneforecast,oneforecast,sphere_ttc,2019,72,v925,m s^-1,1.923442964072859,0.9251862783015435,365
oneforecast,oneforecast,sphere_ttc,2019,72,v1000,m s^-1,1.5535888395825346,0.9252455524426031,365
oneforecast,oneforecast,sphere_ttc,2019,72,u10,m s^-1,1.4154535597376459,0.9197630363316492,365
oneforecast,oneforecast,sphere_ttc,2019,72,v10,m s^-1,1.4022301482060622,0.9208623759792007,365
oneforecast,oneforecast,sphere_ttc,2019,72,t2m,K,1.2145760325597952,0.8829952751822352,365
oneforecast,oneforecast,sphere_ttc,2019,72,mslp,Pa,161.57791909941338,0.9720691413673465,365
oneforecast,oneforecast,sphere_ttc,2019,120,z50,m^2 s^-2,362.57532892624675,0.9575825176629525,365
oneforecast,oneforecast,sphere_ttc,2019,120,z100,m^2 s^-2,281.0211676195529,0.959562416280583,365
oneforecast,oneforecast,sphere_ttc,2019,120,z200,m^2 s^-2,367.5253305558288,0.939154414349507,365
oneforecast,oneforecast,sphere_ttc,2019,120,z300,m^2 s^-2,423.07338728839716,0.9219541350743068,365
oneforecast,oneforecast,sphere_ttc,2019,120,z500,m^2 s^-2,317.18518875262936,0.9187045577651634,365
oneforecast,oneforecast,sphere_ttc,2019,120,z700,m^2 s^-2,249.00036024852565,0.9147263311245628,365
oneforecast,oneforecast,sphere_ttc,2019,120,z850,m^2 s^-2,233.79869758651498,0.9047017727209565,365
oneforecast,oneforecast,sphere_ttc,2019,120,z925,m^2 s^-2,237.4801281453096,0.8994762662650013,365
oneforecast,oneforecast,sphere_ttc,2019,120,z1000,m^2 s^-2,246.27656319684863,0.8952844570221855,365
oneforecast,oneforecast,sphere_ttc,2019,120,q50,kg kg^-1,7.203689160217175e-08,0.8536407097962435,365
oneforecast,oneforecast,sphere_ttc,2019,120,q100,kg kg^-1,2.820819263752495e-07,0.7298315595767607,365
oneforecast,oneforecast,sphere_ttc,2019,120,q200,kg kg^-1,1.1323357711441473e-05,0.6530363711484628,365
oneforecast,oneforecast,sphere_ttc,2019,120,q300,kg kg^-1,9.921391119553129e-05,0.6598344172554251,365
oneforecast,oneforecast,sphere_ttc,2019,120,q500,kg kg^-1,0.0005916180263028429,0.6947530740061786,365
oneforecast,oneforecast,sphere_ttc,2019,120,q700,kg kg^-1,0.0011233172438105366,0.6969176597216609,365
oneforecast,oneforecast,sphere_ttc,2019,120,q850,kg kg^-1,0.0013359687095715926,0.6696608833740871,365
oneforecast,oneforecast,sphere_ttc,2019,120,q925,kg kg^-1,0.00101136690000099,0.7270785967497715,365
oneforecast,oneforecast,sphere_ttc,2019,120,q1000,kg kg^-1,0.0008792823818065051,0.8035990827762896,365
oneforecast,oneforecast,sphere_ttc,2019,120,t50,K,1.6060285238954122,0.9062027834938698,365
oneforecast,oneforecast,sphere_ttc,2019,120,t100,K,1.3668147137483524,0.9167412253838334,365
oneforecast,oneforecast,sphere_ttc,2019,120,t200,K,1.7317939817679857,0.8807513863203205,365
oneforecast,oneforecast,sphere_ttc,2019,120,t300,K,1.297224757364883,0.8588478336954826,365
oneforecast,oneforecast,sphere_ttc,2019,120,t500,K,1.4811783874427247,0.872172351304472,365
oneforecast,oneforecast,sphere_ttc,2019,120,t700,K,1.4906081252069863,0.8742492739959553,365
oneforecast,oneforecast,sphere_ttc,2019,120,t850,K,1.6855104317765186,0.8632630484254046,365
oneforecast,oneforecast,sphere_ttc,2019,120,t925,K,1.6479167931868268,0.8469879750154466,365
oneforecast,oneforecast,sphere_ttc,2019,120,t1000,K,1.528469190320261,0.8299241057830506,365
oneforecast,oneforecast,sphere_ttc,2019,120,u50,m s^-1,2.9203742883328667,0.9204951559684539,365
oneforecast,oneforecast,sphere_ttc,2019,120,u100,m s^-1,3.1849378866445597,0.9030508463822303,365
oneforecast,oneforecast,sphere_ttc,2019,120,u200,m s^-1,5.423037481497037,0.8817771199760234,365
oneforecast,oneforecast,sphere_ttc,2019,120,u300,m s^-1,6.222763742411169,0.8484319097837822,365
oneforecast,oneforecast,sphere_ttc,2019,120,u500,m s^-1,4.3863846765817875,0.8393665716673497,365
oneforecast,oneforecast,sphere_ttc,2019,120,u700,m s^-1,3.462579781396184,0.8296061556526765,365
oneforecast,oneforecast,sphere_ttc,2019,120,u850,m s^-1,3.253506009446862,0.8029801010427521,365
oneforecast,oneforecast,sphere_ttc,2019,120,u925,m s^-1,3.2120817745563914,0.7938707536685037,365
oneforecast,oneforecast,sphere_ttc,2019,120,u1000,m s^-1,2.492724580596103,0.7988688386479214,365
oneforecast,oneforecast,sphere_ttc,2019,120,v50,m s^-1,2.1970921408158883,0.8824788727251408,365
oneforecast,oneforecast,sphere_ttc,2019,120,v100,m s^-1,2.884020957154122,0.8921105233222064,365
oneforecast,oneforecast,sphere_ttc,2019,120,v200,m s^-1,5.398575014231939,0.8767635359694806,365
oneforecast,oneforecast,sphere_ttc,2019,120,v300,m s^-1,6.1287498954357345,0.8484805872921274,365
oneforecast,oneforecast,sphere_ttc,2019,120,v500,m s^-1,4.236224157073471,0.838807705272293,365
oneforecast,oneforecast,sphere_ttc,2019,120,v700,m s^-1,3.2849299487441566,0.8236928112008286,365
oneforecast,oneforecast,sphere_ttc,2019,120,v850,m s^-1,3.0714539724409073,0.798334624612944,365
oneforecast,oneforecast,sphere_ttc,2019,120,v925,m s^-1,3.1165566901050523,0.7987559989589037,365
oneforecast,oneforecast,sphere_ttc,2019,120,v1000,m s^-1,2.4878220514664258,0.8040564874244923,365
oneforecast,oneforecast,sphere_ttc,2019,120,u10,m s^-1,2.253448432586568,0.7925294646593006,365
oneforecast,oneforecast,sphere_ttc,2019,120,v10,m s^-1,2.2310614042928987,0.7949249530858767,365
oneforecast,oneforecast,sphere_ttc,2019,120,t2m,K,1.6087116942973563,0.7934954445915507,365
oneforecast,oneforecast,sphere_ttc,2019,120,mslp,Pa,312.7159119181191,0.8945238908618423,365
oneforecast,oneforecast,sphere_ttc,2019,168,z50,m^2 s^-2,512.8388444457299,0.9142038895109852,365
oneforecast,oneforecast,sphere_ttc,2019,168,z100,m^2 s^-2,460.4193390436711,0.8880234309080177,365
oneforecast,oneforecast,sphere_ttc,2019,168,z200,m^2 s^-2,620.6721928835185,0.8190917152717194,365
oneforecast,oneforecast,sphere_ttc,2019,168,z300,m^2 s^-2,691.0559237326798,0.7823022696994292,365
oneforecast,oneforecast,sphere_ttc,2019,168,z500,m^2 s^-2,513.9310848492385,0.777256045243639,365
oneforecast,oneforecast,sphere_ttc,2019,168,z700,m^2 s^-2,399.69554142467024,0.7705127059786138,365
oneforecast,oneforecast,sphere_ttc,2019,168,z850,m^2 s^-2,368.07913414645884,0.7512803562047415,365
oneforecast,oneforecast,sphere_ttc,2019,168,z925,m^2 s^-2,370.0158663237776,0.7411923003084636,365
oneforecast,oneforecast,sphere_ttc,2019,168,z1000,m^2 s^-2,380.2971261427008,0.7339649311041176,365
oneforecast,oneforecast,sphere_ttc,2019,168,q50,kg kg^-1,8.852569935198174e-08,0.7834951138094708,365
oneforecast,oneforecast,sphere_ttc,2019,168,q100,kg kg^-1,3.331477049668495e-07,0.6272563334744086,365
oneforecast,oneforecast,sphere_ttc,2019,168,q200,kg kg^-1,1.2876290551840188e-05,0.5286860238282878,365
oneforecast,oneforecast,sphere_ttc,2019,168,q300,kg kg^-1,0.00011505339182403215,0.5197426585955367,365
oneforecast,oneforecast,sphere_ttc,2019,168,q500,kg kg^-1,0.0007055065471313072,0.5478795230816526,365
oneforecast,oneforecast,sphere_ttc,2019,168,q700,kg kg^-1,0.0013609940652909611,0.5367698193342205,365
oneforecast,oneforecast,sphere_ttc,2019,168,q850,kg kg^-1,0.0015921416368516465,0.5135889173217217,365
oneforecast,oneforecast,sphere_ttc,2019,168,q925,kg kg^-1,0.0012363645818983624,0.5796699325576059,365
oneforecast,oneforecast,sphere_ttc,2019,168,q1000,kg kg^-1,0.001142560959398731,0.6578402680156812,365
oneforecast,oneforecast,sphere_ttc,2019,168,t50,K,1.9185939525360387,0.8646814324658216,365
oneforecast,oneforecast,sphere_ttc,2019,168,t100,K,1.8745586738106284,0.8409119160100479,365
oneforecast,oneforecast,sphere_ttc,2019,168,t200,K,2.495061578343886,0.7393857716049295,365
oneforecast,oneforecast,sphere_ttc,2019,168,t300,K,1.798771281237361,0.7138723503346587,365
oneforecast,oneforecast,sphere_ttc,2019,168,t500,K,2.1704252752573994,0.7090438246332519,365
oneforecast,oneforecast,sphere_ttc,2019,168,t700,K,2.189306406733104,0.7134559305502934,365
oneforecast,oneforecast,sphere_ttc,2019,168,t850,K,2.4127664711428625,0.7056435705796656,365
oneforecast,oneforecast,sphere_ttc,2019,168,t925,K,2.313457179202973,0.6848037427171186,365
oneforecast,oneforecast,sphere_ttc,2019,168,t1000,K,2.0772041327534208,0.6752397070113103,365
oneforecast,oneforecast,sphere_ttc,2019,168,u50,m s^-1,3.6449606754767903,0.8750192381251871,365
oneforecast,oneforecast,sphere_ttc,2019,168,u100,m s^-1,4.398255368237675,0.8125868231473031,365
oneforecast,oneforecast,sphere_ttc,2019,168,u200,m s^-1,7.747485104668586,0.7490359693309206,365
oneforecast,oneforecast,sphere_ttc,2019,168,u300,m s^-1,8.756013760268663,0.6836636739309321,365
oneforecast,oneforecast,sphere_ttc,2019,168,u500,m s^-1,6.114054888234001,0.6704296027167399,365
oneforecast,oneforecast,sphere_ttc,2019,168,u700,m s^-1,4.762036033350727,0.6588464705919865,365
oneforecast,oneforecast,sphere_ttc,2019,168,u850,m s^-1,4.400943627720977,0.6149997127904308,365
oneforecast,oneforecast,sphere_ttc,2019,168,u925,m s^-1,4.354629265067768,0.5939613746057626,365
oneforecast,oneforecast,sphere_ttc,2019,168,u1000,m s^-1,3.3899804922985344,0.6019448216858004,365
oneforecast,oneforecast,sphere_ttc,2019,168,v50,m s^-1,2.907507973579384,0.7898742779471445,365
oneforecast,oneforecast,sphere_ttc,2019,168,v100,m s^-1,4.112579216158214,0.7713766126244567,365
oneforecast,oneforecast,sphere_ttc,2019,168,v200,m s^-1,7.9123644032861185,0.7181479655400094,365
oneforecast,oneforecast,sphere_ttc,2019,168,v300,m s^-1,8.81499668926933,0.6630149469130464,365
oneforecast,oneforecast,sphere_ttc,2019,168,v500,m s^-1,6.01211008938002,0.6502250720614541,365
oneforecast,oneforecast,sphere_ttc,2019,168,v700,m s^-1,4.569503764148745,0.6322392600936723,365
oneforecast,oneforecast,sphere_ttc,2019,168,v850,m s^-1,4.189242143270896,0.5938999583583549,365
oneforecast,oneforecast,sphere_ttc,2019,168,v925,m s^-1,4.278502505240726,0.589358502486416,365
oneforecast,oneforecast,sphere_ttc,2019,168,v1000,m s^-1,3.43414950247378,0.59748734199351,365
oneforecast,oneforecast,sphere_ttc,2019,168,u10,m s^-1,3.0379318791319907,0.5961844764256684,365
oneforecast,oneforecast,sphere_ttc,2019,168,v10,m s^-1,3.047822612635627,0.5867954093937087,365
oneforecast,oneforecast,sphere_ttc,2019,168,t2m,K,2.079035887592188,0.6467924493037908,365
oneforecast,oneforecast,sphere_ttc,2019,168,mslp,Pa,482.7849764176836,0.7317983481876004,365
oneforecast,oneforecast,sphere_ttc,2019,240,z50,m^2 s^-2,725.1932412814825,0.8258882240772146,365
oneforecast,oneforecast,sphere_ttc,2019,240,z100,m^2 s^-2,696.326118751711,0.7258818059305281,365
oneforecast,oneforecast,sphere_ttc,2019,240,z200,m^2 s^-2,910.4219790656163,0.5677914036504488,365
oneforecast,oneforecast,sphere_ttc,2019,240,z300,m^2 s^-2,980.8599709103469,0.5060284161285786,365
oneforecast,oneforecast,sphere_ttc,2019,240,z500,m^2 s^-2,724.1229641792286,0.49983593900269263,365
oneforecast,oneforecast,sphere_ttc,2019,240,z700,m^2 s^-2,557.0591378756419,0.4912355665984925,365
oneforecast,oneforecast,sphere_ttc,2019,240,z850,m^2 s^-2,503.81733484679074,0.46311943298172903,365
oneforecast,oneforecast,sphere_ttc,2019,240,z925,m^2 s^-2,503.33829240484715,0.4472774940973067,365
oneforecast,oneforecast,sphere_ttc,2019,240,z1000,m^2 s^-2,515.5188826046218,0.43659066025244675,365
oneforecast,oneforecast,sphere_ttc,2019,240,q50,kg kg^-1,1.106751544290475e-07,0.6814307225054894,365
oneforecast,oneforecast,sphere_ttc,2019,240,q100,kg kg^-1,3.9911561557812494e-07,0.4799727804099406,365
oneforecast,oneforecast,sphere_ttc,2019,240,q200,kg kg^-1,1.4660164615273154e-05,0.35197473218760067,365
oneforecast,oneforecast,sphere_ttc,2019,240,q300,kg kg^-1,0.00013148731178855332,0.3337664896767173,365
oneforecast,oneforecast,sphere_ttc,2019,240,q500,kg kg^-1,0.0008230505253911165,0.34513511114969675,365
oneforecast,oneforecast,sphere_ttc,2019,240,q700,kg kg^-1,0.0015965354456058188,0.3238304967506928,365
oneforecast,oneforecast,sphere_ttc,2019,240,q850,kg kg^-1,0.001859074554656578,0.3048156404492636,365
oneforecast,oneforecast,sphere_ttc,2019,240,q925,kg kg^-1,0.0014898944875946587,0.3615291940548128,365
oneforecast,oneforecast,sphere_ttc,2019,240,q1000,kg kg^-1,0.0014760589626627754,0.3992523854409212,365
oneforecast,oneforecast,sphere_ttc,2019,240,t50,K,2.3426403000047595,0.7940899691882444,365
oneforecast,oneforecast,sphere_ttc,2019,240,t100,K,2.4887918076757787,0.6973161772902922,365
oneforecast,oneforecast,sphere_ttc,2019,240,t200,K,3.252084031715249,0.5162288014391602,365
oneforecast,oneforecast,sphere_ttc,2019,240,t300,K,2.344357823676099,0.4690233540733745,365
oneforecast,oneforecast,sphere_ttc,2019,240,t500,K,2.882307237029152,0.42583507735955517,365
oneforecast,oneforecast,sphere_ttc,2019,240,t700,K,2.948250918134043,0.42603753300812675,365
oneforecast,oneforecast,sphere_ttc,2019,240,t850,K,3.202329695363196,0.42731059734984683,365
oneforecast,oneforecast,sphere_ttc,2019,240,t925,K,3.0291788831517437,0.41263057421956395,365
oneforecast,oneforecast,sphere_ttc,2019,240,t1000,K,2.70584553795863,0.41816872890881374,365
oneforecast,oneforecast,sphere_ttc,2019,240,u50,m s^-1,4.661894084208427,0.7911795770669057,365
oneforecast,oneforecast,sphere_ttc,2019,240,u100,m s^-1,6.06386279479388,0.6179143230712697,365
oneforecast,oneforecast,sphere_ttc,2019,240,u200,m s^-1,10.486368108131376,0.49137915732565934,365
oneforecast,oneforecast,sphere_ttc,2019,240,u300,m s^-1,11.370469617601582,0.4084366243911776,365
oneforecast,oneforecast,sphere_ttc,2019,240,u500,m s^-1,7.85726449429457,0.3938175412449672,365
oneforecast,oneforecast,sphere_ttc,2019,240,u700,m s^-1,6.050972837670117,0.3853357236910727,365
oneforecast,oneforecast,sphere_ttc,2019,240,u850,m s^-1,5.48680664294968,0.33730885477807326,365
oneforecast,oneforecast,sphere_ttc,2019,240,u925,m s^-1,5.403781489147173,0.31178518906090374,365
oneforecast,oneforecast,sphere_ttc,2019,240,u1000,m s^-1,4.223912677116829,0.3188161714929465,365
oneforecast,oneforecast,sphere_ttc,2019,240,v50,m s^-1,3.8710377367637903,0.5927054854026946,365
oneforecast,oneforecast,sphere_ttc,2019,240,v100,m s^-1,5.679630314747048,0.49555087028042294,365
oneforecast,oneforecast,sphere_ttc,2019,240,v200,m s^-1,10.692904688779667,0.4046982192749246,365
oneforecast,oneforecast,sphere_ttc,2019,240,v300,m s^-1,11.520941962265688,0.3447185380621431,365
oneforecast,oneforecast,sphere_ttc,2019,240,v500,m s^-1,7.74854280373233,0.33864791455648846,365
oneforecast,oneforecast,sphere_ttc,2019,240,v700,m s^-1,5.791115732562973,0.3295361858555773,365
oneforecast,oneforecast,sphere_ttc,2019,240,v850,m s^-1,5.211905821640584,0.29664403610317797,365
oneforecast,oneforecast,sphere_ttc,2019,240,v925,m s^-1,5.3340193569085015,0.28861458490364345,365
oneforecast,oneforecast,sphere_ttc,2019,240,v1000,m s^-1,4.316244717680502,0.29134523719472905,365
oneforecast,oneforecast,sphere_ttc,2019,240,u10,m s^-1,3.7659485782389046,0.316332085817924,365
oneforecast,oneforecast,sphere_ttc,2019,240,v10,m s^-1,3.803624518799656,0.2843953036055853,365
oneforecast,oneforecast,sphere_ttc,2019,240,t2m,K,2.650148118366539,0.4074087965335382,365
oneforecast,oneforecast,sphere_ttc,2019,240,mslp,Pa,653.4375071326559,0.4339015406995283,365
fuxi,fuxi,raw,2018,24,z50,m^2 s^-2,124.24371288439198,0.99304371848457,365
fuxi,fuxi,raw,2018,24,z100,m^2 s^-2,83.7803908333584,0.9956764752326009,365
fuxi,fuxi,raw,2018,24,z200,m^2 s^-2,99.03823517967331,0.9954638508934364,365
fuxi,fuxi,raw,2018,24,z300,m^2 s^-2,107.15715566653272,0.9950520035543559,365
fuxi,fuxi,raw,2018,24,z500,m^2 s^-2,77.63480063242865,0.9952332899962676,365
fuxi,fuxi,raw,2018,24,z700,m^2 s^-2,61.67214995027749,0.9948464443948002,365
fuxi,fuxi,raw,2018,24,z850,m^2 s^-2,59.75725840130741,0.9938642909594956,365
fuxi,fuxi,raw,2018,24,z925,m^2 s^-2,62.72884431812347,0.993089582964147,365
fuxi,fuxi,raw,2018,24,z1000,m^2 s^-2,67.67367032186135,0.992206516289691,365
fuxi,fuxi,raw,2018,24,q50,kg kg^-1,5.282658233807231e-07,0.337208671463686,365
fuxi,fuxi,raw,2018,24,q100,kg kg^-1,5.487789593439256e-07,0.4940977295201471,365
fuxi,fuxi,raw,2018,24,q200,kg kg^-1,1.811311784261436e-05,0.7655717560074613,365
fuxi,fuxi,raw,2018,24,q300,kg kg^-1,8.159505419789786e-05,0.8816932165003822,365
fuxi,fuxi,raw,2018,24,q500,kg kg^-1,0.0002842138323730276,0.9316099994854218,365
fuxi,fuxi,raw,2018,24,q700,kg kg^-1,0.0005289853168818842,0.9340853108210201,365
fuxi,fuxi,raw,2018,24,q850,kg kg^-1,0.000727199108206666,0.9052154295565196,365
fuxi,fuxi,raw,2018,24,q925,kg kg^-1,0.0007468069281545682,0.8641580823648566,365
fuxi,fuxi,raw,2018,24,q1000,kg kg^-1,0.0010300914444672379,0.8089621767658163,365
fuxi,fuxi,raw,2018,24,t50,K,0.765575215462297,0.9672041810417854,365
fuxi,fuxi,raw,2018,24,t100,K,0.5646241379540328,0.982713767386818,365
fuxi,fuxi,raw,2018,24,t200,K,0.5586498879826518,0.9866088919998022,365
fuxi,fuxi,raw,2018,24,t300,K,0.4529796050836679,0.9820474905859462,365
fuxi,fuxi,raw,2018,24,t500,K,0.48068259472613256,0.9870788418096454,365
fuxi,fuxi,raw,2018,24,t700,K,0.5196164527576476,0.985563508600445,365
fuxi,fuxi,raw,2018,24,t850,K,0.6687595534506079,0.9794003222657739,365
fuxi,fuxi,raw,2018,24,t925,K,0.7015572632647906,0.9735476344876338,365
fuxi,fuxi,raw,2018,24,t1000,K,0.7166181766964529,0.964103074693214,365
fuxi,fuxi,raw,2018,24,u50,m s^-1,1.2133918783846007,0.9887677279617378,365
fuxi,fuxi,raw,2018,24,u100,m s^-1,1.3523915275215466,0.9814921549292515,365
fuxi,fuxi,raw,2018,24,u200,m s^-1,1.8588578228720474,0.9866207463501254,365
fuxi,fuxi,raw,2018,24,u300,m s^-1,1.9157562593817095,0.9862757792876842,365
fuxi,fuxi,raw,2018,24,u500,m s^-1,1.4126010341629278,0.9844054757329274,365
fuxi,fuxi,raw,2018,24,u700,m s^-1,1.1700857069180397,0.981602536305161,365
fuxi,fuxi,raw,2018,24,u850,m s^-1,1.0942315612546702,0.9788760291330503,365
fuxi,fuxi,raw,2018,24,u925,m s^-1,1.040728034691469,0.9795408286141865,365
fuxi,fuxi,raw,2018,24,u1000,m s^-1,0.8172869405965393,0.9795014624968114,365
fuxi,fuxi,raw,2018,24,v50,m s^-1,1.0176134597989983,0.9778508072919362,365
fuxi,fuxi,raw,2018,24,v100,m s^-1,1.266259938731746,0.9793028421057851,365
fuxi,fuxi,raw,2018,24,v200,m s^-1,1.976515281378029,0.983129671804102,365
fuxi,fuxi,raw,2018,24,v300,m s^-1,2.078617496735332,0.9825379289374725,365
fuxi,fuxi,raw,2018,24,v500,m s^-1,1.4849136728288315,0.9802733494033685,365
fuxi,fuxi,raw,2018,24,v700,m s^-1,1.1881893515494992,0.9769473255314922,365
fuxi,fuxi,raw,2018,24,v850,m s^-1,1.1127858991316442,0.973830664965488,365
fuxi,fuxi,raw,2018,24,v925,m s^-1,1.0968807757309342,0.9753938107607243,365
fuxi,fuxi,raw,2018,24,v1000,m s^-1,0.8775778909416455,0.9760555701372134,365
fuxi,fuxi,raw,2018,24,u10,m s^-1,0.7367972084909798,0.9787781859368895,365
fuxi,fuxi,raw,2018,24,v10,m s^-1,0.7818782371722238,0.9752972027356486,365
fuxi,fuxi,raw,2018,24,t2m,K,0.8242786318602068,0.9467860066339014,365
fuxi,fuxi,raw,2018,24,mslp,Pa,87.72710071287152,0.9918134382948782,365
fuxi,fuxi,raw,2018,72,z50,m^2 s^-2,260.2252241446685,0.9693546026871932,365
fuxi,fuxi,raw,2018,72,z100,m^2 s^-2,159.0645966722029,0.9844223883795419,365
fuxi,fuxi,raw,2018,72,z200,m^2 s^-2,184.67418367205545,0.9841716268309022,365
fuxi,fuxi,raw,2018,72,z300,m^2 s^-2,207.94208970584305,0.9812678478658056,365
fuxi,fuxi,raw,2018,72,z500,m^2 s^-2,152.8935287368366,0.9813076687859849,365
fuxi,fuxi,raw,2018,72,z700,m^2 s^-2,118.86847894999445,0.980610846494529,365
fuxi,fuxi,raw,2018,72,z850,m^2 s^-2,113.31871059286821,0.9776769684939463,365
fuxi,fuxi,raw,2018,72,z925,m^2 s^-2,116.93865898503506,0.9757226802955826,365
fuxi,fuxi,raw,2018,72,z1000,m^2 s^-2,123.47932355660778,0.973768626721128,365
fuxi,fuxi,raw,2018,72,q50,kg kg^-1,8.437478090268379e-07,0.3380825533056762,365
fuxi,fuxi,raw,2018,72,q100,kg kg^-1,8.54109446344426e-07,0.3342496880371596,365
fuxi,fuxi,raw,2018,72,q200,kg kg^-1,2.2233364919533314e-05,0.662165246531336,365
fuxi,fuxi,raw,2018,72,q300,kg kg^-1,0.00011284843798545567,0.7732606057858799,365
fuxi,fuxi,raw,2018,72,q500,kg kg^-1,0.0004159419769743854,0.8533631837373602,365
fuxi,fuxi,raw,2018,72,q700,kg kg^-1,0.0007982613453766109,0.8470847606411208,365
fuxi,fuxi,raw,2018,72,q850,kg kg^-1,0.0010071498399268793,0.8139626163674442,365
fuxi,fuxi,raw,2018,72,q925,kg kg^-1,0.0009352473897299495,0.7884410486976413,365
fuxi,fuxi,raw,2018,72,q1000,kg kg^-1,0.0012589667884432623,0.7335750685403014,365
fuxi,fuxi,raw,2018,72,t50,K,1.2542385591656893,0.9115003693775445,365
fuxi,fuxi,raw,2018,72,t100,K,0.9080850701745685,0.9548870481768076,365
fuxi,fuxi,raw,2018,72,t200,K,0.9782377756268026,0.9583818643618615,365
fuxi,fuxi,raw,2018,72,t300,K,0.7728736499102862,0.9472875286941109,365
fuxi,fuxi,raw,2018,72,t500,K,0.8355021740354485,0.9607509705626891,365
fuxi,fuxi,raw,2018,72,t700,K,0.8656397849242214,0.9595222813683728,365
fuxi,fuxi,raw,2018,72,t850,K,1.0381167333731096,0.9498753972872105,365
fuxi,fuxi,raw,2018,72,t925,K,1.04485017854068,0.9405010169169952,365
fuxi,fuxi,raw,2018,72,t1000,K,1.0089382995731835,0.9282501409696633,365
fuxi,fuxi,raw,2018,72,u50,m s^-1,2.0276008389182456,0.9682788925343037,365
fuxi,fuxi,raw,2018,72,u100,m s^-1,2.06275256658386,0.9567042664321891,365
fuxi,fuxi,raw,2018,72,u200,m s^-1,3.1090328458691268,0.9622897891361006,365
fuxi,fuxi,raw,2018,72,u300,m s^-1,3.5190567630991443,0.953287685844134,365
fuxi,fuxi,raw,2018,72,u500,m s^-1,2.522494951149868,0.9495823405980349,365
fuxi,fuxi,raw,2018,72,u700,m s^-1,2.0217203051882646,0.9441268069782605,365
fuxi,fuxi,raw,2018,72,u850,m s^-1,1.8955152070209895,0.9354490102312676,365
fuxi,fuxi,raw,2018,72,u925,m s^-1,1.8485543916432172,0.934348663714481,365
fuxi,fuxi,raw,2018,72,u1000,m s^-1,1.4374954041798904,0.9355176594146294,365
fuxi,fuxi,raw,2018,72,v50,m s^-1,1.5741893496245076,0.9461372503370475,365
fuxi,fuxi,raw,2018,72,v100,m s^-1,1.8661401625378546,0.9545633986810277,365
fuxi,fuxi,raw,2018,72,v200,m s^-1,3.1723648540456226,0.9559939998644414,365
fuxi,fuxi,raw,2018,72,v300,m s^-1,3.535253255626588,0.948787919669534,365
fuxi,fuxi,raw,2018,72,v500,m s^-1,2.471367687688688,0.9442678533492203,365
fuxi,fuxi,raw,2018,72,v700,m s^-1,1.9456009235407112,0.936761147384859,365
fuxi,fuxi,raw,2018,72,v850,m s^-1,1.8128618928697067,0.9288868774433978,365
fuxi,fuxi,raw,2018,72,v925,m s^-1,1.8136369479154892,0.9313120527171634,365
fuxi,fuxi,raw,2018,72,v1000,m s^-1,1.4520202075745212,0.9332045876355639,365
fuxi,fuxi,raw,2018,72,u10,m s^-1,1.2983011046969979,0.9330142835030159,365
fuxi,fuxi,raw,2018,72,v10,m s^-1,1.2999019554175504,0.9304632991171768,365
fuxi,fuxi,raw,2018,72,t2m,K,1.0708695002792283,0.909815003181834,365
fuxi,fuxi,raw,2018,72,mslp,Pa,159.6459517313753,0.9726242485390513,365
fuxi,fuxi,raw,2018,120,z50,m^2 s^-2,382.7705153870924,0.9331085015194249,365
fuxi,fuxi,raw,2018,120,z100,m^2 s^-2,275.7802350140428,0.952862556497411,365
fuxi,fuxi,raw,2018,120,z200,m^2 s^-2,349.84512712183147,0.9422903271626926,365
fuxi,fuxi,raw,2018,120,z300,m^2 s^-2,398.5806555209114,0.9298507270104813,365
fuxi,fuxi,raw,2018,120,z500,m^2 s^-2,294.83985046985356,0.9290242921481023,365
fuxi,fuxi,raw,2018,120,z700,m^2 s^-2,229.46510072041485,0.9260496577517748,365
fuxi,fuxi,raw,2018,120,z850,m^2 s^-2,216.07185890984704,0.9166973957496343,365
fuxi,fuxi,raw,2018,120,z925,m^2 s^-2,220.2048051288635,0.9115568421587842,365
fuxi,fuxi,raw,2018,120,z1000,m^2 s^-2,228.97016416255354,0.9072901106499136,365
fuxi,fuxi,raw,2018,120,q50,kg kg^-1,1.0914337593135964e-06,0.35780652604481716,365
fuxi,fuxi,raw,2018,120,q100,kg kg^-1,1.0720486902006832e-06,0.287947060267455,365
fuxi,fuxi,raw,2018,120,q200,kg kg^-1,2.3095047280989465e-05,0.587143828821617,365
fuxi,fuxi,raw,2018,120,q300,kg kg^-1,0.00012109880513243803,0.6864395051590102,365
fuxi,fuxi,raw,2018,120,q500,kg kg^-1,0.0005167431633380177,0.7632979838306005,365
fuxi,fuxi,raw,2018,120,q700,kg kg^-1,0.0010059115568759325,0.7462712814617425,365
fuxi,fuxi,raw,2018,120,q850,kg kg^-1,0.0012217151920265712,0.7088266825145906,365
fuxi,fuxi,raw,2018,120,q925,kg kg^-1,0.001086357923845331,0.6987406460583622,365
fuxi,fuxi,raw,2018,120,q1000,kg kg^-1,0.0013929997981219236,0.6577873864213264,365
fuxi,fuxi,raw,2018,120,t50,K,1.5717688965138312,0.8596057218521255,365
fuxi,fuxi,raw,2018,120,t100,K,1.275740906966543,0.9095002883112137,365
fuxi,fuxi,raw,2018,120,t200,K,1.6197075973708102,0.8828284746559619,365
fuxi,fuxi,raw,2018,120,t300,K,1.1785824198018888,0.8741482930035671,365
fuxi,fuxi,raw,2018,120,t500,K,1.3851623609529904,0.8889767879473915,365
fuxi,fuxi,raw,2018,120,t700,K,1.403735237506957,0.8901017599321844,365
fuxi,fuxi,raw,2018,120,t850,K,1.5735613323090154,0.8801976341632662,365
fuxi,fuxi,raw,2018,120,t925,K,1.5363542272995983,0.8655995764748675,365
fuxi,fuxi,raw,2018,120,t1000,K,1.4132427525920597,0.8539723773308102,365
fuxi,fuxi,raw,2018,120,u50,m s^-1,2.681824735626265,0.9438690608612351,365
fuxi,fuxi,raw,2018,120,u100,m s^-1,2.9042723348849604,0.9129641626982227,365
fuxi,fuxi,raw,2018,120,u200,m s^-1,4.8546282987855225,0.9058767273468561,365
fuxi,fuxi,raw,2018,120,u300,m s^-1,5.652946724450035,0.8753136368919375,365
fuxi,fuxi,raw,2018,120,u500,m s^-1,3.977453616920654,0.8701414117818888,365
fuxi,fuxi,raw,2018,120,u700,m s^-1,3.12469418678029,0.8614904717807138,365
fuxi,fuxi,raw,2018,120,u850,m s^-1,2.9346019942396953,0.838318962354106,365
fuxi,fuxi,raw,2018,120,u925,m s^-1,2.913177904701485,0.8286630190724749,365
fuxi,fuxi,raw,2018,120,u1000,m s^-1,2.2597309670616945,0.8326494640956541,365
fuxi,fuxi,raw,2018,120,v50,m s^-1,2.1117048959370064,0.9010076789543716,365
fuxi,fuxi,raw,2018,120,v100,m s^-1,2.6859733160801986,0.9038247399839119,365
fuxi,fuxi,raw,2018,120,v200,m s^-1,4.9996349663933985,0.887335806752961,365
fuxi,fuxi,raw,2018,120,v300,m s^-1,5.708213128735672,0.8611652557600189,365
fuxi,fuxi,raw,2018,120,v500,m s^-1,3.915680693074661,0.8539561533083786,365
fuxi,fuxi,raw,2018,120,v700,m s^-1,3.0114401598784992,0.8418006666935911,365
fuxi,fuxi,raw,2018,120,v850,m s^-1,2.7964840003850786,0.822622324264167,365
fuxi,fuxi,raw,2018,120,v925,m s^-1,2.8397670487580386,0.8231840379198817,365
fuxi,fuxi,raw,2018,120,v1000,m s^-1,2.265023014205811,0.8298251652517823,365
fuxi,fuxi,raw,2018,120,u10,m s^-1,2.0277102023292706,0.8274295337029128,365
fuxi,fuxi,raw,2018,120,v10,m s^-1,2.0187212693769703,0.8225104202849516,365
fuxi,fuxi,raw,2018,120,t2m,K,1.414687437686039,0.8359753652883168,365
fuxi,fuxi,raw,2018,120,mslp,Pa,292.2251854863544,0.905612315217848,365
fuxi,fuxi,raw,2018,168,z50,m^2 s^-2,506.99925972123145,0.8813097577684146,365
fuxi,fuxi,raw,2018,168,z100,m^2 s^-2,425.52741141805507,0.8853377912122121,365
fuxi,fuxi,raw,2018,168,z200,m^2 s^-2,555.2437013930404,0.8482002228871913,365
fuxi,fuxi,raw,2018,168,z300,m^2 s^-2,615.255235035033,0.8237935640946449,365
fuxi,fuxi,raw,2018,168,z500,m^2 s^-2,454.7524781867077,0.821675578819111,365
fuxi,fuxi,raw,2018,168,z700,m^2 s^-2,351.8384356078455,0.815983294839424,365
fuxi,fuxi,raw,2018,168,z850,m^2 s^-2,324.5916085640096,0.80004971681923,365
fuxi,fuxi,raw,2018,168,z925,m^2 s^-2,327.29035915407815,0.7916939668859028,365
fuxi,fuxi,raw,2018,168,z1000,m^2 s^-2,337.88431733462403,0.7844083018403948,365
fuxi,fuxi,raw,2018,168,q50,kg kg^-1,1.3566317407988493e-06,0.3708054560342176,365
fuxi,fuxi,raw,2018,168,q100,kg kg^-1,1.3309183853513172e-06,0.25723960966930237,365
fuxi,fuxi,raw,2018,168,q200,kg kg^-1,2.391543760911809e-05,0.4999383646503016,365
fuxi,fuxi,raw,2018,168,q300,kg kg^-1,0.00012431589416735467,0.5974108437226048,365
fuxi,fuxi,raw,2018,168,q500,kg kg^-1,0.0005910214675985327,0.6656108960655281,365
fuxi,fuxi,raw,2018,168,q700,kg kg^-1,0.0011543753184148021,0.6424662666880774,365
fuxi,fuxi,raw,2018,168,q850,kg kg^-1,0.0013957669201825767,0.5936169029696603,365
fuxi,fuxi,raw,2018,168,q925,kg kg^-1,0.0012303410591062124,0.5820184535914641,365
fuxi,fuxi,raw,2018,168,q1000,kg kg^-1,0.0015306443110526665,0.547820592619337,365
fuxi,fuxi,raw,2018,168,t50,K,1.8269334317372397,0.8093807756128859,365
fuxi,fuxi,raw,2018,168,t100,K,1.6885001993916662,0.8376007990035103,365
fuxi,fuxi,raw,2018,168,t200,K,2.2363428563415884,0.7643636605053138,365
fuxi,fuxi,raw,2018,168,t300,K,1.5523803717558118,0.7686859161515966,365
fuxi,fuxi,raw,2018,168,t500,K,1.927516145297131,0.769492935301869,365
fuxi,fuxi,raw,2018,168,t700,K,1.9539095772728492,0.7721529887908752,365
fuxi,fuxi,raw,2018,168,t850,K,2.137988053117014,0.7626811301847771,365
fuxi,fuxi,raw,2018,168,t925,K,2.0421186244796092,0.7436163542075062,365
fuxi,fuxi,raw,2018,168,t1000,K,1.8166199879539924,0.7379264959784324,365
fuxi,fuxi,raw,2018,168,u50,m s^-1,3.3048926666524037,0.9136608096216475,365
fuxi,fuxi,raw,2018,168,u100,m s^-1,3.908836692717225,0.8366392301057715,365
fuxi,fuxi,raw,2018,168,u200,m s^-1,6.738409145708391,0.8084306121240573,365
fuxi,fuxi,raw,2018,168,u300,m s^-1,7.530698686615322,0.7628165090893473,365
fuxi,fuxi,raw,2018,168,u500,m s^-1,5.266152420942649,0.7558680678673723,365
fuxi,fuxi,raw,2018,168,u700,m s^-1,4.094021666680573,0.7445713604285805,365
fuxi,fuxi,raw,2018,168,u850,m s^-1,3.7810579962682955,0.7089132487183512,365
fuxi,fuxi,raw,2018,168,u925,m s^-1,3.7514615458462197,0.6902534768630902,365
fuxi,fuxi,raw,2018,168,u1000,m s^-1,2.9285044517558285,0.6945747016656356,365
fuxi,fuxi,raw,2018,168,v50,m s^-1,2.7600773062840913,0.824550603432612,365
fuxi,fuxi,raw,2018,168,v100,m s^-1,3.7423268915279833,0.803242098214775,365
fuxi,fuxi,raw,2018,168,v200,m s^-1,7.036541315191946,0.7601404422974499,365
fuxi,fuxi,raw,2018,168,v300,m s^-1,7.755295298121531,0.7205988326465677,365
fuxi,fuxi,raw,2018,168,v500,m s^-1,5.26515442473791,0.7120660635975994,365
fuxi,fuxi,raw,2018,168,v700,m s^-1,3.978441788936935,0.6982769881336314,365
fuxi,fuxi,raw,2018,168,v850,m s^-1,3.618907485384537,0.6730345135972549,365
fuxi,fuxi,raw,2018,168,v925,m s^-1,3.68809035699031,0.6712156841776481,365
fuxi,fuxi,raw,2018,168,v1000,m s^-1,2.972612661615808,0.6789967963089933,365
fuxi,fuxi,raw,2018,168,u10,m s^-1,2.602184365105426,0.6909831827003593,365
fuxi,fuxi,raw,2018,168,v10,m s^-1,2.6125616874545208,0.6739036434708195,365
fuxi,fuxi,raw,2018,168,t2m,K,1.7469681477740227,0.7272623188125812,365
fuxi,fuxi,raw,2018,168,mslp,Pa,428.17206660590944,0.7834329185741021,365
fuxi,fuxi,raw,2018,240,z50,m^2 s^-2,714.379777366305,0.7568055996607684,365
fuxi,fuxi,raw,2018,240,z100,m^2 s^-2,637.3579670880537,0.7265467295669661,365
fuxi,fuxi,raw,2018,240,z200,m^2 s^-2,806.4549217119483,0.6459588292236779,365
fuxi,fuxi,raw,2018,240,z300,m^2 s^-2,862.8854104644868,0.6143165650538535,365
fuxi,fuxi,raw,2018,240,z500,m^2 s^-2,634.574915425808,0.6128671794939187,365
fuxi,fuxi,raw,2018,240,z700,m^2 s^-2,487.32902070581537,0.6046786063225804,365
fuxi,fuxi,raw,2018,240,z850,m^2 s^-2,441.7313223815413,0.5830564998909628,365
fuxi,fuxi,raw,2018,240,z925,m^2 s^-2,442.2618214442569,0.5705598073773914,365
fuxi,fuxi,raw,2018,240,z1000,m^2 s^-2,454.1668755366911,0.5594273236625249,365
fuxi,fuxi,raw,2018,240,q50,kg kg^-1,1.7074422979009694e-06,0.36578289949073983,365
fuxi,fuxi,raw,2018,240,q100,kg kg^-1,1.6585618338666788e-06,0.23005204344248423,365
fuxi,fuxi,raw,2018,240,q200,kg kg^-1,2.501495232698955e-05,0.3774225224614823,365
fuxi,fuxi,raw,2018,240,q300,kg kg^-1,0.00013351035774831994,0.4482604429683577,365
fuxi,fuxi,raw,2018,240,q500,kg kg^-1,0.0006865767367571378,0.5077802615409204,365
fuxi,fuxi,raw,2018,240,q700,kg kg^-1,0.0013406065614183442,0.47275052990727284,365
fuxi,fuxi,raw,2018,240,q850,kg kg^-1,0.0015919909428180315,0.42337722928253263,365
fuxi,fuxi,raw,2018,240,q925,kg kg^-1,0.0014151099335532513,0.4029598121643569,365
fuxi,fuxi,raw,2018,240,q1000,kg kg^-1,0.0017264519129303157,0.37249643026491264,365
fuxi,fuxi,raw,2018,240,t50,K,2.2369051265922817,0.707108854924079,365
fuxi,fuxi,raw,2018,240,t100,K,2.2723023640894495,0.6892061714785569,365
fuxi,fuxi,raw,2018,240,t200,K,2.8751932827820013,0.5700985711968513,365
fuxi,fuxi,raw,2018,240,t300,K,2.0166669427675807,0.5668374530185293,365
fuxi,fuxi,raw,2018,240,t500,K,2.5328325171960784,0.5549621206782027,365
fuxi,fuxi,raw,2018,240,t700,K,2.571871033026718,0.55915689453052,365
fuxi,fuxi,raw,2018,240,t850,K,2.799299748642559,0.5460251794123172,365
fuxi,fuxi,raw,2018,240,t925,K,2.6298766594570746,0.5255732281148331,365
fuxi,fuxi,raw,2018,240,t1000,K,2.312809051177215,0.5307394863766096,365
fuxi,fuxi,raw,2018,240,u50,m s^-1,4.354737200269329,0.846132123977147,365
fuxi,fuxi,raw,2018,240,u100,m s^-1,5.331450715227539,0.6736213014363546,365
fuxi,fuxi,raw,2018,240,u200,m s^-1,9.088462458530639,0.6148814914818826,365
fuxi,fuxi,raw,2018,240,u300,m s^-1,9.710195425563624,0.5594049702571365,365
fuxi,fuxi,raw,2018,240,u500,m s^-1,6.739528946380017,0.5524646859242016,365
fuxi,fuxi,raw,2018,240,u700,m s^-1,5.176288032100137,0.5434855562421697,365
fuxi,fuxi,raw,2018,240,u850,m s^-1,4.6621366616291375,0.5009933412813111,365
fuxi,fuxi,raw,2018,240,u925,m s^-1,4.5828691802543995,0.47443157738148295,365
fuxi,fuxi,raw,2018,240,u1000,m s^-1,3.5913165263392473,0.4773001446227872,365
fuxi,fuxi,raw,2018,240,v50,m s^-1,3.6722666968168642,0.6629629524913832,365
fuxi,fuxi,raw,2018,240,v100,m s^-1,5.076459461928413,0.5966380129067398,365
fuxi,fuxi,raw,2018,240,v200,m s^-1,9.342728377204555,0.515295043129319,365
fuxi,fuxi,raw,2018,240,v300,m s^-1,9.886416425543407,0.47619950375702436,365
fuxi,fuxi,raw,2018,240,v500,m s^-1,6.619908262656853,0.47719899007400446,365
fuxi,fuxi,raw,2018,240,v700,m s^-1,4.936334493923185,0.4686358754447375,365
fuxi,fuxi,raw,2018,240,v850,m s^-1,4.408325676523205,0.4427442100428825,365
fuxi,fuxi,raw,2018,240,v925,m s^-1,4.4921108860119165,0.4365732661176666,365
fuxi,fuxi,raw,2018,240,v1000,m s^-1,3.6382393983938925,0.4433770053968788,365
fuxi,fuxi,raw,2018,240,u10,m s^-1,3.169664877411327,0.4784973376389061,365
fuxi,fuxi,raw,2018,240,v10,m s^-1,3.181052199626117,0.4414704444402188,365
fuxi,fuxi,raw,2018,240,t2m,K,2.18363564409227,0.5317845892592892,365
fuxi,fuxi,raw,2018,240,mslp,Pa,573.5182472449724,0.5598681308852469,365
fuxi,fuxi,raw,2019,24,z50,m^2 s^-2,114.43426499957584,0.9957693976582522,365
fuxi,fuxi,raw,2019,24,z100,m^2 s^-2,82.30864560575887,0.996614636472343,365
fuxi,fuxi,raw,2019,24,z200,m^2 s^-2,98.46544303331284,0.9957578004591162,365
fuxi,fuxi,raw,2019,24,z300,m^2 s^-2,106.23769018638677,0.995199849492859,365
fuxi,fuxi,raw,2019,24,z500,m^2 s^-2,77.30097768726681,0.9952924308612424,365
fuxi,fuxi,raw,2019,24,z700,m^2 s^-2,61.31808892338874,0.9949402648863382,365
fuxi,fuxi,raw,2019,24,z850,m^2 s^-2,59.18862234334071,0.9939927329724367,365
fuxi,fuxi,raw,2019,24,z925,m^2 s^-2,62.04086947945094,0.9932365433427381,365
fuxi,fuxi,raw,2019,24,z1000,m^2 s^-2,66.930402692502,0.9923793084289068,365
fuxi,fuxi,raw,2019,24,q50,kg kg^-1,5.336862511507927e-07,0.1298855143101206,365
fuxi,fuxi,raw,2019,24,q100,kg kg^-1,5.529821123381842e-07,0.5422024062498529,365
fuxi,fuxi,raw,2019,24,q200,kg kg^-1,1.8785116347924232e-05,0.8017167988937043,365
fuxi,fuxi,raw,2019,24,q300,kg kg^-1,8.304019235848091e-05,0.8872805901318449,365
fuxi,fuxi,raw,2019,24,q500,kg kg^-1,0.00028975503282631734,0.9311512237149493,365
fuxi,fuxi,raw,2019,24,q700,kg kg^-1,0.0005365584468384617,0.933617156860808,365
fuxi,fuxi,raw,2019,24,q850,kg kg^-1,0.0007429502670800449,0.9061561079054803,365
fuxi,fuxi,raw,2019,24,q925,kg kg^-1,0.0007596468122987523,0.8690020895177688,365
fuxi,fuxi,raw,2019,24,q1000,kg kg^-1,0.0010404957329860237,0.8107061316902057,365
fuxi,fuxi,raw,2019,24,t50,K,0.7286409350626027,0.981314609131552,365
fuxi,fuxi,raw,2019,24,t100,K,0.5584170707698747,0.9862442640529903,365
fuxi,fuxi,raw,2019,24,t200,K,0.5565622280647412,0.9880435782533195,365
fuxi,fuxi,raw,2019,24,t300,K,0.4549307587323154,0.9832798326301279,365
fuxi,fuxi,raw,2019,24,t500,K,0.4793532825147389,0.98698793805778,365
fuxi,fuxi,raw,2019,24,t700,K,0.5187951823706636,0.9853929600477516,365
fuxi,fuxi,raw,2019,24,t850,K,0.6686244685617969,0.9795626648965942,365
fuxi,fuxi,raw,2019,24,t925,K,0.6994739751834196,0.9738504872156604,365
fuxi,fuxi,raw,2019,24,t1000,K,0.7071586790844945,0.9651839666166202,365
fuxi,fuxi,raw,2019,24,u50,m s^-1,1.32689432359561,0.9840137646812219,365
fuxi,fuxi,raw,2019,24,u100,m s^-1,1.3643594602789133,0.9824506076403118,365
fuxi,fuxi,raw,2019,24,u200,m s^-1,1.85053124643868,0.9863532402276386,365
fuxi,fuxi,raw,2019,24,u300,m s^-1,1.9001972964120346,0.9860071588834411,365
fuxi,fuxi,raw,2019,24,u500,m s^-1,1.4057331979632508,0.9838345989990496,365
fuxi,fuxi,raw,2019,24,u700,m s^-1,1.16664275031637,0.9810990051939921,365
fuxi,fuxi,raw,2019,24,u850,m s^-1,1.0921180307532512,0.9783877691624078,365
fuxi,fuxi,raw,2019,24,u925,m s^-1,1.0365131970681962,0.9791706281948235,365
fuxi,fuxi,raw,2019,24,u1000,m s^-1,0.8169044172372852,0.9791057075784437,365
fuxi,fuxi,raw,2019,24,v50,m s^-1,1.038430675366397,0.9743664834151188,365
fuxi,fuxi,raw,2019,24,v100,m s^-1,1.3002964549256102,0.9784948485246471,365
fuxi,fuxi,raw,2019,24,v200,m s^-1,1.9741107422377868,0.9838210314804248,365
fuxi,fuxi,raw,2019,24,v300,m s^-1,2.0685701531795226,0.983173687637639,365
fuxi,fuxi,raw,2019,24,v500,m s^-1,1.4856806106100806,0.9808984044406793,365
fuxi,fuxi,raw,2019,24,v700,m s^-1,1.1895800951543207,0.9778130193557844,365
fuxi,fuxi,raw,2019,24,v850,m s^-1,1.1133563223978564,0.9746545520615013,365
fuxi,fuxi,raw,2019,24,v925,m s^-1,1.0979927002963528,0.9760413474622635,365
fuxi,fuxi,raw,2019,24,v1000,m s^-1,0.8794701255614985,0.9765029598772272,365
fuxi,fuxi,raw,2019,24,u10,m s^-1,0.7367844235595242,0.9785243453441096,365
fuxi,fuxi,raw,2019,24,v10,m s^-1,0.7828789775680153,0.9757496551920539,365
fuxi,fuxi,raw,2019,24,t2m,K,0.8163888394230185,0.9479206509277981,365
fuxi,fuxi,raw,2019,24,mslp,Pa,86.5941592029702,0.9920150079709391,365
fuxi,fuxi,raw,2019,72,z50,m^2 s^-2,227.6809984867376,0.9830945862325076,365
fuxi,fuxi,raw,2019,72,z100,m^2 s^-2,149.9975206344749,0.9886756327031315,365
fuxi,fuxi,raw,2019,72,z200,m^2 s^-2,182.47596711481296,0.9853082978252123,365
fuxi,fuxi,raw,2019,72,z300,m^2 s^-2,206.0392696030996,0.9818004741161525,365
fuxi,fuxi,raw,2019,72,z500,m^2 s^-2,152.29709181884232,0.9814826528010159,365
fuxi,fuxi,raw,2019,72,z700,m^2 s^-2,118.44512427117046,0.9807948699553554,365
fuxi,fuxi,raw,2019,72,z850,m^2 s^-2,112.85535631650707,0.9778130514082204,365
fuxi,fuxi,raw,2019,72,z925,m^2 s^-2,116.31130451510352,0.9758905413794099,365
fuxi,fuxi,raw,2019,72,z1000,m^2 s^-2,122.80513686360965,0.9739879737034526,365
fuxi,fuxi,raw,2019,72,q50,kg kg^-1,8.634900085887245e-07,0.036578038215283555,365
fuxi,fuxi,raw,2019,72,q100,kg kg^-1,8.604573890907121e-07,0.4092951631272199,365
fuxi,fuxi,raw,2019,72,q200,kg kg^-1,2.3261320765127624e-05,0.7063537100723507,365
fuxi,fuxi,raw,2019,72,q300,kg kg^-1,0.00011529791868564904,0.7830136789334119,365
fuxi,fuxi,raw,2019,72,q500,kg kg^-1,0.0004246344510869734,0.8518507446092687,365
fuxi,fuxi,raw,2019,72,q700,kg kg^-1,0.0008048923160960819,0.8479777273824842,365
fuxi,fuxi,raw,2019,72,q850,kg kg^-1,0.001029766644924125,0.8158794231012914,365
fuxi,fuxi,raw,2019,72,q925,kg kg^-1,0.0009565045760292258,0.79296858617653,365
fuxi,fuxi,raw,2019,72,q1000,kg kg^-1,0.0012750728218039094,0.7345098972894936,365
fuxi,fuxi,raw,2019,72,t50,K,1.1474259721659295,0.9527472804359765,365
fuxi,fuxi,raw,2019,72,t100,K,0.8710417211214404,0.9660885153681525,365
fuxi,fuxi,raw,2019,72,t200,K,0.9746611299370318,0.9628511543378894,365
fuxi,fuxi,raw,2019,72,t300,K,0.7786034174119729,0.9503939163848745,365
fuxi,fuxi,raw,2019,72,t500,K,0.8318423649566947,0.9605527113911483,365
fuxi,fuxi,raw,2019,72,t700,K,0.8580740674848424,0.9596516724198549,365
fuxi,fuxi,raw,2019,72,t850,K,1.0316607816671564,0.9508445440663744,365
fuxi,fuxi,raw,2019,72,t925,K,1.0318715614664222,0.9423548322453401,365
fuxi,fuxi,raw,2019,72,t1000,K,0.9808137478761032,0.932711708434268,365
fuxi,fuxi,raw,2019,72,u50,m s^-1,2.0926059189645754,0.9596630513208139,365
fuxi,fuxi,raw,2019,72,u100,m s^-1,2.0763751197751796,0.9588000647118178,365
fuxi,fuxi,raw,2019,72,u200,m s^-1,3.094676396211547,0.9613702995953237,365
fuxi,fuxi,raw,2019,72,u300,m s^-1,3.493430286911493,0.952164191115088,365
fuxi,fuxi,raw,2019,72,u500,m s^-1,2.5164391578868863,0.9473732031440948,365
fuxi,fuxi,raw,2019,72,u700,m s^-1,2.022313454765121,0.9421443252212416,365
fuxi,fuxi,raw,2019,72,u850,m s^-1,1.8970856496074895,0.933527299213871,365
fuxi,fuxi,raw,2019,72,u925,m s^-1,1.8454675647848242,0.9327718683181994,365
fuxi,fuxi,raw,2019,72,u1000,m s^-1,1.4353623151423083,0.9343911470460818,365
fuxi,fuxi,raw,2019,72,v50,m s^-1,1.5348667207758733,0.9428271071580034,365
fuxi,fuxi,raw,2019,72,v100,m s^-1,1.8892971593320844,0.953978507390421,365
fuxi,fuxi,raw,2019,72,v200,m s^-1,3.15289911405967,0.9582432996000911,365
fuxi,fuxi,raw,2019,72,v300,m s^-1,3.511356870730691,0.950862063099346,365
fuxi,fuxi,raw,2019,72,v500,m s^-1,2.4672291142442955,0.9462217049815784,365
fuxi,fuxi,raw,2019,72,v700,m s^-1,1.9440530525692616,0.939336664073962,365
fuxi,fuxi,raw,2019,72,v850,m s^-1,1.816378413835686,0.9309113593986991,365
fuxi,fuxi,raw,2019,72,v925,m s^-1,1.8174854734531405,0.9329430865209561,365
fuxi,fuxi,raw,2019,72,v1000,m s^-1,1.4515999001450983,0.9347477814629654,365
fuxi,fuxi,raw,2019,72,u10,m s^-1,1.2973048658531336,0.9323024121993713,365
fuxi,fuxi,raw,2019,72,v10,m s^-1,1.3004599734263504,0.9318458505367735,365
fuxi,fuxi,raw,2019,72,t2m,K,1.0386322551464444,0.9155750418408785,365
fuxi,fuxi,raw,2019,72,mslp,Pa,158.26671362207537,0.9729814877933096,365
fuxi,fuxi,raw,2019,120,z50,m^2 s^-2,335.2901553518966,0.9628024287807313,365
fuxi,fuxi,raw,2019,120,z100,m^2 s^-2,256.22470744706806,0.9664772587353536,365
fuxi,fuxi,raw,2019,120,z200,m^2 s^-2,340.8326702937305,0.9476698802542908,365
fuxi,fuxi,raw,2019,120,z300,m^2 s^-2,392.06193292205165,0.9327395456289579,365
fuxi,fuxi,raw,2019,120,z500,m^2 s^-2,291.69450576941216,0.93059183744944,365
fuxi,fuxi,raw,2019,120,z700,m^2 s^-2,226.67528026689487,0.9279690235817621,365
fuxi,fuxi,raw,2019,120,z850,m^2 s^-2,212.7995850409995,0.9190277667363295,365
fuxi,fuxi,raw,2019,120,z925,m^2 s^-2,216.4055845212556,0.9142787121458673,365
fuxi,fuxi,raw,2019,120,z1000,m^2 s^-2,224.77023091334254,0.9104928038660257,365
fuxi,fuxi,raw,2019,120,q50,kg kg^-1,1.1379928180058068e-06,0.0198113330900227,365
fuxi,fuxi,raw,2019,120,q100,kg kg^-1,1.0824228865221687e-06,0.3771112683598858,365
fuxi,fuxi,raw,2019,120,q200,kg kg^-1,2.3985447090487477e-05,0.6386577188638207,365
fuxi,fuxi,raw,2019,120,q300,kg kg^-1,0.00012321720057286285,0.6982112094777191,365
fuxi,fuxi,raw,2019,120,q500,kg kg^-1,0.0005247001873658673,0.7637239591209295,365
fuxi,fuxi,raw,2019,120,q700,kg kg^-1,0.0010119398226962817,0.7491887932659153,365
fuxi,fuxi,raw,2019,120,q850,kg kg^-1,0.001242145901024659,0.7155496619578282,365
fuxi,fuxi,raw,2019,120,q925,kg kg^-1,0.0011089916871505534,0.7066860685426927,365
fuxi,fuxi,raw,2019,120,q1000,kg kg^-1,0.0014065495660781331,0.6610133312866086,365
fuxi,fuxi,raw,2019,120,t50,K,1.450431193055275,0.922691350342247,365
fuxi,fuxi,raw,2019,120,t100,K,1.223457247344236,0.9317383247778953,365
fuxi,fuxi,raw,2019,120,t200,K,1.6142271533589885,0.8956282265070686,365
fuxi,fuxi,raw,2019,120,t300,K,1.1882661906851315,0.880738997965024,365
fuxi,fuxi,raw,2019,120,t500,K,1.3686317058433777,0.890157734646734,365
fuxi,fuxi,raw,2019,120,t700,K,1.3859015138782733,0.8914732256387546,365
fuxi,fuxi,raw,2019,120,t850,K,1.5588650638753418,0.8835445210502104,365
fuxi,fuxi,raw,2019,120,t925,K,1.5136430048530365,0.8709253168080432,365
fuxi,fuxi,raw,2019,120,t1000,K,1.3760427391655652,0.8631348730950432,365
fuxi,fuxi,raw,2019,120,u50,m s^-1,2.7232678255281897,0.9302720709269225,365
fuxi,fuxi,raw,2019,120,u100,m s^-1,2.89933775461059,0.9179556709600083,365
fuxi,fuxi,raw,2019,120,u200,m s^-1,4.809870187221595,0.904199941316222,365
fuxi,fuxi,raw,2019,120,u300,m s^-1,5.617901824645498,0.8718946125031376,365
fuxi,fuxi,raw,2019,120,u500,m s^-1,3.9654395114976184,0.864460437450088,365
fuxi,fuxi,raw,2019,120,u700,m s^-1,3.112495882844067,0.8577183733236325,365
fuxi,fuxi,raw,2019,120,u850,m s^-1,2.9069108345146772,0.8370347006362548,365
fuxi,fuxi,raw,2019,120,u925,m s^-1,2.872437417096856,0.8290755215302391,365
fuxi,fuxi,raw,2019,120,u1000,m s^-1,2.225464017933709,0.8345375877751028,365
fuxi,fuxi,raw,2019,120,v50,m s^-1,1.9986486219702642,0.9006707633517349,365
fuxi,fuxi,raw,2019,120,v100,m s^-1,2.652233880995351,0.9071352727183309,365
fuxi,fuxi,raw,2019,120,v200,m s^-1,4.893822189378166,0.8965249478945323,365
fuxi,fuxi,raw,2019,120,v300,m s^-1,5.628791302463604,0.8689713407881751,365
fuxi,fuxi,raw,2019,120,v500,m s^-1,3.8824331688601674,0.8612784101621084,365
fuxi,fuxi,raw,2019,120,v700,m s^-1,2.991565103490926,0.8503501214616315,365
fuxi,fuxi,raw,2019,120,v850,m s^-1,2.7793934463464214,0.8308554308859045,365
fuxi,fuxi,raw,2019,120,v925,m s^-1,2.818312002202916,0.8311754787774379,365
fuxi,fuxi,raw,2019,120,v1000,m s^-1,2.2388719437497917,0.8378421359894285,365
fuxi,fuxi,raw,2019,120,u10,m s^-1,2.0003042809370104,0.8302662572244404,365
fuxi,fuxi,raw,2019,120,v10,m s^-1,1.9977666860147307,0.8303396432087103,365
fuxi,fuxi,raw,2019,120,t2m,K,1.367672533209766,0.847885660025941,365
fuxi,fuxi,raw,2019,120,mslp,Pa,286.6098937705951,0.9089233018985429,365
fuxi,fuxi,raw,2019,168,z50,m^2 s^-2,462.63772944626095,0.9281696980645922,365
fuxi,fuxi,raw,2019,168,z100,m^2 s^-2,403.26784402425716,0.9147669864957421,365
fuxi,fuxi,raw,2019,168,z200,m^2 s^-2,538.8417961238716,0.8635717774627306,365
fuxi,fuxi,raw,2019,168,z300,m^2 s^-2,600.3476253958978,0.8340979716992213,365
fuxi,fuxi,raw,2019,168,z500,m^2 s^-2,444.53542681970123,0.8303122740440241,365
fuxi,fuxi,raw,2019,168,z700,m^2 s^-2,344.19701398939,0.824848004615403,365
fuxi,fuxi,raw,2019,168,z850,m^2 s^-2,317.5332813090147,0.8089597294873844,365
fuxi,fuxi,raw,2019,168,z925,m^2 s^-2,320.0615373527987,0.800810385240152,365
fuxi,fuxi,raw,2019,168,z1000,m^2 s^-2,330.3126712004326,0.7943527191725792,365
fuxi,fuxi,raw,2019,168,q50,kg kg^-1,1.448392153140732e-06,0.01981733972800852,365
fuxi,fuxi,raw,2019,168,q100,kg kg^-1,1.3513336272390208e-06,0.3587311451835016,365
fuxi,fuxi,raw,2019,168,q200,kg kg^-1,2.4713366952022847e-05,0.559538465058516,365
fuxi,fuxi,raw,2019,168,q300,kg kg^-1,0.00012639171259681953,0.611817562610303,365
fuxi,fuxi,raw,2019,168,q500,kg kg^-1,0.0005948093061327762,0.6714613200750273,365
fuxi,fuxi,raw,2019,168,q700,kg kg^-1,0.0011628150553152632,0.6450730057956582,365
fuxi,fuxi,raw,2019,168,q850,kg kg^-1,0.0014214431998854909,0.6014998700234055,365
fuxi,fuxi,raw,2019,168,q925,kg kg^-1,0.001251703926836556,0.5969478508660699,365
fuxi,fuxi,raw,2019,168,q1000,kg kg^-1,0.0015446864847955166,0.5549955399505665,365
fuxi,fuxi,raw,2019,168,t50,K,1.7233165880809322,0.8880675253178931,365
fuxi,fuxi,raw,2019,168,t100,K,1.6264407924630644,0.8759929771081867,365
fuxi,fuxi,raw,2019,168,t200,K,2.220272120157797,0.7928951872041395,365
fuxi,fuxi,raw,2019,168,t300,K,1.5486772502460582,0.7856586090305449,365
fuxi,fuxi,raw,2019,168,t500,K,1.8911179043289217,0.7757811184568826,365
fuxi,fuxi,raw,2019,168,t700,K,1.9180171710441274,0.7786230736158057,365
fuxi,fuxi,raw,2019,168,t850,K,2.1101751153022748,0.7722714824999023,365
fuxi,fuxi,raw,2019,168,t925,K,2.00957042148772,0.7558808310767976,365
fuxi,fuxi,raw,2019,168,t1000,K,1.7779727260322225,0.7538545998010556,365
fuxi,fuxi,raw,2019,168,u50,m s^-1,3.348177826832086,0.892069171141206,365
fuxi,fuxi,raw,2019,168,u100,m s^-1,3.8825079172238386,0.8471118542339819,365
fuxi,fuxi,raw,2019,168,u200,m s^-1,6.599516505357837,0.8098842436632365,365
fuxi,fuxi,raw,2019,168,u300,m s^-1,7.421176741864036,0.7607337535853816,365
fuxi,fuxi,raw,2019,168,u500,m s^-1,5.19287801982895,0.7508693129191899,365
fuxi,fuxi,raw,2019,168,u700,m s^-1,4.0447368336741025,0.742143700259675,365
fuxi,fuxi,raw,2019,168,u850,m s^-1,3.729290084059707,0.7096478573023925,365
fuxi,fuxi,raw,2019,168,u925,m s^-1,3.6921076641235477,0.6927684714494042,365
fuxi,fuxi,raw,2019,168,u1000,m s^-1,2.8839184111278042,0.6986976684975613,365
fuxi,fuxi,raw,2019,168,v50,m s^-1,2.6061803428549637,0.8250474695165908,365
fuxi,fuxi,raw,2019,168,v100,m s^-1,3.6607362114127384,0.8137723893421558,365
fuxi,fuxi,raw,2019,168,v200,m s^-1,6.869925789384808,0.7822107540740134,365
fuxi,fuxi,raw,2019,168,v300,m s^-1,7.611288534571802,0.740694232069855,365
fuxi,fuxi,raw,2019,168,v500,m s^-1,5.187897723638032,0.7319940672968112,365
fuxi,fuxi,raw,2019,168,v700,m s^-1,3.9343920879737335,0.7192504809401494,365
fuxi,fuxi,raw,2019,168,v850,m s^-1,3.5875399619130826,0.6916040756399574,365
fuxi,fuxi,raw,2019,168,v925,m s^-1,3.6591142596445905,0.6877504129258551,365
fuxi,fuxi,raw,2019,168,v1000,m s^-1,2.9362031731911244,0.6956629892013437,365
fuxi,fuxi,raw,2019,168,u10,m s^-1,2.568255047684313,0.6964557305324628,365
fuxi,fuxi,raw,2019,168,v10,m s^-1,2.5850222820458657,0.6900059064142459,365
fuxi,fuxi,raw,2019,168,t2m,K,1.7009965437911225,0.7453435606116185,365
fuxi,fuxi,raw,2019,168,mslp,Pa,418.5557070213438,0.7931776837703394,365
fuxi,fuxi,raw,2019,240,z50,m^2 s^-2,638.8166089140813,0.8582666709503455,365
fuxi,fuxi,raw,2019,240,z100,m^2 s^-2,602.6775488691768,0.7984655982492129,365
fuxi,fuxi,raw,2019,240,z200,m^2 s^-2,782.1806714726096,0.6842066009235845,365
fuxi,fuxi,raw,2019,240,z300,m^2 s^-2,838.9141167551634,0.6421113631528444,365
fuxi,fuxi,raw,2019,240,z500,m^2 s^-2,616.7403316176393,0.6393945171097561,365
fuxi,fuxi,raw,2019,240,z700,m^2 s^-2,473.55505246385144,0.6332113587888247,365
fuxi,fuxi,raw,2019,240,z850,m^2 s^-2,429.3112022153658,0.6119878172960647,365
fuxi,fuxi,raw,2019,240,z925,m^2 s^-2,429.8339120544758,0.5996978986276101,365
fuxi,fuxi,raw,2019,240,z1000,m^2 s^-2,441.4503984377202,0.590049006343572,365
fuxi,fuxi,raw,2019,240,q50,kg kg^-1,1.8171239122056618e-06,0.02067804623272082,365
fuxi,fuxi,raw,2019,240,q100,kg kg^-1,1.6898868840410326e-06,0.33480056759361526,365
fuxi,fuxi,raw,2019,240,q200,kg kg^-1,2.565417457876345e-05,0.44852709659557893,365
fuxi,fuxi,raw,2019,240,q300,kg kg^-1,0.00013534005785665373,0.47222110337423345,365
fuxi,fuxi,raw,2019,240,q500,kg kg^-1,0.0006879205898310526,0.5200760130922971,365
fuxi,fuxi,raw,2019,240,q700,kg kg^-1,0.001344518284080379,0.4799283360588071,365
fuxi,fuxi,raw,2019,240,q850,kg kg^-1,0.0016201900088664153,0.4350423684898856,365
fuxi,fuxi,raw,2019,240,q925,kg kg^-1,0.0014314966856819032,0.42743856556641224,365
fuxi,fuxi,raw,2019,240,q1000,kg kg^-1,0.00173255626095548,0.3871142562943114,365
fuxi,fuxi,raw,2019,240,t50,K,2.068726025649928,0.8317402454283442,365
fuxi,fuxi,raw,2019,240,t100,K,2.153707052700103,0.7712954536317544,365
fuxi,fuxi,raw,2019,240,t200,K,2.8387740682941276,0.6325980822632289,365
fuxi,fuxi,raw,2019,240,t300,K,2.0002725479177523,0.6065935005543037,365
fuxi,fuxi,raw,2019,240,t500,K,2.4729338016657354,0.5729730596694781,365
fuxi,fuxi,raw,2019,240,t700,K,2.5196042185240275,0.5753598534414452,365
fuxi,fuxi,raw,2019,240,t850,K,2.747545443071825,0.5711383259578044,365
fuxi,fuxi,raw,2019,240,t925,K,2.5789445883430857,0.5535588134712262,365
fuxi,fuxi,raw,2019,240,t1000,K,2.257858089737681,0.5642557526536988,365
fuxi,fuxi,raw,2019,240,u50,m s^-1,4.1916204143507825,0.8240431664535764,365
fuxi,fuxi,raw,2019,240,u100,m s^-1,5.170940939085764,0.7098673074219268,365
fuxi,fuxi,raw,2019,240,u200,m s^-1,8.754506282926666,0.6348028908070062,365
fuxi,fuxi,raw,2019,240,u300,m s^-1,9.416591599254188,0.5745607696399715,365
fuxi,fuxi,raw,2019,240,u500,m s^-1,6.550084571088965,0.5602225702239627,365
fuxi,fuxi,raw,2019,240,u700,m s^-1,5.062844324426125,0.5521817994381322,365
fuxi,fuxi,raw,2019,240,u850,m s^-1,4.567810694451179,0.5133894370310785,365
fuxi,fuxi,raw,2019,240,u925,m s^-1,4.481611406117066,0.49060170292898253,365
fuxi,fuxi,raw,2019,240,u1000,m s^-1,3.515006290983868,0.49562309384583697,365
fuxi,fuxi,raw,2019,240,v50,m s^-1,3.455429658878394,0.6703985690950958,365
fuxi,fuxi,raw,2019,240,v100,m s^-1,4.989056107210785,0.6146398597051702,365
fuxi,fuxi,raw,2019,240,v200,m s^-1,9.13465935380149,0.5635984001031735,365
fuxi,fuxi,raw,2019,240,v300,m s^-1,9.719699728697645,0.5173313737679173,365
fuxi,fuxi,raw,2019,240,v500,m s^-1,6.548959355118545,0.5139551213986386,365
fuxi,fuxi,raw,2019,240,v700,m s^-1,4.901648153963369,0.5053666524822483,365
fuxi,fuxi,raw,2019,240,v850,m s^-1,4.382708134646411,0.47518946800702955,365
fuxi,fuxi,raw,2019,240,v925,m s^-1,4.463761271664247,0.467776424987111,365
fuxi,fuxi,raw,2019,240,v1000,m s^-1,3.601271609203653,0.47469686053186294,365
fuxi,fuxi,raw,2019,240,u10,m s^-1,3.111952208277241,0.4982761619762756,365
fuxi,fuxi,raw,2019,240,v10,m s^-1,3.1553077736933632,0.47088726391144287,365
fuxi,fuxi,raw,2019,240,t2m,K,2.12518666897613,0.5659948333332663,365
fuxi,fuxi,raw,2019,240,mslp,Pa,557.3935345850903,0.59001755528545,365
fuxi,fuxi,sphere_ttc,2018,24,z50,m^2 s^-2,116.80760590908777,0.9938492816071397,365
fuxi,fuxi,sphere_ttc,2018,24,z100,m^2 s^-2,72.98198194832275,0.996726463432075,365
fuxi,fuxi,sphere_ttc,2018,24,z200,m^2 s^-2,82.63529751982544,0.9968463221868271,365
fuxi,fuxi,sphere_ttc,2018,24,z300,m^2 s^-2,90.76706910083064,0.99645440502688,365
fuxi,fuxi,sphere_ttc,2018,24,z500,m^2 s^-2,67.67185663526159,0.9963692329436871,365
fuxi,fuxi,sphere_ttc,2018,24,z700,m^2 s^-2,55.0447710202686,0.99587997652287,365
fuxi,fuxi,sphere_ttc,2018,24,z850,m^2 s^-2,54.282574173671634,0.9949264353020799,365
fuxi,fuxi,sphere_ttc,2018,24,z925,m^2 s^-2,56.25517049878422,0.9944353330605643,365
fuxi,fuxi,sphere_ttc,2018,24,z1000,m^2 s^-2,59.94047418235428,0.9938795131691913,365
fuxi,fuxi,sphere_ttc,2018,24,q50,kg kg^-1,4.916803672194737e-07,0.3349853390194273,365
fuxi,fuxi,sphere_ttc,2018,24,q100,kg kg^-1,5.252309497356129e-07,0.5075054874453775,365
fuxi,fuxi,sphere_ttc,2018,24,q200,kg kg^-1,9.155147574092531e-06,0.8385457731884519,365
fuxi,fuxi,sphere_ttc,2018,24,q300,kg kg^-1,5.949608894187945e-05,0.9003134919028211,365
fuxi,fuxi,sphere_ttc,2018,24,q500,kg kg^-1,0.0002760520143094775,0.9346325760078087,365
fuxi,fuxi,sphere_ttc,2018,24,q700,kg kg^-1,0.0005137787435861465,0.9376377275368203,365
fuxi,fuxi,sphere_ttc,2018,24,q850,kg kg^-1,0.0006825205854684731,0.9144204848216381,365
fuxi,fuxi,sphere_ttc,2018,24,q925,kg kg^-1,0.0006496523354672276,0.8895827108855686,365
fuxi,fuxi,sphere_ttc,2018,24,q1000,kg kg^-1,0.0007546991788507732,0.8734492423744415,365
fuxi,fuxi,sphere_ttc,2018,24,t50,K,0.7498594585668706,0.9685449657695547,365
fuxi,fuxi,sphere_ttc,2018,24,t100,K,0.5470278469969936,0.9837529895343085,365
fuxi,fuxi,sphere_ttc,2018,24,t200,K,0.500418685484148,0.9892295584286002,365
fuxi,fuxi,sphere_ttc,2018,24,t300,K,0.4140180514120108,0.985036787827601,365
fuxi,fuxi,sphere_ttc,2018,24,t500,K,0.4333043661491611,0.9895165427021879,365
fuxi,fuxi,sphere_ttc,2018,24,t700,K,0.4798153010617142,0.9876263239197756,365
fuxi,fuxi,sphere_ttc,2018,24,t850,K,0.5952384973095085,0.9834452061283178,365
fuxi,fuxi,sphere_ttc,2018,24,t925,K,0.6021422986840108,0.9801912647606315,365
fuxi,fuxi,sphere_ttc,2018,24,t1000,K,0.6122833152878676,0.9734294085279908,365
fuxi,fuxi,sphere_ttc,2018,24,u50,m s^-1,1.1706622042606778,0.9894953029490818,365
fuxi,fuxi,sphere_ttc,2018,24,u100,m s^-1,1.3010971812395786,0.982852541502382,365
fuxi,fuxi,sphere_ttc,2018,24,u200,m s^-1,1.7973162002053762,0.9874988397241455,365
fuxi,fuxi,sphere_ttc,2018,24,u300,m s^-1,1.8492753226994234,0.9872166453019381,365
fuxi,fuxi,sphere_ttc,2018,24,u500,m s^-1,1.379361862367341,0.9851221385334528,365
fuxi,fuxi,sphere_ttc,2018,24,u700,m s^-1,1.154026711286539,0.9820939130342539,365
fuxi,fuxi,sphere_ttc,2018,24,u850,m s^-1,1.0759100723942998,0.9795662166720654,365
fuxi,fuxi,sphere_ttc,2018,24,u925,m s^-1,1.0171461787400822,0.9804468520630496,365
fuxi,fuxi,sphere_ttc,2018,24,u1000,m s^-1,0.7972008702031975,0.9804610168194645,365
fuxi,fuxi,sphere_ttc,2018,24,v50,m s^-1,0.9758431199538776,0.9795823365309181,365
fuxi,fuxi,sphere_ttc,2018,24,v100,m s^-1,1.2200107895939203,0.9807674542495671,365
fuxi,fuxi,sphere_ttc,2018,24,v200,m s^-1,1.8151877991541407,0.9857794581466824,365
fuxi,fuxi,sphere_ttc,2018,24,v300,m s^-1,1.8854438280124737,0.9856129013188488,365
fuxi,fuxi,sphere_ttc,2018,24,v500,m s^-1,1.3752606057056584,0.9829889177057141,365
fuxi,fuxi,sphere_ttc,2018,24,v700,m s^-1,1.1285546955984969,0.9791204725008067,365
fuxi,fuxi,sphere_ttc,2018,24,v850,m s^-1,1.0604416723282286,0.9761367764060723,365
fuxi,fuxi,sphere_ttc,2018,24,v925,m s^-1,1.0336817140234866,0.978057200217129,365
fuxi,fuxi,sphere_ttc,2018,24,v1000,m s^-1,0.8298207330378466,0.9784767600881455,365
fuxi,fuxi,sphere_ttc,2018,24,u10,m s^-1,0.7185960208252105,0.9797977072432861,365
fuxi,fuxi,sphere_ttc,2018,24,v10,m s^-1,0.7414523871893983,0.9777003981745327,365
fuxi,fuxi,sphere_ttc,2018,24,t2m,K,0.7055480336100214,0.9603240991719915,365
fuxi,fuxi,sphere_ttc,2018,24,mslp,Pa,78.16484349151666,0.9935021588671984,365
fuxi,fuxi,sphere_ttc,2018,72,z50,m^2 s^-2,257.2685970029237,0.9700330693003254,365
fuxi,fuxi,sphere_ttc,2018,72,z100,m^2 s^-2,156.1451641281531,0.9849985368211226,365
fuxi,fuxi,sphere_ttc,2018,72,z200,m^2 s^-2,174.05067853539134,0.9859561108959123,365
fuxi,fuxi,sphere_ttc,2018,72,z300,m^2 s^-2,198.22602969993451,0.982985693781572,365
fuxi,fuxi,sphere_ttc,2018,72,z500,m^2 s^-2,147.87409207758367,0.9825215567283417,365
fuxi,fuxi,sphere_ttc,2018,72,z700,m^2 s^-2,117.00502116259,0.9812200455080542,365
fuxi,fuxi,sphere_ttc,2018,72,z850,m^2 s^-2,111.8328618172431,0.9782651572174745,365
fuxi,fuxi,sphere_ttc,2018,72,z925,m^2 s^-2,114.44210383667834,0.9767590065224588,365
fuxi,fuxi,sphere_ttc,2018,72,z1000,m^2 s^-2,119.84236167731868,0.9753050971906945,365
fuxi,fuxi,sphere_ttc,2018,72,q50,kg kg^-1,6.588249065786466e-07,0.3062791292943771,365
fuxi,fuxi,sphere_ttc,2018,72,q100,kg kg^-1,7.023258472598832e-07,0.3663076396884737,365
fuxi,fuxi,sphere_ttc,2018,72,q200,kg kg^-1,1.0305981802008322e-05,0.7718664317299413,365
fuxi,fuxi,sphere_ttc,2018,72,q300,kg kg^-1,7.783270697021833e-05,0.8164651800113267,365
fuxi,fuxi,sphere_ttc,2018,72,q500,kg kg^-1,0.0004037603863362172,0.8580487557894895,365
fuxi,fuxi,sphere_ttc,2018,72,q700,kg kg^-1,0.000772625923403641,0.8554012065227536,365
fuxi,fuxi,sphere_ttc,2018,72,q850,kg kg^-1,0.000959405968978682,0.8256161757982323,365
fuxi,fuxi,sphere_ttc,2018,72,q925,kg kg^-1,0.0008165860331007747,0.8218811232080655,365
fuxi,fuxi,sphere_ttc,2018,72,q1000,kg kg^-1,0.0008933624897912791,0.8208957742895333,365
fuxi,fuxi,sphere_ttc,2018,72,t50,K,1.2385639582888757,0.9135659330948435,365
fuxi,fuxi,sphere_ttc,2018,72,t100,K,0.9028063386184044,0.9553725679612333,365
fuxi,fuxi,sphere_ttc,2018,72,t200,K,0.9445382296811539,0.961142761988087,365
fuxi,fuxi,sphere_ttc,2018,72,t300,K,0.7490352868339263,0.9504964932256399,365
fuxi,fuxi,sphere_ttc,2018,72,t500,K,0.8048821834379368,0.9634927825750643,365
fuxi,fuxi,sphere_ttc,2018,72,t700,K,0.8381337481809995,0.9618785580334253,365
fuxi,fuxi,sphere_ttc,2018,72,t850,K,0.9793357328105347,0.9547892250077324,365
fuxi,fuxi,sphere_ttc,2018,72,t925,K,0.9660062603861918,0.9484288377589526,365
fuxi,fuxi,sphere_ttc,2018,72,t1000,K,0.9173214245807864,0.9397830202574406,365
fuxi,fuxi,sphere_ttc,2018,72,u50,m s^-1,1.9962959229093715,0.9692635647001612,365
fuxi,fuxi,sphere_ttc,2018,72,u100,m s^-1,2.0295940544645337,0.9580515240787553,365
fuxi,fuxi,sphere_ttc,2018,72,u200,m s^-1,3.087397751726415,0.9628153737401801,365
fuxi,fuxi,sphere_ttc,2018,72,u300,m s^-1,3.487209902524045,0.9540899387370501,365
fuxi,fuxi,sphere_ttc,2018,72,u500,m s^-1,2.5146696981329595,0.9498816790032657,365
fuxi,fuxi,sphere_ttc,2018,72,u700,m s^-1,2.0208815490734295,0.9441707078590811,365
fuxi,fuxi,sphere_ttc,2018,72,u850,m s^-1,1.891649981150364,0.9357050750917179,365
fuxi,fuxi,sphere_ttc,2018,72,u925,m s^-1,1.8416152671500545,0.9348207424586045,365
fuxi,fuxi,sphere_ttc,2018,72,u1000,m s^-1,1.4313447690306527,0.9360199538568099,365
fuxi,fuxi,sphere_ttc,2018,72,v50,m s^-1,1.5671919159959924,0.9466109735262805,365
fuxi,fuxi,sphere_ttc,2018,72,v100,m s^-1,1.8334584084316323,0.9561057694096325,365
fuxi,fuxi,sphere_ttc,2018,72,v200,m s^-1,3.071760351894439,0.9587656156050909,365
fuxi,fuxi,sphere_ttc,2018,72,v300,m s^-1,3.4105355996186195,0.9522665324522261,365
fuxi,fuxi,sphere_ttc,2018,72,v500,m s^-1,2.4050943055676806,0.9471209830768412,365
fuxi,fuxi,sphere_ttc,2018,72,v700,m s^-1,1.9142207637428565,0.9387617886625823,365
fuxi,fuxi,sphere_ttc,2018,72,v850,m s^-1,1.7878784436477253,0.9307805463342536,365
fuxi,fuxi,sphere_ttc,2018,72,v925,m s^-1,1.780395200580126,0.9337087082258106,365
fuxi,fuxi,sphere_ttc,2018,72,v1000,m s^-1,1.4255993956708441,0.9354258466607109,365
fuxi,fuxi,sphere_ttc,2018,72,u10,m s^-1,1.2928063464503725,0.9335451369042821,365
fuxi,fuxi,sphere_ttc,2018,72,v10,m s^-1,1.278451978192912,0.9325765184756782,365
fuxi,fuxi,sphere_ttc,2018,72,t2m,K,0.9779322434318085,0.923411612504575,365
fuxi,fuxi,sphere_ttc,2018,72,mslp,Pa,154.92396027729492,0.9742389052423603,365
fuxi,fuxi,sphere_ttc,2018,120,z50,m^2 s^-2,381.6685760759288,0.933397718911604,365
fuxi,fuxi,sphere_ttc,2018,120,z100,m^2 s^-2,275.8760121594016,0.9527876142001275,365
fuxi,fuxi,sphere_ttc,2018,120,z200,m^2 s^-2,348.0773977562564,0.9428540758897693,365
fuxi,fuxi,sphere_ttc,2018,120,z300,m^2 s^-2,397.72012751276134,0.9301113548227975,365
fuxi,fuxi,sphere_ttc,2018,120,z500,m^2 s^-2,294.56489761383654,0.9291282378300377,365
fuxi,fuxi,sphere_ttc,2018,120,z700,m^2 s^-2,229.4372151403358,0.9260581203475472,365
fuxi,fuxi,sphere_ttc,2018,120,z850,m^2 s^-2,216.00504499376132,0.9167267262466287,365
fuxi,fuxi,sphere_ttc,2018,120,z925,m^2 s^-2,219.97965602202902,0.911689119735767,365
fuxi,fuxi,sphere_ttc,2018,120,z1000,m^2 s^-2,228.49236937777565,0.9075961993815309,365
fuxi,fuxi,sphere_ttc,2018,120,q50,kg kg^-1,7.697733386449498e-07,0.2811220059603131,365
fuxi,fuxi,sphere_ttc,2018,120,q100,kg kg^-1,7.522331719297254e-07,0.3233470504222271,365
fuxi,fuxi,sphere_ttc,2018,120,q200,kg kg^-1,1.1070840294939698e-05,0.6981065852195742,365
fuxi,fuxi,sphere_ttc,2018,120,q300,kg kg^-1,8.935096880106784e-05,0.7278977439930607,365
fuxi,fuxi,sphere_ttc,2018,120,q500,kg kg^-1,0.0005078668228769247,0.76557577013011,365
fuxi,fuxi,sphere_ttc,2018,120,q700,kg kg^-1,0.0009838002292888329,0.7539650166651862,365
fuxi,fuxi,sphere_ttc,2018,120,q850,kg kg^-1,0.0011782447581509359,0.7209169238828648,365
fuxi,fuxi,sphere_ttc,2018,120,q925,kg kg^-1,0.000969702474484292,0.7343552174866317,365
fuxi,fuxi,sphere_ttc,2018,120,q1000,kg kg^-1,0.0010326797549903286,0.7459803195975978,365
fuxi,fuxi,sphere_ttc,2018,120,t50,K,1.557911979878684,0.8618086880027851,365
fuxi,fuxi,sphere_ttc,2018,120,t100,K,1.2742115348149696,0.9096561901748118,365
fuxi,fuxi,sphere_ttc,2018,120,t200,K,1.6096675235073201,0.8839142905109354,365
fuxi,fuxi,sphere_ttc,2018,120,t300,K,1.166887680012134,0.8764592758513876,365
fuxi,fuxi,sphere_ttc,2018,120,t500,K,1.3778080111987332,0.8898894489914099,365
fuxi,fuxi,sphere_ttc,2018,120,t700,K,1.3950678504996183,0.8911675369196984,365
fuxi,fuxi,sphere_ttc,2018,120,t850,K,1.5486457536912492,0.8831608513162938,365
fuxi,fuxi,sphere_ttc,2018,120,t925,K,1.4969486340755889,0.8713844145957254,365
fuxi,fuxi,sphere_ttc,2018,120,t1000,K,1.3553314599671913,0.8639124874933395,365
fuxi,fuxi,sphere_ttc,2018,120,u50,m s^-1,2.6459766014080524,0.9454861487730946,365
fuxi,fuxi,sphere_ttc,2018,120,u100,m s^-1,2.8867870981118156,0.9139438879085744,365
fuxi,fuxi,sphere_ttc,2018,120,u200,m s^-1,4.853315947089875,0.9059189071119166,365
fuxi,fuxi,sphere_ttc,2018,120,u300,m s^-1,5.650828061493383,0.8753733014629438,365
fuxi,fuxi,sphere_ttc,2018,120,u500,m s^-1,3.976807637700906,0.8701603204055783,365
fuxi,fuxi,sphere_ttc,2018,120,u700,m s^-1,3.1246377165355614,0.861481191016086,365
fuxi,fuxi,sphere_ttc,2018,120,u850,m s^-1,2.9345972244384746,0.8382791920313906,365
fuxi,fuxi,sphere_ttc,2018,120,u925,m s^-1,2.912556316130227,0.8286500760323121,365
fuxi,fuxi,sphere_ttc,2018,120,u1000,m s^-1,2.258904426189371,0.8326576879855464,365
fuxi,fuxi,sphere_ttc,2018,120,v50,m s^-1,2.1157389023847277,0.9006112487415118,365
fuxi,fuxi,sphere_ttc,2018,120,v100,m s^-1,2.683202736760304,0.9039687767858131,365
fuxi,fuxi,sphere_ttc,2018,120,v200,m s^-1,4.97345173371461,0.8884210800002605,365
fuxi,fuxi,sphere_ttc,2018,120,v300,m s^-1,5.6686171880053955,0.8627825678221425,365
fuxi,fuxi,sphere_ttc,2018,120,v500,m s^-1,3.904367302344202,0.854659327737972,365
fuxi,fuxi,sphere_ttc,2018,120,v700,m s^-1,3.0092487821909852,0.8419659600189581,365
fuxi,fuxi,sphere_ttc,2018,120,v850,m s^-1,2.7933363977483765,0.8228670603803722,365
fuxi,fuxi,sphere_ttc,2018,120,v925,m s^-1,2.833670978218505,0.8236747235609,365
fuxi,fuxi,sphere_ttc,2018,120,v1000,m s^-1,2.258888034818739,0.8303492769023604,365
fuxi,fuxi,sphere_ttc,2018,120,u10,m s^-1,2.0274132412821175,0.8274136046796924,365
fuxi,fuxi,sphere_ttc,2018,120,v10,m s^-1,2.0150574420503435,0.8229955380863345,365
fuxi,fuxi,sphere_ttc,2018,120,t2m,K,1.3481835683774461,0.8487810589671779,365
fuxi,fuxi,sphere_ttc,2018,120,mslp,Pa,291.5848958495375,0.9059570443005852,365
fuxi,fuxi,sphere_ttc,2018,168,z50,m^2 s^-2,507.7597277426544,0.8804951639169265,365
fuxi,fuxi,sphere_ttc,2018,168,z100,m^2 s^-2,425.3542637617995,0.8852076303328876,365
fuxi,fuxi,sphere_ttc,2018,168,z200,m^2 s^-2,555.1620163757332,0.8481725796637289,365
fuxi,fuxi,sphere_ttc,2018,168,z300,m^2 s^-2,615.1177182622896,0.8238054986526089,365
fuxi,fuxi,sphere_ttc,2018,168,z500,m^2 s^-2,454.70507854500954,0.8216789190935726,365
fuxi,fuxi,sphere_ttc,2018,168,z700,m^2 s^-2,351.83802813443003,0.8159834254012664,365
fuxi,fuxi,sphere_ttc,2018,168,z850,m^2 s^-2,324.5916085640096,0.80004971681923,365
fuxi,fuxi,sphere_ttc,2018,168,z925,m^2 s^-2,327.288536933988,0.7916954255392034,365
fuxi,fuxi,sphere_ttc,2018,168,z1000,m^2 s^-2,337.8129421797063,0.7844656857512039,365
fuxi,fuxi,sphere_ttc,2018,168,q50,kg kg^-1,9.266569693023349e-07,0.24168099460002973,365
fuxi,fuxi,sphere_ttc,2018,168,q100,kg kg^-1,7.728315573792614e-07,0.2926360914691428,365
fuxi,fuxi,sphere_ttc,2018,168,q200,kg kg^-1,1.1767546175651426e-05,0.6124628684744357,365
fuxi,fuxi,sphere_ttc,2018,168,q300,kg kg^-1,9.79154078132734e-05,0.6342591379955552,365
fuxi,fuxi,sphere_ttc,2018,168,q500,kg kg^-1,0.0005858697453022621,0.6669152058942968,365
fuxi,fuxi,sphere_ttc,2018,168,q700,kg kg^-1,0.0011381382841456444,0.6475180873683871,365
fuxi,fuxi,sphere_ttc,2018,168,q850,kg kg^-1,0.0013456646417506783,0.6076148161036239,365
fuxi,fuxi,sphere_ttc,2018,168,q925,kg kg^-1,0.001118518285276432,0.6173662459361948,365
fuxi,fuxi,sphere_ttc,2018,168,q1000,kg kg^-1,0.0011911747081008639,0.6292193464552552,365
fuxi,fuxi,sphere_ttc,2018,168,t50,K,1.814810411751494,0.8112758500431196,365
fuxi,fuxi,sphere_ttc,2018,168,t100,K,1.6868798981836755,0.8376016334672793,365
fuxi,fuxi,sphere_ttc,2018,168,t200,K,2.2319004647796,0.7646305637005241,365
fuxi,fuxi,sphere_ttc,2018,168,t300,K,1.5508651516419634,0.7690574007720111,365
fuxi,fuxi,sphere_ttc,2018,168,t500,K,1.9268772502115816,0.7695588975112819,365
fuxi,fuxi,sphere_ttc,2018,168,t700,K,1.952047373678032,0.7723468753500341,365
fuxi,fuxi,sphere_ttc,2018,168,t850,K,2.126249373346645,0.7644258638690998,365
fuxi,fuxi,sphere_ttc,2018,168,t925,K,2.020387744447056,0.74795426187,365
fuxi,fuxi,sphere_ttc,2018,168,t1000,K,1.784055731638133,0.7458136532921414,365
fuxi,fuxi,sphere_ttc,2018,168,u50,m s^-1,3.278872088474115,0.9151754256509841,365
fuxi,fuxi,sphere_ttc,2018,168,u100,m s^-1,3.9025109017496966,0.8370928045063323,365
fuxi,fuxi,sphere_ttc,2018,168,u200,m s^-1,6.738409145708391,0.8084306121240573,365
fuxi,fuxi,sphere_ttc,2018,168,u300,m s^-1,7.530698686615322,0.7628165090893473,365
fuxi,fuxi,sphere_ttc,2018,168,u500,m s^-1,5.266081528934181,0.7558611415990715,365
fuxi,fuxi,sphere_ttc,2018,168,u700,m s^-1,4.093923364766145,0.744572923949951,365
fuxi,fuxi,sphere_ttc,2018,168,u850,m s^-1,3.7811304941362787,0.7088757246619058,365
fuxi,fuxi,sphere_ttc,2018,168,u925,m s^-1,3.7516363919517297,0.6901832549165957,365
fuxi,fuxi,sphere_ttc,2018,168,u1000,m s^-1,2.928373486402068,0.6944614962167305,365
fuxi,fuxi,sphere_ttc,2018,168,v50,m s^-1,2.7655629411083105,0.8237501761483573,365
fuxi,fuxi,sphere_ttc,2018,168,v100,m s^-1,3.738327989422431,0.8035749000596858,365
fuxi,fuxi,sphere_ttc,2018,168,v200,m s^-1,7.031196311896674,0.7604667273442998,365
fuxi,fuxi,sphere_ttc,2018,168,v300,m s^-1,7.746564435869751,0.7211660978611757,365
fuxi,fuxi,sphere_ttc,2018,168,v500,m s^-1,5.2632516951113,0.7122382053884032,365
fuxi,fuxi,sphere_ttc,2018,168,v700,m s^-1,3.978317326665523,0.6982899369210169,365
fuxi,fuxi,sphere_ttc,2018,168,v850,m s^-1,3.6187467875915287,0.673053377857183,365
fuxi,fuxi,sphere_ttc,2018,168,v925,m s^-1,3.687693591645917,0.6712441863909604,365
fuxi,fuxi,sphere_ttc,2018,168,v1000,m s^-1,2.972084956448681,0.6789249617320869,365
fuxi,fuxi,sphere_ttc,2018,168,u10,m s^-1,2.6022590441348386,0.6909273210817072,365
fuxi,fuxi,sphere_ttc,2018,168,v10,m s^-1,2.612511463518927,0.6738848721786582,365
fuxi,fuxi,sphere_ttc,2018,168,t2m,K,1.7078613715637547,0.7378873973804224,365
fuxi,fuxi,sphere_ttc,2018,168,mslp,Pa,428.1117063729531,0.7834759658755219,365
fuxi,fuxi,sphere_ttc,2018,240,z50,m^2 s^-2,711.0627168442732,0.7575602451579079,365
fuxi,fuxi,sphere_ttc,2018,240,z100,m^2 s^-2,636.1568364725426,0.7272349463065882,365
fuxi,fuxi,sphere_ttc,2018,240,z200,m^2 s^-2,806.2813219465419,0.646033978237426,365
fuxi,fuxi,sphere_ttc,2018,240,z300,m^2 s^-2,862.843164261625,0.6143011740611733,365
fuxi,fuxi,sphere_ttc,2018,240,z500,m^2 s^-2,634.5746022779074,0.6128674448338048,365
fuxi,fuxi,sphere_ttc,2018,240,z700,m^2 s^-2,487.32902070581537,0.6046786063225804,365
fuxi,fuxi,sphere_ttc,2018,240,z850,m^2 s^-2,441.7537049910138,0.5829134759462652,365
fuxi,fuxi,sphere_ttc,2018,240,z925,m^2 s^-2,442.29456089340556,0.5703289347992031,365
fuxi,fuxi,sphere_ttc,2018,240,z1000,m^2 s^-2,454.16712870981064,0.5590248517309742,365
fuxi,fuxi,sphere_ttc,2018,240,q50,kg kg^-1,1.1858351702054818e-06,0.1872962657575684,365
fuxi,fuxi,sphere_ttc,2018,240,q100,kg kg^-1,8.184588733523822e-07,0.24975868368908635,365
fuxi,fuxi,sphere_ttc,2018,240,q200,kg kg^-1,1.3080949792330958e-05,0.4652764921073995,365
fuxi,fuxi,sphere_ttc,2018,240,q300,kg kg^-1,0.00011125125740844559,0.4728209397349642,365
fuxi,fuxi,sphere_ttc,2018,240,q500,kg kg^-1,0.0006816674952688857,0.5090746141931639,365
fuxi,fuxi,sphere_ttc,2018,240,q700,kg kg^-1,0.0013270334060926903,0.47525753377634933,365
fuxi,fuxi,sphere_ttc,2018,240,q850,kg kg^-1,0.001537413696686648,0.43510065211032495,365
fuxi,fuxi,sphere_ttc,2018,240,q925,kg kg^-1,0.0013080422618661747,0.42691936129562963,365
fuxi,fuxi,sphere_ttc,2018,240,q1000,kg kg^-1,0.0014140380675900382,0.42432111928134947,365
fuxi,fuxi,sphere_ttc,2018,240,t50,K,2.2177933386791873,0.7096111170762419,365
fuxi,fuxi,sphere_ttc,2018,240,t100,K,2.2692809737834154,0.6889286405855986,365
fuxi,fuxi,sphere_ttc,2018,240,t200,K,2.8666126507209744,0.570404721268261,365
fuxi,fuxi,sphere_ttc,2018,240,t300,K,2.0139197153731256,0.56736828129326,365
fuxi,fuxi,sphere_ttc,2018,240,t500,K,2.5320259809258814,0.5548678760705987,365
fuxi,fuxi,sphere_ttc,2018,240,t700,K,2.570048948770055,0.5591948266617441,365
fuxi,fuxi,sphere_ttc,2018,240,t850,K,2.7879640562842476,0.5475380315743114,365
fuxi,fuxi,sphere_ttc,2018,240,t925,K,2.608827187640622,0.5297343038599931,365
fuxi,fuxi,sphere_ttc,2018,240,t1000,K,2.2838713041491503,0.5381694411551987,365
fuxi,fuxi,sphere_ttc,2018,240,u50,m s^-1,4.303523984424,0.8502325408570802,365
fuxi,fuxi,sphere_ttc,2018,240,u100,m s^-1,5.327973600355987,0.6738925982762719,365
fuxi,fuxi,sphere_ttc,2018,240,u200,m s^-1,9.088462458530639,0.6148814914818826,365
fuxi,fuxi,sphere_ttc,2018,240,u300,m s^-1,9.710195425563624,0.5594049702571365,365
fuxi,fuxi,sphere_ttc,2018,240,u500,m s^-1,6.739528946380017,0.5524646859242016,365
fuxi,fuxi,sphere_ttc,2018,240,u700,m s^-1,5.176288032100137,0.5434855562421697,365
fuxi,fuxi,sphere_ttc,2018,240,u850,m s^-1,4.6621366616291375,0.5009933412813111,365
fuxi,fuxi,sphere_ttc,2018,240,u925,m s^-1,4.5828691802543995,0.47443157738148295,365
fuxi,fuxi,sphere_ttc,2018,240,u1000,m s^-1,3.5913152891667712,0.4772997398992295,365
fuxi,fuxi,sphere_ttc,2018,240,v50,m s^-1,3.670201306300595,0.6623804726707867,365
fuxi,fuxi,sphere_ttc,2018,240,v100,m s^-1,5.076716990654483,0.5962461358935301,365
fuxi,fuxi,sphere_ttc,2018,240,v200,m s^-1,9.341022934241439,0.5152767228005083,365
fuxi,fuxi,sphere_ttc,2018,240,v300,m s^-1,9.8853151383532,0.47610302632824203,365
fuxi,fuxi,sphere_ttc,2018,240,v500,m s^-1,6.619774204320734,0.47715683484435883,365
fuxi,fuxi,sphere_ttc,2018,240,v700,m s^-1,4.93537250905219,0.4687326447822469,365
fuxi,fuxi,sphere_ttc,2018,240,v850,m s^-1,4.4076419065002055,0.4428171357023,365
fuxi,fuxi,sphere_ttc,2018,240,v925,m s^-1,4.491457324377218,0.4366423303791642,365
fuxi,fuxi,sphere_ttc,2018,240,v1000,m s^-1,3.637526654621368,0.44344251924456307,365
fuxi,fuxi,sphere_ttc,2018,240,u10,m s^-1,3.169664877411327,0.4784973376389061,365
fuxi,fuxi,sphere_ttc,2018,240,v10,m s^-1,3.1810047929343304,0.4414876439927803,365
fuxi,fuxi,sphere_ttc,2018,240,t2m,K,2.157784795432372,0.5393674423403496,365
fuxi,fuxi,sphere_ttc,2018,240,mslp,Pa,573.5613273138877,0.5595647910999672,365
fuxi,fuxi,sphere_ttc,2019,24,z50,m^2 s^-2,106.77691891242432,0.9963180248804195,365
fuxi,fuxi,sphere_ttc,2019,24,z100,m^2 s^-2,70.7361320064048,0.99750232987691,365
fuxi,fuxi,sphere_ttc,2019,24,z200,m^2 s^-2,81.77150818621851,0.9970730946386054,365
fuxi,fuxi,sphere_ttc,2019,24,z300,m^2 s^-2,90.107672858017,0.9965544053466323,365
fuxi,fuxi,sphere_ttc,2019,24,z500,m^2 s^-2,67.3015615267697,0.9964262635833444,365
fuxi,fuxi,sphere_ttc,2019,24,z700,m^2 s^-2,54.75770938975052,0.9959477435830804,365
fuxi,fuxi,sphere_ttc,2019,24,z850,m^2 s^-2,53.85479675387433,0.9950142204362414,365
fuxi,fuxi,sphere_ttc,2019,24,z925,m^2 s^-2,55.79499954051846,0.9945228985257497,365
fuxi,fuxi,sphere_ttc,2019,24,z1000,m^2 s^-2,59.426596841505955,0.9939854250164614,365
fuxi,fuxi,sphere_ttc,2019,24,q50,kg kg^-1,4.933944452183462e-07,0.1390260859068483,365
fuxi,fuxi,sphere_ttc,2019,24,q100,kg kg^-1,5.292250122480685e-07,0.5488819203457155,365
fuxi,fuxi,sphere_ttc,2019,24,q200,kg kg^-1,9.616238938650193e-06,0.8452047882095223,365
fuxi,fuxi,sphere_ttc,2019,24,q300,kg kg^-1,6.12212522015481e-05,0.901825912611138,365
fuxi,fuxi,sphere_ttc,2019,24,q500,kg kg^-1,0.0002816989274799847,0.9341360248460251,365
fuxi,fuxi,sphere_ttc,2019,24,q700,kg kg^-1,0.0005214826929405713,0.9370528423654884,365
fuxi,fuxi,sphere_ttc,2019,24,q850,kg kg^-1,0.0006985414819590867,0.9149183042418058,365
fuxi,fuxi,sphere_ttc,2019,24,q925,kg kg^-1,0.0006616572845396528,0.8931506598681982,365
fuxi,fuxi,sphere_ttc,2019,24,q1000,kg kg^-1,0.000760528939270953,0.8747001005009215,365
fuxi,fuxi,sphere_ttc,2019,24,t50,K,0.7180222669110584,0.9818567866372022,365
fuxi,fuxi,sphere_ttc,2019,24,t100,K,0.5405151053492588,0.9870950273177577,365
fuxi,fuxi,sphere_ttc,2019,24,t200,K,0.5008892269335244,0.9902934464614985,365
fuxi,fuxi,sphere_ttc,2019,24,t300,K,0.4167522942509448,0.9859994292943108,365
fuxi,fuxi,sphere_ttc,2019,24,t500,K,0.4325458148891588,0.9894286406207125,365
fuxi,fuxi,sphere_ttc,2019,24,t700,K,0.4779823706628202,0.9875426699394615,365
fuxi,fuxi,sphere_ttc,2019,24,t850,K,0.5967941189845697,0.9834438514836482,365
fuxi,fuxi,sphere_ttc,2019,24,t925,K,0.6049099348769528,0.9800361740539426,365
fuxi,fuxi,sphere_ttc,2019,24,t1000,K,0.6107944762950606,0.9734764110915181,365
fuxi,fuxi,sphere_ttc,2019,24,u50,m s^-1,1.227166515115711,0.9863353763117215,365
fuxi,fuxi,sphere_ttc,2019,24,u100,m s^-1,1.3191152283954446,0.9835906145401294,365
fuxi,fuxi,sphere_ttc,2019,24,u200,m s^-1,1.7895178356273735,0.9872427493702829,365
fuxi,fuxi,sphere_ttc,2019,24,u300,m s^-1,1.8370962764278616,0.9869233809042692,365
fuxi,fuxi,sphere_ttc,2019,24,u500,m s^-1,1.373245137111791,0.9845630372724509,365
fuxi,fuxi,sphere_ttc,2019,24,u700,m s^-1,1.1519402412215003,0.9815574122952367,365
fuxi,fuxi,sphere_ttc,2019,24,u850,m s^-1,1.073612235773616,0.9791025149866257,365
fuxi,fuxi,sphere_ttc,2019,24,u925,m s^-1,1.0131492985639237,0.9800894511018409,365
fuxi,fuxi,sphere_ttc,2019,24,u1000,m s^-1,0.7965768398197419,0.9800992353528418,365
fuxi,fuxi,sphere_ttc,2019,24,v50,m s^-1,1.0115975259551637,0.9756159775157772,365
fuxi,fuxi,sphere_ttc,2019,24,v100,m s^-1,1.2565763599446353,0.9798898283014582,365
fuxi,fuxi,sphere_ttc,2019,24,v200,m s^-1,1.8177716045695238,0.986292308531672,365
fuxi,fuxi,sphere_ttc,2019,24,v300,m s^-1,1.8830282854037084,0.9860373907691918,365
fuxi,fuxi,sphere_ttc,2019,24,v500,m s^-1,1.3763058959851704,0.983526492714524,365
fuxi,fuxi,sphere_ttc,2019,24,v700,m s^-1,1.1312473197483168,0.9798549052957216,365
fuxi,fuxi,sphere_ttc,2019,24,v850,m s^-1,1.0640654086595265,0.9767611112638211,365
fuxi,fuxi,sphere_ttc,2019,24,v925,m s^-1,1.0375347135106565,0.9785239023016439,365
fuxi,fuxi,sphere_ttc,2019,24,v1000,m s^-1,0.8334574548394557,0.9787892903956023,365
fuxi,fuxi,sphere_ttc,2019,24,u10,m s^-1,0.7183888951099459,0.9795684039132607,365
fuxi,fuxi,sphere_ttc,2019,24,v10,m s^-1,0.7443573578324649,0.9779984544415642,365
fuxi,fuxi,sphere_ttc,2019,24,t2m,K,0.7041817957402682,0.9601152314418221,365
fuxi,fuxi,sphere_ttc,2019,24,mslp,Pa,77.4759127583379,0.9936065928696445,365
fuxi,fuxi,sphere_ttc,2019,72,z50,m^2 s^-2,224.73140640465616,0.9835549957039155,365
fuxi,fuxi,sphere_ttc,2019,72,z100,m^2 s^-2,145.37401060409027,0.9893684596757663,365
fuxi,fuxi,sphere_ttc,2019,72,z200,m^2 s^-2,170.59103563618567,0.9871635984915044,365
fuxi,fuxi,sphere_ttc,2019,72,z300,m^2 s^-2,196.66886671415955,0.9834371170956479,365
fuxi,fuxi,sphere_ttc,2019,72,z500,m^2 s^-2,147.72532094719307,0.9825891708648874,365
fuxi,fuxi,sphere_ttc,2019,72,z700,m^2 s^-2,117.44064338893143,0.9811228736077953,365
fuxi,fuxi,sphere_ttc,2019,72,z850,m^2 s^-2,111.92702668596682,0.9781815238951732,365
fuxi,fuxi,sphere_ttc,2019,72,z925,m^2 s^-2,114.42868112613131,0.9766746017463505,365
fuxi,fuxi,sphere_ttc,2019,72,z1000,m^2 s^-2,119.41349723062132,0.97542005872523,365
fuxi,fuxi,sphere_ttc,2019,72,q50,kg kg^-1,6.867007577328532e-07,0.0596709982990062,365
fuxi,fuxi,sphere_ttc,2019,72,q100,kg kg^-1,7.106767527872285e-07,0.4138195466742982,365
fuxi,fuxi,sphere_ttc,2019,72,q200,kg kg^-1,1.0917580697041943e-05,0.7754949918923403,365
fuxi,fuxi,sphere_ttc,2019,72,q300,kg kg^-1,8.04333220041834e-05,0.817447122242029,365
fuxi,fuxi,sphere_ttc,2019,72,q500,kg kg^-1,0.00041181998188032803,0.8567653420265213,365
fuxi,fuxi,sphere_ttc,2019,72,q700,kg kg^-1,0.0007799051995382441,0.8558350337239778,365
fuxi,fuxi,sphere_ttc,2019,72,q850,kg kg^-1,0.0009820295502267053,0.8268387023293092,365
fuxi,fuxi,sphere_ttc,2019,72,q925,kg kg^-1,0.0008351538880206908,0.8261876547961062,365
fuxi,fuxi,sphere_ttc,2019,72,q1000,kg kg^-1,0.0009022991668475558,0.821933493556865,365
fuxi,fuxi,sphere_ttc,2019,72,t50,K,1.143149783254949,0.9530908299305408,365
fuxi,fuxi,sphere_ttc,2019,72,t100,K,0.8596720071329448,0.9669889349365761,365
fuxi,fuxi,sphere_ttc,2019,72,t200,K,0.9439939133696097,0.9651280344440358,365
fuxi,fuxi,sphere_ttc,2019,72,t300,K,0.7535388309249342,0.9535952941162729,365
fuxi,fuxi,sphere_ttc,2019,72,t500,K,0.8013012823225336,0.9633659708865541,365
fuxi,fuxi,sphere_ttc,2019,72,t700,K,0.8309011903864321,0.9620307434134414,365
fuxi,fuxi,sphere_ttc,2019,72,t850,K,0.9771602132924107,0.9553063588347709,365
fuxi,fuxi,sphere_ttc,2019,72,t925,K,0.9648093151789461,0.948826610951518,365
fuxi,fuxi,sphere_ttc,2019,72,t1000,K,0.9067198548489165,0.9412533267194206,365
fuxi,fuxi,sphere_ttc,2019,72,u50,m s^-1,1.9705089085845178,0.9642769559854946,365
fuxi,fuxi,sphere_ttc,2019,72,u100,m s^-1,2.035437855133962,0.960388888746204,365
fuxi,fuxi,sphere_ttc,2019,72,u200,m s^-1,3.0694022270413206,0.9619936532811303,365
fuxi,fuxi,sphere_ttc,2019,72,u300,m s^-1,3.4682344692158282,0.9528174695596011,365
fuxi,fuxi,sphere_ttc,2019,72,u500,m s^-1,2.5124451860526835,0.9475314368947494,365
fuxi,fuxi,sphere_ttc,2019,72,u700,m s^-1,2.0221194816055057,0.942154596015143,365
fuxi,fuxi,sphere_ttc,2019,72,u850,m s^-1,1.8940079867233526,0.9337332297112018,365
fuxi,fuxi,sphere_ttc,2019,72,u925,m s^-1,1.8401155766321162,0.9331401260017037,365
fuxi,fuxi,sphere_ttc,2019,72,u1000,m s^-1,1.4303789683823684,0.9348009852889785,365
fuxi,fuxi,sphere_ttc,2019,72,v50,m s^-1,1.52884541483955,0.9432834808914924,365
fuxi,fuxi,sphere_ttc,2019,72,v100,m s^-1,1.8617255019968726,0.9552869004753917,365
fuxi,fuxi,sphere_ttc,2019,72,v200,m s^-1,3.056669379157542,0.9607768337579097,365
fuxi,fuxi,sphere_ttc,2019,72,v300,m s^-1,3.4042627595350186,0.9537616252985188,365
fuxi,fuxi,sphere_ttc,2019,72,v500,m s^-1,2.4113990983710103,0.9485725710261133,365
fuxi,fuxi,sphere_ttc,2019,72,v700,m s^-1,1.9186704304137974,0.9409006832157825,365
fuxi,fuxi,sphere_ttc,2019,72,v850,m s^-1,1.795681722545281,0.9324503339257137,365
fuxi,fuxi,sphere_ttc,2019,72,v925,m s^-1,1.7882175623401713,0.9350190346207324,365
fuxi,fuxi,sphere_ttc,2019,72,v1000,m s^-1,1.4276619218931133,0.936728207355516,365
fuxi,fuxi,sphere_ttc,2019,72,u10,m s^-1,1.2929233346812607,0.9327241050534897,365
fuxi,fuxi,sphere_ttc,2019,72,v10,m s^-1,1.2809534274501584,0.9337397065737454,365
fuxi,fuxi,sphere_ttc,2019,72,t2m,K,0.9652859482497155,0.9249993221089022,365
fuxi,fuxi,sphere_ttc,2019,72,mslp,Pa,154.1077327211734,0.9744005141418963,365
fuxi,fuxi,sphere_ttc,2019,120,z50,m^2 s^-2,335.1142216639422,0.962869301791157,365
fuxi,fuxi,sphere_ttc,2019,120,z100,m^2 s^-2,254.91731794365327,0.9668265845074561,365
fuxi,fuxi,sphere_ttc,2019,120,z200,m^2 s^-2,337.64395170166927,0.9486730961695707,365
fuxi,fuxi,sphere_ttc,2019,120,z300,m^2 s^-2,391.10468894954704,0.9330487856557291,365
fuxi,fuxi,sphere_ttc,2019,120,z500,m^2 s^-2,291.6632940709283,0.9306032296208735,365
fuxi,fuxi,sphere_ttc,2019,120,z700,m^2 s^-2,226.67213851664457,0.927970763330851,365
fuxi,fuxi,sphere_ttc,2019,120,z850,m^2 s^-2,212.7995850409995,0.9190277667363295,365
fuxi,fuxi,sphere_ttc,2019,120,z925,m^2 s^-2,216.4052076096254,0.9142789848118342,365
fuxi,fuxi,sphere_ttc,2019,120,z1000,m^2 s^-2,224.65779078691787,0.910574343896201,365
fuxi,fuxi,sphere_ttc,2019,120,q50,kg kg^-1,8.438192472231553e-07,0.05092946707397032,365
fuxi,fuxi,sphere_ttc,2019,120,q100,kg kg^-1,7.689968033580366e-07,0.3683140276151951,365
fuxi,fuxi,sphere_ttc,2019,120,q200,kg kg^-1,1.161743462199329e-05,0.7077825241559416,365
fuxi,fuxi,sphere_ttc,2019,120,q300,kg kg^-1,9.209180096984363e-05,0.7310648129178068,365
fuxi,fuxi,sphere_ttc,2019,120,q500,kg kg^-1,0.0005144644442537575,0.7663556550334464,365
fuxi,fuxi,sphere_ttc,2019,120,q700,kg kg^-1,0.0009903653811808477,0.7564675379414512,365
fuxi,fuxi,sphere_ttc,2019,120,q850,kg kg^-1,0.001198219033015232,0.7272855477239744,365
fuxi,fuxi,sphere_ttc,2019,120,q925,kg kg^-1,0.0009895623666573412,0.7429204934544024,365
fuxi,fuxi,sphere_ttc,2019,120,q1000,kg kg^-1,0.001039254032889213,0.7506074960795256,365
fuxi,fuxi,sphere_ttc,2019,120,t50,K,1.4582820157255736,0.9217352533548019,365
fuxi,fuxi,sphere_ttc,2019,120,t100,K,1.2211845245520956,0.9320053243315678,365
fuxi,fuxi,sphere_ttc,2019,120,t200,K,1.6046755417183098,0.8966868720412661,365
fuxi,fuxi,sphere_ttc,2019,120,t300,K,1.1736634847777516,0.8836012216564627,365
fuxi,fuxi,sphere_ttc,2019,120,t500,K,1.3591519780229002,0.8914588092735206,365
fuxi,fuxi,sphere_ttc,2019,120,t700,K,1.376218504083079,0.8927620612691199,365
fuxi,fuxi,sphere_ttc,2019,120,t850,K,1.5356968579192942,0.8862614897485055,365
fuxi,fuxi,sphere_ttc,2019,120,t925,K,1.484718652837138,0.8748145646654196,365
fuxi,fuxi,sphere_ttc,2019,120,t1000,K,1.3385542556032166,0.8685222862081173,365
fuxi,fuxi,sphere_ttc,2019,120,u50,m s^-1,2.5964942385480994,0.9368089939050396,365
fuxi,fuxi,sphere_ttc,2019,120,u100,m s^-1,2.8704056892364154,0.9195441087826784,365
fuxi,fuxi,sphere_ttc,2019,120,u200,m s^-1,4.8080151986598,0.9042680851970671,365
fuxi,fuxi,sphere_ttc,2019,120,u300,m s^-1,5.617615684018903,0.871904872197458,365
fuxi,fuxi,sphere_ttc,2019,120,u500,m s^-1,3.9653004328987955,0.864467186406045,365
fuxi,fuxi,sphere_ttc,2019,120,u700,m s^-1,3.1124933791626628,0.857718516206647,365
fuxi,fuxi,sphere_ttc,2019,120,u850,m s^-1,2.906858144196852,0.8370387886887288,365
fuxi,fuxi,sphere_ttc,2019,120,u925,m s^-1,2.8722178465521573,0.8290896676747553,365
fuxi,fuxi,sphere_ttc,2019,120,u1000,m s^-1,2.2250859438746726,0.83457118213351,365
fuxi,fuxi,sphere_ttc,2019,120,v50,m s^-1,2.0007805168388555,0.900447686839641,365
fuxi,fuxi,sphere_ttc,2019,120,v100,m s^-1,2.6452863538556612,0.9075884085547786,365
fuxi,fuxi,sphere_ttc,2019,120,v200,m s^-1,4.86398919365971,0.8977406535419333,365
fuxi,fuxi,sphere_ttc,2019,120,v300,m s^-1,5.594439523981614,0.8703831734088981,365
fuxi,fuxi,sphere_ttc,2019,120,v500,m s^-1,3.8753672443889764,0.861725204638858,365
fuxi,fuxi,sphere_ttc,2019,120,v700,m s^-1,2.990833268786363,0.8504115304210578,365
fuxi,fuxi,sphere_ttc,2019,120,v850,m s^-1,2.7774538959113926,0.8310160157061065,365
fuxi,fuxi,sphere_ttc,2019,120,v925,m s^-1,2.813030059427509,0.8316177644983428,365
fuxi,fuxi,sphere_ttc,2019,120,v1000,m s^-1,2.232967996883299,0.8383897161380309,365
fuxi,fuxi,sphere_ttc,2019,120,u10,m s^-1,2.000132862505113,0.8302878214116705,365
fuxi,fuxi,sphere_ttc,2019,120,v10,m s^-1,1.994849785511888,0.8307300506264881,365
fuxi,fuxi,sphere_ttc,2019,120,t2m,K,1.3282288237019555,0.8539288008722408,365
fuxi,fuxi,sphere_ttc,2019,120,mslp,Pa,286.4411306333173,0.9090201776878369,365
fuxi,fuxi,sphere_ttc,2019,168,z50,m^2 s^-2,463.3152187210609,0.9278245380706179,365
fuxi,fuxi,sphere_ttc,2019,168,z100,m^2 s^-2,402.59393481330403,0.9150593215765357,365
fuxi,fuxi,sphere_ttc,2019,168,z200,m^2 s^-2,538.5551960048623,0.8637148057643387,365
fuxi,fuxi,sphere_ttc,2019,168,z300,m^2 s^-2,600.3124372740335,0.8341121222669986,365
fuxi,fuxi,sphere_ttc,2019,168,z500,m^2 s^-2,444.53542681970123,0.8303122740440241,365
fuxi,fuxi,sphere_ttc,2019,168,z700,m^2 s^-2,344.1979570643328,0.824846768470504,365
fuxi,fuxi,sphere_ttc,2019,168,z850,m^2 s^-2,317.5672789991511,0.8089103517233572,365
fuxi,fuxi,sphere_ttc,2019,168,z925,m^2 s^-2,320.06624789156314,0.8008022417798292,365
fuxi,fuxi,sphere_ttc,2019,168,z1000,m^2 s^-2,330.3126712004326,0.7943527191725792,365
fuxi,fuxi,sphere_ttc,2019,168,q50,kg kg^-1,1.0480563221372978e-06,0.05165807463433435,365
fuxi,fuxi,sphere_ttc,2019,168,q100,kg kg^-1,7.952086813462227e-07,0.3346889301563884,365
fuxi,fuxi,sphere_ttc,2019,168,q200,kg kg^-1,1.2362803886083275e-05,0.6258126733963777,365
fuxi,fuxi,sphere_ttc,2019,168,q300,kg kg^-1,0.00010078131812361488,0.6406719600432287,365
fuxi,fuxi,sphere_ttc,2019,168,q500,kg kg^-1,0.0005893427976870662,0.6724620005099967,365
fuxi,fuxi,sphere_ttc,2019,168,q700,kg kg^-1,0.0011501021897047839,0.6485833389420119,365
fuxi,fuxi,sphere_ttc,2019,168,q850,kg kg^-1,0.001371752639572195,0.6154241428041702,365
fuxi,fuxi,sphere_ttc,2019,168,q925,kg kg^-1,0.0011390182030637048,0.633071070471081,365
fuxi,fuxi,sphere_ttc,2019,168,q1000,kg kg^-1,0.0012005855497320128,0.6370429335237965,365
fuxi,fuxi,sphere_ttc,2019,168,t50,K,1.7444108969506364,0.8849250025845932,365
fuxi,fuxi,sphere_ttc,2019,168,t100,K,1.6339225509670683,0.8746692171507618,365
fuxi,fuxi,sphere_ttc,2019,168,t200,K,2.2094901104342086,0.7943460656553825,365
fuxi,fuxi,sphere_ttc,2019,168,t300,K,1.546287336421806,0.7863273805143924,365
fuxi,fuxi,sphere_ttc,2019,168,t500,K,1.890683680733283,0.7758462284621183,365
fuxi,fuxi,sphere_ttc,2019,168,t700,K,1.9165114978772728,0.7788812830999349,365
fuxi,fuxi,sphere_ttc,2019,168,t850,K,2.104335987262041,0.7731065617834577,365
fuxi,fuxi,sphere_ttc,2019,168,t925,K,1.9976333115171916,0.7579948720421965,365
fuxi,fuxi,sphere_ttc,2019,168,t1000,K,1.7590634702863728,0.7575112302481891,365
fuxi,fuxi,sphere_ttc,2019,168,u50,m s^-1,3.2778800515466004,0.896808853241489,365
fuxi,fuxi,sphere_ttc,2019,168,u100,m s^-1,3.864182166123029,0.8485367547145964,365
fuxi,fuxi,sphere_ttc,2019,168,u200,m s^-1,6.599516505357837,0.8098842436632365,365
fuxi,fuxi,sphere_ttc,2019,168,u300,m s^-1,7.421176741864036,0.7607337535853816,365
fuxi,fuxi,sphere_ttc,2019,168,u500,m s^-1,5.19287801982895,0.7508693129191899,365
fuxi,fuxi,sphere_ttc,2019,168,u700,m s^-1,4.0447368336741025,0.742143700259675,365
fuxi,fuxi,sphere_ttc,2019,168,u850,m s^-1,3.729290084059707,0.7096478573023925,365
fuxi,fuxi,sphere_ttc,2019,168,u925,m s^-1,3.6921076641235477,0.6927684714494042,365
fuxi,fuxi,sphere_ttc,2019,168,u1000,m s^-1,2.8839184111278042,0.6986976684975613,365
fuxi,fuxi,sphere_ttc,2019,168,v50,m s^-1,2.6073650410083813,0.8246318997004582,365
fuxi,fuxi,sphere_ttc,2019,168,v100,m s^-1,3.6575892293322285,0.8140631049125178,365
fuxi,fuxi,sphere_ttc,2019,168,v200,m s^-1,6.869515866007215,0.7822236153001786,365
fuxi,fuxi,sphere_ttc,2019,168,v300,m s^-1,7.608594158373653,0.7408457349310105,365
fuxi,fuxi,sphere_ttc,2019,168,v500,m s^-1,5.187657069214331,0.7320166309078882,365
fuxi,fuxi,sphere_ttc,2019,168,v700,m s^-1,3.9343920879737335,0.7192504809401494,365
fuxi,fuxi,sphere_ttc,2019,168,v850,m s^-1,3.5875399619130826,0.6916040756399574,365
fuxi,fuxi,sphere_ttc,2019,168,v925,m s^-1,3.6591142596445905,0.6877504129258551,365
fuxi,fuxi,sphere_ttc,2019,168,v1000,m s^-1,2.9362031731911244,0.6956629892013437,365
fuxi,fuxi,sphere_ttc,2019,168,u10,m s^-1,2.568255047684313,0.6964557305324628,365
fuxi,fuxi,sphere_ttc,2019,168,v10,m s^-1,2.5850222820458657,0.6900059064142459,365
fuxi,fuxi,sphere_ttc,2019,168,t2m,K,1.6814095794134962,0.7495370657240424,365
fuxi,fuxi,sphere_ttc,2019,168,mslp,Pa,418.55606283952693,0.7931771303147357,365
fuxi,fuxi,sphere_ttc,2019,240,z50,m^2 s^-2,639.0830774980271,0.8579507649246211,365
fuxi,fuxi,sphere_ttc,2019,240,z100,m^2 s^-2,602.1782047199367,0.7986083392043819,365
fuxi,fuxi,sphere_ttc,2019,240,z200,m^2 s^-2,781.8602942289504,0.6843105672880415,365
fuxi,fuxi,sphere_ttc,2019,240,z300,m^2 s^-2,838.5550339925499,0.6421265061757866,365
fuxi,fuxi,sphere_ttc,2019,240,z500,m^2 s^-2,616.7423175166055,0.639341307062027,365
fuxi,fuxi,sphere_ttc,2019,240,z700,m^2 s^-2,473.57422788309384,0.633151505490459,365
fuxi,fuxi,sphere_ttc,2019,240,z850,m^2 s^-2,429.26830382584797,0.611971846136505,365
fuxi,fuxi,sphere_ttc,2019,240,z925,m^2 s^-2,429.7975648946648,0.5996894336152077,365
fuxi,fuxi,sphere_ttc,2019,240,z1000,m^2 s^-2,441.3692260293956,0.5900480174210434,365
fuxi,fuxi,sphere_ttc,2019,240,q50,kg kg^-1,1.3085435312556958e-06,0.049871106549810286,365
fuxi,fuxi,sphere_ttc,2019,240,q100,kg kg^-1,8.486633185392045e-07,0.2784888344863293,365
fuxi,fuxi,sphere_ttc,2019,240,q200,kg kg^-1,1.365124444042623e-05,0.48846691307533013,365
fuxi,fuxi,sphere_ttc,2019,240,q300,kg kg^-1,0.00011376272102921947,0.48931455739034646,365
fuxi,fuxi,sphere_ttc,2019,240,q500,kg kg^-1,0.000684586632738088,0.5198548817769834,365
fuxi,fuxi,sphere_ttc,2019,240,q700,kg kg^-1,0.0013352497979494187,0.4816511424570177,365
fuxi,fuxi,sphere_ttc,2019,240,q850,kg kg^-1,0.001567435730131197,0.44750819407664394,365
fuxi,fuxi,sphere_ttc,2019,240,q925,kg kg^-1,0.0013248989595581238,0.45704820652670425,365
fuxi,fuxi,sphere_ttc,2019,240,q1000,kg kg^-1,0.0014180989751436917,0.44424641847783675,365
fuxi,fuxi,sphere_ttc,2019,240,t50,K,2.08528799410276,0.8286365142861855,365
fuxi,fuxi,sphere_ttc,2019,240,t100,K,2.1532372566737523,0.7707719193129069,365
fuxi,fuxi,sphere_ttc,2019,240,t200,K,2.823406992158823,0.6347563818793402,365
fuxi,fuxi,sphere_ttc,2019,240,t300,K,1.998281939900722,0.6071145605493703,365
fuxi,fuxi,sphere_ttc,2019,240,t500,K,2.471130336009724,0.5731087591083011,365
fuxi,fuxi,sphere_ttc,2019,240,t700,K,2.5172485509458293,0.5755003128382405,365
fuxi,fuxi,sphere_ttc,2019,240,t850,K,2.7429598526737364,0.5716815675715917,365
fuxi,fuxi,sphere_ttc,2019,240,t925,K,2.5683710065914376,0.5554685673951657,365
fuxi,fuxi,sphere_ttc,2019,240,t1000,K,2.2430971924429923,0.5673277991700469,365
fuxi,fuxi,sphere_ttc,2019,240,u50,m s^-1,4.149852574536742,0.8275873121126778,365
fuxi,fuxi,sphere_ttc,2019,240,u100,m s^-1,5.170029891546194,0.7097521935453563,365
fuxi,fuxi,sphere_ttc,2019,240,u200,m s^-1,8.75411140254807,0.6348263472021634,365
fuxi,fuxi,sphere_ttc,2019,240,u300,m s^-1,9.416591599254188,0.5745607696399715,365
fuxi,fuxi,sphere_ttc,2019,240,u500,m s^-1,6.54996703356096,0.5602209684840636,365
fuxi,fuxi,sphere_ttc,2019,240,u700,m s^-1,5.062806580123156,0.5521847809327366,365
fuxi,fuxi,sphere_ttc,2019,240,u850,m s^-1,4.567810694451179,0.5133894370310785,365
fuxi,fuxi,sphere_ttc,2019,240,u925,m s^-1,4.481611406117066,0.49060170292898253,365
fuxi,fuxi,sphere_ttc,2019,240,u1000,m s^-1,3.515006290983868,0.49562309384583697,365
fuxi,fuxi,sphere_ttc,2019,240,v50,m s^-1,3.455475780966706,0.6691000692267073,365
fuxi,fuxi,sphere_ttc,2019,240,v100,m s^-1,4.987790686050431,0.6147450957621238,365
fuxi,fuxi,sphere_ttc,2019,240,v200,m s^-1,9.132458227307023,0.563732586261835,365
fuxi,fuxi,sphere_ttc,2019,240,v300,m s^-1,9.716734042979375,0.5175324336010972,365
fuxi,fuxi,sphere_ttc,2019,240,v500,m s^-1,6.547899609242615,0.514103251956425,365
fuxi,fuxi,sphere_ttc,2019,240,v700,m s^-1,4.901648153963369,0.5053666524822483,365
fuxi,fuxi,sphere_ttc,2019,240,v850,m s^-1,4.382708134646411,0.47518946800702955,365
fuxi,fuxi,sphere_ttc,2019,240,v925,m s^-1,4.463761271664247,0.467776424987111,365
fuxi,fuxi,sphere_ttc,2019,240,v1000,m s^-1,3.601271609203653,0.47469686053186294,365
fuxi,fuxi,sphere_ttc,2019,240,u10,m s^-1,3.111952208277241,0.4982761619762756,365
fuxi,fuxi,sphere_ttc,2019,240,v10,m s^-1,3.1553077736933632,0.47088726391144287,365
fuxi,fuxi,sphere_ttc,2019,240,t2m,K,2.118618292801163,0.5673250755994479,365
fuxi,fuxi,sphere_ttc,2019,240,mslp,Pa,557.3473347009813,0.5900030507944132,365
pangu,pangu,raw,2018,24,z50,m^2 s^-2,98.77390401723672,0.995574184957086,365
pangu,pangu,raw,2018,24,z100,m^2 s^-2,73.38992356889321,0.9966799719380723,365
pangu,pangu,raw,2018,24,z200,m^2 s^-2,93.95768334538612,0.9959262841472539,365
pangu,pangu,raw,2018,24,z300,m^2 s^-2,106.28645003928862,0.995149058281112,365
pangu,pangu,raw,2018,24,z500,m^2 s^-2,78.03317726325918,0.9951663941759408,365
pangu,pangu,raw,2018,24,z700,m^2 s^-2,61.738130367094165,0.9948107351032098,365
pangu,pangu,raw,2018,24,z850,m^2 s^-2,60.08317558419537,0.9937799932712026,365
pangu,pangu,raw,2018,24,z925,m^2 s^-2,62.03490197813187,0.9932336347422565,365
pangu,pangu,raw,2018,24,z1000,m^2 s^-2,65.47042530734022,0.9927024266695331,365
pangu,pangu,raw,2018,24,q50,kg kg^-1,6.75918364628575e-08,0.8406217810518509,365
pangu,pangu,raw,2018,24,q100,kg kg^-1,1.385984920895966e-07,0.9274733359905125,365
pangu,pangu,raw,2018,24,q200,kg kg^-1,6.1302914611244645e-06,0.8953182227885252,365
pangu,pangu,raw,2018,24,q300,kg kg^-1,4.997151510672299e-05,0.9148415536639292,365
pangu,pangu,raw,2018,24,q500,kg kg^-1,0.00027504881137837243,0.9355595581372368,365
pangu,pangu,raw,2018,24,q700,kg kg^-1,0.0005197979812226875,0.9373227655789176,365
pangu,pangu,raw,2018,24,q850,kg kg^-1,0.0006518275054257163,0.9222346687786731,365
pangu,pangu,raw,2018,24,q925,kg kg^-1,0.0005043345365573965,0.9301427781864214,365
pangu,pangu,raw,2018,24,q1000,kg kg^-1,0.00042092587220358887,0.9549143574614658,365
pangu,pangu,raw,2018,24,t50,K,0.6419805218106377,0.9770378065882898,365
pangu,pangu,raw,2018,24,t100,K,0.5339567661779085,0.984566303411106,365
pangu,pangu,raw,2018,24,t200,K,0.5415880137810473,0.9874021190907967,365
pangu,pangu,raw,2018,24,t300,K,0.42914352197096106,0.983996968282616,365
pangu,pangu,raw,2018,24,t500,K,0.46888542531358257,0.9878085462287671,365
pangu,pangu,raw,2018,24,t700,K,0.5062049613358178,0.9862219480460612,365
pangu,pangu,raw,2018,24,t850,K,0.6284837834343089,0.9815528040151157,365
pangu,pangu,raw,2018,24,t925,K,0.6164735990241303,0.9792226021337972,365
pangu,pangu,raw,2018,24,t1000,K,0.6182089918904283,0.972928597712033,365
pangu,pangu,raw,2018,24,u50,m s^-1,1.0782980115313665,0.9910408602384071,365
pangu,pangu,raw,2018,24,u100,m s^-1,1.2980237392089942,0.9829303311036388,365
pangu,pangu,raw,2018,24,u200,m s^-1,1.8365663806573453,0.9869949906933898,365
pangu,pangu,raw,2018,24,u300,m s^-1,1.938957716669688,0.9860031611269655,365
pangu,pangu,raw,2018,24,u500,m s^-1,1.438394721897622,0.9838300401578676,365
pangu,pangu,raw,2018,24,u700,m s^-1,1.2056390169253792,0.9804336874698767,365
pangu,pangu,raw,2018,24,u850,m s^-1,1.1427382281278713,0.9769664364368287,365
pangu,pangu,raw,2018,24,u925,m s^-1,1.0802105571525913,0.9780008919154989,365
pangu,pangu,raw,2018,24,u1000,m s^-1,0.8527320750953569,0.9776414744624938,365
pangu,pangu,raw,2018,24,v50,m s^-1,0.9579273164010582,0.9803555878101172,365
pangu,pangu,raw,2018,24,v100,m s^-1,1.2575510169168818,0.9795837276070569,365
pangu,pangu,raw,2018,24,v200,m s^-1,1.9470918329690363,0.9836882045421669,365
pangu,pangu,raw,2018,24,v300,m s^-1,2.073004022540053,0.9826696764824608,365
pangu,pangu,raw,2018,24,v500,m s^-1,1.4915133671293321,0.9799942677386019,365
pangu,pangu,raw,2018,24,v700,m s^-1,1.2141045679686244,0.9757843585935327,365
pangu,pangu,raw,2018,24,v850,m s^-1,1.154848336947314,0.9717022641886981,365
pangu,pangu,raw,2018,24,v925,m s^-1,1.126032756239886,0.9740159345444172,365
pangu,pangu,raw,2018,24,v1000,m s^-1,0.9073997982521925,0.9743003543985963,365
pangu,pangu,raw,2018,24,u10,m s^-1,0.7668830305730674,0.9770249996184107,365
pangu,pangu,raw,2018,24,v10,m s^-1,0.8092103314967857,0.9735001280323111,365
pangu,pangu,raw,2018,24,t2m,K,0.6464756891208382,0.9666320390743481,365
pangu,pangu,raw,2018,24,mslp,Pa,83.36163994127413,0.9926177895864736,365
pangu,pangu,raw,2018,72,z50,m^2 s^-2,192.89146406181072,0.9832183226523143,365
pangu,pangu,raw,2018,72,z100,m^2 s^-2,136.0946404031313,0.9885945326151007,365
pangu,pangu,raw,2018,72,z200,m^2 s^-2,174.31032388915108,0.986005321546088,365
pangu,pangu,raw,2018,72,z300,m^2 s^-2,203.54998782578795,0.9822267899768449,365
pangu,pangu,raw,2018,72,z500,m^2 s^-2,152.19600128150137,0.9815857317752132,365
pangu,pangu,raw,2018,72,z700,m^2 s^-2,120.23084399883811,0.9802604888956539,365
pangu,pangu,raw,2018,72,z850,m^2 s^-2,115.34719857904763,0.9769990533504502,365
pangu,pangu,raw,2018,72,z925,m^2 s^-2,118.39884878232327,0.9752834370436533,365
pangu,pangu,raw,2018,72,z1000,m^2 s^-2,124.02990906761933,0.9737427500286977,365
pangu,pangu,raw,2018,72,q50,kg kg^-1,9.217127527525548e-08,0.7040658147003755,365
pangu,pangu,raw,2018,72,q100,kg kg^-1,1.9577415190808812e-07,0.8514207006364986,365
pangu,pangu,raw,2018,72,q200,kg kg^-1,8.572715436748871e-06,0.796854232118604,365
pangu,pangu,raw,2018,72,q300,kg kg^-1,7.443556515238304e-05,0.8166202330085859,365
pangu,pangu,raw,2018,72,q500,kg kg^-1,0.00042405886664968187,0.8483941562566524,365
pangu,pangu,raw,2018,72,q700,kg kg^-1,0.0008070931938795775,0.8500164965349243,365
pangu,pangu,raw,2018,72,q850,kg kg^-1,0.0009613777469959069,0.8321465411231368,365
pangu,pangu,raw,2018,72,q925,kg kg^-1,0.0007056740274473033,0.863964222357478,365
pangu,pangu,raw,2018,72,q1000,kg kg^-1,0.0005957762211462888,0.9101670438096081,365
pangu,pangu,raw,2018,72,t50,K,0.995303561405791,0.9448767037073681,365
pangu,pangu,raw,2018,72,t100,K,0.8061160346030393,0.9649788987881781,365
pangu,pangu,raw,2018,72,t200,K,0.9396810636476303,0.9619425601145868,365
pangu,pangu,raw,2018,72,t300,K,0.7603993522907204,0.9500364839161909,365
pangu,pangu,raw,2018,72,t500,K,0.8280436003772099,0.9620432871292254,365
pangu,pangu,raw,2018,72,t700,K,0.8633805046417427,0.9598306746525804,365
pangu,pangu,raw,2018,72,t850,K,1.017698495295228,0.9515809167468746,365
pangu,pangu,raw,2018,72,t925,K,1.0026019779695623,0.9448738522649273,365
pangu,pangu,raw,2018,72,t1000,K,0.9597538376638584,0.9345171416699039,365
pangu,pangu,raw,2018,72,u50,m s^-1,1.7038463706813918,0.9775269751470613,365
pangu,pangu,raw,2018,72,u100,m s^-1,1.9177852958692123,0.9627404891196036,365
pangu,pangu,raw,2018,72,u200,m s^-1,3.114576026112264,0.9628453606757846,365
pangu,pangu,raw,2018,72,u300,m s^-1,3.561374116936105,0.9529874281591164,365
pangu,pangu,raw,2018,72,u500,m s^-1,2.569848185277886,0.9481795046069922,365
pangu,pangu,raw,2018,72,u700,m s^-1,2.063878127782483,0.9422224391369743,365
pangu,pangu,raw,2018,72,u850,m s^-1,1.951310326917423,0.9323549328655998,365
pangu,pangu,raw,2018,72,u925,m s^-1,1.904382715721732,0.9312198369852077,365
pangu,pangu,raw,2018,72,u1000,m s^-1,1.4829161266992172,0.9319457119516742,365
pangu,pangu,raw,2018,72,v50,m s^-1,1.3709522961165888,0.9597224077595938,365
pangu,pangu,raw,2018,72,v100,m s^-1,1.7693353454476162,0.9594601236997228,365
pangu,pangu,raw,2018,72,v200,m s^-1,3.127543111816267,0.9579456713634436,365
pangu,pangu,raw,2018,72,v300,m s^-1,3.5096171494601793,0.9502794679764887,365
pangu,pangu,raw,2018,72,v500,m s^-1,2.479453354575116,0.9444058096557787,365
pangu,pangu,raw,2018,72,v700,m s^-1,1.9654949207416614,0.9359238790982005,365
pangu,pangu,raw,2018,72,v850,m s^-1,1.8575886552663525,0.9260930610544005,365
pangu,pangu,raw,2018,72,v925,m s^-1,1.8546853330819884,0.9290289997762807,365
pangu,pangu,raw,2018,72,v1000,m s^-1,1.4869815376713769,0.9306305458751466,365
pangu,pangu,raw,2018,72,u10,m s^-1,1.3422553226998042,0.9290642570424504,365
pangu,pangu,raw,2018,72,v10,m s^-1,1.3358225005230147,0.9272970137038059,365
pangu,pangu,raw,2018,72,t2m,K,0.9648653896330255,0.9253759748738433,365
pangu,pangu,raw,2018,72,mslp,Pa,157.84131250609664,0.9734741247086536,365
pangu,pangu,raw,2018,120,z50,m^2 s^-2,305.82089748285966,0.9581119510674686,365
pangu,pangu,raw,2018,120,z100,m^2 s^-2,259.91869628050193,0.9583642491989033,365
pangu,pangu,raw,2018,120,z200,m^2 s^-2,354.8734333423804,0.9418394779618973,365
pangu,pangu,raw,2018,120,z300,m^2 s^-2,413.60640187512695,0.9264013182508088,365
pangu,pangu,raw,2018,120,z500,m^2 s^-2,308.0658754647391,0.9242285308135573,365
pangu,pangu,raw,2018,120,z700,m^2 s^-2,240.08323288283296,0.9208158891924878,365
pangu,pangu,raw,2018,120,z850,m^2 s^-2,226.19195586707454,0.9109998192731047,365
pangu,pangu,raw,2018,120,z925,m^2 s^-2,230.6127753191721,0.9057069436523988,365
pangu,pangu,raw,2018,120,z1000,m^2 s^-2,239.52639285145906,0.9015549283499261,365
pangu,pangu,raw,2018,120,q50,kg kg^-1,1.0836197165505951e-07,0.6072328691385291,365
pangu,pangu,raw,2018,120,q100,kg kg^-1,2.3964359755309903e-07,0.7731589712392339,365
pangu,pangu,raw,2018,120,q200,kg kg^-1,1.0412593529008047e-05,0.6974481745097159,365
pangu,pangu,raw,2018,120,q300,kg kg^-1,9.335608081957566e-05,0.7082925095721044,365
pangu,pangu,raw,2018,120,q500,kg kg^-1,0.000560934411759281,0.7352707396431467,365
pangu,pangu,raw,2018,120,q700,kg kg^-1,0.0010780453795555262,0.7325793689433956,365
pangu,pangu,raw,2018,120,q850,kg kg^-1,0.0012513918413143436,0.7155605993812356,365
pangu,pangu,raw,2018,120,q925,kg kg^-1,0.0009234051842007767,0.7675381297194085,365
pangu,pangu,raw,2018,120,q1000,kg kg^-1,0.0008173733557028628,0.8310976825328109,365
pangu,pangu,raw,2018,120,t50,K,1.2681435532473586,0.9109836811752049,365
pangu,pangu,raw,2018,120,t100,K,1.1861740936985636,0.9245323012565769,365
pangu,pangu,raw,2018,120,t200,K,1.6547048403375497,0.8813466657986013,365
pangu,pangu,raw,2018,120,t300,K,1.2307544393351386,0.8690555914794972,365
pangu,pangu,raw,2018,120,t500,K,1.4575670705885968,0.8823572264948101,365
pangu,pangu,raw,2018,120,t700,K,1.480714241119149,0.881571324434505,365
pangu,pangu,raw,2018,120,t850,K,1.6539174666692598,0.8718638415268124,365
pangu,pangu,raw,2018,120,t925,K,1.6031991988049816,0.8586413769554012,365
pangu,pangu,raw,2018,120,t1000,K,1.4666289055345834,0.8469672156702722,365
pangu,pangu,raw,2018,120,u50,m s^-1,2.342043162721667,0.9572999228320453,365
pangu,pangu,raw,2018,120,u100,m s^-1,2.7869241014709543,0.9213534930455063,365
pangu,pangu,raw,2018,120,u200,m s^-1,5.068354622996756,0.9016723739861133,365
pangu,pangu,raw,2018,120,u300,m s^-1,6.020882671979956,0.8656438759880057,365
pangu,pangu,raw,2018,120,u500,m s^-1,4.248732231275877,0.8576457326687438,365
pangu,pangu,raw,2018,120,u700,m s^-1,3.3237553162082625,0.8487922107343675,365
pangu,pangu,raw,2018,120,u850,m s^-1,3.143277473481285,0.8228365924845197,365
pangu,pangu,raw,2018,120,u925,m s^-1,3.137730190787364,0.8118308145225405,365
pangu,pangu,raw,2018,120,u1000,m s^-1,2.4282657482895322,0.8161515485117574,365
pangu,pangu,raw,2018,120,v50,m s^-1,1.9184611031643857,0.9207168824375087,365
pangu,pangu,raw,2018,120,v100,m s^-1,2.6329831325268835,0.9097015128795432,365
pangu,pangu,raw,2018,120,v200,m s^-1,5.127006448729956,0.8862976082601405,365
pangu,pangu,raw,2018,120,v300,m s^-1,5.9615060366428185,0.8558486985497141,365
pangu,pangu,raw,2018,120,v500,m s^-1,4.121732125358528,0.845208804509079,365
pangu,pangu,raw,2018,120,v700,m s^-1,3.166608104448505,0.8317958828616283,365
pangu,pangu,raw,2018,120,v850,m s^-1,2.9613545520648263,0.8101886820048094,365
pangu,pangu,raw,2018,120,v925,m s^-1,3.0173874446819435,0.8105173097034429,365
pangu,pangu,raw,2018,120,v1000,m s^-1,2.406584389238952,0.8170258507656845,365
pangu,pangu,raw,2018,120,u10,m s^-1,2.190267857972494,0.809527316998227,365
pangu,pangu,raw,2018,120,v10,m s^-1,2.1530226757641633,0.8095571300523362,365
pangu,pangu,raw,2018,120,t2m,K,1.4172843774970305,0.8388140664805872,365
pangu,pangu,raw,2018,120,mslp,Pa,304.69999566930306,0.9006322511843806,365
pangu,pangu,raw,2018,168,z50,m^2 s^-2,448.1825634466987,0.9107013335645141,365
pangu,pangu,raw,2018,168,z100,m^2 s^-2,439.0726389167186,0.8814151103742842,365
pangu,pangu,raw,2018,168,z200,m^2 s^-2,609.5700794524766,0.8280278861494101,365
pangu,pangu,raw,2018,168,z300,m^2 s^-2,688.6911119568454,0.7953546217531033,365
pangu,pangu,raw,2018,168,z500,m^2 s^-2,508.65051234338864,0.7925550546277872,365
pangu,pangu,raw,2018,168,z700,m^2 s^-2,392.9190191747923,0.7866855091774191,365
pangu,pangu,raw,2018,168,z850,m^2 s^-2,364.162826951613,0.7678970044114539,365
pangu,pangu,raw,2018,168,z925,m^2 s^-2,368.820082860161,0.7575042133145526,365
pangu,pangu,raw,2018,168,z1000,m^2 s^-2,380.90536125341225,0.7498283555090508,365
pangu,pangu,raw,2018,168,q50,kg kg^-1,1.2240763183537047e-07,0.5204323882132882,365
pangu,pangu,raw,2018,168,q100,kg kg^-1,2.8477880319330916e-07,0.6751369014725861,365
pangu,pangu,raw,2018,168,q200,kg kg^-1,1.228038398797502e-05,0.5745855608131845,365
pangu,pangu,raw,2018,168,q300,kg kg^-1,0.00011120157717310104,0.5789885043330195,365
pangu,pangu,raw,2018,168,q500,kg kg^-1,0.0006889225425821256,0.5983927907347362,365
pangu,pangu,raw,2018,168,q700,kg kg^-1,0.0013363552633461027,0.5890353687033569,365
pangu,pangu,raw,2018,168,q850,kg kg^-1,0.0015371685303979777,0.5716426615274569,365
pangu,pangu,raw,2018,168,q925,kg kg^-1,0.0011743628034575353,0.6255546778518709,365
pangu,pangu,raw,2018,168,q1000,kg kg^-1,0.0010943872772301664,0.6976731982860443,365
pangu,pangu,raw,2018,168,t50,K,1.5566779309428778,0.8664177215138045,365
pangu,pangu,raw,2018,168,t100,K,1.6988527918083616,0.8459711311665671,365
pangu,pangu,raw,2018,168,t200,K,2.479920820776114,0.73333825364459,365
pangu,pangu,raw,2018,168,t300,K,1.7747563041007937,0.7281633421483792,365
pangu,pangu,raw,2018,168,t500,K,2.2147789971686502,0.7283843937751207,365
pangu,pangu,raw,2018,168,t700,K,2.232079389851585,0.7300411252824526,365
pangu,pangu,raw,2018,168,t850,K,2.4437360048603325,0.7195654181467082,365
pangu,pangu,raw,2018,168,t925,K,2.325635637495203,0.7018081807196325,365
pangu,pangu,raw,2018,168,t1000,K,2.069268762581443,0.6949997996074938,365
pangu,pangu,raw,2018,168,u50,m s^-1,3.1439550954498405,0.9224195659871314,365
pangu,pangu,raw,2018,168,u100,m s^-1,4.0276268731712666,0.8356802748173833,365
pangu,pangu,raw,2018,168,u200,m s^-1,7.556147442025777,0.7801492185343322,365
pangu,pangu,raw,2018,168,u300,m s^-1,8.73282438242744,0.7158750383799628,365
pangu,pangu,raw,2018,168,u500,m s^-1,6.101294328670539,0.7046610390575516,365
pangu,pangu,raw,2018,168,u700,m s^-1,4.7125056271914305,0.6933270844003724,365
pangu,pangu,raw,2018,168,u850,m s^-1,4.4016325424347995,0.6494543591862729,365
pangu,pangu,raw,2018,168,u925,m s^-1,4.408334070602355,0.6258137733791822,365
pangu,pangu,raw,2018,168,u1000,m s^-1,3.4254868364593314,0.6315179663904456,365
pangu,pangu,raw,2018,168,v50,m s^-1,2.7040760342443035,0.8428169821715155,365
pangu,pangu,raw,2018,168,v100,m s^-1,3.9294425861232054,0.798935946654271,365
pangu,pangu,raw,2018,168,v200,m s^-1,7.8097946634967075,0.736089210745077,365
pangu,pangu,raw,2018,168,v300,m s^-1,8.875353761923916,0.6805237788321241,365
pangu,pangu,raw,2018,168,v500,m s^-1,6.028757138539392,0.668351491613708,365
pangu,pangu,raw,2018,168,v700,m s^-1,4.5437365627232085,0.6523884208006039,365
pangu,pangu,raw,2018,168,v850,m s^-1,4.186899417977708,0.619170119035778,365
pangu,pangu,raw,2018,168,v925,m s^-1,4.295323784905836,0.6152825696237819,365
pangu,pangu,raw,2018,168,v1000,m s^-1,3.442745978768113,0.6254270758109485,365
pangu,pangu,raw,2018,168,u10,m s^-1,3.0649058610750344,0.6243401321507754,365
pangu,pangu,raw,2018,168,v10,m s^-1,3.0543057092894816,0.6163044599795477,365
pangu,pangu,raw,2018,168,t2m,K,1.9502054169927587,0.6945660572980482,365
pangu,pangu,raw,2018,168,mslp,Pa,484.298881867117,0.7478072549529537,365
pangu,pangu,raw,2018,240,z50,m^2 s^-2,721.6036300623026,0.769216289793874,365
pangu,pangu,raw,2018,240,z100,m^2 s^-2,738.4331465923651,0.6640271556817146,365
pangu,pangu,raw,2018,240,z200,m^2 s^-2,975.7301177871109,0.5582707761298303,365
pangu,pangu,raw,2018,240,z300,m^2 s^-2,1058.510204524355,0.5158668888626052,365
pangu,pangu,raw,2018,240,z500,m^2 s^-2,776.8659926576431,0.5151176440718644,365
pangu,pangu,raw,2018,240,z700,m^2 s^-2,595.5180175307605,0.5090564735637373,365
pangu,pangu,raw,2018,240,z850,m^2 s^-2,541.6859162763263,0.48639141408162917,365
pangu,pangu,raw,2018,240,z925,m^2 s^-2,543.8834060485758,0.47312309130751024,365
pangu,pangu,raw,2018,240,z1000,m^2 s^-2,558.3822641826719,0.4633065012804371,365
pangu,pangu,raw,2018,240,q50,kg kg^-1,1.4305789362449388e-07,0.384388614109502,365
pangu,pangu,raw,2018,240,q100,kg kg^-1,3.504559627035173e-07,0.5044329838807959,365
pangu,pangu,raw,2018,240,q200,kg kg^-1,1.4763170982615764e-05,0.3758700762534504,365
pangu,pangu,raw,2018,240,q300,kg kg^-1,0.00013398150618581028,0.3784019201752395,365
pangu,pangu,raw,2018,240,q500,kg kg^-1,0.0008418344224599111,0.3938683564954112,365
pangu,pangu,raw,2018,240,q700,kg kg^-1,0.0016419557576813925,0.3751194155541625,365
pangu,pangu,raw,2018,240,q850,kg kg^-1,0.0018764527366659054,0.3597022202995717,365
pangu,pangu,raw,2018,240,q925,kg kg^-1,0.0014987001833097868,0.3954801500992217,365
pangu,pangu,raw,2018,240,q1000,kg kg^-1,0.0014748932808914422,0.4524972792212782,365
pangu,pangu,raw,2018,240,t50,K,2.124298737014805,0.7542961374747129,365
pangu,pangu,raw,2018,240,t100,K,2.525325393379879,0.6638806716613647,365
pangu,pangu,raw,2018,240,t200,K,3.4660160026339777,0.4797762325049867,365
pangu,pangu,raw,2018,240,t300,K,2.470639592497667,0.4720065923918242,365
pangu,pangu,raw,2018,240,t500,K,3.1557174945335,0.4506971738863345,365
pangu,pangu,raw,2018,240,t700,K,3.1847133003596486,0.45158827601026,365
pangu,pangu,raw,2018,240,t850,K,3.447725105897651,0.4437795576338956,365
pangu,pangu,raw,2018,240,t925,K,3.2254538559114057,0.42846261588826,365
pangu,pangu,raw,2018,240,t1000,K,2.831669222014931,0.4321789839367378,365
pangu,pangu,raw,2018,240,u50,m s^-1,4.591546516739142,0.8323673546442424,365
pangu,pangu,raw,2018,240,u100,m s^-1,6.075821850793322,0.6268644544451768,365
pangu,pangu,raw,2018,240,u200,m s^-1,10.999177653546322,0.5320555194357792,365
pangu,pangu,raw,2018,240,u300,m s^-1,12.062792807507211,0.454940624833052,365
pangu,pangu,raw,2018,240,u500,m s^-1,8.353833074267257,0.4432963701905819,365
pangu,pangu,raw,2018,240,u700,m s^-1,6.393573900536472,0.4336253071717607,365
pangu,pangu,raw,2018,240,u850,m s^-1,5.831642480242374,0.38558139144586345,365
pangu,pangu,raw,2018,240,u925,m s^-1,5.79461869899415,0.35624191418510937,365
pangu,pangu,raw,2018,240,u1000,m s^-1,4.5237905858692145,0.36033940066119213,365
pangu,pangu,raw,2018,240,v50,m s^-1,4.095945115481509,0.6318307785513388,365
pangu,pangu,raw,2018,240,v100,m s^-1,5.962840098064654,0.5338733862249614,365
pangu,pangu,raw,2018,240,v200,m s^-1,11.441836813258897,0.4336347465750549,365
pangu,pangu,raw,2018,240,v300,m s^-1,12.378970402218872,0.3799991792657185,365
pangu,pangu,raw,2018,240,v500,m s^-1,8.278582887264854,0.37466743850140344,365
pangu,pangu,raw,2018,240,v700,m s^-1,6.1398839175542435,0.3636208971611298,365
pangu,pangu,raw,2018,240,v850,m s^-1,5.5292498477559855,0.33375563848804585,365
pangu,pangu,raw,2018,240,v925,m s^-1,5.687649671981789,0.32463039051608183,365
pangu,pangu,raw,2018,240,v1000,m s^-1,4.5969834554132625,0.33181776322543527,365
pangu,pangu,raw,2018,240,u10,m s^-1,4.019465185524633,0.35707578903148846,365
pangu,pangu,raw,2018,240,v10,m s^-1,4.0469614909958995,0.3254912723426723,365
pangu,pangu,raw,2018,240,t2m,K,2.6405822020707483,0.44317989825961657,365
pangu,pangu,raw,2018,240,mslp,Pa,708.5465653231016,0.4615587247709815,365
pangu,pangu,raw,2019,24,z50,m^2 s^-2,97.92176015477723,0.9968953628752492,365
pangu,pangu,raw,2019,24,z100,m^2 s^-2,74.03591171166403,0.997263743411224,365
pangu,pangu,raw,2019,24,z200,m^2 s^-2,93.56038546597796,0.9961686890158546,365
pangu,pangu,raw,2019,24,z300,m^2 s^-2,105.2823560574298,0.9953045181311866,365
pangu,pangu,raw,2019,24,z500,m^2 s^-2,77.45246224699935,0.9952583421373676,365
pangu,pangu,raw,2019,24,z700,m^2 s^-2,61.23423989016403,0.9949225728723511,365
pangu,pangu,raw,2019,24,z850,m^2 s^-2,59.2704561107199,0.9939550127340304,365
pangu,pangu,raw,2019,24,z925,m^2 s^-2,61.16751776631819,0.9934162027314326,365
pangu,pangu,raw,2019,24,z1000,m^2 s^-2,64.6150396456227,0.9928902125905676,365
pangu,pangu,raw,2019,24,q50,kg kg^-1,8.191507423894034e-08,0.7989097425874846,365
pangu,pangu,raw,2019,24,q100,kg kg^-1,1.455156632905943e-07,0.9262646333816791,365
pangu,pangu,raw,2019,24,q200,kg kg^-1,6.506757112652811e-06,0.8978522623689048,365
pangu,pangu,raw,2019,24,q300,kg kg^-1,5.1979352899345236e-05,0.9147572573973939,365
pangu,pangu,raw,2019,24,q500,kg kg^-1,0.0002808575630170078,0.9350563726098353,365
pangu,pangu,raw,2019,24,q700,kg kg^-1,0.0005292770253720589,0.9363872931808251,365
pangu,pangu,raw,2019,24,q850,kg kg^-1,0.0006706844904031672,0.921941801196682,365
pangu,pangu,raw,2019,24,q925,kg kg^-1,0.0005204004802010186,0.9311995225822491,365
pangu,pangu,raw,2019,24,q1000,kg kg^-1,0.0004281586952739469,0.9551045352372732,365
pangu,pangu,raw,2019,24,t50,K,0.6493626235233536,0.985178831314209,365
pangu,pangu,raw,2019,24,t100,K,0.5393475848238505,0.9871432159601067,365
pangu,pangu,raw,2019,24,t200,K,0.5393887349641872,0.9887501357175144,365
pangu,pangu,raw,2019,24,t300,K,0.4331492920203893,0.9849214723840429,365
pangu,pangu,raw,2019,24,t500,K,0.4663844115219906,0.9877976256132763,365
pangu,pangu,raw,2019,24,t700,K,0.5064621307292434,0.9859951441369187,365
pangu,pangu,raw,2019,24,t850,K,0.6340720750509191,0.981289943841112,365
pangu,pangu,raw,2019,24,t925,K,0.6213086276218124,0.9788822316864423,365
pangu,pangu,raw,2019,24,t1000,K,0.6202608250148962,0.972620106852701,365
pangu,pangu,raw,2019,24,u50,m s^-1,1.1613609845798238,0.9877703795330453,365
pangu,pangu,raw,2019,24,u100,m s^-1,1.3251798182867967,0.9834697262741492,365
pangu,pangu,raw,2019,24,u200,m s^-1,1.8227913953086323,0.9868160078665718,365
pangu,pangu,raw,2019,24,u300,m s^-1,1.9209231280345243,0.9857635313111296,365
pangu,pangu,raw,2019,24,u500,m s^-1,1.430842899939261,0.9832478017843359,365
pangu,pangu,raw,2019,24,u700,m s^-1,1.204315334671813,0.9798111539761347,365
pangu,pangu,raw,2019,24,u850,m s^-1,1.1441518598586968,0.9762635173673744,365
pangu,pangu,raw,2019,24,u925,m s^-1,1.0799103149510647,0.9774177949045847,365
pangu,pangu,raw,2019,24,u1000,m s^-1,0.8538271284163143,0.9771282964213253,365
pangu,pangu,raw,2019,24,v50,m s^-1,1.0204237847089248,0.975269400058658,365
pangu,pangu,raw,2019,24,v100,m s^-1,1.2948625150930573,0.9786867949989206,365
pangu,pangu,raw,2019,24,v200,m s^-1,1.947400716815774,0.9843158486776359,365
pangu,pangu,raw,2019,24,v300,m s^-1,2.0666134487281096,0.9832463689156782,365
pangu,pangu,raw,2019,24,v500,m s^-1,1.4920185061540998,0.9806284882651437,365
pangu,pangu,raw,2019,24,v700,m s^-1,1.2161198258261499,0.9766549730070782,365
pangu,pangu,raw,2019,24,v850,m s^-1,1.1572989167966627,0.9724936665006635,365
pangu,pangu,raw,2019,24,v925,m s^-1,1.12992351940702,0.974570512960516,365
pangu,pangu,raw,2019,24,v1000,m s^-1,0.9120968995980163,0.9746251877258667,365
pangu,pangu,raw,2019,24,u10,m s^-1,0.7681416647271224,0.976673253215646,365
pangu,pangu,raw,2019,24,v10,m s^-1,0.812643853407408,0.9738342294522527,365
pangu,pangu,raw,2019,24,t2m,K,0.64888676047009,0.966068704345329,365
pangu,pangu,raw,2019,24,mslp,Pa,82.20011147722069,0.9928070945004421,365
pangu,pangu,raw,2019,72,z50,m^2 s^-2,191.59856601424696,0.9880952950293143,365
pangu,pangu,raw,2019,72,z100,m^2 s^-2,138.06821269098398,0.9904143410593438,365
pangu,pangu,raw,2019,72,z200,m^2 s^-2,173.41226900579443,0.9867975780287547,365
pangu,pangu,raw,2019,72,z300,m^2 s^-2,202.05226048590933,0.982669152922482,365
pangu,pangu,raw,2019,72,z500,m^2 s^-2,151.60760841057802,0.9817559264370304,365
pangu,pangu,raw,2019,72,z700,m^2 s^-2,120.09479997197306,0.9803523930200418,365
pangu,pangu,raw,2019,72,z850,m^2 s^-2,115.00782716997826,0.9770972621879358,365
pangu,pangu,raw,2019,72,z925,m^2 s^-2,117.90693292697122,0.9754038422961813,365
pangu,pangu,raw,2019,72,z1000,m^2 s^-2,123.43192785888695,0.9739265749862293,365
pangu,pangu,raw,2019,72,q50,kg kg^-1,1.1305787562399728e-07,0.6475442765884027,365
pangu,pangu,raw,2019,72,q100,kg kg^-1,2.0445946166613945e-07,0.8520788899852093,365
pangu,pangu,raw,2019,72,q200,kg kg^-1,9.162308911643117e-06,0.7977803633698617,365
pangu,pangu,raw,2019,72,q300,kg kg^-1,7.767240512337293e-05,0.8145396302611064,365
pangu,pangu,raw,2019,72,q500,kg kg^-1,0.00043412118612062617,0.8459683392792137,365
pangu,pangu,raw,2019,72,q700,kg kg^-1,0.0008194068965733667,0.8488579335351382,365
pangu,pangu,raw,2019,72,q850,kg kg^-1,0.0009894477579550811,0.8313504775442521,365
pangu,pangu,raw,2019,72,q925,kg kg^-1,0.000730131374853634,0.8645808530042935,365
pangu,pangu,raw,2019,72,q1000,kg kg^-1,0.00060652085689835,0.9101851170657638,365
pangu,pangu,raw,2019,72,t50,K,1.0021647836779588,0.9640978097058092,365
pangu,pangu,raw,2019,72,t100,K,0.8164459569400742,0.970369534425156,365
pangu,pangu,raw,2019,72,t200,K,0.943249480477199,0.965465904458812,365
pangu,pangu,raw,2019,72,t300,K,0.7677754442496328,0.9527092156326903,365
pangu,pangu,raw,2019,72,t500,K,0.823054377269073,0.9620707271080648,365
pangu,pangu,raw,2019,72,t700,K,0.8598814736675973,0.9595411432620687,365
pangu,pangu,raw,2019,72,t850,K,1.0233802565589978,0.951217796268542,365
pangu,pangu,raw,2019,72,t925,K,1.009354494002148,0.9442051628295779,365
pangu,pangu,raw,2019,72,t1000,K,0.9609447851562325,0.9343482025375601,365
pangu,pangu,raw,2019,72,u50,m s^-1,1.8446138777416488,0.9688027696350568,365
pangu,pangu,raw,2019,72,u100,m s^-1,1.9580033551958584,0.9636602733375046,365
pangu,pangu,raw,2019,72,u200,m s^-1,3.1054977629919898,0.9618061677372828,365
pangu,pangu,raw,2019,72,u300,m s^-1,3.5373914782766693,0.95181100481997,365
pangu,pangu,raw,2019,72,u500,m s^-1,2.5604050642551783,0.9459958174261227,365
pangu,pangu,raw,2019,72,u700,m s^-1,2.0645052718625942,0.9401180111039232,365
pangu,pangu,raw,2019,72,u850,m s^-1,1.9520923929482985,0.9303016117488628,365
pangu,pangu,raw,2019,72,u925,m s^-1,1.9023205247030879,0.9294068042071608,365
pangu,pangu,raw,2019,72,u1000,m s^-1,1.4809288955259126,0.9306604880378656,365
pangu,pangu,raw,2019,72,v50,m s^-1,1.4495757148818542,0.9495567929165658,365
pangu,pangu,raw,2019,72,v100,m s^-1,1.8123721856562056,0.9579708513615379,365
pangu,pangu,raw,2019,72,v200,m s^-1,3.115026295908529,0.9598511461708521,365
pangu,pangu,raw,2019,72,v300,m s^-1,3.4894844296876926,0.9521495422570094,365
pangu,pangu,raw,2019,72,v500,m s^-1,2.4751666711638767,0.9462531016357532,365
pangu,pangu,raw,2019,72,v700,m s^-1,1.96531750697911,0.9383028993926359,365
pangu,pangu,raw,2019,72,v850,m s^-1,1.8647136515506082,0.9277779098369173,365
pangu,pangu,raw,2019,72,v925,m s^-1,1.8614217038628789,0.9303896071424872,365
pangu,pangu,raw,2019,72,v1000,m s^-1,1.4892734464094197,0.9318751638911842,365
pangu,pangu,raw,2019,72,u10,m s^-1,1.3417019583299028,0.9282318662275113,365
pangu,pangu,raw,2019,72,v10,m s^-1,1.3385815730253854,0.9284320612626281,365
pangu,pangu,raw,2019,72,t2m,K,0.9672648824540374,0.9247248999632421,365
pangu,pangu,raw,2019,72,mslp,Pa,156.90754970705768,0.9736646545072243,365
pangu,pangu,raw,2019,120,z50,m^2 s^-2,300.0106809332218,0.9706181582118916,365
pangu,pangu,raw,2019,120,z100,m^2 s^-2,259.21875039737586,0.9657548506005361,365
pangu,pangu,raw,2019,120,z200,m^2 s^-2,352.70242763762286,0.9449256942936732,365
pangu,pangu,raw,2019,120,z300,m^2 s^-2,411.3420928083153,0.9277883758889156,365
pangu,pangu,raw,2019,120,z500,m^2 s^-2,307.2034017923206,0.9246882139091488,365
pangu,pangu,raw,2019,120,z700,m^2 s^-2,239.6028345448313,0.9212542821622397,365
pangu,pangu,raw,2019,120,z850,m^2 s^-2,225.27198458235154,0.9115173194055358,365
pangu,pangu,raw,2019,120,z925,m^2 s^-2,229.10348990367763,0.9065606092708896,365
pangu,pangu,raw,2019,120,z1000,m^2 s^-2,237.64958178188417,0.9027997180863477,365
pangu,pangu,raw,2019,120,q50,kg kg^-1,1.340905641098588e-07,0.5462349805470564,365
pangu,pangu,raw,2019,120,q100,kg kg^-1,2.4929058482226325e-07,0.7778201135673455,365
pangu,pangu,raw,2019,120,q200,kg kg^-1,1.1121460311486877e-05,0.6960684584774136,365
pangu,pangu,raw,2019,120,q300,kg kg^-1,9.749211131328896e-05,0.7033233387000424,365
pangu,pangu,raw,2019,120,q500,kg kg^-1,0.0005746192298773584,0.7300100765819582,365
pangu,pangu,raw,2019,120,q700,kg kg^-1,0.0010926132787874496,0.7311905704414905,365
pangu,pangu,raw,2019,120,q850,kg kg^-1,0.0012818980844193722,0.7165321465247816,365
pangu,pangu,raw,2019,120,q925,kg kg^-1,0.0009522916219632428,0.7690603938003088,365
pangu,pangu,raw,2019,120,q1000,kg kg^-1,0.000826529129701121,0.8333426284075706,365
pangu,pangu,raw,2019,120,t50,K,1.3019266343328038,0.938143520533664,365
pangu,pangu,raw,2019,120,t100,K,1.1944965927417182,0.9360759826746635,365
pangu,pangu,raw,2019,120,t200,K,1.6561249396621693,0.8929836378238769,365
pangu,pangu,raw,2019,120,t300,K,1.2456743899010523,0.8747515238042469,365
pangu,pangu,raw,2019,120,t500,K,1.4467617566316011,0.8824601308029626,365
pangu,pangu,raw,2019,120,t700,K,1.4700951262986484,0.8812518584274297,365
pangu,pangu,raw,2019,120,t850,K,1.65561043712275,0.8721611959776713,365
pangu,pangu,raw,2019,120,t925,K,1.6070109353517956,0.8587661052330902,365
pangu,pangu,raw,2019,120,t1000,K,1.4715027722821898,0.8469887548393114,365
pangu,pangu,raw,2019,120,u50,m s^-1,2.459823046299735,0.943921408514037,365
pangu,pangu,raw,2019,120,u100,m s^-1,2.822093980253428,0.9241296715995271,365
pangu,pangu,raw,2019,120,u200,m s^-1,5.051504882198398,0.8988197114509924,365
pangu,pangu,raw,2019,120,u300,m s^-1,5.975961219746694,0.8625043280506213,365
pangu,pangu,raw,2019,120,u500,m s^-1,4.234953622678963,0.8516282644036373,365
pangu,pangu,raw,2019,120,u700,m s^-1,3.320484261176065,0.8440013501554369,365
pangu,pangu,raw,2019,120,u850,m s^-1,3.1290222650624426,0.8197399215262234,365
pangu,pangu,raw,2019,120,u925,m s^-1,3.1100542508363636,0.8103332083794209,365
pangu,pangu,raw,2019,120,u1000,m s^-1,2.4049218702989688,0.8160356078622558,365
pangu,pangu,raw,2019,120,v50,m s^-1,1.9219804481869507,0.9106474955424363,365
pangu,pangu,raw,2019,120,v100,m s^-1,2.6354165426702414,0.9103148730453988,365
pangu,pangu,raw,2019,120,v200,m s^-1,5.08478601719546,0.8922127103740641,365
pangu,pangu,raw,2019,120,v300,m s^-1,5.92010663792005,0.8614284025267738,365
pangu,pangu,raw,2019,120,v500,m s^-1,4.106706520862004,0.850561777192016,365
pangu,pangu,raw,2019,120,v700,m s^-1,3.166319690948233,0.83764465380168,365
pangu,pangu,raw,2019,120,v850,m s^-1,2.970381579806325,0.8144010943017271,365
pangu,pangu,raw,2019,120,v925,m s^-1,3.018464525626454,0.815109867108724,365
pangu,pangu,raw,2019,120,v1000,m s^-1,2.395524837754069,0.8222069137961663,365
pangu,pangu,raw,2019,120,u10,m s^-1,2.1727582966001195,0.8105714187003152,365
pangu,pangu,raw,2019,120,v10,m s^-1,2.1458184120432966,0.8144107739328936,365
pangu,pangu,raw,2019,120,t2m,K,1.4251370530021692,0.8378627887532863,365
pangu,pangu,raw,2019,120,mslp,Pa,302.23983208023793,0.9017751503897329,365
pangu,pangu,raw,2019,168,z50,m^2 s^-2,446.89467808000677,0.9345710104426516,365
pangu,pangu,raw,2019,168,z100,m^2 s^-2,437.28503522689914,0.9012736436702268,365
pangu,pangu,raw,2019,168,z200,m^2 s^-2,601.4005306679328,0.8387962455554955,365
pangu,pangu,raw,2019,168,z300,m^2 s^-2,681.1048955054624,0.8014164554044882,365
pangu,pangu,raw,2019,168,z500,m^2 s^-2,504.4918205939843,0.7966986022229301,365
pangu,pangu,raw,2019,168,z700,m^2 s^-2,389.3154059037127,0.7922930539744194,365
pangu,pangu,raw,2019,168,z850,m^2 s^-2,360.1993584317446,0.7744164383830455,365
pangu,pangu,raw,2019,168,z925,m^2 s^-2,364.33745248165457,0.7644858581591519,365
pangu,pangu,raw,2019,168,z1000,m^2 s^-2,376.13677817912543,0.7573859157790851,365
pangu,pangu,raw,2019,168,q50,kg kg^-1,1.5280896407515883e-07,0.45610441283586967,365
pangu,pangu,raw,2019,168,q100,kg kg^-1,2.9380282763132805e-07,0.6894240850068465,365
pangu,pangu,raw,2019,168,q200,kg kg^-1,1.2989373279459621e-05,0.5759019266719174,365
pangu,pangu,raw,2019,168,q300,kg kg^-1,0.00011544536997211533,0.5759110229193938,365
pangu,pangu,raw,2019,168,q500,kg kg^-1,0.0007013081222129675,0.5954377946582944,365
pangu,pangu,raw,2019,168,q700,kg kg^-1,0.001358885093123028,0.582718095155424,365
pangu,pangu,raw,2019,168,q850,kg kg^-1,0.0015770328008091797,0.5695931432488972,365
pangu,pangu,raw,2019,168,q925,kg kg^-1,0.0012011365954444578,0.6320491559609188,365
pangu,pangu,raw,2019,168,q1000,kg kg^-1,0.0011024791915650296,0.7035446486930228,365
pangu,pangu,raw,2019,168,t50,K,1.625110679380526,0.9019114838673254,365
pangu,pangu,raw,2019,168,t100,K,1.6934293106005633,0.8706729152740087,365
pangu,pangu,raw,2019,168,t200,K,2.4812970317270007,0.7585586099096654,365
pangu,pangu,raw,2019,168,t300,K,1.7810774721671092,0.7419093589287756,365
pangu,pangu,raw,2019,168,t500,K,2.1857459394558747,0.7313074744138138,365
pangu,pangu,raw,2019,168,t700,K,2.2147130548791876,0.7296207634484069,365
pangu,pangu,raw,2019,168,t850,K,2.428847561555914,0.7247241907570919,365
pangu,pangu,raw,2019,168,t925,K,2.318379145429205,0.7070510694019397,365
pangu,pangu,raw,2019,168,t1000,K,2.0688849320336185,0.7000902026252968,365
pangu,pangu,raw,2019,168,u50,m s^-1,3.2206083446683613,0.9031177711936332,365
pangu,pangu,raw,2019,168,u100,m s^-1,4.047759494089648,0.8436334253971018,365
pangu,pangu,raw,2019,168,u200,m s^-1,7.502342636874216,0.7771482698853234,365
pangu,pangu,raw,2019,168,u300,m s^-1,8.68871699559363,0.7099324713433776,365
pangu,pangu,raw,2019,168,u500,m s^-1,6.069906060109009,0.695027423660293,365
pangu,pangu,raw,2019,168,u700,m s^-1,4.696868818155222,0.6874103689696985,365
pangu,pangu,raw,2019,168,u850,m s^-1,4.3739415375803885,0.6475803881564723,365
pangu,pangu,raw,2019,168,u925,m s^-1,4.36350941151943,0.6265148699293963,365
pangu,pangu,raw,2019,168,u1000,m s^-1,3.3801519583845026,0.6360051654569634,365
pangu,pangu,raw,2019,168,v50,m s^-1,2.644448909240632,0.8309462676055146,365
pangu,pangu,raw,2019,168,v100,m s^-1,3.8819617933068655,0.8039041330064912,365
pangu,pangu,raw,2019,168,v200,m s^-1,7.68626654701081,0.7521507101017012,365
pangu,pangu,raw,2019,168,v300,m s^-1,8.754998967373508,0.6956473325880524,365
pangu,pangu,raw,2019,168,v500,m s^-1,5.974516977663399,0.6817848168477109,365
pangu,pangu,raw,2019,168,v700,m s^-1,4.519092399643181,0.6670410869246799,365
pangu,pangu,raw,2019,168,v850,m s^-1,4.181669295136667,0.6303020295146375,365
pangu,pangu,raw,2019,168,v925,m s^-1,4.290715588590703,0.6253336724649806,365
pangu,pangu,raw,2019,168,v1000,m s^-1,3.4295063590537858,0.6345077020985945,365
pangu,pangu,raw,2019,168,u10,m s^-1,3.032534938333079,0.6301788916586175,365
pangu,pangu,raw,2019,168,v10,m s^-1,3.0455453392953804,0.6250631196983832,365
pangu,pangu,raw,2019,168,t2m,K,1.9535476874328643,0.6990605576743574,365
pangu,pangu,raw,2019,168,mslp,Pa,478.164888321802,0.7551791150108983,365
pangu,pangu,raw,2019,240,z50,m^2 s^-2,682.0466220807642,0.8470945389902639,365
pangu,pangu,raw,2019,240,z100,m^2 s^-2,719.3345075068125,0.7284996078297025,365
pangu,pangu,raw,2019,240,z200,m^2 s^-2,957.63117958482,0.5868357152495293,365
pangu,pangu,raw,2019,240,z300,m^2 s^-2,1039.3604499224577,0.534367958003894,365
pangu,pangu,raw,2019,240,z500,m^2 s^-2,764.0225468235833,0.5307054361980109,365
pangu,pangu,raw,2019,240,z700,m^2 s^-2,585.7096804319631,0.5266925161470895,365
pangu,pangu,raw,2019,240,z850,m^2 s^-2,532.17838360623,0.504620985200351,365
pangu,pangu,raw,2019,240,z925,m^2 s^-2,534.0934281805805,0.4911756569360848,365
pangu,pangu,raw,2019,240,z1000,m^2 s^-2,548.320199970059,0.48197737745006236,365
pangu,pangu,raw,2019,240,q50,kg kg^-1,1.7452243399082205e-07,0.35117486181394997,365
pangu,pangu,raw,2019,240,q100,kg kg^-1,3.610380800108456e-07,0.5325107473881543,365
pangu,pangu,raw,2019,240,q200,kg kg^-1,1.5555317161468014e-05,0.37278870560909677,365
pangu,pangu,raw,2019,240,q300,kg kg^-1,0.00013878563794760226,0.3750901641948339,365
pangu,pangu,raw,2019,240,q500,kg kg^-1,0.0008561135603015504,0.3890317125851332,365
pangu,pangu,raw,2019,240,q700,kg kg^-1,0.0016599386677189532,0.37000769425472685,365
pangu,pangu,raw,2019,240,q850,kg kg^-1,0.0019204916593307485,0.3588011619105818,365
pangu,pangu,raw,2019,240,q925,kg kg^-1,0.001521853845733003,0.40894861037600555,365
pangu,pangu,raw,2019,240,q1000,kg kg^-1,0.0014779372014368936,0.46567372091883197,365
pangu,pangu,raw,2019,240,t50,K,2.136029924081025,0.8280940422199178,365
pangu,pangu,raw,2019,240,t100,K,2.4511433716861233,0.7278163461825908,365
pangu,pangu,raw,2019,240,t200,K,3.4425685710606637,0.534093365979569,365
pangu,pangu,raw,2019,240,t300,K,2.4753501777643163,0.4986359755969704,365
pangu,pangu,raw,2019,240,t500,K,3.0935321024349713,0.4617286887288968,365
pangu,pangu,raw,2019,240,t700,K,3.14527529482977,0.4541743254209964,365
pangu,pangu,raw,2019,240,t850,K,3.4138662045596893,0.4572169978236092,365
pangu,pangu,raw,2019,240,t925,K,3.197035750352815,0.4456325621365447,365
pangu,pangu,raw,2019,240,t1000,K,2.8194119404799203,0.44785693119809683,365
pangu,pangu,raw,2019,240,u50,m s^-1,4.427255916078975,0.8151633805868712,365
pangu,pangu,raw,2019,240,u100,m s^-1,6.023502402546194,0.6542086777152605,365
pangu,pangu,raw,2019,240,u200,m s^-1,10.881819143794422,0.5336328120602305,365
pangu,pangu,raw,2019,240,u300,m s^-1,11.915130590877814,0.4562292905189563,365
pangu,pangu,raw,2019,240,u500,m s^-1,8.233062582596068,0.4386414427004617,365
pangu,pangu,raw,2019,240,u700,m s^-1,6.310961303928943,0.4346768408798761,365
pangu,pangu,raw,2019,240,u850,m s^-1,5.740187158224913,0.3921114365450814,365
pangu,pangu,raw,2019,240,u925,m s^-1,5.6805979803308935,0.3668052929236233,365
pangu,pangu,raw,2019,240,u1000,m s^-1,4.42095437736805,0.3759877933448173,365
pangu,pangu,raw,2019,240,v50,m s^-1,3.8673612778044095,0.6416255742406698,365
pangu,pangu,raw,2019,240,v100,m s^-1,5.873134323029281,0.5471991091373086,365
pangu,pangu,raw,2019,240,v200,m s^-1,11.303452359376577,0.4588315345358655,365
pangu,pangu,raw,2019,240,v300,m s^-1,12.270894130900377,0.39916102898698463,365
pangu,pangu,raw,2019,240,v500,m s^-1,8.22649329524763,0.3918685285654826,365
pangu,pangu,raw,2019,240,v700,m s^-1,6.102858908591067,0.38413293047195674,365
pangu,pangu,raw,2019,240,v850,m s^-1,5.501749438370353,0.35069927504010184,365
pangu,pangu,raw,2019,240,v925,m s^-1,5.647405103282798,0.3427635612895108,365
pangu,pangu,raw,2019,240,v1000,m s^-1,4.563068804125371,0.34805509567364146,365
pangu,pangu,raw,2019,240,u10,m s^-1,3.936752014714013,0.37435005933954724,365
pangu,pangu,raw,2019,240,v10,m s^-1,4.020590173872059,0.340889740995013,365
pangu,pangu,raw,2019,240,t2m,K,2.6365089400071176,0.45827646140738615,365
pangu,pangu,raw,2019,240,mslp,Pa,696.1275213834009,0.4791681032603036,365
pangu,pangu,sphere_ttc,2018,24,z50,m^2 s^-2,96.30267068894071,0.9957971129520313,365
pangu,pangu,sphere_ttc,2018,24,z100,m^2 s^-2,68.62998144051683,0.9970989891063106,365
pangu,pangu,sphere_ttc,2018,24,z200,m^2 s^-2,82.50864644233444,0.9968617677921964,365
pangu,pangu,sphere_ttc,2018,24,z300,m^2 s^-2,92.67847733174527,0.996308959479896,365
pangu,pangu,sphere_ttc,2018,24,z500,m^2 s^-2,69.5117126189462,0.9961648392277719,365
pangu,pangu,sphere_ttc,2018,24,z700,m^2 s^-2,56.78532341405353,0.9956093156254802,365
pangu,pangu,sphere_ttc,2018,24,z850,m^2 s^-2,55.56707673965618,0.9946789579100728,365
pangu,pangu,sphere_ttc,2018,24,z925,m^2 s^-2,57.071037813419984,0.994271756799021,365
pangu,pangu,sphere_ttc,2018,24,z1000,m^2 s^-2,59.96608788425262,0.9938757063245254,365
pangu,pangu,sphere_ttc,2018,24,q50,kg kg^-1,6.736768371478232e-08,0.8417370080624377,365
pangu,pangu,sphere_ttc,2018,24,q100,kg kg^-1,1.3859530325034982e-07,0.9274767998491504,365
pangu,pangu,sphere_ttc,2018,24,q200,kg kg^-1,6.08309690071299e-06,0.8957078699109908,365
pangu,pangu,sphere_ttc,2018,24,q300,kg kg^-1,4.939834637281947e-05,0.9150626507801821,365
pangu,pangu,sphere_ttc,2018,24,q500,kg kg^-1,0.0002735293379021216,0.9359836407273164,365
pangu,pangu,sphere_ttc,2018,24,q700,kg kg^-1,0.0005173357350506077,0.9376276086049458,365
pangu,pangu,sphere_ttc,2018,24,q850,kg kg^-1,0.0006467634716219794,0.9228483505241883,365
pangu,pangu,sphere_ttc,2018,24,q925,kg kg^-1,0.0004961067517899626,0.931784416451803,365
pangu,pangu,sphere_ttc,2018,24,q1000,kg kg^-1,0.0004134792865161808,0.9562395722001619,365
pangu,pangu,sphere_ttc,2018,24,t50,K,0.6329480322990277,0.977664282770733,365
pangu,pangu,sphere_ttc,2018,24,t100,K,0.5197533094314,0.9853535460619011,365
pangu,pangu,sphere_ttc,2018,24,t200,K,0.4971358635608268,0.9893753177528128,365
pangu,pangu,sphere_ttc,2018,24,t300,K,0.41242186609774945,0.9852020784792495,365
pangu,pangu,sphere_ttc,2018,24,t500,K,0.43940825689950463,0.9892547877570059,365
pangu,pangu,sphere_ttc,2018,24,t700,K,0.47810965183886633,0.9877015860978011,365
pangu,pangu,sphere_ttc,2018,24,t850,K,0.6063381023307102,0.9827970890510435,365
pangu,pangu,sphere_ttc,2018,24,t925,K,0.5965653980323546,0.9805082478067503,365
pangu,pangu,sphere_ttc,2018,24,t1000,K,0.5975728076027379,0.9746488716751716,365
pangu,pangu,sphere_ttc,2018,24,u50,m s^-1,1.0587728282852982,0.991363453349234,365
pangu,pangu,sphere_ttc,2018,24,u100,m s^-1,1.2891335008829286,0.9831606837251288,365
pangu,pangu,sphere_ttc,2018,24,u200,m s^-1,1.7931434726777633,0.9875940337617675,365
pangu,pangu,sphere_ttc,2018,24,u300,m s^-1,1.8881826287451682,0.9867080753646412,365
pangu,pangu,sphere_ttc,2018,24,u500,m s^-1,1.4138157662703819,0.9843714473309118,365
pangu,pangu,sphere_ttc,2018,24,u700,m s^-1,1.1948150848480832,0.9807818646671339,365
pangu,pangu,sphere_ttc,2018,24,u850,m s^-1,1.128476799285114,0.9775186484292122,365
pangu,pangu,sphere_ttc,2018,24,u925,m s^-1,1.0615486506712424,0.9787310746506674,365
pangu,pangu,sphere_ttc,2018,24,u1000,m s^-1,0.837615329774131,0.9784172069593141,365
pangu,pangu,sphere_ttc,2018,24,v50,m s^-1,0.9243799118752677,0.9816885111171283,365
pangu,pangu,sphere_ttc,2018,24,v100,m s^-1,1.2193931311031196,0.980788299207726,365
pangu,pangu,sphere_ttc,2018,24,v200,m s^-1,1.8183761818398445,0.98575558662721,365
pangu,pangu,sphere_ttc,2018,24,v300,m s^-1,1.9086343094614013,0.9852755569351606,365
pangu,pangu,sphere_ttc,2018,24,v500,m s^-1,1.3992780464871666,0.9823628022876417,365
pangu,pangu,sphere_ttc,2018,24,v700,m s^-1,1.1616043335713626,0.9778236008733279,365
pangu,pangu,sphere_ttc,2018,24,v850,m s^-1,1.10586032322218,0.974003328913093,365
pangu,pangu,sphere_ttc,2018,24,v925,m s^-1,1.069587433853914,0.9764973979935986,365
pangu,pangu,sphere_ttc,2018,24,v1000,m s^-1,0.8649996155186644,0.9765889584231197,365
pangu,pangu,sphere_ttc,2018,24,u10,m s^-1,0.753080070684949,0.9778341664911752,365
pangu,pangu,sphere_ttc,2018,24,v10,m s^-1,0.7721163200090637,0.9758217031060774,365
pangu,pangu,sphere_ttc,2018,24,t2m,K,0.6277579528858725,0.9685067241826669,365
pangu,pangu,sphere_ttc,2018,24,mslp,Pa,76.52873266400827,0.9937760744421574,365
pangu,pangu,sphere_ttc,2018,72,z50,m^2 s^-2,192.3477392673562,0.9832836015695207,365
pangu,pangu,sphere_ttc,2018,72,z100,m^2 s^-2,134.34002746059826,0.9888911625326816,365
pangu,pangu,sphere_ttc,2018,72,z200,m^2 s^-2,170.2570765670175,0.9866205042190935,365
pangu,pangu,sphere_ttc,2018,72,z300,m^2 s^-2,199.14507694289296,0.9829211704020673,365
pangu,pangu,sphere_ttc,2018,72,z500,m^2 s^-2,150.41840064845357,0.9819859447453613,365
pangu,pangu,sphere_ttc,2018,72,z700,m^2 s^-2,119.53063309000085,0.9804737629386107,365
pangu,pangu,sphere_ttc,2018,72,z850,m^2 s^-2,114.4561180209663,0.9773274261064864,365
pangu,pangu,sphere_ttc,2018,72,z925,m^2 s^-2,116.75261565487024,0.9759181533644714,365
pangu,pangu,sphere_ttc,2018,72,z1000,m^2 s^-2,121.50995946130371,0.9747234892055255,365
pangu,pangu,sphere_ttc,2018,72,q50,kg kg^-1,9.13441813128672e-08,0.7089921633343925,365
pangu,pangu,sphere_ttc,2018,72,q100,kg kg^-1,1.9570795474926823e-07,0.8515253969278922,365
pangu,pangu,sphere_ttc,2018,72,q200,kg kg^-1,8.381110425162366e-06,0.7983026900655901,365
pangu,pangu,sphere_ttc,2018,72,q300,kg kg^-1,7.26198197392621e-05,0.8162131159352098,365
pangu,pangu,sphere_ttc,2018,72,q500,kg kg^-1,0.0004165858764359298,0.8509300270999343,365
pangu,pangu,sphere_ttc,2018,72,q700,kg kg^-1,0.0007990704666250659,0.8507607519424977,365
pangu,pangu,sphere_ttc,2018,72,q850,kg kg^-1,0.0009517385830250194,0.8324650636118357,365
pangu,pangu,sphere_ttc,2018,72,q925,kg kg^-1,0.0006933590051522647,0.8662338716734623,365
pangu,pangu,sphere_ttc,2018,72,q1000,kg kg^-1,0.000583791222279051,0.9124765466707759,365
pangu,pangu,sphere_ttc,2018,72,t50,K,0.9803935311029497,0.9463137586604199,365
pangu,pangu,sphere_ttc,2018,72,t100,K,0.7943072656350928,0.9658477279188505,365
pangu,pangu,sphere_ttc,2018,72,t200,K,0.922698269110776,0.963192006207037,365
pangu,pangu,sphere_ttc,2018,72,t300,K,0.7541977634963184,0.9506333596932693,365
pangu,pangu,sphere_ttc,2018,72,t500,K,0.8159951669676568,0.9628582554349254,365
pangu,pangu,sphere_ttc,2018,72,t700,K,0.8429370783564387,0.9615170825604233,365
pangu,pangu,sphere_ttc,2018,72,t850,K,0.991125757362198,0.9537418269561995,365
pangu,pangu,sphere_ttc,2018,72,t925,K,0.9724061207703023,0.9477997975739093,365
pangu,pangu,sphere_ttc,2018,72,t1000,K,0.9163717911007204,0.9398525737816034,365
pangu,pangu,sphere_ttc,2018,72,u50,m s^-1,1.674798666218296,0.9783006089293949,365
pangu,pangu,sphere_ttc,2018,72,u100,m s^-1,1.9149487902660733,0.9628428929895345,365
pangu,pangu,sphere_ttc,2018,72,u200,m s^-1,3.103121503457957,0.9630417841685567,365
pangu,pangu,sphere_ttc,2018,72,u300,m s^-1,3.5464183468977937,0.9532238041001752,365
pangu,pangu,sphere_ttc,2018,72,u500,m s^-1,2.5682439288214884,0.9482227889253797,365
pangu,pangu,sphere_ttc,2018,72,u700,m s^-1,2.063223341816554,0.9422500385223538,365
pangu,pangu,sphere_ttc,2018,72,u850,m s^-1,1.9487471891305146,0.9324689951330198,365
pangu,pangu,sphere_ttc,2018,72,u925,m s^-1,1.9005764133993508,0.9313838384266653,365
pangu,pangu,sphere_ttc,2018,72,u1000,m s^-1,1.4798384210426698,0.9321338993211433,365
pangu,pangu,sphere_ttc,2018,72,v50,m s^-1,1.3645999042755124,0.9600410664714865,365
pangu,pangu,sphere_ttc,2018,72,v100,m s^-1,1.759067116512413,0.9598628796013068,365
pangu,pangu,sphere_ttc,2018,72,v200,m s^-1,3.0691937269919993,0.9592329669476234,365
pangu,pangu,sphere_ttc,2018,72,v300,m s^-1,3.4407425162416216,0.9518563797061139,365
pangu,pangu,sphere_ttc,2018,72,v500,m s^-1,2.44479157480691,0.9457033594699868,365
pangu,pangu,sphere_ttc,2018,72,v700,m s^-1,1.9480492950387285,0.9369033787538078,365
pangu,pangu,sphere_ttc,2018,72,v850,m s^-1,1.8386354265908131,0.9273015231275459,365
pangu,pangu,sphere_ttc,2018,72,v925,m s^-1,1.831997851590369,0.9303912154422922,365
pangu,pangu,sphere_ttc,2018,72,v1000,m s^-1,1.469436078782163,0.9318934599975655,365
pangu,pangu,sphere_ttc,2018,72,u10,m s^-1,1.3394687358272772,0.929267556852802,365
pangu,pangu,sphere_ttc,2018,72,v10,m s^-1,1.3212850021347653,0.9285285728086248,365
pangu,pangu,sphere_ttc,2018,72,t2m,K,0.9214016160621122,0.9315129827995025,365
pangu,pangu,sphere_ttc,2018,72,mslp,Pa,154.74296660190035,0.9744263303761361,365
pangu,pangu,sphere_ttc,2018,120,z50,m^2 s^-2,305.5243613499873,0.9580862702891759,365
pangu,pangu,sphere_ttc,2018,120,z100,m^2 s^-2,256.85722999562887,0.9592716396642978,365
pangu,pangu,sphere_ttc,2018,120,z200,m^2 s^-2,352.2109188649929,0.9424410533685625,365
pangu,pangu,sphere_ttc,2018,120,z300,m^2 s^-2,411.2461633767825,0.9268169630185105,365
pangu,pangu,sphere_ttc,2018,120,z500,m^2 s^-2,307.327378338565,0.9243501558453894,365
pangu,pangu,sphere_ttc,2018,120,z700,m^2 s^-2,239.63815541747962,0.9208996551172803,365
pangu,pangu,sphere_ttc,2018,120,z850,m^2 s^-2,225.59723219256304,0.9111152336266227,365
pangu,pangu,sphere_ttc,2018,120,z925,m^2 s^-2,229.67469927520867,0.9058934209653107,365
pangu,pangu,sphere_ttc,2018,120,z1000,m^2 s^-2,238.04965217509758,0.9019223694241079,365
pangu,pangu,sphere_ttc,2018,120,q50,kg kg^-1,1.0704608925965517e-07,0.6151466047244945,365
pangu,pangu,sphere_ttc,2018,120,q100,kg kg^-1,2.394274289804555e-07,0.7735699058353228,365
pangu,pangu,sphere_ttc,2018,120,q200,kg kg^-1,1.0086593090005357e-05,0.699193250742774,365
pangu,pangu,sphere_ttc,2018,120,q300,kg kg^-1,9.070655351826801e-05,0.7054104886049044,365
pangu,pangu,sphere_ttc,2018,120,q500,kg kg^-1,0.0005471339619984366,0.7384739895569975,365
pangu,pangu,sphere_ttc,2018,120,q700,kg kg^-1,0.0010602265236020502,0.7329573189262062,365
pangu,pangu,sphere_ttc,2018,120,q850,kg kg^-1,0.0012344538538461435,0.7141581770694745,365
pangu,pangu,sphere_ttc,2018,120,q925,kg kg^-1,0.0009048099899375835,0.7695932258784306,365
pangu,pangu,sphere_ttc,2018,120,q1000,kg kg^-1,0.0007996321688397307,0.8337016216115957,365
pangu,pangu,sphere_ttc,2018,120,t50,K,1.2415670889643848,0.9140419417639837,365
pangu,pangu,sphere_ttc,2018,120,t100,K,1.1703922072467836,0.9258911061740716,365
pangu,pangu,sphere_ttc,2018,120,t200,K,1.6386158949387737,0.8824319062116296,365
pangu,pangu,sphere_ttc,2018,120,t300,K,1.2177844767600188,0.8698388126681432,365
pangu,pangu,sphere_ttc,2018,120,t500,K,1.437624305476185,0.8831287214725091,365
pangu,pangu,sphere_ttc,2018,120,t700,K,1.4497491726816996,0.8840146462616062,365
pangu,pangu,sphere_ttc,2018,120,t850,K,1.6165103255184106,0.8746990536842693,365
pangu,pangu,sphere_ttc,2018,120,t925,K,1.561901037194708,0.8627555409891215,365
pangu,pangu,sphere_ttc,2018,120,t1000,K,1.4042090184662104,0.8559775867563795,365
pangu,pangu,sphere_ttc,2018,120,u50,m s^-1,2.300728514606135,0.9588849565245614,365
pangu,pangu,sphere_ttc,2018,120,u100,m s^-1,2.7831929953458867,0.9215005756130266,365
pangu,pangu,sphere_ttc,2018,120,u200,m s^-1,5.05528395601124,0.9018164916692395,365
pangu,pangu,sphere_ttc,2018,120,u300,m s^-1,5.993947279184019,0.86551232943303,365
pangu,pangu,sphere_ttc,2018,120,u500,m s^-1,4.240715795946992,0.8575905723215758,365
pangu,pangu,sphere_ttc,2018,120,u700,m s^-1,3.320488495741653,0.8487578670982409,365
pangu,pangu,sphere_ttc,2018,120,u850,m s^-1,3.135118492477293,0.8226695879965185,365
pangu,pangu,sphere_ttc,2018,120,u925,m s^-1,3.1244675890823808,0.8114433976336474,365
pangu,pangu,sphere_ttc,2018,120,u1000,m s^-1,2.4192792610938048,0.8158190768153851,365
pangu,pangu,sphere_ttc,2018,120,v50,m s^-1,1.9159413169446278,0.9208150860961535,365
pangu,pangu,sphere_ttc,2018,120,v100,m s^-1,2.6301287973673952,0.9097857949951694,365
pangu,pangu,sphere_ttc,2018,120,v200,m s^-1,5.089136044622894,0.8866778026796676,365
pangu,pangu,sphere_ttc,2018,120,v300,m s^-1,5.8996467113451345,0.8560083718196815,365
pangu,pangu,sphere_ttc,2018,120,v500,m s^-1,4.0903332231261835,0.8452560714384356,365
pangu,pangu,sphere_ttc,2018,120,v700,m s^-1,3.152467055367455,0.8317857195067118,365
pangu,pangu,sphere_ttc,2018,120,v850,m s^-1,2.941856559248597,0.8099587815667839,365
pangu,pangu,sphere_ttc,2018,120,v925,m s^-1,2.9934265201963286,0.8102282123484165,365
pangu,pangu,sphere_ttc,2018,120,v1000,m s^-1,2.3895481837237793,0.816754900727756,365
pangu,pangu,sphere_ttc,2018,120,u10,m s^-1,2.181525226197812,0.8092027088882188,365
pangu,pangu,sphere_ttc,2018,120,v10,m s^-1,2.1376744838177246,0.8092247395623792,365
pangu,pangu,sphere_ttc,2018,120,t2m,K,1.3519739808829605,0.8497627807691859,365
pangu,pangu,sphere_ttc,2018,120,mslp,Pa,302.7951587199896,0.9009912431661706,365
pangu,pangu,sphere_ttc,2018,168,z50,m^2 s^-2,445.7454258955034,0.9108818806977953,365
pangu,pangu,sphere_ttc,2018,168,z100,m^2 s^-2,430.3217989265954,0.8844115520790129,365
pangu,pangu,sphere_ttc,2018,168,z200,m^2 s^-2,597.3662493769561,0.8300036374713535,365
pangu,pangu,sphere_ttc,2018,168,z300,m^2 s^-2,671.2882044432612,0.7967115694976199,365
pangu,pangu,sphere_ttc,2018,168,z500,m^2 s^-2,499.04805252888895,0.792960884372212,365
pangu,pangu,sphere_ttc,2018,168,z700,m^2 s^-2,387.26862759416025,0.7864177825002415,365
pangu,pangu,sphere_ttc,2018,168,z850,m^2 s^-2,357.33853175041804,0.7675260886389448,365
pangu,pangu,sphere_ttc,2018,168,z925,m^2 s^-2,359.9430452086725,0.7571539532803374,365
pangu,pangu,sphere_ttc,2018,168,z1000,m^2 s^-2,370.227897219684,0.7496189593690035,365
pangu,pangu,sphere_ttc,2018,168,q50,kg kg^-1,1.207660082897618e-07,0.5301411456498065,365
pangu,pangu,sphere_ttc,2018,168,q100,kg kg^-1,2.8434797867899056e-07,0.6760426227050692,365
pangu,pangu,sphere_ttc,2018,168,q200,kg kg^-1,1.1712338455058505e-05,0.5758916315975108,365
pangu,pangu,sphere_ttc,2018,168,q300,kg kg^-1,0.00010698828322416501,0.5714366976198587,365
pangu,pangu,sphere_ttc,2018,168,q500,kg kg^-1,0.0006663928928199019,0.5985215073459874,365
pangu,pangu,sphere_ttc,2018,168,q700,kg kg^-1,0.0013001875158799782,0.5856073091428745,365
pangu,pangu,sphere_ttc,2018,168,q850,kg kg^-1,0.0015006204283873942,0.5651443352916604,365
pangu,pangu,sphere_ttc,2018,168,q925,kg kg^-1,0.0011388473991146913,0.62491072321854,365
pangu,pangu,sphere_ttc,2018,168,q1000,kg kg^-1,0.0010613367477523609,0.6981420571745616,365
pangu,pangu,sphere_ttc,2018,168,t50,K,1.5213955826084096,0.8710141777451308,365
pangu,pangu,sphere_ttc,2018,168,t100,K,1.669882207300181,0.8480529733891846,365
pangu,pangu,sphere_ttc,2018,168,t200,K,2.3935972585996637,0.7354833437628742,365
pangu,pangu,sphere_ttc,2018,168,t300,K,1.719080910567267,0.7282469174138304,365
pangu,pangu,sphere_ttc,2018,168,t500,K,2.1279631291631778,0.7281503664141202,365
pangu,pangu,sphere_ttc,2018,168,t700,K,2.1424301000485118,0.732760849335761,365
pangu,pangu,sphere_ttc,2018,168,t850,K,2.3500688720657386,0.7218964014164488,365
pangu,pangu,sphere_ttc,2018,168,t925,K,2.2367294767936947,0.7057290194616791,365
pangu,pangu,sphere_ttc,2018,168,t1000,K,1.9674545850397798,0.7059599505947263,365
pangu,pangu,sphere_ttc,2018,168,u50,m s^-1,3.067817898770598,0.9263589391332371,365
pangu,pangu,sphere_ttc,2018,168,u100,m s^-1,4.015917205304979,0.8358935630452626,365
pangu,pangu,sphere_ttc,2018,168,u200,m s^-1,7.4515864141535655,0.7796673152802642,365
pangu,pangu,sphere_ttc,2018,168,u300,m s^-1,8.546517052670586,0.7118928701732651,365
pangu,pangu,sphere_ttc,2018,168,u500,m s^-1,5.983823400052749,0.7008023393028011,365
pangu,pangu,sphere_ttc,2018,168,u700,m s^-1,4.631309362466906,0.6901157499823805,365
pangu,pangu,sphere_ttc,2018,168,u850,m s^-1,4.30786502325499,0.6440550119810686,365
pangu,pangu,sphere_ttc,2018,168,u925,m s^-1,4.298633059701461,0.6185108406583695,365
pangu,pangu,sphere_ttc,2018,168,u1000,m s^-1,3.3421932030123758,0.6247890858963171,365
pangu,pangu,sphere_ttc,2018,168,v50,m s^-1,2.690260466983625,0.8416978031101677,365
pangu,pangu,sphere_ttc,2018,168,v100,m s^-1,3.8812153837715075,0.7986129408029304,365
pangu,pangu,sphere_ttc,2018,168,v200,m s^-1,7.573899823846437,0.7341212256444273,365
pangu,pangu,sphere_ttc,2018,168,v300,m s^-1,8.568220820448225,0.6749042902695154,365
pangu,pangu,sphere_ttc,2018,168,v500,m s^-1,5.829159551472066,0.6626485096074691,365
pangu,pangu,sphere_ttc,2018,168,v700,m s^-1,4.408549593964651,0.6465745919679121,365
pangu,pangu,sphere_ttc,2018,168,v850,m s^-1,4.051989781087104,0.6112918686423493,365
pangu,pangu,sphere_ttc,2018,168,v925,m s^-1,4.151249147268038,0.6066828407194996,365
pangu,pangu,sphere_ttc,2018,168,v1000,m s^-1,3.33229688040072,0.6172441183629268,365
pangu,pangu,sphere_ttc,2018,168,u10,m s^-1,2.9888615630676805,0.6175013843018073,365
pangu,pangu,sphere_ttc,2018,168,v10,m s^-1,2.9557234214275834,0.6078476941509696,365
pangu,pangu,sphere_ttc,2018,168,t2m,K,1.8506613391228606,0.7088041168950491,365
pangu,pangu,sphere_ttc,2018,168,mslp,Pa,470.8263841038668,0.7473358964624695,365
pangu,pangu,sphere_ttc,2018,240,z50,m^2 s^-2,703.191095942094,0.7735619351126497,365
pangu,pangu,sphere_ttc,2018,240,z100,m^2 s^-2,685.5378080133534,0.6820258082683093,365
pangu,pangu,sphere_ttc,2018,240,z200,m^2 s^-2,895.3722641663388,0.566188913853405,365
pangu,pangu,sphere_ttc,2018,240,z300,m^2 s^-2,969.2374890543371,0.5153460734823775,365
pangu,pangu,sphere_ttc,2018,240,z500,m^2 s^-2,714.6250269863249,0.5122209994955853,365
pangu,pangu,sphere_ttc,2018,240,z700,m^2 s^-2,549.0636851504818,0.5035349542355839,365
pangu,pangu,sphere_ttc,2018,240,z850,m^2 s^-2,497.81666059754684,0.47653448972266466,365
pangu,pangu,sphere_ttc,2018,240,z925,m^2 s^-2,498.09576764915397,0.4608172185739487,365
pangu,pangu,sphere_ttc,2018,240,z1000,m^2 s^-2,510.84351338024373,0.44892292331980277,365
pangu,pangu,sphere_ttc,2018,240,q50,kg kg^-1,1.4119187255306285e-07,0.3949404431479993,365
pangu,pangu,sphere_ttc,2018,240,q100,kg kg^-1,3.495703047648658e-07,0.5062402695887525,365
pangu,pangu,sphere_ttc,2018,240,q200,kg kg^-1,1.3660759004429345e-05,0.380467984259376,365
pangu,pangu,sphere_ttc,2018,240,q300,kg kg^-1,0.000125484909416628,0.3652383080860787,365
pangu,pangu,sphere_ttc,2018,240,q500,kg kg^-1,0.0007952465778248006,0.3897056130942189,365
pangu,pangu,sphere_ttc,2018,240,q700,kg kg^-1,0.0015610826096456455,0.36399498935393215,365
pangu,pangu,sphere_ttc,2018,240,q850,kg kg^-1,0.0017918725350025415,0.34476611282664654,365
pangu,pangu,sphere_ttc,2018,240,q925,kg kg^-1,0.001413846499839113,0.38868883257060527,365
pangu,pangu,sphere_ttc,2018,240,q1000,kg kg^-1,0.0013866057109569816,0.44528319349263457,365
pangu,pangu,sphere_ttc,2018,240,t50,K,2.0617301984123784,0.7610002651236535,365
pangu,pangu,sphere_ttc,2018,240,t100,K,2.3944107465555837,0.6674538282169964,365
pangu,pangu,sphere_ttc,2018,240,t200,K,3.181925139774856,0.4809503444718738,365
pangu,pangu,sphere_ttc,2018,240,t300,K,2.2802777124455305,0.4681964092320477,365
pangu,pangu,sphere_ttc,2018,240,t500,K,2.8784154376766193,0.44065520256734547,365
pangu,pangu,sphere_ttc,2018,240,t700,K,2.9048034248150643,0.4480344207346561,365
pangu,pangu,sphere_ttc,2018,240,t850,K,3.1609708662107794,0.43895010033465376,365
pangu,pangu,sphere_ttc,2018,240,t925,K,2.9780031597321748,0.4285889513928001,365
pangu,pangu,sphere_ttc,2018,240,t1000,K,2.607134019681114,0.4461808895309422,365
pangu,pangu,sphere_ttc,2018,240,u50,m s^-1,4.38212262086322,0.8464091830347277,365
pangu,pangu,sphere_ttc,2018,240,u100,m s^-1,5.810239975581259,0.6281343323895813,365
pangu,pangu,sphere_ttc,2018,240,u200,m s^-1,10.34324443377148,0.5234661568272553,365
pangu,pangu,sphere_ttc,2018,240,u300,m s^-1,11.308132081842835,0.43544769839430103,365
pangu,pangu,sphere_ttc,2018,240,u500,m s^-1,7.8436705363076635,0.422276112532064,365
pangu,pangu,sphere_ttc,2018,240,u700,m s^-1,6.012251469156277,0.41314049465285524,365
pangu,pangu,sphere_ttc,2018,240,u850,m s^-1,5.466724906648964,0.3595563316105153,365
pangu,pangu,sphere_ttc,2018,240,u925,m s^-1,5.411599310768647,0.3267203909144506,365
pangu,pangu,sphere_ttc,2018,240,u1000,m s^-1,4.227096052340455,0.33089059909016744,365
pangu,pangu,sphere_ttc,2018,240,v50,m s^-1,3.9296774649823725,0.633343336804177,365
pangu,pangu,sphere_ttc,2018,240,v100,m s^-1,5.5429076535820645,0.5261645617588071,365
pangu,pangu,sphere_ttc,2018,240,v200,m s^-1,10.425198588233107,0.41554610739428977,365
pangu,pangu,sphere_ttc,2018,240,v300,m s^-1,11.29122630180433,0.3561613543934205,365
pangu,pangu,sphere_ttc,2018,240,v500,m s^-1,7.574858890310643,0.35132800185661556,365
pangu,pangu,sphere_ttc,2018,240,v700,m s^-1,5.6501072108899235,0.3401292967858008,365
pangu,pangu,sphere_ttc,2018,240,v850,m s^-1,5.097386552109927,0.30855975047921524,365
pangu,pangu,sphere_ttc,2018,240,v925,m s^-1,5.236820738148115,0.2992697799267291,365
pangu,pangu,sphere_ttc,2018,240,v1000,m s^-1,4.237616140625567,0.30630517798788154,365
pangu,pangu,sphere_ttc,2018,240,u10,m s^-1,3.7556216881570528,0.32786357548001066,365
pangu,pangu,sphere_ttc,2018,240,v10,m s^-1,3.732677295915126,0.30023235599768144,365
pangu,pangu,sphere_ttc,2018,240,t2m,K,2.4385053956238374,0.4626490065715547,365
pangu,pangu,sphere_ttc,2018,240,mslp,Pa,648.0661941129584,0.44655436746571825,365
pangu,pangu,sphere_ttc,2019,24,z50,m^2 s^-2,97.1333954232425,0.9969458636465924,365
pangu,pangu,sphere_ttc,2019,24,z100,m^2 s^-2,68.41088669265858,0.9976623723358963,365
pangu,pangu,sphere_ttc,2019,24,z200,m^2 s^-2,81.57904504355467,0.9970929236668297,365
pangu,pangu,sphere_ttc,2019,24,z300,m^2 s^-2,91.87760002378239,0.9964235136208112,365
pangu,pangu,sphere_ttc,2019,24,z500,m^2 s^-2,69.09946118583665,0.9962271588750083,365
pangu,pangu,sphere_ttc,2019,24,z700,m^2 s^-2,56.39535309947694,0.9956932341315422,365
pangu,pangu,sphere_ttc,2019,24,z850,m^2 s^-2,55.0739801583336,0.9947793488841887,365
pangu,pangu,sphere_ttc,2019,24,z925,m^2 s^-2,56.588769366009146,0.9943630741087572,365
pangu,pangu,sphere_ttc,2019,24,z1000,m^2 s^-2,59.50852373348891,0.9939672010685909,365
pangu,pangu,sphere_ttc,2019,24,q50,kg kg^-1,8.154303021730885e-08,0.8006068818169711,365
pangu,pangu,sphere_ttc,2019,24,q100,kg kg^-1,1.4551247481870765e-07,0.9262679965818515,365
pangu,pangu,sphere_ttc,2019,24,q200,kg kg^-1,6.453528543926242e-06,0.8983066618427216,365
pangu,pangu,sphere_ttc,2019,24,q300,kg kg^-1,5.1375134617270736e-05,0.9151995669726329,365
pangu,pangu,sphere_ttc,2019,24,q500,kg kg^-1,0.0002796649187185398,0.9353494025393605,365
pangu,pangu,sphere_ttc,2019,24,q700,kg kg^-1,0.0005261875474265699,0.9367612702212059,365
pangu,pangu,sphere_ttc,2019,24,q850,kg kg^-1,0.0006651512127860638,0.9226057621281537,365
pangu,pangu,sphere_ttc,2019,24,q925,kg kg^-1,0.000511600587024494,0.9328680141270027,365
pangu,pangu,sphere_ttc,2019,24,q1000,kg kg^-1,0.00041963702628555516,0.9566016662987036,365
pangu,pangu,sphere_ttc,2019,24,t50,K,0.6395225240295697,0.985627768630809,365
pangu,pangu,sphere_ttc,2019,24,t100,K,0.530227108562292,0.9875696500286383,365
pangu,pangu,sphere_ttc,2019,24,t200,K,0.4983651885907084,0.9903924272659528,365
pangu,pangu,sphere_ttc,2019,24,t300,K,0.4149320180655606,0.9861614377171082,365
pangu,pangu,sphere_ttc,2019,24,t500,K,0.43807081103078294,0.989197979175761,365
pangu,pangu,sphere_ttc,2019,24,t700,K,0.4785473597547712,0.9874992016886054,365
pangu,pangu,sphere_ttc,2019,24,t850,K,0.6116575606343951,0.9825663738686995,365
pangu,pangu,sphere_ttc,2019,24,t925,K,0.6009796652661842,0.9802161749062708,365
pangu,pangu,sphere_ttc,2019,24,t1000,K,0.5992599986402964,0.9743955472390703,365
pangu,pangu,sphere_ttc,2019,24,u50,m s^-1,1.14500965441167,0.9881146824328848,365
pangu,pangu,sphere_ttc,2019,24,u100,m s^-1,1.317231533165195,0.9836640229247752,365
pangu,pangu,sphere_ttc,2019,24,u200,m s^-1,1.7800062417955305,0.9874152294075997,365
pangu,pangu,sphere_ttc,2019,24,u300,m s^-1,1.8736387312245153,0.9864333486856851,365
pangu,pangu,sphere_ttc,2019,24,u500,m s^-1,1.4075624415391825,0.9837793151655596,365
pangu,pangu,sphere_ttc,2019,24,u700,m s^-1,1.1943780292009814,0.9801397125315939,365
pangu,pangu,sphere_ttc,2019,24,u850,m s^-1,1.1294318896465494,0.976855301511457,365
pangu,pangu,sphere_ttc,2019,24,u925,m s^-1,1.0608591943131598,0.9781879529036585,365
pangu,pangu,sphere_ttc,2019,24,u1000,m s^-1,0.8386792616423933,0.9779228180719165,365
pangu,pangu,sphere_ttc,2019,24,v50,m s^-1,0.9958877138086307,0.9763905356481378,365
pangu,pangu,sphere_ttc,2019,24,v100,m s^-1,1.2582361315939827,0.9798466678033485,365
pangu,pangu,sphere_ttc,2019,24,v200,m s^-1,1.8224847123493204,0.9862467979396501,365
pangu,pangu,sphere_ttc,2019,24,v300,m s^-1,1.9079270069681384,0.9856841635307088,365
pangu,pangu,sphere_ttc,2019,24,v500,m s^-1,1.3999304651742477,0.9829253359803785,365
pangu,pangu,sphere_ttc,2019,24,v700,m s^-1,1.163661594344842,0.9786218217827013,365
pangu,pangu,sphere_ttc,2019,24,v850,m s^-1,1.1111537668090707,0.974606595720777,365
pangu,pangu,sphere_ttc,2019,24,v925,m s^-1,1.0756473563549345,0.9769046508989977,365
pangu,pangu,sphere_ttc,2019,24,v1000,m s^-1,0.8712834162804034,0.976794849835814,365
pangu,pangu,sphere_ttc,2019,24,u10,m s^-1,0.754145329792441,0.97750328856804,365
pangu,pangu,sphere_ttc,2019,24,v10,m s^-1,0.7772357794527153,0.976015901294324,365
pangu,pangu,sphere_ttc,2019,24,t2m,K,0.627429933123339,0.9682228708093109,365
pangu,pangu,sphere_ttc,2019,24,mslp,Pa,75.90256112929035,0.993864475608792,365
pangu,pangu,sphere_ttc,2019,72,z50,m^2 s^-2,191.22185793960415,0.9881320158817173,365
pangu,pangu,sphere_ttc,2019,72,z100,m^2 s^-2,133.20071487043478,0.9910818143730136,365
pangu,pangu,sphere_ttc,2019,72,z200,m^2 s^-2,168.31539917081508,0.9875464613605557,365
pangu,pangu,sphere_ttc,2019,72,z300,m^2 s^-2,197.65057205960224,0.9833619228390607,365
pangu,pangu,sphere_ttc,2019,72,z500,m^2 s^-2,150.24531954102744,0.9820633069931171,365
pangu,pangu,sphere_ttc,2019,72,z700,m^2 s^-2,119.84996522389784,0.9804264692506112,365
pangu,pangu,sphere_ttc,2019,72,z850,m^2 s^-2,114.57271808576017,0.9772545788612882,365
pangu,pangu,sphere_ttc,2019,72,z925,m^2 s^-2,116.80772768507191,0.9758208846188615,365
pangu,pangu,sphere_ttc,2019,72,z1000,m^2 s^-2,121.43848072947702,0.9746951881445225,365
pangu,pangu,sphere_ttc,2019,72,q50,kg kg^-1,1.117888648405946e-07,0.6532433271822066,365
pangu,pangu,sphere_ttc,2019,72,q100,kg kg^-1,2.0439636088983517e-07,0.8521708181814535,365
pangu,pangu,sphere_ttc,2019,72,q200,kg kg^-1,8.927610012058205e-06,0.8002307549748844,365
pangu,pangu,sphere_ttc,2019,72,q300,kg kg^-1,7.558151409286654e-05,0.8151794500521244,365
pangu,pangu,sphere_ttc,2019,72,q500,kg kg^-1,0.0004263192018209473,0.8486232021296292,365
pangu,pangu,sphere_ttc,2019,72,q700,kg kg^-1,0.0008111352648784765,0.8495964165552317,365
pangu,pangu,sphere_ttc,2019,72,q850,kg kg^-1,0.0009778757394717048,0.8321522575066284,365
pangu,pangu,sphere_ttc,2019,72,q925,kg kg^-1,0.0007158814023508122,0.8677309574018688,365
pangu,pangu,sphere_ttc,2019,72,q1000,kg kg^-1,0.0005927781558387783,0.913003092043199,365
pangu,pangu,sphere_ttc,2019,72,t50,K,0.9923207431070924,0.9648121973195284,365
pangu,pangu,sphere_ttc,2019,72,t100,K,0.8111244102651778,0.9707383035289902,365
pangu,pangu,sphere_ttc,2019,72,t200,K,0.930195344772618,0.9663256096890319,365
pangu,pangu,sphere_ttc,2019,72,t300,K,0.7592747821133712,0.9535276781594597,365
pangu,pangu,sphere_ttc,2019,72,t500,K,0.8118040714624378,0.9628396593789916,365
pangu,pangu,sphere_ttc,2019,72,t700,K,0.8380762266843861,0.9614253517639468,365
pangu,pangu,sphere_ttc,2019,72,t850,K,0.9953711076963966,0.9535858570296989,365
pangu,pangu,sphere_ttc,2019,72,t925,K,0.9766700243974287,0.9474529786593964,365
pangu,pangu,sphere_ttc,2019,72,t1000,K,0.9146877231405975,0.9400454817354835,365
pangu,pangu,sphere_ttc,2019,72,u50,m s^-1,1.7876663283371552,0.9707231373133385,365
pangu,pangu,sphere_ttc,2019,72,u100,m s^-1,1.9539833608202801,0.9637912395375473,365
pangu,pangu,sphere_ttc,2019,72,u200,m s^-1,3.0892071637325778,0.9620871591239919,365
pangu,pangu,sphere_ttc,2019,72,u300,m s^-1,3.528171252210364,0.9519442461530363,365
pangu,pangu,sphere_ttc,2019,72,u500,m s^-1,2.5589447191157637,0.9460387284480194,365
pangu,pangu,sphere_ttc,2019,72,u700,m s^-1,2.063871627178142,0.9401473049222883,365
pangu,pangu,sphere_ttc,2019,72,u850,m s^-1,1.949966119077297,0.93041033337874,365
pangu,pangu,sphere_ttc,2019,72,u925,m s^-1,1.8983560629932485,0.9296016454264034,365
pangu,pangu,sphere_ttc,2019,72,u1000,m s^-1,1.478105404021368,0.9308456423045061,365
pangu,pangu,sphere_ttc,2019,72,v50,m s^-1,1.4459750067487873,0.9497562780006751,365
pangu,pangu,sphere_ttc,2019,72,v100,m s^-1,1.8046773232828721,0.9582715402350176,365
pangu,pangu,sphere_ttc,2019,72,v200,m s^-1,3.064990157903284,0.9609226244413082,365
pangu,pangu,sphere_ttc,2019,72,v300,m s^-1,3.435520201135237,0.9533261877238961,365
pangu,pangu,sphere_ttc,2019,72,v500,m s^-1,2.4499655514524945,0.9471885499140995,365
pangu,pangu,sphere_ttc,2019,72,v700,m s^-1,1.9541125616917143,0.9389242964176355,365
pangu,pangu,sphere_ttc,2019,72,v850,m s^-1,1.8508657027270239,0.9286575098715933,365
pangu,pangu,sphere_ttc,2019,72,v925,m s^-1,1.8429748219968836,0.9314880903918161,365
pangu,pangu,sphere_ttc,2019,72,v1000,m s^-1,1.4750307797333009,0.932889228103193,365
pangu,pangu,sphere_ttc,2019,72,u10,m s^-1,1.3392773369354798,0.9284111391869734,365
pangu,pangu,sphere_ttc,2019,72,v10,m s^-1,1.3266374799205445,0.9294246187902105,365
pangu,pangu,sphere_ttc,2019,72,t2m,K,0.9181291313458707,0.9315552542377372,365
pangu,pangu,sphere_ttc,2019,72,mslp,Pa,154.5548972342732,0.9743826763646807,365
pangu,pangu,sphere_ttc,2019,120,z50,m^2 s^-2,300.82024082360135,0.970381701683007,365
pangu,pangu,sphere_ttc,2019,120,z100,m^2 s^-2,252.48622817793557,0.9675281487991931,365
pangu,pangu,sphere_ttc,2019,120,z200,m^2 s^-2,349.0037205234528,0.9457882015587333,365
pangu,pangu,sphere_ttc,2019,120,z300,m^2 s^-2,408.132275549281,0.9283630962657815,365
pangu,pangu,sphere_ttc,2019,120,z500,m^2 s^-2,306.2543682593131,0.9248654728018877,365
pangu,pangu,sphere_ttc,2019,120,z700,m^2 s^-2,239.21542323299894,0.9213711179455722,365
pangu,pangu,sphere_ttc,2019,120,z850,m^2 s^-2,224.6792585224287,0.9116983510437304,365
pangu,pangu,sphere_ttc,2019,120,z925,m^2 s^-2,228.143484837037,0.9068249997935897,365
pangu,pangu,sphere_ttc,2019,120,z1000,m^2 s^-2,236.27624290264217,0.9032041215440885,365
pangu,pangu,sphere_ttc,2019,120,q50,kg kg^-1,1.3177700183604564e-07,0.5553756245605622,365
pangu,pangu,sphere_ttc,2019,120,q100,kg kg^-1,2.490858312025663e-07,0.7781633247805473,365
pangu,pangu,sphere_ttc,2019,120,q200,kg kg^-1,1.071675605622668e-05,0.7014243893877148,365
pangu,pangu,sphere_ttc,2019,120,q300,kg kg^-1,9.427681097696338e-05,0.7032648389046484,365
pangu,pangu,sphere_ttc,2019,120,q500,kg kg^-1,0.0005591538464253078,0.734410103534502,365
pangu,pangu,sphere_ttc,2019,120,q700,kg kg^-1,0.0010755359445616985,0.7314607900863414,365
pangu,pangu,sphere_ttc,2019,120,q850,kg kg^-1,0.0012629815342833203,0.7160954426801823,365
pangu,pangu,sphere_ttc,2019,120,q925,kg kg^-1,0.0009312127368954749,0.7731253125630251,365
pangu,pangu,sphere_ttc,2019,120,q1000,kg kg^-1,0.0008083851842411176,0.8363659490454354,365
pangu,pangu,sphere_ttc,2019,120,t50,K,1.2853113937460834,0.9397494504935578,365
pangu,pangu,sphere_ttc,2019,120,t100,K,1.1880444950553204,0.9366202689403461,365
pangu,pangu,sphere_ttc,2019,120,t200,K,1.6405057067699207,0.8939413718379787,365
pangu,pangu,sphere_ttc,2019,120,t300,K,1.2298115237890241,0.8759181976043127,365
pangu,pangu,sphere_ttc,2019,120,t500,K,1.426066749007842,0.8834116749380855,365
pangu,pangu,sphere_ttc,2019,120,t700,K,1.4364379186659781,0.8844600786779859,365
pangu,pangu,sphere_ttc,2019,120,t850,K,1.6155793579039268,0.875581628998196,365
pangu,pangu,sphere_ttc,2019,120,t925,K,1.5624223750441524,0.8633339918796354,365
pangu,pangu,sphere_ttc,2019,120,t1000,K,1.4063132716885813,0.8562485567867578,365
pangu,pangu,sphere_ttc,2019,120,u50,m s^-1,2.404225640973489,0.9464400011421591,365
pangu,pangu,sphere_ttc,2019,120,u100,m s^-1,2.8140228018226234,0.9243806529825414,365
pangu,pangu,sphere_ttc,2019,120,u200,m s^-1,5.030077973428417,0.899019089641027,365
pangu,pangu,sphere_ttc,2019,120,u300,m s^-1,5.951879319732316,0.8623047629836443,365
pangu,pangu,sphere_ttc,2019,120,u500,m s^-1,4.226712523924403,0.8515269691704376,365
pangu,pangu,sphere_ttc,2019,120,u700,m s^-1,3.3162631971398233,0.8439583750194976,365
pangu,pangu,sphere_ttc,2019,120,u850,m s^-1,3.119535637197807,0.8195658808303276,365
pangu,pangu,sphere_ttc,2019,120,u925,m s^-1,3.0961198139119803,0.8099794361350061,365
pangu,pangu,sphere_ttc,2019,120,u1000,m s^-1,2.3954606439725197,0.815774850864663,365
pangu,pangu,sphere_ttc,2019,120,v50,m s^-1,1.9186549687904688,0.910685358200877,365
pangu,pangu,sphere_ttc,2019,120,v100,m s^-1,2.6325389759208706,0.9103592523587627,365
pangu,pangu,sphere_ttc,2019,120,v200,m s^-1,5.048908384856703,0.8926916527068806,365
pangu,pangu,sphere_ttc,2019,120,v300,m s^-1,5.873379938094144,0.8615119276239007,365
pangu,pangu,sphere_ttc,2019,120,v500,m s^-1,4.083771860621512,0.8506306084089617,365
pangu,pangu,sphere_ttc,2019,120,v700,m s^-1,3.155168494505823,0.8377373723939752,365
pangu,pangu,sphere_ttc,2019,120,v850,m s^-1,2.9534030958934663,0.8143585383774299,365
pangu,pangu,sphere_ttc,2019,120,v925,m s^-1,2.9973688859155283,0.8149695399500316,365
pangu,pangu,sphere_ttc,2019,120,v1000,m s^-1,2.381227881346306,0.8220178041782763,365
pangu,pangu,sphere_ttc,2019,120,u10,m s^-1,2.163458314909977,0.8102951388643981,365
pangu,pangu,sphere_ttc,2019,120,v10,m s^-1,2.1321032519595824,0.8141804995885575,365
pangu,pangu,sphere_ttc,2019,120,t2m,K,1.3535130882303505,0.8493189543825816,365
pangu,pangu,sphere_ttc,2019,120,mslp,Pa,300.5253967013437,0.9021509201366437,365
pangu,pangu,sphere_ttc,2019,168,z50,m^2 s^-2,450.12468383010355,0.933224415512876,365
pangu,pangu,sphere_ttc,2019,168,z100,m^2 s^-2,424.5489588378971,0.9060935623807905,365
pangu,pangu,sphere_ttc,2019,168,z200,m^2 s^-2,589.0797641178575,0.8411514410503818,365
pangu,pangu,sphere_ttc,2019,168,z300,m^2 s^-2,663.8086932940907,0.8031365632234793,365
pangu,pangu,sphere_ttc,2019,168,z500,m^2 s^-2,494.47040932906674,0.7971633940721196,365
pangu,pangu,sphere_ttc,2019,168,z700,m^2 s^-2,382.92597964375585,0.7920638031941565,365
pangu,pangu,sphere_ttc,2019,168,z850,m^2 s^-2,353.03767195128177,0.7736922030094631,365
pangu,pangu,sphere_ttc,2019,168,z925,m^2 s^-2,355.39126361919665,0.7639541773646172,365
pangu,pangu,sphere_ttc,2019,168,z1000,m^2 s^-2,365.3422788054937,0.7572604800637331,365
pangu,pangu,sphere_ttc,2019,168,q50,kg kg^-1,1.4945342285087417e-07,0.4675130292360112,365
pangu,pangu,sphere_ttc,2019,168,q100,kg kg^-1,2.9338037130633753e-07,0.690191572668191,365
pangu,pangu,sphere_ttc,2019,168,q200,kg kg^-1,1.232749951015487e-05,0.586143039637525,365
pangu,pangu,sphere_ttc,2019,168,q300,kg kg^-1,0.0001104754630472576,0.5738024139817154,365
pangu,pangu,sphere_ttc,2019,168,q500,kg kg^-1,0.0006761980620186984,0.5982020023933946,365
pangu,pangu,sphere_ttc,2019,168,q700,kg kg^-1,0.0013233708580812934,0.5796178821094848,365
pangu,pangu,sphere_ttc,2019,168,q850,kg kg^-1,0.0015384380970163616,0.5657490655157282,365
pangu,pangu,sphere_ttc,2019,168,q925,kg kg^-1,0.0011631661775877657,0.6359329854268245,365
pangu,pangu,sphere_ttc,2019,168,q1000,kg kg^-1,0.0010701858667252649,0.7048952508399502,365
pangu,pangu,sphere_ttc,2019,168,t50,K,1.5957342640262657,0.9053662064042183,365
pangu,pangu,sphere_ttc,2019,168,t100,K,1.6809216181884743,0.8710790327735233,365
pangu,pangu,sphere_ttc,2019,168,t200,K,2.391995657969939,0.7632195351242198,365
pangu,pangu,sphere_ttc,2019,168,t300,K,1.7239204450673629,0.7442463955302118,365
pangu,pangu,sphere_ttc,2019,168,t500,K,2.10179129261003,0.732140820059508,365
pangu,pangu,sphere_ttc,2019,168,t700,K,2.1194022608342573,0.7350926156496431,365
pangu,pangu,sphere_ttc,2019,168,t850,K,2.333182673837753,0.7283873131822373,365
pangu,pangu,sphere_ttc,2019,168,t925,K,2.2227864933589068,0.7120618272852332,365
pangu,pangu,sphere_ttc,2019,168,t1000,K,1.9590690378075626,0.7121109617743107,365
pangu,pangu,sphere_ttc,2019,168,u50,m s^-1,3.171579808032196,0.9056088735705969,365
pangu,pangu,sphere_ttc,2019,168,u100,m s^-1,4.017300514929079,0.8440712036088512,365
pangu,pangu,sphere_ttc,2019,168,u200,m s^-1,7.365514384428637,0.7766894210653992,365
pangu,pangu,sphere_ttc,2019,168,u300,m s^-1,8.483204977667063,0.7061397509302216,365
pangu,pangu,sphere_ttc,2019,168,u500,m s^-1,5.953756049397015,0.6912235446241305,365
pangu,pangu,sphere_ttc,2019,168,u700,m s^-1,4.6113206307791845,0.6842107953324412,365
pangu,pangu,sphere_ttc,2019,168,u850,m s^-1,4.269895577979973,0.6420923864302911,365
pangu,pangu,sphere_ttc,2019,168,u925,m s^-1,4.244133828475636,0.6193591392160678,365
pangu,pangu,sphere_ttc,2019,168,u1000,m s^-1,3.292271856290014,0.6296863585317369,365
pangu,pangu,sphere_ttc,2019,168,v50,m s^-1,2.631694214230257,0.829674101611902,365
pangu,pangu,sphere_ttc,2019,168,v100,m s^-1,3.837761561971964,0.8038789602065827,365
pangu,pangu,sphere_ttc,2019,168,v200,m s^-1,7.490263945123669,0.7512907717088058,365
pangu,pangu,sphere_ttc,2019,168,v300,m s^-1,8.481203217567568,0.6916206567960129,365
pangu,pangu,sphere_ttc,2019,168,v500,m s^-1,5.797855189111042,0.6782300115222547,365
pangu,pangu,sphere_ttc,2019,168,v700,m s^-1,4.396410053688422,0.6634111804985071,365
pangu,pangu,sphere_ttc,2019,168,v850,m s^-1,4.0554088553668315,0.6242131151144754,365
pangu,pangu,sphere_ttc,2019,168,v925,m s^-1,4.154485161424777,0.6182622398235735,365
pangu,pangu,sphere_ttc,2019,168,v1000,m s^-1,3.3273769777715105,0.6278019150379933,365
pangu,pangu,sphere_ttc,2019,168,u10,m s^-1,2.9519745675782976,0.6236902709514095,365
pangu,pangu,sphere_ttc,2019,168,v10,m s^-1,2.952178060058457,0.6179937262016334,365
pangu,pangu,sphere_ttc,2019,168,t2m,K,1.8412236649842268,0.7139069277206631,365
pangu,pangu,sphere_ttc,2019,168,mslp,Pa,464.251797157947,0.7549829843794147,365
pangu,pangu,sphere_ttc,2019,240,z50,m^2 s^-2,672.652816891387,0.8478221588952625,365
pangu,pangu,sphere_ttc,2019,240,z100,m^2 s^-2,664.4236776455938,0.7539401287000103,365
pangu,pangu,sphere_ttc,2019,240,z200,m^2 s^-2,885.8871025082209,0.5996140165595231,365
pangu,pangu,sphere_ttc,2019,240,z300,m^2 s^-2,958.3584182740361,0.536118235368289,365
pangu,pangu,sphere_ttc,2019,240,z500,m^2 s^-2,708.0537065575344,0.528261424922731,365
pangu,pangu,sphere_ttc,2019,240,z700,m^2 s^-2,543.3971900593373,0.5216066181050576,365
pangu,pangu,sphere_ttc,2019,240,z850,m^2 s^-2,491.2925309240726,0.4957142821778186,365
pangu,pangu,sphere_ttc,2019,240,z925,m^2 s^-2,491.0988056396441,0.48030783037251795,365
pangu,pangu,sphere_ttc,2019,240,z1000,m^2 s^-2,502.8582283900593,0.47035091634533027,365
pangu,pangu,sphere_ttc,2019,240,q50,kg kg^-1,1.6968163668629293e-07,0.36417791876102473,365
pangu,pangu,sphere_ttc,2019,240,q100,kg kg^-1,3.6006099372886726e-07,0.5341714473255446,365
pangu,pangu,sphere_ttc,2019,240,q200,kg kg^-1,1.4345676462459035e-05,0.39914822793498556,365
pangu,pangu,sphere_ttc,2019,240,q300,kg kg^-1,0.00012934086970867696,0.3743688058782197,365
pangu,pangu,sphere_ttc,2019,240,q500,kg kg^-1,0.0008066671765236033,0.3904932846206031,365
pangu,pangu,sphere_ttc,2019,240,q700,kg kg^-1,0.001580973437997285,0.3628604331111502,365
pangu,pangu,sphere_ttc,2019,240,q850,kg kg^-1,0.001830966804602123,0.3515512482690529,365
pangu,pangu,sphere_ttc,2019,240,q925,kg kg^-1,0.001433437783200985,0.4149342526576021,365
pangu,pangu,sphere_ttc,2019,240,q1000,kg kg^-1,0.0013885230017418025,0.463217664117231,365
pangu,pangu,sphere_ttc,2019,240,t50,K,2.0431564970975997,0.8404907126778176,365
pangu,pangu,sphere_ttc,2019,240,t100,K,2.3489258452930297,0.7322847287107823,365
pangu,pangu,sphere_ttc,2019,240,t200,K,3.1646240058193444,0.5456357593448725,365
pangu,pangu,sphere_ttc,2019,240,t300,K,2.275356728830981,0.5088674862205419,365
pangu,pangu,sphere_ttc,2019,240,t500,K,2.8297570666099623,0.45569849121932265,365
pangu,pangu,sphere_ttc,2019,240,t700,K,2.872669321522781,0.4572444279338663,365
pangu,pangu,sphere_ttc,2019,240,t850,K,3.13818916800945,0.4553507491096011,365
pangu,pangu,sphere_ttc,2019,240,t925,K,2.950260282441281,0.44683224896237883,365
pangu,pangu,sphere_ttc,2019,240,t1000,K,2.589985555910261,0.4624042470646908,365
pangu,pangu,sphere_ttc,2019,240,u50,m s^-1,4.3048595248706585,0.8210959563472485,365
pangu,pangu,sphere_ttc,2019,240,u100,m s^-1,5.791868258824654,0.6527852448919993,365
pangu,pangu,sphere_ttc,2019,240,u200,m s^-1,10.195694409613676,0.5242624204068196,365
pangu,pangu,sphere_ttc,2019,240,u300,m s^-1,11.155788915898537,0.43598376227795527,365
pangu,pangu,sphere_ttc,2019,240,u500,m s^-1,7.721169792094261,0.4195486170447589,365
pangu,pangu,sphere_ttc,2019,240,u700,m s^-1,5.922121380389778,0.416611023392136,365
pangu,pangu,sphere_ttc,2019,240,u850,m s^-1,5.369757524672097,0.36982551557855503,365
pangu,pangu,sphere_ttc,2019,240,u925,m s^-1,5.297730287350402,0.3424356404690738,365
pangu,pangu,sphere_ttc,2019,240,u1000,m s^-1,4.133514403961996,0.3519846235272624,365
pangu,pangu,sphere_ttc,2019,240,v50,m s^-1,3.682286379890061,0.6387938917461213,365
pangu,pangu,sphere_ttc,2019,240,v100,m s^-1,5.484141454267398,0.5389320431350471,365
pangu,pangu,sphere_ttc,2019,240,v200,m s^-1,10.406418314964546,0.443061152296263,365
pangu,pangu,sphere_ttc,2019,240,v300,m s^-1,11.269251295051061,0.3764733833092019,365
pangu,pangu,sphere_ttc,2019,240,v500,m s^-1,7.586814741539883,0.3699966537388172,365
pangu,pangu,sphere_ttc,2019,240,v700,m s^-1,5.65859914627547,0.36315623108667877,365
pangu,pangu,sphere_ttc,2019,240,v850,m s^-1,5.101725826126955,0.3275888733281701,365
pangu,pangu,sphere_ttc,2019,240,v925,m s^-1,5.227747633699935,0.31918578899699807,365
pangu,pangu,sphere_ttc,2019,240,v1000,m s^-1,4.222258372344208,0.32517375714927377,365
pangu,pangu,sphere_ttc,2019,240,u10,m s^-1,3.6832637050668775,0.3504333150498347,365
pangu,pangu,sphere_ttc,2019,240,v10,m s^-1,3.720949682271738,0.3180287045599523,365
pangu,pangu,sphere_ttc,2019,240,t2m,K,2.42405741966493,0.47671819511751934,365
pangu,pangu,sphere_ttc,2019,240,mslp,Pa,637.617583837819,0.4674292722688922,365
graphcast,GraphCast-small 1°,raw,2018,24,z50,m^2 s^-2,153.23798274493274,0.9893075210314476,365
graphcast,GraphCast-small 1°,raw,2018,24,z100,m^2 s^-2,84.85989925521541,0.995569796216484,365
graphcast,GraphCast-small 1°,raw,2018,24,z200,m^2 s^-2,95.06707986955887,0.9958269331792569,365
graphcast,GraphCast-small 1°,raw,2018,24,z300,m^2 s^-2,105.92194127725679,0.9951661203925164,365
graphcast,GraphCast-small 1°,raw,2018,24,z500,m^2 s^-2,76.98620017503681,0.995285526325745,365
graphcast,GraphCast-small 1°,raw,2018,24,z700,m^2 s^-2,60.49108862271475,0.995011488478827,365
graphcast,GraphCast-small 1°,raw,2018,24,z850,m^2 s^-2,59.221646385235786,0.9939580823154931,365
graphcast,GraphCast-small 1°,raw,2018,24,z925,m^2 s^-2,62.6971793999878,0.9931035900325501,365
graphcast,GraphCast-small 1°,raw,2018,24,z1000,m^2 s^-2,66.70272082260256,0.992433370543847,365
graphcast,GraphCast-small 1°,raw,2018,24,q50,kg kg^-1,4.0209494344046014e-08,0.9466092425101159,365
graphcast,GraphCast-small 1°,raw,2018,24,q100,kg kg^-1,1.3925253659610242e-07,0.9267635962881826,365
graphcast,GraphCast-small 1°,raw,2018,24,q200,kg kg^-1,5.6529288742609455e-06,0.905326469514655,365
graphcast,GraphCast-small 1°,raw,2018,24,q300,kg kg^-1,4.5941196940413365e-05,0.9233172217726429,365
graphcast,GraphCast-small 1°,raw,2018,24,q500,kg kg^-1,0.0002628497782633681,0.9394031155540737,365
graphcast,GraphCast-small 1°,raw,2018,24,q700,kg kg^-1,0.0004922738658546386,0.9420883036680445,365
graphcast,GraphCast-small 1°,raw,2018,24,q850,kg kg^-1,0.0006111639036651875,0.9293952924124073,365
graphcast,GraphCast-small 1°,raw,2018,24,q925,kg kg^-1,0.0004684402705856692,0.93821275088625,365
graphcast,GraphCast-small 1°,raw,2018,24,q1000,kg kg^-1,0.00039807180085674366,0.958840888700283,365
graphcast,GraphCast-small 1°,raw,2018,24,t50,K,1.020373744095215,0.9409153426466985,365
graphcast,GraphCast-small 1°,raw,2018,24,t100,K,0.6492943947820324,0.977020856686295,365
graphcast,GraphCast-small 1°,raw,2018,24,t200,K,0.5644775174883425,0.9863169453159837,365
graphcast,GraphCast-small 1°,raw,2018,24,t300,K,0.4347492284084081,0.983500581031594,365
graphcast,GraphCast-small 1°,raw,2018,24,t500,K,0.4690328556758211,0.9877050906225435,365
graphcast,GraphCast-small 1°,raw,2018,24,t700,K,0.48746621011779,0.987166960958707,365
graphcast,GraphCast-small 1°,raw,2018,24,t850,K,0.594517712473888,0.983357712574004,365
graphcast,GraphCast-small 1°,raw,2018,24,t925,K,0.5998000866153962,0.9801363671371656,365
graphcast,GraphCast-small 1°,raw,2018,24,t1000,K,0.6182202855545075,0.972617043755146,365
graphcast,GraphCast-small 1°,raw,2018,24,u50,m s^-1,1.6023889773529507,0.9801036710625448,365
graphcast,GraphCast-small 1°,raw,2018,24,u100,m s^-1,1.4488796046181427,0.9786357921589304,365
graphcast,GraphCast-small 1°,raw,2018,24,u200,m s^-1,1.8442119603331244,0.9868290442222317,365
graphcast,GraphCast-small 1°,raw,2018,24,u300,m s^-1,1.9429083764302437,0.9858573517026216,365
graphcast,GraphCast-small 1°,raw,2018,24,u500,m s^-1,1.4314079520631253,0.9839220531549752,365
graphcast,GraphCast-small 1°,raw,2018,24,u700,m s^-1,1.1805154422188837,0.9811971605251596,365
graphcast,GraphCast-small 1°,raw,2018,24,u850,m s^-1,1.1308026582612998,0.9773337762367902,365
graphcast,GraphCast-small 1°,raw,2018,24,u925,m s^-1,1.0840968280430632,0.9776821834094175,365
graphcast,GraphCast-small 1°,raw,2018,24,u1000,m s^-1,0.8663447036104917,0.9767737615583383,365
graphcast,GraphCast-small 1°,raw,2018,24,v50,m s^-1,1.26652598233353,0.9653127504447205,365
graphcast,GraphCast-small 1°,raw,2018,24,v100,m s^-1,1.3692255618148277,0.9756792014198714,365
graphcast,GraphCast-small 1°,raw,2018,24,v200,m s^-1,1.9496597408210972,0.9835799953591833,365
graphcast,GraphCast-small 1°,raw,2018,24,v300,m s^-1,2.075767595218682,0.9825058220038596,365
graphcast,GraphCast-small 1°,raw,2018,24,v500,m s^-1,1.4795394604448706,0.9802324918204964,365
graphcast,GraphCast-small 1°,raw,2018,24,v700,m s^-1,1.1836097786909432,0.9769441346935777,365
graphcast,GraphCast-small 1°,raw,2018,24,v850,m s^-1,1.130870772301682,0.9727325978828465,365
graphcast,GraphCast-small 1°,raw,2018,24,v925,m s^-1,1.1153747435846197,0.9743212221610466,365
graphcast,GraphCast-small 1°,raw,2018,24,v1000,m s^-1,0.905896709901558,0.9741704530585062,365
graphcast,GraphCast-small 1°,raw,2018,24,u10,m s^-1,0.7846991708710988,0.9757834362946363,365
graphcast,GraphCast-small 1°,raw,2018,24,v10,m s^-1,0.8139884076306847,0.9729545164958372,365
graphcast,GraphCast-small 1°,raw,2018,24,t2m,K,0.7958492485893074,0.9494877669044373,365
graphcast,GraphCast-small 1°,raw,2018,24,mslp,Pa,84.9801909740366,0.9923325554923729,365
graphcast,GraphCast-small 1°,raw,2018,72,z50,m^2 s^-2,304.68054344007885,0.9576139162496401,365
graphcast,GraphCast-small 1°,raw,2018,72,z100,m^2 s^-2,171.3531743493217,0.9820374032218621,365
graphcast,GraphCast-small 1°,raw,2018,72,z200,m^2 s^-2,179.03807546073327,0.9852052961228651,365
graphcast,GraphCast-small 1°,raw,2018,72,z300,m^2 s^-2,203.58991072689716,0.9821094253694761,365
graphcast,GraphCast-small 1°,raw,2018,72,z500,m^2 s^-2,151.73641004747918,0.9816116013069102,365
graphcast,GraphCast-small 1°,raw,2018,72,z700,m^2 s^-2,119.74482290872444,0.9803582732852425,365
graphcast,GraphCast-small 1°,raw,2018,72,z850,m^2 s^-2,114.15103872743065,0.9774266449635001,365
graphcast,GraphCast-small 1°,raw,2018,72,z925,m^2 s^-2,118.21206953376048,0.9753488864619825,365
graphcast,GraphCast-small 1°,raw,2018,72,z1000,m^2 s^-2,122.96249329176867,0.9741598672476166,365
graphcast,GraphCast-small 1°,raw,2018,72,q50,kg kg^-1,5.823247825500179e-08,0.8850341155730748,365
graphcast,GraphCast-small 1°,raw,2018,72,q100,kg kg^-1,1.9704444836509533e-07,0.8474711016980317,365
graphcast,GraphCast-small 1°,raw,2018,72,q200,kg kg^-1,7.565340090605005e-06,0.8264056657379472,365
graphcast,GraphCast-small 1°,raw,2018,72,q300,kg kg^-1,6.462844667946186e-05,0.8447156142364215,365
graphcast,GraphCast-small 1°,raw,2018,72,q500,kg kg^-1,0.0003844891063439432,0.8669127323653507,365
graphcast,GraphCast-small 1°,raw,2018,72,q700,kg kg^-1,0.0007359004379654025,0.8663505945752986,365
graphcast,GraphCast-small 1°,raw,2018,72,q850,kg kg^-1,0.0008725609743201677,0.8509170709908896,365
graphcast,GraphCast-small 1°,raw,2018,72,q925,kg kg^-1,0.0006458586541688057,0.8801684933561874,365
graphcast,GraphCast-small 1°,raw,2018,72,q1000,kg kg^-1,0.0005539397148191867,0.9195530612624964,365
graphcast,GraphCast-small 1°,raw,2018,72,t50,K,1.5904837029306405,0.854992185249461,365
graphcast,GraphCast-small 1°,raw,2018,72,t100,K,1.0331009029286167,0.9413891140891678,365
graphcast,GraphCast-small 1°,raw,2018,72,t200,K,0.9839869046662728,0.9580915625922531,365
graphcast,GraphCast-small 1°,raw,2018,72,t300,K,0.7515146004750708,0.9503877168520406,365
graphcast,GraphCast-small 1°,raw,2018,72,t500,K,0.8131393689057473,0.9628589580121825,365
graphcast,GraphCast-small 1°,raw,2018,72,t700,K,0.8258125669529217,0.9628485522021993,365
graphcast,GraphCast-small 1°,raw,2018,72,t850,K,0.9523487348013563,0.9569017252628012,365
graphcast,GraphCast-small 1°,raw,2018,72,t925,K,0.9374422138293838,0.9509095387682229,365
graphcast,GraphCast-small 1°,raw,2018,72,t1000,K,0.8926685700331376,0.9423599100871494,365
graphcast,GraphCast-small 1°,raw,2018,72,u50,m s^-1,2.574646093459141,0.948213298106337,365
graphcast,GraphCast-small 1°,raw,2018,72,u100,m s^-1,2.1918539940711437,0.9509180235184145,365
graphcast,GraphCast-small 1°,raw,2018,72,u200,m s^-1,3.0774733876334355,0.9631261637780076,365
graphcast,GraphCast-small 1°,raw,2018,72,u300,m s^-1,3.4889151960749514,0.9540240079095414,365
graphcast,GraphCast-small 1°,raw,2018,72,u500,m s^-1,2.5137724570749542,0.9498374015620433,365
graphcast,GraphCast-small 1°,raw,2018,72,u700,m s^-1,2.007807913980797,0.9448645263557127,365
graphcast,GraphCast-small 1°,raw,2018,72,u850,m s^-1,1.8823770597508847,0.9362603888656518,365
graphcast,GraphCast-small 1°,raw,2018,72,u925,m s^-1,1.8414256433992178,0.9346976050220959,365
graphcast,GraphCast-small 1°,raw,2018,72,u1000,m s^-1,1.440651167862385,0.9349359680825348,365
graphcast,GraphCast-small 1°,raw,2018,72,v50,m s^-1,1.8763621791555831,0.9226564579438744,365
graphcast,GraphCast-small 1°,raw,2018,72,v100,m s^-1,1.9428647030003412,0.9506574713043698,365
graphcast,GraphCast-small 1°,raw,2018,72,v200,m s^-1,3.1062909485143573,0.9580114594125958,365
graphcast,GraphCast-small 1°,raw,2018,72,v300,m s^-1,3.4614958538824894,0.950865164350759,365
graphcast,GraphCast-small 1°,raw,2018,72,v500,m s^-1,2.4363710654474935,0.9457158479507514,365
graphcast,GraphCast-small 1°,raw,2018,72,v700,m s^-1,1.9197373914403435,0.9384079594356316,365
graphcast,GraphCast-small 1°,raw,2018,72,v850,m s^-1,1.7941738389917505,0.930265918206454,365
graphcast,GraphCast-small 1°,raw,2018,72,v925,m s^-1,1.7967121210849837,0.9324906286187806,365
graphcast,GraphCast-small 1°,raw,2018,72,v1000,m s^-1,1.4434820813690759,0.9336907324233781,365
graphcast,GraphCast-small 1°,raw,2018,72,u10,m s^-1,1.3048541702528567,0.9321157638040183,365
graphcast,GraphCast-small 1°,raw,2018,72,v10,m s^-1,1.298255815411282,0.9303750207141291,365
graphcast,GraphCast-small 1°,raw,2018,72,t2m,K,1.012180068766206,0.9176559780083526,365
graphcast,GraphCast-small 1°,raw,2018,72,mslp,Pa,156.1789240740068,0.9739746852622457,365
graphcast,GraphCast-small 1°,raw,2018,120,z50,m^2 s^-2,419.5697669144516,0.9196757724930582,365
graphcast,GraphCast-small 1°,raw,2018,120,z100,m^2 s^-2,294.9257559902948,0.9473654579348718,365
graphcast,GraphCast-small 1°,raw,2018,120,z200,m^2 s^-2,355.993873111093,0.9415542463281178,365
graphcast,GraphCast-small 1°,raw,2018,120,z300,m^2 s^-2,407.39796925245884,0.9281286025534142,365
graphcast,GraphCast-small 1°,raw,2018,120,z500,m^2 s^-2,303.24795613886215,0.9260286204672842,365
graphcast,GraphCast-small 1°,raw,2018,120,z700,m^2 s^-2,237.35651019812627,0.9221243275796476,365
graphcast,GraphCast-small 1°,raw,2018,120,z850,m^2 s^-2,223.10327098879338,0.9130250081627332,365
graphcast,GraphCast-small 1°,raw,2018,120,z925,m^2 s^-2,228.1695597196582,0.9074834363851823,365
graphcast,GraphCast-small 1°,raw,2018,120,z1000,m^2 s^-2,235.7636558576688,0.9043100569840119,365
graphcast,GraphCast-small 1°,raw,2018,120,q50,kg kg^-1,6.939618771116107e-08,0.8335743279032882,365
graphcast,GraphCast-small 1°,raw,2018,120,q100,kg kg^-1,2.3499103668118815e-07,0.776651117124414,365
graphcast,GraphCast-small 1°,raw,2018,120,q200,kg kg^-1,9.228028400870996e-06,0.7420316590317414,365
graphcast,GraphCast-small 1°,raw,2018,120,q300,kg kg^-1,8.204535337588562e-05,0.7501839438370569,365
graphcast,GraphCast-small 1°,raw,2018,120,q500,kg kg^-1,0.0005025260769063052,0.7710873680015774,365
graphcast,GraphCast-small 1°,raw,2018,120,q700,kg kg^-1,0.0009731040423186086,0.7626696297047781,365
graphcast,GraphCast-small 1°,raw,2018,120,q850,kg kg^-1,0.0011279652049250785,0.7447813223238257,365
graphcast,GraphCast-small 1°,raw,2018,120,q925,kg kg^-1,0.0008476560955363654,0.7912878884330026,365
graphcast,GraphCast-small 1°,raw,2018,120,q1000,kg kg^-1,0.0007644329394197186,0.8457399720600144,365
graphcast,GraphCast-small 1°,raw,2018,120,t50,K,1.8907030624776517,0.795928285938551,365
graphcast,GraphCast-small 1°,raw,2018,120,t100,K,1.398227712289591,0.8919901269106298,365
graphcast,GraphCast-small 1°,raw,2018,120,t200,K,1.674585295535144,0.8778057198430491,365
graphcast,GraphCast-small 1°,raw,2018,120,t300,K,1.1976697925162987,0.8741675969099378,365
graphcast,GraphCast-small 1°,raw,2018,120,t500,K,1.4077698888392658,0.888490015901641,365
graphcast,GraphCast-small 1°,raw,2018,120,t700,K,1.412894429645444,0.8906181971226952,365
graphcast,GraphCast-small 1°,raw,2018,120,t850,K,1.5679462476576944,0.882433463639017,365
graphcast,GraphCast-small 1°,raw,2018,120,t925,K,1.5084220081567488,0.8717747298379424,365
graphcast,GraphCast-small 1°,raw,2018,120,t1000,K,1.3622158956704615,0.8652173409226246,365
graphcast,GraphCast-small 1°,raw,2018,120,u50,m s^-1,3.205116216197502,0.9194196966164416,365
graphcast,GraphCast-small 1°,raw,2018,120,u100,m s^-1,3.0227768410237514,0.9065305600348064,365
graphcast,GraphCast-small 1°,raw,2018,120,u200,m s^-1,4.970048675708805,0.903497334059496,365
graphcast,GraphCast-small 1°,raw,2018,120,u300,m s^-1,5.8279350587443775,0.8709941273968955,365
graphcast,GraphCast-small 1°,raw,2018,120,u500,m s^-1,4.117712765468349,0.8638343774848358,365
graphcast,GraphCast-small 1°,raw,2018,120,u700,m s^-1,3.224748277314215,0.855669533280915,365
graphcast,GraphCast-small 1°,raw,2018,120,u850,m s^-1,3.0330085472798096,0.8319875400530252,365
graphcast,GraphCast-small 1°,raw,2018,120,u925,m s^-1,3.0268247011572007,0.8210593169959309,365
graphcast,GraphCast-small 1°,raw,2018,120,u1000,m s^-1,2.3493567017631904,0.8247525833178347,365
graphcast,GraphCast-small 1°,raw,2018,120,v50,m s^-1,2.3621638579870785,0.8759899246490326,365
graphcast,GraphCast-small 1°,raw,2018,120,v100,m s^-1,2.753295579782377,0.9001164677486009,365
graphcast,GraphCast-small 1°,raw,2018,120,v200,m s^-1,5.02571944142717,0.8891240143932393,365
graphcast,GraphCast-small 1°,raw,2018,120,v300,m s^-1,5.787450154799012,0.8610284394807927,365
graphcast,GraphCast-small 1°,raw,2018,120,v500,m s^-1,4.000865462814339,0.8511019783421442,365
graphcast,GraphCast-small 1°,raw,2018,120,v700,m s^-1,3.076925501861411,0.838401263980229,365
graphcast,GraphCast-small 1°,raw,2018,120,v850,m s^-1,2.8593075071316667,0.8193372704226132,365
graphcast,GraphCast-small 1°,raw,2018,120,v925,m s^-1,2.9199775703422,0.8186880239592447,365
graphcast,GraphCast-small 1°,raw,2018,120,v1000,m s^-1,2.331855607199219,0.8244503880394423,365
graphcast,GraphCast-small 1°,raw,2018,120,u10,m s^-1,2.117598667432598,0.8188535169593533,365
graphcast,GraphCast-small 1°,raw,2018,120,v10,m s^-1,2.0857613779089035,0.8175355745202743,365
graphcast,GraphCast-small 1°,raw,2018,120,t2m,K,1.390533552059082,0.8442978297192292,365
graphcast,GraphCast-small 1°,raw,2018,120,mslp,Pa,299.31303032444714,0.9036900838993782,365
graphcast,GraphCast-small 1°,raw,2018,168,z50,m^2 s^-2,540.6466920087936,0.8668480294097973,365
graphcast,GraphCast-small 1°,raw,2018,168,z100,m^2 s^-2,464.27198955656917,0.8717553253938373,365
graphcast,GraphCast-small 1°,raw,2018,168,z200,m^2 s^-2,604.6397152281385,0.8320897894266884,365
graphcast,GraphCast-small 1°,raw,2018,168,z300,m^2 s^-2,677.736568539441,0.800860356784319,365
graphcast,GraphCast-small 1°,raw,2018,168,z500,m^2 s^-2,501.8541370900349,0.7965373751668599,365
graphcast,GraphCast-small 1°,raw,2018,168,z700,m^2 s^-2,389.73841042907776,0.788833575075068,365
graphcast,GraphCast-small 1°,raw,2018,168,z850,m^2 s^-2,361.44233352861363,0.7704727941860401,365
graphcast,GraphCast-small 1°,raw,2018,168,z925,m^2 s^-2,366.8550276062272,0.759769658025698,365
graphcast,GraphCast-small 1°,raw,2018,168,z1000,m^2 s^-2,377.4673380420184,0.753606833947765,365
graphcast,GraphCast-small 1°,raw,2018,168,q50,kg kg^-1,7.974822338136762e-08,0.7763312304423109,365
graphcast,GraphCast-small 1°,raw,2018,168,q100,kg kg^-1,2.709301551335474e-07,0.6956352793703149,365
graphcast,GraphCast-small 1°,raw,2018,168,q200,kg kg^-1,1.114616135095861e-05,0.6348837551627541,365
graphcast,GraphCast-small 1°,raw,2018,168,q300,kg kg^-1,0.00010073831455826948,0.6306135436141168,365
graphcast,GraphCast-small 1°,raw,2018,168,q500,kg kg^-1,0.0006265877860089424,0.6466094260200455,365
graphcast,GraphCast-small 1°,raw,2018,168,q700,kg kg^-1,0.0012142250306696237,0.6299438834092099,365
graphcast,GraphCast-small 1°,raw,2018,168,q850,kg kg^-1,0.0013926869393927114,0.6070630965486268,365
graphcast,GraphCast-small 1°,raw,2018,168,q925,kg kg^-1,0.0010879478537959913,0.6561413555720943,365
graphcast,GraphCast-small 1°,raw,2018,168,q1000,kg kg^-1,0.0010353293496372555,0.7166024105964994,365
graphcast,GraphCast-small 1°,raw,2018,168,t50,K,2.147893242901534,0.738687238743526,365
graphcast,GraphCast-small 1°,raw,2018,168,t100,K,1.834215303025046,0.8135548363980887,365
graphcast,GraphCast-small 1°,raw,2018,168,t200,K,2.483519791385905,0.7317340009458473,365
graphcast,GraphCast-small 1°,raw,2018,168,t300,K,1.7260667858579801,0.7419435659456206,365
graphcast,GraphCast-small 1°,raw,2018,168,t500,K,2.1490013499607232,0.7406174276753925,365
graphcast,GraphCast-small 1°,raw,2018,168,t700,K,2.150364701400273,0.7465134615259224,365
graphcast,GraphCast-small 1°,raw,2018,168,t850,K,2.3377217448399126,0.7378065919671064,365
graphcast,GraphCast-small 1°,raw,2018,168,t925,K,2.211352762416426,0.723797129177404,365
graphcast,GraphCast-small 1°,raw,2018,168,t1000,K,1.9491299362698737,0.7241321497052553,365
graphcast,GraphCast-small 1°,raw,2018,168,u50,m s^-1,3.8287186149732397,0.8844171796214536,365
graphcast,GraphCast-small 1°,raw,2018,168,u100,m s^-1,4.17259976107512,0.8214738430561573,365
graphcast,GraphCast-small 1°,raw,2018,168,u200,m s^-1,7.40642529240424,0.7845219659004738,365
graphcast,GraphCast-small 1°,raw,2018,168,u300,m s^-1,8.496087126409599,0.7243235129469149,365
graphcast,GraphCast-small 1°,raw,2018,168,u500,m s^-1,5.951182141517618,0.7133774169015868,365
graphcast,GraphCast-small 1°,raw,2018,168,u700,m s^-1,4.6136586632305585,0.701867426947966,365
graphcast,GraphCast-small 1°,raw,2018,168,u850,m s^-1,4.297709460645483,0.6597775658378706,365
graphcast,GraphCast-small 1°,raw,2018,168,u925,m s^-1,4.300030533389609,0.6358642260813325,365
graphcast,GraphCast-small 1°,raw,2018,168,u1000,m s^-1,3.343272301704826,0.6424916651267102,365
graphcast,GraphCast-small 1°,raw,2018,168,v50,m s^-1,3.0149145490139673,0.796702633735782,365
graphcast,GraphCast-small 1°,raw,2018,168,v100,m s^-1,3.987805043187122,0.7901566477411848,365
graphcast,GraphCast-small 1°,raw,2018,168,v200,m s^-1,7.634255568400012,0.7439971733007255,365
graphcast,GraphCast-small 1°,raw,2018,168,v300,m s^-1,8.629999603468631,0.6898974073733789,365
graphcast,GraphCast-small 1°,raw,2018,168,v500,m s^-1,5.873983137186465,0.6770864656967938,365
graphcast,GraphCast-small 1°,raw,2018,168,v700,m s^-1,4.433823052095273,0.6618186299547069,365
graphcast,GraphCast-small 1°,raw,2018,168,v850,m s^-1,4.071874041855928,0.631790595857573,365
graphcast,GraphCast-small 1°,raw,2018,168,v925,m s^-1,4.1813985936632685,0.6272951238090361,365
graphcast,GraphCast-small 1°,raw,2018,168,v1000,m s^-1,3.3528316866703447,0.6364384545825471,365
graphcast,GraphCast-small 1°,raw,2018,168,u10,m s^-1,2.9920227407096753,0.6358030463163874,365
graphcast,GraphCast-small 1°,raw,2018,168,v10,m s^-1,2.9751445993329293,0.6280729760674736,365
graphcast,GraphCast-small 1°,raw,2018,168,t2m,K,1.8874437670016864,0.7132068671050799,365
graphcast,GraphCast-small 1°,raw,2018,168,mslp,Pa,479.04710645321575,0.7521008710450697,365
graphcast,GraphCast-small 1°,raw,2018,240,z50,m^2 s^-2,770.0568440062436,0.7338536675447898,365
graphcast,GraphCast-small 1°,raw,2018,240,z100,m^2 s^-2,747.7298085030264,0.6814491230866735,365
graphcast,GraphCast-small 1°,raw,2018,240,z200,m^2 s^-2,963.8873854690901,0.579885290506417,365
graphcast,GraphCast-small 1°,raw,2018,240,z300,m^2 s^-2,1041.8107043337495,0.5310260089284435,365
graphcast,GraphCast-small 1°,raw,2018,240,z500,m^2 s^-2,766.3111017225887,0.5250111927250027,365
graphcast,GraphCast-small 1°,raw,2018,240,z700,m^2 s^-2,590.6961414355517,0.5145029170575065,365
graphcast,GraphCast-small 1°,raw,2018,240,z850,m^2 s^-2,539.337909128037,0.4896148005067131,365
graphcast,GraphCast-small 1°,raw,2018,240,z925,m^2 s^-2,543.3048760651467,0.47486019163448584,365
graphcast,GraphCast-small 1°,raw,2018,240,z1000,m^2 s^-2,556.6370119355223,0.46613241519384613,365
graphcast,GraphCast-small 1°,raw,2018,240,q50,kg kg^-1,9.695502168122288e-08,0.6636393715671777,365
graphcast,GraphCast-small 1°,raw,2018,240,q100,kg kg^-1,3.270337584789358e-07,0.5487923636825918,365
graphcast,GraphCast-small 1°,raw,2018,240,q200,kg kg^-1,1.427712031804471e-05,0.4506965261138792,365
graphcast,GraphCast-small 1°,raw,2018,240,q300,kg kg^-1,0.00012782894844388636,0.4362509519737018,365
graphcast,GraphCast-small 1°,raw,2018,240,q500,kg kg^-1,0.0007935285313250622,0.45012456671747403,365
graphcast,GraphCast-small 1°,raw,2018,240,q700,kg kg^-1,0.001531760905482524,0.4217646768616827,365
graphcast,GraphCast-small 1°,raw,2018,240,q850,kg kg^-1,0.0017287600314990577,0.3984595944523452,365
graphcast,GraphCast-small 1°,raw,2018,240,q925,kg kg^-1,0.0014199572685213721,0.427023981895287,365
graphcast,GraphCast-small 1°,raw,2018,240,q1000,kg kg^-1,0.001424715425804336,0.47150166985672937,365
graphcast,GraphCast-small 1°,raw,2018,240,t50,K,2.5897170170110986,0.6274545193956788,365
graphcast,GraphCast-small 1°,raw,2018,240,t100,K,2.560095630950422,0.6395936535939614,365
graphcast,GraphCast-small 1°,raw,2018,240,t200,K,3.4652104286775747,0.48545492849911526,365
graphcast,GraphCast-small 1°,raw,2018,240,t300,K,2.434790484550487,0.5029009360758855,365
graphcast,GraphCast-small 1°,raw,2018,240,t500,K,3.085203502155566,0.47050430220912004,365
graphcast,GraphCast-small 1°,raw,2018,240,t700,K,3.0944725357305485,0.4782011694813272,365
graphcast,GraphCast-small 1°,raw,2018,240,t850,K,3.337056574409319,0.4690263876690644,365
graphcast,GraphCast-small 1°,raw,2018,240,t925,K,3.107559696424098,0.45699970185459354,365
graphcast,GraphCast-small 1°,raw,2018,240,t1000,K,2.7128746544573006,0.47003243525256866,365
graphcast,GraphCast-small 1°,raw,2018,240,u50,m s^-1,4.941863349759085,0.8063113447943075,365
graphcast,GraphCast-small 1°,raw,2018,240,u100,m s^-1,6.1012020465284165,0.6222486569726017,365
graphcast,GraphCast-small 1°,raw,2018,240,u200,m s^-1,10.83093064135293,0.5381146838768156,365
graphcast,GraphCast-small 1°,raw,2018,240,u300,m s^-1,11.816362735011294,0.4651933103042116,365
graphcast,GraphCast-small 1°,raw,2018,240,u500,m s^-1,8.196602959468343,0.45482787989934276,365
graphcast,GraphCast-small 1°,raw,2018,240,u700,m s^-1,6.283747313145929,0.44779261788794283,365
graphcast,GraphCast-small 1°,raw,2018,240,u850,m s^-1,5.727146911144004,0.39965190584691956,365
graphcast,GraphCast-small 1°,raw,2018,240,u925,m s^-1,5.685854092141909,0.36865859436803056,365
graphcast,GraphCast-small 1°,raw,2018,240,u1000,m s^-1,4.443564907912943,0.3741456019874595,365
graphcast,GraphCast-small 1°,raw,2018,240,v50,m s^-1,4.189213011813279,0.5967940969762392,365
graphcast,GraphCast-small 1°,raw,2018,240,v100,m s^-1,5.955420860595426,0.5297274814438618,365
graphcast,GraphCast-small 1°,raw,2018,240,v200,m s^-1,11.270689166289381,0.4433794651866014,365
graphcast,GraphCast-small 1°,raw,2018,240,v300,m s^-1,12.139057362833531,0.3884654644306183,365
graphcast,GraphCast-small 1°,raw,2018,240,v500,m s^-1,8.145574680340859,0.38102192373208,365
graphcast,GraphCast-small 1°,raw,2018,240,v700,m s^-1,6.060785130717946,0.37062421113286126,365
graphcast,GraphCast-small 1°,raw,2018,240,v850,m s^-1,5.459928065334377,0.3414482169857908,365
graphcast,GraphCast-small 1°,raw,2018,240,v925,m s^-1,5.61185964654483,0.33354184105886864,365
graphcast,GraphCast-small 1°,raw,2018,240,v1000,m s^-1,4.523323656383728,0.3434030551481639,365
graphcast,GraphCast-small 1°,raw,2018,240,u10,m s^-1,3.94716014798317,0.3719320392834124,365
graphcast,GraphCast-small 1°,raw,2018,240,v10,m s^-1,3.9848351545711957,0.33716069318043024,365
graphcast,GraphCast-small 1°,raw,2018,240,t2m,K,2.564882044863055,0.4742119878381086,365
graphcast,GraphCast-small 1°,raw,2018,240,mslp,Pa,705.7673284573382,0.4640293805747359,365
graphcast,GraphCast-small 1°,raw,2019,24,z50,m^2 s^-2,134.85349880035974,0.9941044368869335,365
graphcast,GraphCast-small 1°,raw,2019,24,z100,m^2 s^-2,80.51984370469154,0.9967794872297359,365
graphcast,GraphCast-small 1°,raw,2019,24,z200,m^2 s^-2,93.6570429985488,0.9961601848314893,365
graphcast,GraphCast-small 1°,raw,2019,24,z300,m^2 s^-2,104.88517159935199,0.9953230658873908,365
graphcast,GraphCast-small 1°,raw,2019,24,z500,m^2 s^-2,76.79890261959096,0.9953266514214343,365
graphcast,GraphCast-small 1°,raw,2019,24,z700,m^2 s^-2,60.29647003443969,0.9950678057433343,365
graphcast,GraphCast-small 1°,raw,2019,24,z850,m^2 s^-2,58.74889517892418,0.9940607037307826,365
graphcast,GraphCast-small 1°,raw,2019,24,z925,m^2 s^-2,62.346464652548235,0.9931772076574821,365
graphcast,GraphCast-small 1°,raw,2019,24,z1000,m^2 s^-2,66.32681808597562,0.9925224232212903,365
graphcast,GraphCast-small 1°,raw,2019,24,q50,kg kg^-1,5.1597536392534133e-08,0.9225102833615912,365
graphcast,GraphCast-small 1°,raw,2019,24,q100,kg kg^-1,1.4504830039028975e-07,0.9266723853064929,365
graphcast,GraphCast-small 1°,raw,2019,24,q200,kg kg^-1,6.001096050953197e-06,0.9077406789552684,365
graphcast,GraphCast-small 1°,raw,2019,24,q300,kg kg^-1,4.772871095455432e-05,0.923893142234557,365
graphcast,GraphCast-small 1°,raw,2019,24,q500,kg kg^-1,0.0002686545764399858,0.9387329852847638,365
graphcast,GraphCast-small 1°,raw,2019,24,q700,kg kg^-1,0.0004999170945451959,0.9413247940135051,365
graphcast,GraphCast-small 1°,raw,2019,24,q850,kg kg^-1,0.0006299084028251835,0.9289001908679075,365
graphcast,GraphCast-small 1°,raw,2019,24,q925,kg kg^-1,0.000482895063790686,0.9392440708319401,365
graphcast,GraphCast-small 1°,raw,2019,24,q1000,kg kg^-1,0.0004065906474589138,0.9586710525992524,365
graphcast,GraphCast-small 1°,raw,2019,24,t50,K,0.9786025598130237,0.9660349427678478,365
graphcast,GraphCast-small 1°,raw,2019,24,t100,K,0.6365300576097384,0.9820226065318899,365
graphcast,GraphCast-small 1°,raw,2019,24,t200,K,0.5624305880771561,0.9877927636974895,365
graphcast,GraphCast-small 1°,raw,2019,24,t300,K,0.4372813128007389,0.9846073543595952,365
graphcast,GraphCast-small 1°,raw,2019,24,t500,K,0.46498480380624335,0.9877727608893262,365
graphcast,GraphCast-small 1°,raw,2019,24,t700,K,0.4864452577981171,0.9870361100291869,365
graphcast,GraphCast-small 1°,raw,2019,24,t850,K,0.5994237083892009,0.9831661713471433,365
graphcast,GraphCast-small 1°,raw,2019,24,t925,K,0.6065899665962403,0.9797001645251073,365
graphcast,GraphCast-small 1°,raw,2019,24,t1000,K,0.6241411913863009,0.9719725948984842,365
graphcast,GraphCast-small 1°,raw,2019,24,u50,m s^-1,1.6431060688704404,0.9754338683827757,365
graphcast,GraphCast-small 1°,raw,2019,24,u100,m s^-1,1.4636732525640177,0.979736744711952,365
graphcast,GraphCast-small 1°,raw,2019,24,u200,m s^-1,1.8350636847082966,0.9865712144504386,365
graphcast,GraphCast-small 1°,raw,2019,24,u300,m s^-1,1.927627388247836,0.9855664529141143,365
graphcast,GraphCast-small 1°,raw,2019,24,u500,m s^-1,1.4243944168466454,0.9833304702380131,365
graphcast,GraphCast-small 1°,raw,2019,24,u700,m s^-1,1.1793107063731272,0.9805919588762301,365
graphcast,GraphCast-small 1°,raw,2019,24,u850,m s^-1,1.1292501592325634,0.9767771914897017,365
graphcast,GraphCast-small 1°,raw,2019,24,u925,m s^-1,1.0815869226816222,0.9771960718807164,365
graphcast,GraphCast-small 1°,raw,2019,24,u1000,m s^-1,0.8666437946536719,0.9762911499820868,365
graphcast,GraphCast-small 1°,raw,2019,24,v50,m s^-1,1.260166216632693,0.961843430352246,365
graphcast,GraphCast-small 1°,raw,2019,24,v100,m s^-1,1.4101217967816997,0.9745731178399984,365
graphcast,GraphCast-small 1°,raw,2019,24,v200,m s^-1,1.954467270901317,0.9841391771041886,365
graphcast,GraphCast-small 1°,raw,2019,24,v300,m s^-1,2.0674402139206114,0.9831166028786156,365
graphcast,GraphCast-small 1°,raw,2019,24,v500,m s^-1,1.480036363399472,0.9808640046451498,365
graphcast,GraphCast-small 1°,raw,2019,24,v700,m s^-1,1.1842795468493705,0.9778294207501727,365
graphcast,GraphCast-small 1°,raw,2019,24,v850,m s^-1,1.1324236273435995,0.9735514031614814,365
graphcast,GraphCast-small 1°,raw,2019,24,v925,m s^-1,1.1184156433323948,0.9749170218182615,365
graphcast,GraphCast-small 1°,raw,2019,24,v1000,m s^-1,0.9087532907621783,0.9746148649292017,365
graphcast,GraphCast-small 1°,raw,2019,24,u10,m s^-1,0.7853198001549029,0.975455703134829,365
graphcast,GraphCast-small 1°,raw,2019,24,v10,m s^-1,0.815854209656002,0.9734110060334548,365
graphcast,GraphCast-small 1°,raw,2019,24,t2m,K,0.7966502263780515,0.9488340852230098,365
graphcast,GraphCast-small 1°,raw,2019,24,mslp,Pa,84.31303166593389,0.9924422088798585,365
graphcast,GraphCast-small 1°,raw,2019,72,z50,m^2 s^-2,281.8225644750286,0.973982948696895,365
graphcast,GraphCast-small 1°,raw,2019,72,z100,m^2 s^-2,159.39892203121445,0.987370557437578,365
graphcast,GraphCast-small 1°,raw,2019,72,z200,m^2 s^-2,174.87670792944795,0.9865423780751784,365
graphcast,GraphCast-small 1°,raw,2019,72,z300,m^2 s^-2,201.5723873809408,0.982630829291244,365
graphcast,GraphCast-small 1°,raw,2019,72,z500,m^2 s^-2,151.53710923633966,0.9816707037576888,365
graphcast,GraphCast-small 1°,raw,2019,72,z700,m^2 s^-2,119.8414288455541,0.9803506382841818,365
graphcast,GraphCast-small 1°,raw,2019,72,z850,m^2 s^-2,113.87839604850265,0.9774727418068502,365
graphcast,GraphCast-small 1°,raw,2019,72,z925,m^2 s^-2,117.95237954544352,0.9753529661801578,365
graphcast,GraphCast-small 1°,raw,2019,72,z1000,m^2 s^-2,122.46252213600273,0.9742969006437908,365
graphcast,GraphCast-small 1°,raw,2019,72,q50,kg kg^-1,7.419370469294175e-08,0.836079085289033,365
graphcast,GraphCast-small 1°,raw,2019,72,q100,kg kg^-1,2.0530862754361857e-07,0.8470390996603706,365
graphcast,GraphCast-small 1°,raw,2019,72,q200,kg kg^-1,8.037559587119798e-06,0.8301011291122793,365
graphcast,GraphCast-small 1°,raw,2019,72,q300,kg kg^-1,6.693327685977964e-05,0.8461121109416849,365
graphcast,GraphCast-small 1°,raw,2019,72,q500,kg kg^-1,0.0003914805842489378,0.8666070821181953,365
graphcast,GraphCast-small 1°,raw,2019,72,q700,kg kg^-1,0.0007443040565537006,0.8661490636216462,365
graphcast,GraphCast-small 1°,raw,2019,72,q850,kg kg^-1,0.0008953886952106594,0.8511479752092587,365
graphcast,GraphCast-small 1°,raw,2019,72,q925,kg kg^-1,0.0006678717590250171,0.8811200890905433,365
graphcast,GraphCast-small 1°,raw,2019,72,q1000,kg kg^-1,0.0005642233813979491,0.9193932602077738,365
graphcast,GraphCast-small 1°,raw,2019,72,t50,K,1.5880551616990985,0.9071837860612055,365
graphcast,GraphCast-small 1°,raw,2019,72,t100,K,0.9971824430731803,0.9553026267956336,365
graphcast,GraphCast-small 1°,raw,2019,72,t200,K,0.9848875738885337,0.9622855988002588,365
graphcast,GraphCast-small 1°,raw,2019,72,t300,K,0.753096061193489,0.953911266494796,365
graphcast,GraphCast-small 1°,raw,2019,72,t500,K,0.8070316006774872,0.9629720514112373,365
graphcast,GraphCast-small 1°,raw,2019,72,t700,K,0.8227484189476161,0.9625924199929422,365
graphcast,GraphCast-small 1°,raw,2019,72,t850,K,0.9595063855962321,0.9564504208856814,365
graphcast,GraphCast-small 1°,raw,2019,72,t925,K,0.9473620809775546,0.9499592779237095,365
graphcast,GraphCast-small 1°,raw,2019,72,t1000,K,0.89649690590889,0.9418312357786749,365
graphcast,GraphCast-small 1°,raw,2019,72,u50,m s^-1,2.618159180132027,0.9360107324039598,365
graphcast,GraphCast-small 1°,raw,2019,72,u100,m s^-1,2.1754324893122257,0.9547962501201079,365
graphcast,GraphCast-small 1°,raw,2019,72,u200,m s^-1,3.061343162522746,0.9622802785458198,365
graphcast,GraphCast-small 1°,raw,2019,72,u300,m s^-1,3.473408059069507,0.9526194755913693,365
graphcast,GraphCast-small 1°,raw,2019,72,u500,m s^-1,2.5133559293641294,0.9473698625310816,365
graphcast,GraphCast-small 1°,raw,2019,72,u700,m s^-1,2.011099189726592,0.9426728816757276,365
graphcast,GraphCast-small 1°,raw,2019,72,u850,m s^-1,1.8814698863829058,0.9344559548310823,365
graphcast,GraphCast-small 1°,raw,2019,72,u925,m s^-1,1.8350329958992067,0.9333203351461706,365
graphcast,GraphCast-small 1°,raw,2019,72,u1000,m s^-1,1.4342142827082385,0.9341352535019678,365
graphcast,GraphCast-small 1°,raw,2019,72,v50,m s^-1,1.8478753674300386,0.9164753399526168,365
graphcast,GraphCast-small 1°,raw,2019,72,v100,m s^-1,1.97074735268085,0.9498415499291857,365
graphcast,GraphCast-small 1°,raw,2019,72,v200,m s^-1,3.083966082243397,0.9601849443490895,365
graphcast,GraphCast-small 1°,raw,2019,72,v300,m s^-1,3.446794692189714,0.9526014229309393,365
graphcast,GraphCast-small 1°,raw,2019,72,v500,m s^-1,2.432692653054599,0.9475621388807826,365
graphcast,GraphCast-small 1°,raw,2019,72,v700,m s^-1,1.913807314060438,0.9411318680299515,365
graphcast,GraphCast-small 1°,raw,2019,72,v850,m s^-1,1.7952311371222232,0.9324047980322252,365
graphcast,GraphCast-small 1°,raw,2019,72,v925,m s^-1,1.7976042659343088,0.9342758869357907,365
graphcast,GraphCast-small 1°,raw,2019,72,v1000,m s^-1,1.4394907541380724,0.9355115718949314,365
graphcast,GraphCast-small 1°,raw,2019,72,u10,m s^-1,1.300726495976298,0.9316770363249242,365
graphcast,GraphCast-small 1°,raw,2019,72,v10,m s^-1,1.2958685198407296,0.9320531213022404,365
graphcast,GraphCast-small 1°,raw,2019,72,t2m,K,1.0113115760495839,0.9172059845545831,365
graphcast,GraphCast-small 1°,raw,2019,72,mslp,Pa,155.3154478045688,0.974139434634661,365
graphcast,GraphCast-small 1°,raw,2019,120,z50,m^2 s^-2,409.23093986993723,0.9444030334654634,365
graphcast,GraphCast-small 1°,raw,2019,120,z100,m^2 s^-2,275.76450266876077,0.9622410977247879,365
graphcast,GraphCast-small 1°,raw,2019,120,z200,m^2 s^-2,346.3466755738804,0.9469007163764315,365
graphcast,GraphCast-small 1°,raw,2019,120,z300,m^2 s^-2,401.3407460970537,0.9306412610963661,365
graphcast,GraphCast-small 1°,raw,2019,120,z500,m^2 s^-2,300.4210447360356,0.9271912489761407,365
graphcast,GraphCast-small 1°,raw,2019,120,z700,m^2 s^-2,235.3137707810108,0.9233235742430654,365
graphcast,GraphCast-small 1°,raw,2019,120,z850,m^2 s^-2,220.56113621010573,0.9145971662688245,365
graphcast,GraphCast-small 1°,raw,2019,120,z925,m^2 s^-2,225.35604199947204,0.9092450508001118,365
graphcast,GraphCast-small 1°,raw,2019,120,z1000,m^2 s^-2,232.5373927803782,0.9065727840803829,365
graphcast,GraphCast-small 1°,raw,2019,120,q50,kg kg^-1,8.695004099775486e-08,0.7706720918489477,365
graphcast,GraphCast-small 1°,raw,2019,120,q100,kg kg^-1,2.447823586906917e-07,0.7762148749421022,365
graphcast,GraphCast-small 1°,raw,2019,120,q200,kg kg^-1,9.677331573596981e-06,0.7531081800016859,365
graphcast,GraphCast-small 1°,raw,2019,120,q300,kg kg^-1,8.407245507409679e-05,0.7563910708031617,365
graphcast,GraphCast-small 1°,raw,2019,120,q500,kg kg^-1,0.0005083043827308432,0.7736112887954493,365
graphcast,GraphCast-small 1°,raw,2019,120,q700,kg kg^-1,0.0009792928681929942,0.7650838022879014,365
graphcast,GraphCast-small 1°,raw,2019,120,q850,kg kg^-1,0.0011467619053104514,0.7498029682750492,365
graphcast,GraphCast-small 1°,raw,2019,120,q925,kg kg^-1,0.0008695317406205882,0.7957441141069589,365
graphcast,GraphCast-small 1°,raw,2019,120,q1000,kg kg^-1,0.0007685031026427718,0.8490959574431826,365
graphcast,GraphCast-small 1°,raw,2019,120,t50,K,1.9680982227900357,0.8524928770183839,365
graphcast,GraphCast-small 1°,raw,2019,120,t100,K,1.3856722851722312,0.912149862552245,365
graphcast,GraphCast-small 1°,raw,2019,120,t200,K,1.665990692821049,0.891817828583305,365
graphcast,GraphCast-small 1°,raw,2019,120,t300,K,1.1991108803322492,0.8828189368213161,365
graphcast,GraphCast-small 1°,raw,2019,120,t500,K,1.3909734690075732,0.8895299661690306,365
graphcast,GraphCast-small 1°,raw,2019,120,t700,K,1.3991938325862916,0.8909997248483659,365
graphcast,GraphCast-small 1°,raw,2019,120,t850,K,1.5646973491695724,0.8834525188183596,365
graphcast,GraphCast-small 1°,raw,2019,120,t925,K,1.510597294761636,0.8719508491001642,365
graphcast,GraphCast-small 1°,raw,2019,120,t1000,K,1.3631653154068306,0.8656227905927971,365
graphcast,GraphCast-small 1°,raw,2019,120,u50,m s^-1,3.334494844349582,0.8936441184897718,365
graphcast,GraphCast-small 1°,raw,2019,120,u100,m s^-1,2.9924636764121346,0.9138135881714103,365
graphcast,GraphCast-small 1°,raw,2019,120,u200,m s^-1,4.920363245127178,0.902113915909232,365
graphcast,GraphCast-small 1°,raw,2019,120,u300,m s^-1,5.782450439829228,0.8677975372377068,365
graphcast,GraphCast-small 1°,raw,2019,120,u500,m s^-1,4.084677512541908,0.859311880380718,365
graphcast,GraphCast-small 1°,raw,2019,120,u700,m s^-1,3.1956433501667383,0.8531752650443774,365
graphcast,GraphCast-small 1°,raw,2019,120,u850,m s^-1,2.9914185911657905,0.8318726229828578,365
graphcast,GraphCast-small 1°,raw,2019,120,u925,m s^-1,2.9701210966996943,0.8230521194853418,365
graphcast,GraphCast-small 1°,raw,2019,120,u1000,m s^-1,2.299058041739597,0.8286208499843096,365
graphcast,GraphCast-small 1°,raw,2019,120,v50,m s^-1,2.3147238017305085,0.8670596988158465,365
graphcast,GraphCast-small 1°,raw,2019,120,v100,m s^-1,2.7315791818762594,0.9023409536514873,365
graphcast,GraphCast-small 1°,raw,2019,120,v200,m s^-1,4.938930116901683,0.8967081114971522,365
graphcast,GraphCast-small 1°,raw,2019,120,v300,m s^-1,5.740477416468726,0.8667794051987409,365
graphcast,GraphCast-small 1°,raw,2019,120,v500,m s^-1,3.977166978229326,0.8572971218097862,365
graphcast,GraphCast-small 1°,raw,2019,120,v700,m s^-1,3.0597175358669264,0.8462921988701803,365
graphcast,GraphCast-small 1°,raw,2019,120,v850,m s^-1,2.8484292011072587,0.8263736689932337,365
graphcast,GraphCast-small 1°,raw,2019,120,v925,m s^-1,2.8979947822548566,0.8263412279246755,365
graphcast,GraphCast-small 1°,raw,2019,120,v1000,m s^-1,2.3002546920021203,0.8328918084988576,365
graphcast,GraphCast-small 1°,raw,2019,120,u10,m s^-1,2.0786279782969577,0.8233630280907359,365
graphcast,GraphCast-small 1°,raw,2019,120,v10,m s^-1,2.062433449956925,0.8254083639897151,365
graphcast,GraphCast-small 1°,raw,2019,120,t2m,K,1.3882550332094015,0.8445526250179864,365
graphcast,GraphCast-small 1°,raw,2019,120,mslp,Pa,295.0986961234616,0.9058850359422924,365
graphcast,GraphCast-small 1°,raw,2019,168,z50,m^2 s^-2,544.0479663638339,0.9006302095181761,365
graphcast,GraphCast-small 1°,raw,2019,168,z100,m^2 s^-2,441.37821813342464,0.9041601743507942,365
graphcast,GraphCast-small 1°,raw,2019,168,z200,m^2 s^-2,586.9390765857115,0.8477973710416044,365
graphcast,GraphCast-small 1°,raw,2019,168,z300,m^2 s^-2,662.6488847307686,0.8105883500349697,365
graphcast,GraphCast-small 1°,raw,2019,168,z500,m^2 s^-2,492.542336639044,0.8035531858812879,365
graphcast,GraphCast-small 1°,raw,2019,168,z700,m^2 s^-2,382.8567492038751,0.7962013223311099,365
graphcast,GraphCast-small 1°,raw,2019,168,z850,m^2 s^-2,354.88576232673245,0.7784451446088957,365
graphcast,GraphCast-small 1°,raw,2019,168,z925,m^2 s^-2,360.22330097107823,0.7679751828797957,365
graphcast,GraphCast-small 1°,raw,2019,168,z1000,m^2 s^-2,370.6435099272597,0.7625757676879361,365
graphcast,GraphCast-small 1°,raw,2019,168,q50,kg kg^-1,9.701796925736095e-08,0.7081605735904399,365
graphcast,GraphCast-small 1°,raw,2019,168,q100,kg kg^-1,2.8033896131667933e-07,0.6994446252898165,365
graphcast,GraphCast-small 1°,raw,2019,168,q200,kg kg^-1,1.159044862068915e-05,0.6547380646630946,365
graphcast,GraphCast-small 1°,raw,2019,168,q300,kg kg^-1,0.00010218860889552488,0.6456601755076501,365
graphcast,GraphCast-small 1°,raw,2019,168,q500,kg kg^-1,0.0006277686728707933,0.6566777344748737,365
graphcast,GraphCast-small 1°,raw,2019,168,q700,kg kg^-1,0.0012217675261175333,0.6337407484724881,365
graphcast,GraphCast-small 1°,raw,2019,168,q850,kg kg^-1,0.0014133286369807754,0.6153102399605028,365
graphcast,GraphCast-small 1°,raw,2019,168,q925,kg kg^-1,0.001108874283303542,0.6674418955723928,365
graphcast,GraphCast-small 1°,raw,2019,168,q1000,kg kg^-1,0.001036484420659246,0.7253655620700497,365
graphcast,GraphCast-small 1°,raw,2019,168,t50,K,2.2643175438449847,0.7994771111116726,365
graphcast,GraphCast-small 1°,raw,2019,168,t100,K,1.837838578626702,0.8427957553032883,365
graphcast,GraphCast-small 1°,raw,2019,168,t200,K,2.4593944563863546,0.7652548458279523,365
graphcast,GraphCast-small 1°,raw,2019,168,t300,K,1.7167251076580206,0.7622788315267637,365
graphcast,GraphCast-small 1°,raw,2019,168,t500,K,2.1087998292035226,0.7465379624896428,365
graphcast,GraphCast-small 1°,raw,2019,168,t700,K,2.123395786419584,0.7491579321995507,365
graphcast,GraphCast-small 1°,raw,2019,168,t850,K,2.32305457653687,0.7430111703844621,365
graphcast,GraphCast-small 1°,raw,2019,168,t925,K,2.2047703381300168,0.7276640430430722,365
graphcast,GraphCast-small 1°,raw,2019,168,t1000,K,1.9444935188375578,0.7285151332199551,365
graphcast,GraphCast-small 1°,raw,2019,168,u50,m s^-1,4.01770540287406,0.8420278526837839,365
graphcast,GraphCast-small 1°,raw,2019,168,u100,m s^-1,4.118945258708079,0.8362085137302334,365
graphcast,GraphCast-small 1°,raw,2019,168,u200,m s^-1,7.249369173711352,0.7880966140057278,365
graphcast,GraphCast-small 1°,raw,2019,168,u300,m s^-1,8.363298170951232,0.7239315164113803,365
graphcast,GraphCast-small 1°,raw,2019,168,u500,m s^-1,5.840958390591466,0.7112626680712197,365
graphcast,GraphCast-small 1°,raw,2019,168,u700,m s^-1,4.5222984339541465,0.704244614923506,365
graphcast,GraphCast-small 1°,raw,2019,168,u850,m s^-1,4.202354488351262,0.6664671778875678,365
graphcast,GraphCast-small 1°,raw,2019,168,u925,m s^-1,4.187828274784882,0.6464969498860937,365
graphcast,GraphCast-small 1°,raw,2019,168,u1000,m s^-1,3.241585780767432,0.6574222497235845,365
graphcast,GraphCast-small 1°,raw,2019,168,v50,m s^-1,2.918755298072697,0.7866971469568538,365
graphcast,GraphCast-small 1°,raw,2019,168,v100,m s^-1,3.914512345957091,0.7974034621747811,365
graphcast,GraphCast-small 1°,raw,2019,168,v200,m s^-1,7.50117982441889,0.7601867326337743,365
graphcast,GraphCast-small 1°,raw,2019,168,v300,m s^-1,8.509350963698271,0.7055075437068845,365
graphcast,GraphCast-small 1°,raw,2019,168,v500,m s^-1,5.811369884318846,0.6922014193754533,365
graphcast,GraphCast-small 1°,raw,2019,168,v700,m s^-1,4.39354213237088,0.6788137271922094,365
graphcast,GraphCast-small 1°,raw,2019,168,v850,m s^-1,4.041802716094438,0.6464745447615358,365
graphcast,GraphCast-small 1°,raw,2019,168,v925,m s^-1,4.143131461792907,0.6421360796245565,365
graphcast,GraphCast-small 1°,raw,2019,168,v1000,m s^-1,3.302971934391667,0.6530544170653428,365
graphcast,GraphCast-small 1°,raw,2019,168,u10,m s^-1,2.9135635327053753,0.6510135450744394,365
graphcast,GraphCast-small 1°,raw,2019,168,v10,m s^-1,2.9356925119875834,0.6438166232379172,365
graphcast,GraphCast-small 1°,raw,2019,168,t2m,K,1.8789305430971093,0.7178344045714912,365
graphcast,GraphCast-small 1°,raw,2019,168,mslp,Pa,470.31675314374166,0.7608772452345826,365
graphcast,GraphCast-small 1°,raw,2019,240,z50,m^2 s^-2,773.0698917248287,0.797838269427129,365
graphcast,GraphCast-small 1°,raw,2019,240,z100,m^2 s^-2,712.2088875066732,0.7594928048789185,365
graphcast,GraphCast-small 1°,raw,2019,240,z200,m^2 s^-2,933.5966917203037,0.6239831350677993,365
graphcast,GraphCast-small 1°,raw,2019,240,z300,m^2 s^-2,1012.8824928634689,0.561918828305888,365
graphcast,GraphCast-small 1°,raw,2019,240,z500,m^2 s^-2,746.9443360376318,0.5505962976718615,365
graphcast,GraphCast-small 1°,raw,2019,240,z700,m^2 s^-2,577.9102420071657,0.5385963835283805,365
graphcast,GraphCast-small 1°,raw,2019,240,z850,m^2 s^-2,528.2239906416439,0.5139008896539812,365
graphcast,GraphCast-small 1°,raw,2019,240,z925,m^2 s^-2,532.1417339393707,0.4996313621315277,365
graphcast,GraphCast-small 1°,raw,2019,240,z1000,m^2 s^-2,544.9938784491886,0.49277790039351543,365
graphcast,GraphCast-small 1°,raw,2019,240,q50,kg kg^-1,1.1105609775381686e-07,0.6142433018845813,365
graphcast,GraphCast-small 1°,raw,2019,240,q100,kg kg^-1,3.3374743704992317e-07,0.5615556385842663,365
graphcast,GraphCast-small 1°,raw,2019,240,q200,kg kg^-1,1.4675046293964612e-05,0.49121192158731547,365
graphcast,GraphCast-small 1°,raw,2019,240,q300,kg kg^-1,0.00012913281192622513,0.46196066706916583,365
graphcast,GraphCast-small 1°,raw,2019,240,q500,kg kg^-1,0.0007927099858132713,0.46740501696325426,365
graphcast,GraphCast-small 1°,raw,2019,240,q700,kg kg^-1,0.001528342421467636,0.43511387761616727,365
graphcast,GraphCast-small 1°,raw,2019,240,q850,kg kg^-1,0.0017503151610690866,0.4122694971269891,365
graphcast,GraphCast-small 1°,raw,2019,240,q925,kg kg^-1,0.0014300017292383448,0.4575734658322196,365
graphcast,GraphCast-small 1°,raw,2019,240,q1000,kg kg^-1,0.001413230249414181,0.4974907551994202,365
graphcast,GraphCast-small 1°,raw,2019,240,t50,K,2.725632777280377,0.7025662289965035,365
graphcast,GraphCast-small 1°,raw,2019,240,t100,K,2.5498672818143913,0.6937411480678695,365
graphcast,GraphCast-small 1°,raw,2019,240,t200,K,3.421360375988221,0.5518151577200359,365
graphcast,GraphCast-small 1°,raw,2019,240,t300,K,2.4260266370729267,0.5462173094622904,365
graphcast,GraphCast-small 1°,raw,2019,240,t500,K,3.0139710896068546,0.4905876628744911,365
graphcast,GraphCast-small 1°,raw,2019,240,t700,K,3.0286573209006913,0.49499502674075657,365
graphcast,GraphCast-small 1°,raw,2019,240,t850,K,3.278912508318273,0.4909764818146655,365
graphcast,GraphCast-small 1°,raw,2019,240,t925,K,3.0595330111453514,0.48122025285895503,365
graphcast,GraphCast-small 1°,raw,2019,240,t1000,K,2.6747969688907003,0.49707683260919544,365
graphcast,GraphCast-small 1°,raw,2019,240,u50,m s^-1,5.1776293736474805,0.7302419207240084,365
graphcast,GraphCast-small 1°,raw,2019,240,u100,m s^-1,6.001943215230375,0.6564026458270978,365
graphcast,GraphCast-small 1°,raw,2019,240,u200,m s^-1,10.578659581397948,0.5565873161850444,365
graphcast,GraphCast-small 1°,raw,2019,240,u300,m s^-1,11.587640798413753,0.4764983397012266,365
graphcast,GraphCast-small 1°,raw,2019,240,u500,m s^-1,8.0147694034173,0.46053311313408724,365
graphcast,GraphCast-small 1°,raw,2019,240,u700,m s^-1,6.149821712171082,0.45657077935425255,365
graphcast,GraphCast-small 1°,raw,2019,240,u850,m s^-1,5.610196044539025,0.41250810329686766,365
graphcast,GraphCast-small 1°,raw,2019,240,u925,m s^-1,5.556166090392588,0.38591980167414863,365
graphcast,GraphCast-small 1°,raw,2019,240,u1000,m s^-1,4.322934720638133,0.3969294408350632,365
graphcast,GraphCast-small 1°,raw,2019,240,v50,m s^-1,3.976486678491049,0.6012786532283311,365
graphcast,GraphCast-small 1°,raw,2019,240,v100,m s^-1,5.814318052229536,0.5526012005552694,365
graphcast,GraphCast-small 1°,raw,2019,240,v200,m s^-1,11.02832616614714,0.48298535616490135,365
graphcast,GraphCast-small 1°,raw,2019,240,v300,m s^-1,11.930505042041558,0.42120090926522824,365
graphcast,GraphCast-small 1°,raw,2019,240,v500,m s^-1,8.012845161876545,0.413266641352249,365
graphcast,GraphCast-small 1°,raw,2019,240,v700,m s^-1,5.959086938106605,0.4057066933767203,365
graphcast,GraphCast-small 1°,raw,2019,240,v850,m s^-1,5.3648739443163675,0.3759674932883469,365
graphcast,GraphCast-small 1°,raw,2019,240,v925,m s^-1,5.509972187193299,0.36824256680764156,365
graphcast,GraphCast-small 1°,raw,2019,240,v1000,m s^-1,4.437751329249938,0.37492657378619004,365
graphcast,GraphCast-small 1°,raw,2019,240,u10,m s^-1,3.8574706543863932,0.39474231087451667,365
graphcast,GraphCast-small 1°,raw,2019,240,v10,m s^-1,3.913355108490457,0.3685825331081555,365
graphcast,GraphCast-small 1°,raw,2019,240,t2m,K,2.5291671757606684,0.500054645950627,365
graphcast,GraphCast-small 1°,raw,2019,240,mslp,Pa,690.5743205852012,0.4907338139717112,365
graphcast,GraphCast-small 1°,sphere_ttc,2018,24,z50,m^2 s^-2,152.79716285315604,0.9893721728106228,365
graphcast,GraphCast-small 1°,sphere_ttc,2018,24,z100,m^2 s^-2,80.93055824627244,0.9959700041807625,365
graphcast,GraphCast-small 1°,sphere_ttc,2018,24,z200,m^2 s^-2,83.99108027947534,0.9967435857915734,365
graphcast,GraphCast-small 1°,sphere_ttc,2018,24,z300,m^2 s^-2,91.98455602397888,0.9963561963989663,365
graphcast,GraphCast-small 1°,sphere_ttc,2018,24,z500,m^2 s^-2,68.2566271657884,0.9962975609154889,365
graphcast,GraphCast-small 1°,sphere_ttc,2018,24,z700,m^2 s^-2,55.33179456182242,0.9958282920939416,365
graphcast,GraphCast-small 1°,sphere_ttc,2018,24,z850,m^2 s^-2,54.62948421567806,0.9948556737465103,365
graphcast,GraphCast-small 1°,sphere_ttc,2018,24,z925,m^2 s^-2,57.03566710939254,0.9942802394618577,365
graphcast,GraphCast-small 1°,sphere_ttc,2018,24,z1000,m^2 s^-2,61.13710886501284,0.9936324191449639,365
graphcast,GraphCast-small 1°,sphere_ttc,2018,24,q50,kg kg^-1,4.0209494344046014e-08,0.9466092425101159,365
graphcast,GraphCast-small 1°,sphere_ttc,2018,24,q100,kg kg^-1,1.3925240270140197e-07,0.9267637426805418,365
graphcast,GraphCast-small 1°,sphere_ttc,2018,24,q200,kg kg^-1,5.652397720520736e-06,0.9053451860527062,365
graphcast,GraphCast-small 1°,sphere_ttc,2018,24,q300,kg kg^-1,4.5941159578828876e-05,0.9233173411268846,365
graphcast,GraphCast-small 1°,sphere_ttc,2018,24,q500,kg kg^-1,0.0002628305190618683,0.9394120410696988,365
graphcast,GraphCast-small 1°,sphere_ttc,2018,24,q700,kg kg^-1,0.0004922558418655762,0.9420925425750288,365
graphcast,GraphCast-small 1°,sphere_ttc,2018,24,q850,kg kg^-1,0.0006102194714836542,0.9296188332859071,365
graphcast,GraphCast-small 1°,sphere_ttc,2018,24,q925,kg kg^-1,0.0004662464219960315,0.9388091331829541,365
graphcast,GraphCast-small 1°,sphere_ttc,2018,24,q1000,kg kg^-1,0.00039327294788096,0.9598521469455462,365
graphcast,GraphCast-small 1°,sphere_ttc,2018,24,t50,K,0.9959574821109201,0.9437525258336396,365
graphcast,GraphCast-small 1°,sphere_ttc,2018,24,t100,K,0.6473459363159708,0.9771593842361528,365
graphcast,GraphCast-small 1°,sphere_ttc,2018,24,t200,K,0.5201294370867131,0.9883453909709846,365
graphcast,GraphCast-small 1°,sphere_ttc,2018,24,t300,K,0.4177425560218462,0.9847553381902708,365
graphcast,GraphCast-small 1°,sphere_ttc,2018,24,t500,K,0.43975926314585684,0.9891857900383586,365
graphcast,GraphCast-small 1°,sphere_ttc,2018,24,t700,K,0.4625079930175137,0.988455151017139,365
graphcast,GraphCast-small 1°,sphere_ttc,2018,24,t850,K,0.5778741791003345,0.984280689574514,365
graphcast,GraphCast-small 1°,sphere_ttc,2018,24,t925,K,0.5870295372155232,0.9809809199082763,365
graphcast,GraphCast-small 1°,sphere_ttc,2018,24,t1000,K,0.6075894383288145,0.9735685900759775,365
graphcast,GraphCast-small 1°,sphere_ttc,2018,24,u50,m s^-1,1.590325802885067,0.9804117094627364,365
graphcast,GraphCast-small 1°,sphere_ttc,2018,24,u100,m s^-1,1.44424800342782,0.9787739936251553,365
graphcast,GraphCast-small 1°,sphere_ttc,2018,24,u200,m s^-1,1.8081877586124921,0.987340650792067,365
graphcast,GraphCast-small 1°,sphere_ttc,2018,24,u300,m s^-1,1.8950042591825433,0.9865508262302358,365
graphcast,GraphCast-small 1°,sphere_ttc,2018,24,u500,m s^-1,1.4100230654535928,0.9844017261219233,365
graphcast,GraphCast-small 1°,sphere_ttc,2018,24,u700,m s^-1,1.1697564954037563,0.9815391083223881,365
graphcast,GraphCast-small 1°,sphere_ttc,2018,24,u850,m s^-1,1.1140011291245817,0.978004815407817,365
graphcast,GraphCast-small 1°,sphere_ttc,2018,24,u925,m s^-1,1.064243267716601,0.9784967992476103,365
graphcast,GraphCast-small 1°,sphere_ttc,2018,24,u1000,m s^-1,0.8499669221502083,0.9776497982872049,365
graphcast,GraphCast-small 1°,sphere_ttc,2018,24,v50,m s^-1,1.2548796677264078,0.9659532234988205,365
graphcast,GraphCast-small 1°,sphere_ttc,2018,24,v100,m s^-1,1.3414307633229834,0.9766650086825244,365
graphcast,GraphCast-small 1°,sphere_ttc,2018,24,v200,m s^-1,1.8273151715240297,0.9855814881908388,365
graphcast,GraphCast-small 1°,sphere_ttc,2018,24,v300,m s^-1,1.9124086594711622,0.9851629612235796,365
graphcast,GraphCast-small 1°,sphere_ttc,2018,24,v500,m s^-1,1.391372817671672,0.9825133245739857,365
graphcast,GraphCast-small 1°,sphere_ttc,2018,24,v700,m s^-1,1.1307422302987908,0.9789547853490779,365
graphcast,GraphCast-small 1°,sphere_ttc,2018,24,v850,m s^-1,1.0800506229211748,0.9751171081767169,365
graphcast,GraphCast-small 1°,sphere_ttc,2018,24,v925,m s^-1,1.0566336364491802,0.9769453542913855,365
graphcast,GraphCast-small 1°,sphere_ttc,2018,24,v1000,m s^-1,0.8648335734110858,0.9764609219211012,365
graphcast,GraphCast-small 1°,sphere_ttc,2018,24,u10,m s^-1,0.7700093589395319,0.976690643406247,365
graphcast,GraphCast-small 1°,sphere_ttc,2018,24,v10,m s^-1,0.7789136496420778,0.9752461045640385,365
graphcast,GraphCast-small 1°,sphere_ttc,2018,24,t2m,K,0.7848373752451301,0.9509164637021323,365
graphcast,GraphCast-small 1°,sphere_ttc,2018,24,mslp,Pa,77.86032987172162,0.9935540429547207,365
graphcast,GraphCast-small 1°,sphere_ttc,2018,72,z50,m^2 s^-2,305.10152949553316,0.9575035263370607,365
graphcast,GraphCast-small 1°,sphere_ttc,2018,72,z100,m^2 s^-2,170.14212558677713,0.9822676186571256,365
graphcast,GraphCast-small 1°,sphere_ttc,2018,72,z200,m^2 s^-2,177.43227303794245,0.9854538340610344,365
graphcast,GraphCast-small 1°,sphere_ttc,2018,72,z300,m^2 s^-2,200.78646060212859,0.9825749911058753,365
graphcast,GraphCast-small 1°,sphere_ttc,2018,72,z500,m^2 s^-2,150.26830478531468,0.9819591515844494,365
graphcast,GraphCast-small 1°,sphere_ttc,2018,72,z700,m^2 s^-2,118.97284168473173,0.9806047848310352,365
graphcast,GraphCast-small 1°,sphere_ttc,2018,72,z850,m^2 s^-2,113.52502860401292,0.9776611745514889,365
graphcast,GraphCast-small 1°,sphere_ttc,2018,72,z925,m^2 s^-2,116.04643151303381,0.9761836055636799,365
graphcast,GraphCast-small 1°,sphere_ttc,2018,72,z1000,m^2 s^-2,121.47427711248172,0.9747346706238148,365
graphcast,GraphCast-small 1°,sphere_ttc,2018,72,q50,kg kg^-1,5.823246849143983e-08,0.8850341617487323,365
graphcast,GraphCast-small 1°,sphere_ttc,2018,72,q100,kg kg^-1,1.9703898838818022e-07,0.8474802239624407,365
graphcast,GraphCast-small 1°,sphere_ttc,2018,72,q200,kg kg^-1,7.554433242697902e-06,0.826762076861969,365
graphcast,GraphCast-small 1°,sphere_ttc,2018,72,q300,kg kg^-1,6.460137461254259e-05,0.844803235682682,365
graphcast,GraphCast-small 1°,sphere_ttc,2018,72,q500,kg kg^-1,0.0003844785674346381,0.8669185281819398,365
graphcast,GraphCast-small 1°,sphere_ttc,2018,72,q700,kg kg^-1,0.0007358394338727306,0.8663724827394411,365
graphcast,GraphCast-small 1°,sphere_ttc,2018,72,q850,kg kg^-1,0.0008725609743201677,0.8509170709908896,365
graphcast,GraphCast-small 1°,sphere_ttc,2018,72,q925,kg kg^-1,0.0006424379064057618,0.8812781741162842,365
graphcast,GraphCast-small 1°,sphere_ttc,2018,72,q1000,kg kg^-1,0.0005482892936677008,0.9210356868377063,365
graphcast,GraphCast-small 1°,sphere_ttc,2018,72,t50,K,1.5589082377629297,0.8597833827856093,365
graphcast,GraphCast-small 1°,sphere_ttc,2018,72,t100,K,1.0314005109690243,0.9415590034054782,365
graphcast,GraphCast-small 1°,sphere_ttc,2018,72,t200,K,0.9716190220304194,0.9590113307645823,365
graphcast,GraphCast-small 1°,sphere_ttc,2018,72,t300,K,0.7488741025906113,0.950691982901545,365
graphcast,GraphCast-small 1°,sphere_ttc,2018,72,t500,K,0.8060925195010774,0.963422157489472,365
graphcast,GraphCast-small 1°,sphere_ttc,2018,72,t700,K,0.8197910739389935,0.9633739749622666,365
graphcast,GraphCast-small 1°,sphere_ttc,2018,72,t850,K,0.9462678085458296,0.9574381806405572,365
graphcast,GraphCast-small 1°,sphere_ttc,2018,72,t925,K,0.9321069951435327,0.9514709198164184,365
graphcast,GraphCast-small 1°,sphere_ttc,2018,72,t1000,K,0.8889051126193638,0.9428304846886747,365
graphcast,GraphCast-small 1°,sphere_ttc,2018,72,u50,m s^-1,2.5566594654320287,0.948981190171016,365
graphcast,GraphCast-small 1°,sphere_ttc,2018,72,u100,m s^-1,2.189921245848296,0.9509973496017153,365
graphcast,GraphCast-small 1°,sphere_ttc,2018,72,u200,m s^-1,3.075839514926133,0.9631631835594031,365
graphcast,GraphCast-small 1°,sphere_ttc,2018,72,u300,m s^-1,3.4869190016614375,0.9540703820188292,365
graphcast,GraphCast-small 1°,sphere_ttc,2018,72,u500,m s^-1,2.5137451140416673,0.949838451802233,365
graphcast,GraphCast-small 1°,sphere_ttc,2018,72,u700,m s^-1,2.0076250854101114,0.9448740987098474,365
graphcast,GraphCast-small 1°,sphere_ttc,2018,72,u850,m s^-1,1.8813339442791253,0.9363238662008392,365
graphcast,GraphCast-small 1°,sphere_ttc,2018,72,u925,m s^-1,1.8402394058505254,0.9347711115012665,365
graphcast,GraphCast-small 1°,sphere_ttc,2018,72,u1000,m s^-1,1.4392274736103694,0.9350467837206484,365
graphcast,GraphCast-small 1°,sphere_ttc,2018,72,v50,m s^-1,1.8758889836917347,0.9227147274108491,365
graphcast,GraphCast-small 1°,sphere_ttc,2018,72,v100,m s^-1,1.9407741140042838,0.9507513240064723,365
graphcast,GraphCast-small 1°,sphere_ttc,2018,72,v200,m s^-1,3.0678981703784682,0.9589741006230447,365
graphcast,GraphCast-small 1°,sphere_ttc,2018,72,v300,m s^-1,3.403186152612563,0.952426443279421,365
graphcast,GraphCast-small 1°,sphere_ttc,2018,72,v500,m s^-1,2.4046203217086872,0.9470389146938525,365
graphcast,GraphCast-small 1°,sphere_ttc,2018,72,v700,m s^-1,1.9037949917438473,0.9393661610285258,365
graphcast,GraphCast-small 1°,sphere_ttc,2018,72,v850,m s^-1,1.7783038505213573,0.9313848115454875,365
graphcast,GraphCast-small 1°,sphere_ttc,2018,72,v925,m s^-1,1.7743753466434413,0.9339934764458953,365
graphcast,GraphCast-small 1°,sphere_ttc,2018,72,v1000,m s^-1,1.4269160970496877,0.935038415517301,365
graphcast,GraphCast-small 1°,sphere_ttc,2018,72,u10,m s^-1,1.3035537392130079,0.9322333370253539,365
graphcast,GraphCast-small 1°,sphere_ttc,2018,72,v10,m s^-1,1.2852467991493268,0.9316073485088543,365
graphcast,GraphCast-small 1°,sphere_ttc,2018,72,t2m,K,1.0034035791352525,0.9189168680716338,365
graphcast,GraphCast-small 1°,sphere_ttc,2018,72,mslp,Pa,154.46722627796115,0.9745018118769152,365
graphcast,GraphCast-small 1°,sphere_ttc,2018,120,z50,m^2 s^-2,419.9507556976705,0.9194842316715665,365
graphcast,GraphCast-small 1°,sphere_ttc,2018,120,z100,m^2 s^-2,292.46458782132044,0.947822194680376,365
graphcast,GraphCast-small 1°,sphere_ttc,2018,120,z200,m^2 s^-2,355.5460085581425,0.9415959482974393,365
graphcast,GraphCast-small 1°,sphere_ttc,2018,120,z300,m^2 s^-2,407.0827327004211,0.928146280822427,365
graphcast,GraphCast-small 1°,sphere_ttc,2018,120,z500,m^2 s^-2,303.1351175052096,0.9260163312531179,365
graphcast,GraphCast-small 1°,sphere_ttc,2018,120,z700,m^2 s^-2,237.1960271650184,0.9221189363003267,365
graphcast,GraphCast-small 1°,sphere_ttc,2018,120,z850,m^2 s^-2,222.64659710510483,0.9131015966336913,365
graphcast,GraphCast-small 1°,sphere_ttc,2018,120,z925,m^2 s^-2,226.97549227984146,0.9078133978603887,365
graphcast,GraphCast-small 1°,sphere_ttc,2018,120,z1000,m^2 s^-2,234.8658051317021,0.9045135553171436,365
graphcast,GraphCast-small 1°,sphere_ttc,2018,120,q50,kg kg^-1,6.939605464948086e-08,0.83357512798214,365
graphcast,GraphCast-small 1°,sphere_ttc,2018,120,q100,kg kg^-1,2.3496025115286419e-07,0.7767138435543913,365
graphcast,GraphCast-small 1°,sphere_ttc,2018,120,q200,kg kg^-1,9.106929006321163e-06,0.7438834732778624,365
graphcast,GraphCast-small 1°,sphere_ttc,2018,120,q300,kg kg^-1,8.123162351322615e-05,0.7508354312745542,365
graphcast,GraphCast-small 1°,sphere_ttc,2018,120,q500,kg kg^-1,0.0005014872973903817,0.7712419308721279,365
graphcast,GraphCast-small 1°,sphere_ttc,2018,120,q700,kg kg^-1,0.0009720053198694587,0.7627355976872162,365
graphcast,GraphCast-small 1°,sphere_ttc,2018,120,q850,kg kg^-1,0.0011272040433315698,0.7448948526239306,365
graphcast,GraphCast-small 1°,sphere_ttc,2018,120,q925,kg kg^-1,0.0008403217517467938,0.792833330653614,365
graphcast,GraphCast-small 1°,sphere_ttc,2018,120,q1000,kg kg^-1,0.0007606518576340114,0.8464446976165363,365
graphcast,GraphCast-small 1°,sphere_ttc,2018,120,t50,K,1.8510668837451456,0.8015939457602714,365
graphcast,GraphCast-small 1°,sphere_ttc,2018,120,t100,K,1.3957781797104365,0.8922081536555637,365
graphcast,GraphCast-small 1°,sphere_ttc,2018,120,t200,K,1.6654936235824223,0.87816429250802,365
graphcast,GraphCast-small 1°,sphere_ttc,2018,120,t300,K,1.1877662433109686,0.8749201338864461,365
graphcast,GraphCast-small 1°,sphere_ttc,2018,120,t500,K,1.4022816754506908,0.8886188577820634,365
graphcast,GraphCast-small 1°,sphere_ttc,2018,120,t700,K,1.4117494165581772,0.890654398557999,365
graphcast,GraphCast-small 1°,sphere_ttc,2018,120,t850,K,1.5660367151961876,0.8825194401311014,365
graphcast,GraphCast-small 1°,sphere_ttc,2018,120,t925,K,1.506405462714764,0.8719230098252571,365
graphcast,GraphCast-small 1°,sphere_ttc,2018,120,t1000,K,1.3595251547932552,0.8654435720829673,365
graphcast,GraphCast-small 1°,sphere_ttc,2018,120,u50,m s^-1,3.173048062561595,0.9210309481725217,365
graphcast,GraphCast-small 1°,sphere_ttc,2018,120,u100,m s^-1,3.019866200199478,0.9066097271287753,365
graphcast,GraphCast-small 1°,sphere_ttc,2018,120,u200,m s^-1,4.965173987871841,0.9035931497822165,365
graphcast,GraphCast-small 1°,sphere_ttc,2018,120,u300,m s^-1,5.823637049737957,0.8710394535837916,365
graphcast,GraphCast-small 1°,sphere_ttc,2018,120,u500,m s^-1,4.116250935124635,0.8638492414709111,365
graphcast,GraphCast-small 1°,sphere_ttc,2018,120,u700,m s^-1,3.2234489864588265,0.8556740879232231,365
graphcast,GraphCast-small 1°,sphere_ttc,2018,120,u850,m s^-1,3.0303413974156923,0.831926601492034,365
graphcast,GraphCast-small 1°,sphere_ttc,2018,120,u925,m s^-1,3.022957333117091,0.8209112631615834,365
graphcast,GraphCast-small 1°,sphere_ttc,2018,120,u1000,m s^-1,2.3463704358313744,0.8245725245033215,365
graphcast,GraphCast-small 1°,sphere_ttc,2018,120,v50,m s^-1,2.363038973961847,0.8758556842171804,365
graphcast,GraphCast-small 1°,sphere_ttc,2018,120,v100,m s^-1,2.7532361828493284,0.9001145172302224,365
graphcast,GraphCast-small 1°,sphere_ttc,2018,120,v200,m s^-1,5.021514877948887,0.8891192008812437,365
graphcast,GraphCast-small 1°,sphere_ttc,2018,120,v300,m s^-1,5.774334298564596,0.8610710498420227,365
graphcast,GraphCast-small 1°,sphere_ttc,2018,120,v500,m s^-1,3.9941146286038145,0.8511246248084258,365
graphcast,GraphCast-small 1°,sphere_ttc,2018,120,v700,m s^-1,3.0749792690748734,0.8383864629209704,365
graphcast,GraphCast-small 1°,sphere_ttc,2018,120,v850,m s^-1,2.853732508026651,0.8193376099940722,365
graphcast,GraphCast-small 1°,sphere_ttc,2018,120,v925,m s^-1,2.9091595564126247,0.818652802213874,365
graphcast,GraphCast-small 1°,sphere_ttc,2018,120,v1000,m s^-1,2.3242971840867415,0.8244029065632321,365
graphcast,GraphCast-small 1°,sphere_ttc,2018,120,u10,m s^-1,2.1146560686124976,0.8186555781783049,365
graphcast,GraphCast-small 1°,sphere_ttc,2018,120,v10,m s^-1,2.078717789737463,0.8174545811333435,365
graphcast,GraphCast-small 1°,sphere_ttc,2018,120,t2m,K,1.3866473231319523,0.8446064466233919,365
graphcast,GraphCast-small 1°,sphere_ttc,2018,120,mslp,Pa,298.34532267216724,0.9038399488813016,365
graphcast,GraphCast-small 1°,sphere_ttc,2018,168,z50,m^2 s^-2,540.1356242495731,0.8667169916551901,365
graphcast,GraphCast-small 1°,sphere_ttc,2018,168,z100,m^2 s^-2,455.5436696207147,0.8721410941881919,365
graphcast,GraphCast-small 1°,sphere_ttc,2018,168,z200,m^2 s^-2,598.437084310811,0.8320390843094712,365
graphcast,GraphCast-small 1°,sphere_ttc,2018,168,z300,m^2 s^-2,669.0461275933094,0.8003772182452583,365
graphcast,GraphCast-small 1°,sphere_ttc,2018,168,z500,m^2 s^-2,497.37499660030227,0.7960268705670567,365
graphcast,GraphCast-small 1°,sphere_ttc,2018,168,z700,m^2 s^-2,385.7682741129342,0.7883540488715519,365
graphcast,GraphCast-small 1°,sphere_ttc,2018,168,z850,m^2 s^-2,355.4029824640605,0.7698292877162881,365
graphcast,GraphCast-small 1°,sphere_ttc,2018,168,z925,m^2 s^-2,358.03941006078935,0.7593120134236032,365
graphcast,GraphCast-small 1°,sphere_ttc,2018,168,z1000,m^2 s^-2,368.4034657558307,0.7528330777781685,365
graphcast,GraphCast-small 1°,sphere_ttc,2018,168,q50,kg kg^-1,7.974761071324038e-08,0.7763355915081104,365
graphcast,GraphCast-small 1°,sphere_ttc,2018,168,q100,kg kg^-1,2.7087415726855e-07,0.6957676618669963,365
graphcast,GraphCast-small 1°,sphere_ttc,2018,168,q200,kg kg^-1,1.0735997274920166e-05,0.6340418655420841,365
graphcast,GraphCast-small 1°,sphere_ttc,2018,168,q300,kg kg^-1,9.782327907981944e-05,0.6273287109852821,365
graphcast,GraphCast-small 1°,sphere_ttc,2018,168,q500,kg kg^-1,0.0006164449619057899,0.6439693365192075,365
graphcast,GraphCast-small 1°,sphere_ttc,2018,168,q700,kg kg^-1,0.0011975662586233716,0.627129005310824,365
graphcast,GraphCast-small 1°,sphere_ttc,2018,168,q850,kg kg^-1,0.001378995871282701,0.6052091805313027,365
graphcast,GraphCast-small 1°,sphere_ttc,2018,168,q925,kg kg^-1,0.001064910335635833,0.65660229217971,365
graphcast,GraphCast-small 1°,sphere_ttc,2018,168,q1000,kg kg^-1,0.0010202764686917797,0.7163413059582011,365
graphcast,GraphCast-small 1°,sphere_ttc,2018,168,t50,K,2.091978989833223,0.7457115056137157,365
graphcast,GraphCast-small 1°,sphere_ttc,2018,168,t100,K,1.8258362261775984,0.8138687090238709,365
graphcast,GraphCast-small 1°,sphere_ttc,2018,168,t200,K,2.410505132522298,0.7310468040280678,365
graphcast,GraphCast-small 1°,sphere_ttc,2018,168,t300,K,1.6704092833448532,0.741694455807124,365
graphcast,GraphCast-small 1°,sphere_ttc,2018,168,t500,K,2.085258717514242,0.7393029584998198,365
graphcast,GraphCast-small 1°,sphere_ttc,2018,168,t700,K,2.1010832699628796,0.7454700011898259,365
graphcast,GraphCast-small 1°,sphere_ttc,2018,168,t850,K,2.2958681162811523,0.7368943393454342,365
graphcast,GraphCast-small 1°,sphere_ttc,2018,168,t925,K,2.177455337937764,0.7231536939529233,365
graphcast,GraphCast-small 1°,sphere_ttc,2018,168,t1000,K,1.9199972079109222,0.7238824758933655,365
graphcast,GraphCast-small 1°,sphere_ttc,2018,168,u50,m s^-1,3.7681113056060416,0.8877740333786216,365
graphcast,GraphCast-small 1°,sphere_ttc,2018,168,u100,m s^-1,4.150896351264503,0.8219650249216303,365
graphcast,GraphCast-small 1°,sphere_ttc,2018,168,u200,m s^-1,7.344309411174239,0.784547864811535,365
graphcast,GraphCast-small 1°,sphere_ttc,2018,168,u300,m s^-1,8.367434938265438,0.7221003245428446,365
graphcast,GraphCast-small 1°,sphere_ttc,2018,168,u500,m s^-1,5.8754187714576505,0.7110299909503242,365
graphcast,GraphCast-small 1°,sphere_ttc,2018,168,u700,m s^-1,4.556778683658582,0.699784012711617,365
graphcast,GraphCast-small 1°,sphere_ttc,2018,168,u850,m s^-1,4.222389032348818,0.6557572327278337,365
graphcast,GraphCast-small 1°,sphere_ttc,2018,168,u925,m s^-1,4.211656383666298,0.6302936394521799,365
graphcast,GraphCast-small 1°,sphere_ttc,2018,168,u1000,m s^-1,3.274068041966206,0.6369233561464729,365
graphcast,GraphCast-small 1°,sphere_ttc,2018,168,v50,m s^-1,3.0095585047259403,0.7959505634793554,365
graphcast,GraphCast-small 1°,sphere_ttc,2018,168,v100,m s^-1,3.9610703149963236,0.7890960100394471,365
graphcast,GraphCast-small 1°,sphere_ttc,2018,168,v200,m s^-1,7.460961814566612,0.7422619390268852,365
graphcast,GraphCast-small 1°,sphere_ttc,2018,168,v300,m s^-1,8.40110221743155,0.685744847812118,365
graphcast,GraphCast-small 1°,sphere_ttc,2018,168,v500,m s^-1,5.722965741951014,0.672990456017612,365
graphcast,GraphCast-small 1°,sphere_ttc,2018,168,v700,m s^-1,4.3316815128885064,0.6573349101370335,365
graphcast,GraphCast-small 1°,sphere_ttc,2018,168,v850,m s^-1,3.9609137435307447,0.6257384603407008,365
graphcast,GraphCast-small 1°,sphere_ttc,2018,168,v925,m s^-1,4.058631023223908,0.6204975501693594,365
graphcast,GraphCast-small 1°,sphere_ttc,2018,168,v1000,m s^-1,3.259519313537892,0.6298809756461479,365
graphcast,GraphCast-small 1°,sphere_ttc,2018,168,u10,m s^-1,2.92817735207343,0.6299033632607441,365
graphcast,GraphCast-small 1°,sphere_ttc,2018,168,v10,m s^-1,2.890485506106239,0.6211110276760496,365
graphcast,GraphCast-small 1°,sphere_ttc,2018,168,t2m,K,1.865333978668854,0.7129324283515457,365
graphcast,GraphCast-small 1°,sphere_ttc,2018,168,mslp,Pa,467.96854853118447,0.7511059744717684,365
graphcast,GraphCast-small 1°,sphere_ttc,2018,240,z50,m^2 s^-2,762.6888322068945,0.7306237815173986,365
graphcast,GraphCast-small 1°,sphere_ttc,2018,240,z100,m^2 s^-2,692.1100267182264,0.681194610882831,365
graphcast,GraphCast-small 1°,sphere_ttc,2018,240,z200,m^2 s^-2,892.4333111284247,0.57509429233607,365
graphcast,GraphCast-small 1°,sphere_ttc,2018,240,z300,m^2 s^-2,964.4061625261905,0.5232593791172773,365
graphcast,GraphCast-small 1°,sphere_ttc,2018,240,z500,m^2 s^-2,713.5791603954567,0.5174799695400791,365
graphcast,GraphCast-small 1°,sphere_ttc,2018,240,z700,m^2 s^-2,549.9474185637491,0.5066106289294864,365
graphcast,GraphCast-small 1°,sphere_ttc,2018,240,z850,m^2 s^-2,498.0770711159108,0.4797856209860344,365
graphcast,GraphCast-small 1°,sphere_ttc,2018,240,z925,m^2 s^-2,498.09064737340344,0.4642152306988866,365
graphcast,GraphCast-small 1°,sphere_ttc,2018,240,z1000,m^2 s^-2,510.57013122989247,0.4532480673010599,365
graphcast,GraphCast-small 1°,sphere_ttc,2018,240,q50,kg kg^-1,9.695191672095427e-08,0.663667698827432,365
graphcast,GraphCast-small 1°,sphere_ttc,2018,240,q100,kg kg^-1,3.2691024738498553e-07,0.5491234570210782,365
graphcast,GraphCast-small 1°,sphere_ttc,2018,240,q200,kg kg^-1,1.3017140212786872e-05,0.4356064351261008,365
graphcast,GraphCast-small 1°,sphere_ttc,2018,240,q300,kg kg^-1,0.0001189479233142816,0.4180733424529879,365
graphcast,GraphCast-small 1°,sphere_ttc,2018,240,q500,kg kg^-1,0.0007539603494750446,0.4355851533823049,365
graphcast,GraphCast-small 1°,sphere_ttc,2018,240,q700,kg kg^-1,0.0014637405386068595,0.4058091747072232,365
graphcast,GraphCast-small 1°,sphere_ttc,2018,240,q850,kg kg^-1,0.0016624909032410804,0.38631768105562847,365
graphcast,GraphCast-small 1°,sphere_ttc,2018,240,q925,kg kg^-1,0.0013412133752422413,0.4196675162500644,365
graphcast,GraphCast-small 1°,sphere_ttc,2018,240,q1000,kg kg^-1,0.0013479851884793089,0.4632070363074467,365
graphcast,GraphCast-small 1°,sphere_ttc,2018,240,t50,K,2.4942388108321647,0.63379023537753,365
graphcast,GraphCast-small 1°,sphere_ttc,2018,240,t100,K,2.480392973080492,0.6408928199727536,365
graphcast,GraphCast-small 1°,sphere_ttc,2018,240,t200,K,3.1843543374398657,0.4782767753261586,365
graphcast,GraphCast-small 1°,sphere_ttc,2018,240,t300,K,2.2289690668625517,0.4917208381757129,365
graphcast,GraphCast-small 1°,sphere_ttc,2018,240,t500,K,2.8310560688639708,0.45644933215354133,365
graphcast,GraphCast-small 1°,sphere_ttc,2018,240,t700,K,2.8617728879652673,0.46513902546766994,365
graphcast,GraphCast-small 1°,sphere_ttc,2018,240,t850,K,3.106318667324604,0.45724191412526316,365
graphcast,GraphCast-small 1°,sphere_ttc,2018,240,t925,K,2.918367456680369,0.4490877198734751,365
graphcast,GraphCast-small 1°,sphere_ttc,2018,240,t1000,K,2.563285683991446,0.466197667395058,365
graphcast,GraphCast-small 1°,sphere_ttc,2018,240,u50,m s^-1,4.7610082099619575,0.8176509543657656,365
graphcast,GraphCast-small 1°,sphere_ttc,2018,240,u100,m s^-1,5.817860866328858,0.6230343590095344,365
graphcast,GraphCast-small 1°,sphere_ttc,2018,240,u200,m s^-1,10.249809350542199,0.5305365227674942,365
graphcast,GraphCast-small 1°,sphere_ttc,2018,240,u300,m s^-1,11.12579465837175,0.4490805110760177,365
graphcast,GraphCast-small 1°,sphere_ttc,2018,240,u500,m s^-1,7.7231140530934095,0.4369715560473292,365
graphcast,GraphCast-small 1°,sphere_ttc,2018,240,u700,m s^-1,5.922077055636017,0.4296449652002658,365
graphcast,GraphCast-small 1°,sphere_ttc,2018,240,u850,m s^-1,5.3709527519825935,0.377167637996727,365
graphcast,GraphCast-small 1°,sphere_ttc,2018,240,u925,m s^-1,5.316426912454783,0.34306545634178387,365
graphcast,GraphCast-small 1°,sphere_ttc,2018,240,u1000,m s^-1,4.150538089140963,0.3484529644189739,365
graphcast,GraphCast-small 1°,sphere_ttc,2018,240,v50,m s^-1,4.070921546072022,0.593454333195783,365
graphcast,GraphCast-small 1°,sphere_ttc,2018,240,v100,m s^-1,5.555396606511394,0.5211203621794531,365
graphcast,GraphCast-small 1°,sphere_ttc,2018,240,v200,m s^-1,10.30747184625948,0.4276586399355242,365
graphcast,GraphCast-small 1°,sphere_ttc,2018,240,v300,m s^-1,11.121508545563172,0.3678009601727193,365
graphcast,GraphCast-small 1°,sphere_ttc,2018,240,v500,m s^-1,7.47258664366248,0.3608369464641109,365
graphcast,GraphCast-small 1°,sphere_ttc,2018,240,v700,m s^-1,5.580048882972733,0.3502239160721564,365
graphcast,GraphCast-small 1°,sphere_ttc,2018,240,v850,m s^-1,5.025322766006785,0.31986537548920657,365
graphcast,GraphCast-small 1°,sphere_ttc,2018,240,v925,m s^-1,5.159977155579967,0.31165189505198687,365
graphcast,GraphCast-small 1°,sphere_ttc,2018,240,v1000,m s^-1,4.166708648017262,0.32105371504306496,365
graphcast,GraphCast-small 1°,sphere_ttc,2018,240,u10,m s^-1,3.68597970006097,0.3463499472351709,365
graphcast,GraphCast-small 1°,sphere_ttc,2018,240,v10,m s^-1,3.670719068715092,0.3148998939698762,365
graphcast,GraphCast-small 1°,sphere_ttc,2018,240,t2m,K,2.445461728260122,0.47200761007497793,365
graphcast,GraphCast-small 1°,sphere_ttc,2018,240,mslp,Pa,647.898844837775,0.45054468633786815,365
graphcast,GraphCast-small 1°,sphere_ttc,2019,24,z50,m^2 s^-2,134.23299510676117,0.9941576573580105,365
graphcast,GraphCast-small 1°,sphere_ttc,2019,24,z100,m^2 s^-2,77.90359081381708,0.9969841229358911,365
graphcast,GraphCast-small 1°,sphere_ttc,2019,24,z200,m^2 s^-2,83.2574030984499,0.9969677195838598,365
graphcast,GraphCast-small 1°,sphere_ttc,2019,24,z300,m^2 s^-2,91.5528667234774,0.996439641470079,365
graphcast,GraphCast-small 1°,sphere_ttc,2019,24,z500,m^2 s^-2,67.8766244017052,0.9963539339290781,365
graphcast,GraphCast-small 1°,sphere_ttc,2019,24,z700,m^2 s^-2,54.986265739869246,0.99590182868167,365
graphcast,GraphCast-small 1°,sphere_ttc,2019,24,z850,m^2 s^-2,54.315984029015254,0.9949195793395457,365
graphcast,GraphCast-small 1°,sphere_ttc,2019,24,z925,m^2 s^-2,56.7435645296335,0.9943324291800334,365
graphcast,GraphCast-small 1°,sphere_ttc,2019,24,z1000,m^2 s^-2,60.910504766533954,0.9936777289217991,365
graphcast,GraphCast-small 1°,sphere_ttc,2019,24,q50,kg kg^-1,5.15975363250705e-08,0.9225102830585986,365
graphcast,GraphCast-small 1°,sphere_ttc,2019,24,q100,kg kg^-1,1.4504821123543322e-07,0.9266724735525925,365
graphcast,GraphCast-small 1°,sphere_ttc,2019,24,q200,kg kg^-1,6.0010637616000095e-06,0.9077417136914369,365
graphcast,GraphCast-small 1°,sphere_ttc,2019,24,q300,kg kg^-1,4.7726614234459916e-05,0.923899902575672,365
graphcast,GraphCast-small 1°,sphere_ttc,2019,24,q500,kg kg^-1,0.00026865337659522765,0.9387335457612311,365
graphcast,GraphCast-small 1°,sphere_ttc,2019,24,q700,kg kg^-1,0.0004997841931656633,0.9413568301051755,365
graphcast,GraphCast-small 1°,sphere_ttc,2019,24,q850,kg kg^-1,0.0006273145474279145,0.9294982128575142,365
graphcast,GraphCast-small 1°,sphere_ttc,2019,24,q925,kg kg^-1,0.00048026393127982255,0.939923444011753,365
graphcast,GraphCast-small 1°,sphere_ttc,2019,24,q1000,kg kg^-1,0.000400807848631769,0.9598762235870575,365
graphcast,GraphCast-small 1°,sphere_ttc,2019,24,t50,K,0.9593906550163969,0.967359202979477,365
graphcast,GraphCast-small 1°,sphere_ttc,2019,24,t100,K,0.6344508147465668,0.9821401416818359,365
graphcast,GraphCast-small 1°,sphere_ttc,2019,24,t200,K,0.5209714173033451,0.9894869545082776,365
graphcast,GraphCast-small 1°,sphere_ttc,2019,24,t300,K,0.42073577695148473,0.9857245491274681,365
graphcast,GraphCast-small 1°,sphere_ttc,2019,24,t500,K,0.4393316932252542,0.9890789031886382,365
graphcast,GraphCast-small 1°,sphere_ttc,2019,24,t700,K,0.46261028882686656,0.9882823617345412,365
graphcast,GraphCast-small 1°,sphere_ttc,2019,24,t850,K,0.5819123027604611,0.9841367881104272,365
graphcast,GraphCast-small 1°,sphere_ttc,2019,24,t925,K,0.5919201757150835,0.9806740251166914,365
graphcast,GraphCast-small 1°,sphere_ttc,2019,24,t1000,K,0.6117355337436419,0.9731002589523836,365
graphcast,GraphCast-small 1°,sphere_ttc,2019,24,u50,m s^-1,1.5984566964462412,0.9767220613484503,365
graphcast,GraphCast-small 1°,sphere_ttc,2019,24,u100,m s^-1,1.4576564567803194,0.9799048518101261,365
graphcast,GraphCast-small 1°,sphere_ttc,2019,24,u200,m s^-1,1.7993272436814665,0.9870923288452427,365
graphcast,GraphCast-small 1°,sphere_ttc,2019,24,u300,m s^-1,1.883368674567997,0.9862262360732839,365
graphcast,GraphCast-small 1°,sphere_ttc,2019,24,u500,m s^-1,1.4035690712173976,0.9838165705563175,365
graphcast,GraphCast-small 1°,sphere_ttc,2019,24,u700,m s^-1,1.1692422130898743,0.9809224437526377,365
graphcast,GraphCast-small 1°,sphere_ttc,2019,24,u850,m s^-1,1.1137113063684076,0.9774152655563156,365
graphcast,GraphCast-small 1°,sphere_ttc,2019,24,u925,m s^-1,1.0624364263679387,0.9780015270141662,365
graphcast,GraphCast-small 1°,sphere_ttc,2019,24,u1000,m s^-1,0.8508646518154911,0.9771521533364671,365
graphcast,GraphCast-small 1°,sphere_ttc,2019,24,v50,m s^-1,1.2529155075751282,0.9622815585362747,365
graphcast,GraphCast-small 1°,sphere_ttc,2019,24,v100,m s^-1,1.385277223669615,0.9754701533680609,365
graphcast,GraphCast-small 1°,sphere_ttc,2019,24,v200,m s^-1,1.8387584355930806,0.9859678061413145,365
graphcast,GraphCast-small 1°,sphere_ttc,2019,24,v300,m s^-1,1.9110122384899542,0.9855854630939744,365
graphcast,GraphCast-small 1°,sphere_ttc,2019,24,v500,m s^-1,1.391731167266666,0.9830822927341042,365
graphcast,GraphCast-small 1°,sphere_ttc,2019,24,v700,m s^-1,1.1325293746555958,0.9797245388149798,365
graphcast,GraphCast-small 1°,sphere_ttc,2019,24,v850,m s^-1,1.0839230470563888,0.975761240325354,365
graphcast,GraphCast-small 1°,sphere_ttc,2019,24,v925,m s^-1,1.06170581042742,0.9773878992514318,365
graphcast,GraphCast-small 1°,sphere_ttc,2019,24,v1000,m s^-1,0.869518816107979,0.9767604377386041,365
graphcast,GraphCast-small 1°,sphere_ttc,2019,24,u10,m s^-1,0.7707767822676478,0.9763648709120567,365
graphcast,GraphCast-small 1°,sphere_ttc,2019,24,v10,m s^-1,0.7825490031662397,0.9755463374246379,365
graphcast,GraphCast-small 1°,sphere_ttc,2019,24,t2m,K,0.7851576717813342,0.9503602936713922,365
graphcast,GraphCast-small 1°,sphere_ttc,2019,24,mslp,Pa,77.44357227970013,0.9936094074134768,365
graphcast,GraphCast-small 1°,sphere_ttc,2019,72,z50,m^2 s^-2,280.2804504077641,0.9742602317191772,365
graphcast,GraphCast-small 1°,sphere_ttc,2019,72,z100,m^2 s^-2,158.5572480684049,0.9874903165860863,365
graphcast,GraphCast-small 1°,sphere_ttc,2019,72,z200,m^2 s^-2,174.1597074533471,0.986649772612109,365
graphcast,GraphCast-small 1°,sphere_ttc,2019,72,z300,m^2 s^-2,199.3471816273658,0.9830014765358465,365
graphcast,GraphCast-small 1°,sphere_ttc,2019,72,z500,m^2 s^-2,150.15268135575175,0.9820048905905885,365
graphcast,GraphCast-small 1°,sphere_ttc,2019,72,z700,m^2 s^-2,119.08761716312206,0.9805970308327554,365
graphcast,GraphCast-small 1°,sphere_ttc,2019,72,z850,m^2 s^-2,113.30931083133612,0.9776894399162007,365
graphcast,GraphCast-small 1°,sphere_ttc,2019,72,z925,m^2 s^-2,115.91372821845255,0.9761353436587107,365
graphcast,GraphCast-small 1°,sphere_ttc,2019,72,z1000,m^2 s^-2,121.31269408141547,0.9747305515222187,365
graphcast,GraphCast-small 1°,sphere_ttc,2019,72,q50,kg kg^-1,7.419370775819561e-08,0.8360790716270498,365
graphcast,GraphCast-small 1°,sphere_ttc,2019,72,q100,kg kg^-1,2.0530551835724858e-07,0.8470443681868215,365
graphcast,GraphCast-small 1°,sphere_ttc,2019,72,q200,kg kg^-1,8.036014542649315e-06,0.8301322141193632,365
graphcast,GraphCast-small 1°,sphere_ttc,2019,72,q300,kg kg^-1,6.692039776499992e-05,0.846149710622346,365
graphcast,GraphCast-small 1°,sphere_ttc,2019,72,q500,kg kg^-1,0.00039138569624974894,0.8666483888118576,365
graphcast,GraphCast-small 1°,sphere_ttc,2019,72,q700,kg kg^-1,0.0007439513536101693,0.8662500176554643,365
graphcast,GraphCast-small 1°,sphere_ttc,2019,72,q850,kg kg^-1,0.0008953730799430019,0.8511528525367067,365
graphcast,GraphCast-small 1°,sphere_ttc,2019,72,q925,kg kg^-1,0.0006641828391087082,0.8823851474167688,365
graphcast,GraphCast-small 1°,sphere_ttc,2019,72,q1000,kg kg^-1,0.000556709493074323,0.9215264679868268,365
graphcast,GraphCast-small 1°,sphere_ttc,2019,72,t50,K,1.5634983136922538,0.9101985216874955,365
graphcast,GraphCast-small 1°,sphere_ttc,2019,72,t100,K,0.9950492801562886,0.9554861411685451,365
graphcast,GraphCast-small 1°,sphere_ttc,2019,72,t200,K,0.9786040350350675,0.9626965013041365,365
graphcast,GraphCast-small 1°,sphere_ttc,2019,72,t300,K,0.7520745490427787,0.9540157127721455,365
graphcast,GraphCast-small 1°,sphere_ttc,2019,72,t500,K,0.8041407437757867,0.9631948788526842,365
graphcast,GraphCast-small 1°,sphere_ttc,2019,72,t700,K,0.8167536907646333,0.9631289244196248,365
graphcast,GraphCast-small 1°,sphere_ttc,2019,72,t850,K,0.9495674807494799,0.9573490771803909,365
graphcast,GraphCast-small 1°,sphere_ttc,2019,72,t925,K,0.9394247791977839,0.9508118657184953,365
graphcast,GraphCast-small 1°,sphere_ttc,2019,72,t1000,K,0.8923489780144639,0.9423550586914599,365
graphcast,GraphCast-small 1°,sphere_ttc,2019,72,u50,m s^-1,2.5361251912151466,0.9400844538416876,365
graphcast,GraphCast-small 1°,sphere_ttc,2019,72,u100,m s^-1,2.169456736398524,0.9550267062711076,365
graphcast,GraphCast-small 1°,sphere_ttc,2019,72,u200,m s^-1,3.061102643087815,0.9622849330563165,365
graphcast,GraphCast-small 1°,sphere_ttc,2019,72,u300,m s^-1,3.4733496760251326,0.952620597499247,365
graphcast,GraphCast-small 1°,sphere_ttc,2019,72,u500,m s^-1,2.513318526180945,0.94737115460123,365
graphcast,GraphCast-small 1°,sphere_ttc,2019,72,u700,m s^-1,2.0109755496688355,0.9426795180157069,365
graphcast,GraphCast-small 1°,sphere_ttc,2019,72,u850,m s^-1,1.881295226769633,0.9344672621113206,365
graphcast,GraphCast-small 1°,sphere_ttc,2019,72,u925,m s^-1,1.8345550564113535,0.9333519577461227,365
graphcast,GraphCast-small 1°,sphere_ttc,2019,72,u1000,m s^-1,1.4337638653522584,0.9341721860026505,365
graphcast,GraphCast-small 1°,sphere_ttc,2019,72,v50,m s^-1,1.8444650143535906,0.9167236211844781,365
graphcast,GraphCast-small 1°,sphere_ttc,2019,72,v100,m s^-1,1.9698015154177535,0.9498868004812372,365
graphcast,GraphCast-small 1°,sphere_ttc,2019,72,v200,m s^-1,3.0577080739306375,0.9608269937759712,365
graphcast,GraphCast-small 1°,sphere_ttc,2019,72,v300,m s^-1,3.4030298959366623,0.953750713621627,365
graphcast,GraphCast-small 1°,sphere_ttc,2019,72,v500,m s^-1,2.408972904092743,0.9485539503544598,365
graphcast,GraphCast-small 1°,sphere_ttc,2019,72,v700,m s^-1,1.9044679513238938,0.9416903322312551,365
graphcast,GraphCast-small 1°,sphere_ttc,2019,72,v850,m s^-1,1.7838069696104122,0.9332066477569175,365
graphcast,GraphCast-small 1°,sphere_ttc,2019,72,v925,m s^-1,1.7795678848530156,0.9354803304673145,365
graphcast,GraphCast-small 1°,sphere_ttc,2019,72,v1000,m s^-1,1.4268206003064912,0.9365305467929512,365
graphcast,GraphCast-small 1°,sphere_ttc,2019,72,u10,m s^-1,1.3003483028825091,0.9317126960063047,365
graphcast,GraphCast-small 1°,sphere_ttc,2019,72,v10,m s^-1,1.2857730509714143,0.9329970047518433,365
graphcast,GraphCast-small 1°,sphere_ttc,2019,72,t2m,K,1.00357468750176,0.9183515329001948,365
graphcast,GraphCast-small 1°,sphere_ttc,2019,72,mslp,Pa,154.0194571391552,0.9745309374150213,365
graphcast,GraphCast-small 1°,sphere_ttc,2019,120,z50,m^2 s^-2,409.3575395340524,0.9443390217671147,365
graphcast,GraphCast-small 1°,sphere_ttc,2019,120,z100,m^2 s^-2,273.88314908074443,0.962577151414781,365
graphcast,GraphCast-small 1°,sphere_ttc,2019,120,z200,m^2 s^-2,346.2524308956011,0.9469250976913168,365
graphcast,GraphCast-small 1°,sphere_ttc,2019,120,z300,m^2 s^-2,401.1911963216455,0.9306749873563953,365
graphcast,GraphCast-small 1°,sphere_ttc,2019,120,z500,m^2 s^-2,300.41004306571233,0.9271955343391636,365
graphcast,GraphCast-small 1°,sphere_ttc,2019,120,z700,m^2 s^-2,235.11956595608268,0.9234309812812344,365
graphcast,GraphCast-small 1°,sphere_ttc,2019,120,z850,m^2 s^-2,220.1029052556308,0.9148373701291252,365
graphcast,GraphCast-small 1°,sphere_ttc,2019,120,z925,m^2 s^-2,224.1125190152626,0.9097005331178187,365
graphcast,GraphCast-small 1°,sphere_ttc,2019,120,z1000,m^2 s^-2,231.76438789457552,0.9068266693851491,365
graphcast,GraphCast-small 1°,sphere_ttc,2019,120,q50,kg kg^-1,8.69500444673675e-08,0.7706716830387116,365
graphcast,GraphCast-small 1°,sphere_ttc,2019,120,q100,kg kg^-1,2.447598428463938e-07,0.7762620101985794,365
graphcast,GraphCast-small 1°,sphere_ttc,2019,120,q200,kg kg^-1,9.606674515958891e-06,0.7533795472739027,365
graphcast,GraphCast-small 1°,sphere_ttc,2019,120,q300,kg kg^-1,8.356096351279634e-05,0.7565418501607566,365
graphcast,GraphCast-small 1°,sphere_ttc,2019,120,q500,kg kg^-1,0.0005065399446007952,0.7737042723175827,365
graphcast,GraphCast-small 1°,sphere_ttc,2019,120,q700,kg kg^-1,0.0009773262135999564,0.7651012392322428,365
graphcast,GraphCast-small 1°,sphere_ttc,2019,120,q850,kg kg^-1,0.0011465762887620653,0.7498265164626085,365
graphcast,GraphCast-small 1°,sphere_ttc,2019,120,q925,kg kg^-1,0.0008638545556485745,0.7972495770540189,365
graphcast,GraphCast-small 1°,sphere_ttc,2019,120,q1000,kg kg^-1,0.0007646816326024983,0.8501024714457297,365
graphcast,GraphCast-small 1°,sphere_ttc,2019,120,t50,K,1.94077116710073,0.8569329480875957,365
graphcast,GraphCast-small 1°,sphere_ttc,2019,120,t100,K,1.3844870288049342,0.9122174006342096,365
graphcast,GraphCast-small 1°,sphere_ttc,2019,120,t200,K,1.6622398248516432,0.89186875125623,365
graphcast,GraphCast-small 1°,sphere_ttc,2019,120,t300,K,1.1948875305020288,0.8830120624592949,365
graphcast,GraphCast-small 1°,sphere_ttc,2019,120,t500,K,1.3875791024816235,0.88956327989368,365
graphcast,GraphCast-small 1°,sphere_ttc,2019,120,t700,K,1.3982671560209459,0.8910454034580142,365
graphcast,GraphCast-small 1°,sphere_ttc,2019,120,t850,K,1.5619828559297695,0.8836306819190493,365
graphcast,GraphCast-small 1°,sphere_ttc,2019,120,t925,K,1.5092378300675315,0.8720226094648271,365
graphcast,GraphCast-small 1°,sphere_ttc,2019,120,t1000,K,1.362265296464309,0.865656605575637,365
graphcast,GraphCast-small 1°,sphere_ttc,2019,120,u50,m s^-1,3.1992260196548385,0.9024988699468393,365
graphcast,GraphCast-small 1°,sphere_ttc,2019,120,u100,m s^-1,2.985511992957034,0.9140876735766477,365
graphcast,GraphCast-small 1°,sphere_ttc,2019,120,u200,m s^-1,4.918444851777557,0.9021231540720266,365
graphcast,GraphCast-small 1°,sphere_ttc,2019,120,u300,m s^-1,5.781133582797764,0.8677750915590108,365
graphcast,GraphCast-small 1°,sphere_ttc,2019,120,u500,m s^-1,4.083431966896942,0.8593258690378269,365
graphcast,GraphCast-small 1°,sphere_ttc,2019,120,u700,m s^-1,3.1945421374132223,0.8532088486737688,365
graphcast,GraphCast-small 1°,sphere_ttc,2019,120,u850,m s^-1,2.988698705026057,0.8319003222855006,365
graphcast,GraphCast-small 1°,sphere_ttc,2019,120,u925,m s^-1,2.966068880607967,0.8230202451657365,365
graphcast,GraphCast-small 1°,sphere_ttc,2019,120,u1000,m s^-1,2.296546844767017,0.8285991502548652,365
graphcast,GraphCast-small 1°,sphere_ttc,2019,120,v50,m s^-1,2.3133842260706956,0.8668957987839537,365
graphcast,GraphCast-small 1°,sphere_ttc,2019,120,v100,m s^-1,2.7313958491263586,0.90235059688938,365
graphcast,GraphCast-small 1°,sphere_ttc,2019,120,v200,m s^-1,4.935515808450725,0.896755769246612,365
graphcast,GraphCast-small 1°,sphere_ttc,2019,120,v300,m s^-1,5.73263890336685,0.8668497797612136,365
graphcast,GraphCast-small 1°,sphere_ttc,2019,120,v500,m s^-1,3.9732187461404407,0.85735569507373,365
graphcast,GraphCast-small 1°,sphere_ttc,2019,120,v700,m s^-1,3.0576802374537353,0.8463487080251795,365
graphcast,GraphCast-small 1°,sphere_ttc,2019,120,v850,m s^-1,2.844504179170917,0.8264146646250295,365
graphcast,GraphCast-small 1°,sphere_ttc,2019,120,v925,m s^-1,2.890423845440602,0.8263440237298673,365
graphcast,GraphCast-small 1°,sphere_ttc,2019,120,v1000,m s^-1,2.2955384484128003,0.8328686299474684,365
graphcast,GraphCast-small 1°,sphere_ttc,2019,120,u10,m s^-1,2.0757866964933958,0.8233210731127286,365
graphcast,GraphCast-small 1°,sphere_ttc,2019,120,v10,m s^-1,2.057401612754185,0.8253476808142994,365
graphcast,GraphCast-small 1°,sphere_ttc,2019,120,t2m,K,1.3851584958386007,0.8447448572121562,365
graphcast,GraphCast-small 1°,sphere_ttc,2019,120,mslp,Pa,294.2512573114454,0.9061067928721485,365
graphcast,GraphCast-small 1°,sphere_ttc,2019,168,z50,m^2 s^-2,548.4002778708592,0.8988305781005322,365
graphcast,GraphCast-small 1°,sphere_ttc,2019,168,z100,m^2 s^-2,437.7228513883739,0.9042224136431131,365
graphcast,GraphCast-small 1°,sphere_ttc,2019,168,z200,m^2 s^-2,584.2419672398129,0.847790582772975,365
graphcast,GraphCast-small 1°,sphere_ttc,2019,168,z300,m^2 s^-2,656.4022571579525,0.8101596012885424,365
graphcast,GraphCast-small 1°,sphere_ttc,2019,168,z500,m^2 s^-2,488.7607667069011,0.8033931957925241,365
graphcast,GraphCast-small 1°,sphere_ttc,2019,168,z700,m^2 s^-2,379.19759547886383,0.7963909542287261,365
graphcast,GraphCast-small 1°,sphere_ttc,2019,168,z850,m^2 s^-2,349.4755568616352,0.7783804647519944,365
graphcast,GraphCast-small 1°,sphere_ttc,2019,168,z925,m^2 s^-2,351.31121853845775,0.7682282560300672,365
graphcast,GraphCast-small 1°,sphere_ttc,2019,168,z1000,m^2 s^-2,361.80338122416674,0.7622753551748426,365
graphcast,GraphCast-small 1°,sphere_ttc,2019,168,q50,kg kg^-1,9.701777319357372e-08,0.7081601995322733,365
graphcast,GraphCast-small 1°,sphere_ttc,2019,168,q100,kg kg^-1,2.8029452685394774e-07,0.699549346064756,365
graphcast,GraphCast-small 1°,sphere_ttc,2019,168,q200,kg kg^-1,1.1254577936568696e-05,0.6512440989200958,365
graphcast,GraphCast-small 1°,sphere_ttc,2019,168,q300,kg kg^-1,9.9779609191177e-05,0.6422407359578428,365
graphcast,GraphCast-small 1°,sphere_ttc,2019,168,q500,kg kg^-1,0.0006178637150625237,0.653930759181339,365
graphcast,GraphCast-small 1°,sphere_ttc,2019,168,q700,kg kg^-1,0.0012052938869628342,0.6306492085950177,365
graphcast,GraphCast-small 1°,sphere_ttc,2019,168,q850,kg kg^-1,0.001402394939816717,0.6141199088462489,365
graphcast,GraphCast-small 1°,sphere_ttc,2019,168,q925,kg kg^-1,0.0010884389000565989,0.6687595069291989,365
graphcast,GraphCast-small 1°,sphere_ttc,2019,168,q1000,kg kg^-1,0.0010245635293572738,0.7257939348481556,365
graphcast,GraphCast-small 1°,sphere_ttc,2019,168,t50,K,2.232183756650315,0.8056035478039553,365
graphcast,GraphCast-small 1°,sphere_ttc,2019,168,t100,K,1.8390000708675471,0.8419878514943935,365
graphcast,GraphCast-small 1°,sphere_ttc,2019,168,t200,K,2.398758234763951,0.7650041962548274,365
graphcast,GraphCast-small 1°,sphere_ttc,2019,168,t300,K,1.6756133178251313,0.7606927087027482,365
graphcast,GraphCast-small 1°,sphere_ttc,2019,168,t500,K,2.0546210291313556,0.7449952890009834,365
graphcast,GraphCast-small 1°,sphere_ttc,2019,168,t700,K,2.081326916239347,0.7483043159424112,365
graphcast,GraphCast-small 1°,sphere_ttc,2019,168,t850,K,2.2830418001576973,0.7423680748867869,365
graphcast,GraphCast-small 1°,sphere_ttc,2019,168,t925,K,2.170919275986858,0.7273790167207798,365
graphcast,GraphCast-small 1°,sphere_ttc,2019,168,t1000,K,1.9175239758427496,0.7282533022462725,365
graphcast,GraphCast-small 1°,sphere_ttc,2019,168,u50,m s^-1,3.842756942939646,0.8560215715155226,365
graphcast,GraphCast-small 1°,sphere_ttc,2019,168,u100,m s^-1,4.1002055390976615,0.8366156737724794,365
graphcast,GraphCast-small 1°,sphere_ttc,2019,168,u200,m s^-1,7.182214656916184,0.7877486259118355,365
graphcast,GraphCast-small 1°,sphere_ttc,2019,168,u300,m s^-1,8.236446776230572,0.7216640649463052,365
graphcast,GraphCast-small 1°,sphere_ttc,2019,168,u500,m s^-1,5.769997816631737,0.7091188608457643,365
graphcast,GraphCast-small 1°,sphere_ttc,2019,168,u700,m s^-1,4.470846273503051,0.7023867261757822,365
graphcast,GraphCast-small 1°,sphere_ttc,2019,168,u850,m s^-1,4.128072937980297,0.6632036727569142,365
graphcast,GraphCast-small 1°,sphere_ttc,2019,168,u925,m s^-1,4.100927757880955,0.6418598252087548,365
graphcast,GraphCast-small 1°,sphere_ttc,2019,168,u1000,m s^-1,3.1763488102969384,0.6532822042085852,365
graphcast,GraphCast-small 1°,sphere_ttc,2019,168,v50,m s^-1,2.914405341667462,0.7848943513367896,365
graphcast,GraphCast-small 1°,sphere_ttc,2019,168,v100,m s^-1,3.8981177328388035,0.7970148602615608,365
graphcast,GraphCast-small 1°,sphere_ttc,2019,168,v200,m s^-1,7.390675644387708,0.758760690202701,365
graphcast,GraphCast-small 1°,sphere_ttc,2019,168,v300,m s^-1,8.325004151363782,0.7022620225622107,365
graphcast,GraphCast-small 1°,sphere_ttc,2019,168,v500,m s^-1,5.6929940813159465,0.6891925381689663,365
graphcast,GraphCast-small 1°,sphere_ttc,2019,168,v700,m s^-1,4.311351354599675,0.6759588207071375,365
graphcast,GraphCast-small 1°,sphere_ttc,2019,168,v850,m s^-1,3.9461303869801996,0.642069560909993,365
graphcast,GraphCast-small 1°,sphere_ttc,2019,168,v925,m s^-1,4.035794821346653,0.6370463847923419,365
graphcast,GraphCast-small 1°,sphere_ttc,2019,168,v1000,m s^-1,3.225232889695192,0.6480752865783618,365
graphcast,GraphCast-small 1°,sphere_ttc,2019,168,u10,m s^-1,2.8517384840423468,0.6465700917193159,365
graphcast,GraphCast-small 1°,sphere_ttc,2019,168,v10,m s^-1,2.862328736670557,0.6384605240998779,365
graphcast,GraphCast-small 1°,sphere_ttc,2019,168,t2m,K,1.85586928555974,0.7174635836148647,365
graphcast,GraphCast-small 1°,sphere_ttc,2019,168,mslp,Pa,459.52957249406194,0.7603143992780228,365
graphcast,GraphCast-small 1°,sphere_ttc,2019,240,z50,m^2 s^-2,760.1894422440469,0.801256149038591,365
graphcast,GraphCast-small 1°,sphere_ttc,2019,240,z100,m^2 s^-2,678.4134896103363,0.7565665348503976,365
graphcast,GraphCast-small 1°,sphere_ttc,2019,240,z200,m^2 s^-2,879.0905085226763,0.6171335960677813,365
graphcast,GraphCast-small 1°,sphere_ttc,2019,240,z300,m^2 s^-2,947.5918907170638,0.5529636992481527,365
graphcast,GraphCast-small 1°,sphere_ttc,2019,240,z500,m^2 s^-2,700.3982855727298,0.5421357966553613,365
graphcast,GraphCast-small 1°,sphere_ttc,2019,240,z700,m^2 s^-2,537.8630042133125,0.5319044206271434,365
graphcast,GraphCast-small 1°,sphere_ttc,2019,240,z850,m^2 s^-2,486.31503806248804,0.5054744379232247,365
graphcast,GraphCast-small 1°,sphere_ttc,2019,240,z925,m^2 s^-2,485.7515732821271,0.4911858292342357,365
graphcast,GraphCast-small 1°,sphere_ttc,2019,240,z1000,m^2 s^-2,497.5445582630683,0.48271821682533705,365
graphcast,GraphCast-small 1°,sphere_ttc,2019,240,q50,kg kg^-1,1.1105471827942118e-07,0.6142474979173482,365
graphcast,GraphCast-small 1°,sphere_ttc,2019,240,q100,kg kg^-1,3.3367697984971127e-07,0.5617411286666232,365
graphcast,GraphCast-small 1°,sphere_ttc,2019,240,q200,kg kg^-1,1.3547122500101306e-05,0.4702263136529504,365
graphcast,GraphCast-small 1°,sphere_ttc,2019,240,q300,kg kg^-1,0.00012112104695287711,0.4443795428513402,365
graphcast,GraphCast-small 1°,sphere_ttc,2019,240,q500,kg kg^-1,0.0007550045862141359,0.4520021059462791,365
graphcast,GraphCast-small 1°,sphere_ttc,2019,240,q700,kg kg^-1,0.0014641721460603246,0.42011256366408706,365
graphcast,GraphCast-small 1°,sphere_ttc,2019,240,q850,kg kg^-1,0.001687913454678228,0.40231785694634936,365
graphcast,GraphCast-small 1°,sphere_ttc,2019,240,q925,kg kg^-1,0.0013566504514310816,0.4532603867549488,365
graphcast,GraphCast-small 1°,sphere_ttc,2019,240,q1000,kg kg^-1,0.0013424875759388657,0.4908343716888505,365
graphcast,GraphCast-small 1°,sphere_ttc,2019,240,t50,K,2.662199905517477,0.7151916384296103,365
graphcast,GraphCast-small 1°,sphere_ttc,2019,240,t100,K,2.4984747779029464,0.6959670283349355,365
graphcast,GraphCast-small 1°,sphere_ttc,2019,240,t200,K,3.164182923901156,0.5501091585998958,365
graphcast,GraphCast-small 1°,sphere_ttc,2019,240,t300,K,2.234048761427417,0.5334456727339444,365
graphcast,GraphCast-small 1°,sphere_ttc,2019,240,t500,K,2.777934636998416,0.47540189726049087,365
graphcast,GraphCast-small 1°,sphere_ttc,2019,240,t700,K,2.8168472081387357,0.4825538891224911,365
graphcast,GraphCast-small 1°,sphere_ttc,2019,240,t850,K,3.0705202729041403,0.4795778362374675,365
graphcast,GraphCast-small 1°,sphere_ttc,2019,240,t925,K,2.8841246330757486,0.47139077753335,365
graphcast,GraphCast-small 1°,sphere_ttc,2019,240,t1000,K,2.5356594390932834,0.48961401627694506,365
graphcast,GraphCast-small 1°,sphere_ttc,2019,240,u50,m s^-1,4.857610053186009,0.7606322180581508,365
graphcast,GraphCast-small 1°,sphere_ttc,2019,240,u100,m s^-1,5.787829163517658,0.6547571178969861,365
graphcast,GraphCast-small 1°,sphere_ttc,2019,240,u200,m s^-1,10.004217103610578,0.5464788458846945,365
graphcast,GraphCast-small 1°,sphere_ttc,2019,240,u300,m s^-1,10.905424171239101,0.45948730936367616,365
graphcast,GraphCast-small 1°,sphere_ttc,2019,240,u500,m s^-1,7.543374600376969,0.44433057639211704,365
graphcast,GraphCast-small 1°,sphere_ttc,2019,240,u700,m s^-1,5.786556579611966,0.44119242185145147,365
graphcast,GraphCast-small 1°,sphere_ttc,2019,240,u850,m s^-1,5.250731577107637,0.3928846182737854,365
graphcast,GraphCast-small 1°,sphere_ttc,2019,240,u925,m s^-1,5.185990601802871,0.3641197453402383,365
graphcast,GraphCast-small 1°,sphere_ttc,2019,240,u1000,m s^-1,4.040638237421177,0.3750549071144149,365
graphcast,GraphCast-small 1°,sphere_ttc,2019,240,v50,m s^-1,3.8707477936233934,0.5915035693701555,365
graphcast,GraphCast-small 1°,sphere_ttc,2019,240,v100,m s^-1,5.469584656447426,0.5440400689816841,365
graphcast,GraphCast-small 1°,sphere_ttc,2019,240,v200,m s^-1,10.197336886374242,0.46945105096725087,365
graphcast,GraphCast-small 1°,sphere_ttc,2019,240,v300,m s^-1,11.02702886133047,0.40110127414762964,365
graphcast,GraphCast-small 1°,sphere_ttc,2019,240,v500,m s^-1,7.4306397312492765,0.39346876664009295,365
graphcast,GraphCast-small 1°,sphere_ttc,2019,240,v700,m s^-1,5.550322862480389,0.38599056566438167,365
graphcast,GraphCast-small 1°,sphere_ttc,2019,240,v850,m s^-1,4.986903492307813,0.3540973981167023,365
graphcast,GraphCast-small 1°,sphere_ttc,2019,240,v925,m s^-1,5.1094310514999846,0.3457419994853195,365
graphcast,GraphCast-small 1°,sphere_ttc,2019,240,v1000,m s^-1,4.1179498213696375,0.35284348182200925,365
graphcast,GraphCast-small 1°,sphere_ttc,2019,240,u10,m s^-1,3.6041594878557746,0.37276125421851947,365
graphcast,GraphCast-small 1°,sphere_ttc,2019,240,v10,m s^-1,3.6284743001897093,0.346483782539039,365
graphcast,GraphCast-small 1°,sphere_ttc,2019,240,t2m,K,2.4190476387433493,0.4939529652264614,365
graphcast,GraphCast-small 1°,sphere_ttc,2019,240,mslp,Pa,630.767694426555,0.48007897252921916,365
